feature_id	component_id	structure_taxonomy_npclassifier_01pathway_consensus	freq_structure_taxonomy_npclassifier_01pathway	structure_taxonomy_npclassifier_02superclass_consensus	freq_structure_taxonomy_npclassifier_02superclass	structure_taxonomy_npclassifier_03class_consensus	freq_structure_taxonomy_npclassifier_03class	rank_spec	msms_score	libname	structure_wikidata	structure_inchikey	structure_inchi	structure_smiles	structure_molecular_formula	adduct	structure_exact_mass	structure_nameTraditional	short_inchikey	structure_taxonomy_npclassifier_01pathway	structure_taxonomy_npclassifier_02superclass	structure_taxonomy_npclassifier_03class	organism_wikidata	organism_name	organism_taxonomy_ottid	organism_taxonomy_01domain	organism_taxonomy_02kingdom	organism_taxonomy_03phylum	organism_taxonomy_04class	organism_taxonomy_05order	organism_taxonomy_06family	organism_taxonomy_07tribe	organism_taxonomy_08genus	organism_taxonomy_09species	organism_taxonomy_10varietas	matched_domain	matched_kingdom	matched_phylum	matched_class	matched_order	matched_family	matched_tribe	matched_genus	matched_species	score_taxo	score_max_consistency	final_score	rank_final
857	107	Fatty acids	0.5	Coumarins	0.5	Dicarboxylic acids	0.5	1.0	0.0	MS1_match	http://www.wikidata.org/entity/Q306140	KPGXRSRHYNQIFN-UHFFFAOYSA-N	InChI=1S/C5H6O5/c6-3(5(9)10)1-2-4(7)8/h1-2H2,(H,7,8)(H,9,10)	O=C(O)CCC(=O)C(=O)O	C5H6O5	pos_1_1potassium	146.021523292	Hydron;2-oxopentanedioate	KPGXRSRHYNQIFN	Fatty acids	Fatty Acids and Conjugates	Dicarboxylic acids	http://www.wikidata.org/entity/Q2738168	Pseudomonas putida	619502.0	['Bacteria']	['Unknown']	['Proteobacteria']	['Gammaproteobacteria']	['Pseudomonadales']	['Pseudomonadaceae']	['Unknown']	['Pseudomonas']	['Pseudomonas putida']		['Bacteria']		['Proteobacteria']	['Gammaproteobacteria']	['Pseudomonadales']	['Pseudomonadaceae']		['Pseudomonas']		6	3	7.5	1
855	107	Fatty acids	0.5	Coumarins	0.5	Dicarboxylic acids	0.5	1.0	0.0	MS1_match	http://www.wikidata.org/entity/Q104194255	PBXVYKHISUQHKY-UHFFFAOYSA-N	InChI=1S/C10H5NO4/c1-11-6-2-5-3-7(12)8(13)4-9(5)15-10(6)14/h2-4,12-13H	[C-]#[N+]c1cc2cc(O)c(O)cc2oc1=O	C10H5NO4	pos_1_1sodium	203.02185764	6,7-Dihydroxy-3-isocyanochromen-2-one	PBXVYKHISUQHKY	Shikimates and Phenylpropanoids	Coumarins	Simple coumarins	http://www.wikidata.org/entity/Q31856	Pseudomonas aeruginosa	216671.0	['Bacteria']	['Unknown']	['Proteobacteria']	['Gammaproteobacteria']	['Pseudomonadales']	['Pseudomonadaceae']	['Unknown']	['Pseudomonas']	['Pseudomonas aeruginosa']		['Bacteria']		['Proteobacteria']	['Gammaproteobacteria']	['Pseudomonadales']	['Pseudomonadaceae']		['Pseudomonas']	['Pseudomonas aeruginosa']	7	2	8.0	1
852	119							1.0	0.5738786	ISDB									URMVFILWXLQJIP							['Unknown']	['Unknown']	['Unknown']	['Unknown']	['Unknown']	['Unknown']	['Unknown']	['Unknown']	['Unknown']											0	0	2.2955143451690674	1
851	119							1.0	0.5719994	ISDB									URMVFILWXLQJIP							['Unknown']	['Unknown']	['Unknown']	['Unknown']	['Unknown']	['Unknown']	['Unknown']	['Unknown']	['Unknown']											0	0	2.2879974842071533	1
850	119							1.0	0.5688335	ISDB									URMVFILWXLQJIP							['Unknown']	['Unknown']	['Unknown']	['Unknown']	['Unknown']	['Unknown']	['Unknown']	['Unknown']	['Unknown']											0	0	2.275333881378174	1
848	5	Fatty acids	0.38461538461538464	Fatty acyl glycosides	0.2564102564102564	Rhamnolipids	0.2564102564102564	1.0	0.0	MS1_match	http://www.wikidata.org/entity/Q104975400	DCIJAGJQBHKBNH-IWRMTKMNSA-N	InChI=1S/C28H50O9/c1-4-6-8-10-11-13-15-17-22(37-28-27(34)26(33)25(32)20(3)35-28)19-24(31)36-21(18-23(29)30)16-14-12-9-7-5-2/h13,15,20-22,25-28,32-34H,4-12,14,16-19H2,1-3H3,(H,29,30)/b15-13+/t20-,21?,22?,25-,26+,27+,28-/m0/s1	CCCCCC/C=C/CC(CC(=O)OC(CCCCCCC)CC(=O)O)O[C@@H]1O[C@@H](C)[C@H](O)[C@@H](O)[C@H]1O	C28H50O9	pos_1_1proton1ethylamine	530.34548318	3-[(E)-3-[(2R,3R,4R,5R,6S)-3,4,5-trihydroxy-6-methyloxan-2-yl]oxydodec-5-enoyl]oxydecanoic acid	DCIJAGJQBHKBNH	Fatty acids	Fatty acyl glycosides	Rhamnolipids	http://www.wikidata.org/entity/Q131143	Pseudomonas	281374.0	['Bacteria']	['Unknown']	['Proteobacteria']	['Gammaproteobacteria']	['Pseudomonadales']	['Pseudomonadaceae']	['Unknown']	['Pseudomonas']	['Unknown']		['Bacteria']		['Proteobacteria']	['Gammaproteobacteria']	['Pseudomonadales']	['Pseudomonadaceae']		['Pseudomonas']		6	3	7.5	1
848	5	Fatty acids	0.38461538461538464	Fatty acyl glycosides	0.2564102564102564	Rhamnolipids	0.2564102564102564	1.0	0.0	MS1_match	http://www.wikidata.org/entity/Q105022873	GWXLTEUAMDVFFH-SBYIBVSJSA-N	InChI=1S/C28H50O9/c1-4-6-8-10-11-13-15-16-21(18-23(29)30)36-24(31)19-22(17-14-12-9-7-5-2)37-28-27(34)26(33)25(32)20(3)35-28/h12,14,20-22,25-28,32-34H,4-11,13,15-19H2,1-3H3,(H,29,30)/b14-12+/t20-,21?,22?,25-,26+,27+,28-/m0/s1	CCCC/C=C/CC(CC(=O)OC(CCCCCCCCC)CC(=O)O)O[C@@H]1O[C@@H](C)[C@H](O)[C@@H](O)[C@H]1O	C28H50O9	pos_1_1proton1ethylamine	530.34548318	3-[(E)-3-[(2R,3R,4R,5R,6S)-3,4,5-trihydroxy-6-methyloxan-2-yl]oxydec-5-enoyl]oxydodecanoic acid	GWXLTEUAMDVFFH	Fatty acids	Fatty acyl glycosides	Rhamnolipids	http://www.wikidata.org/entity/Q131143	Pseudomonas	281374.0	['Bacteria']	['Unknown']	['Proteobacteria']	['Gammaproteobacteria']	['Pseudomonadales']	['Pseudomonadaceae']	['Unknown']	['Pseudomonas']	['Unknown']		['Bacteria']		['Proteobacteria']	['Gammaproteobacteria']	['Pseudomonadales']	['Pseudomonadaceae']		['Pseudomonas']		6	3	7.5	1
848	5	Fatty acids	0.38461538461538464	Fatty acyl glycosides	0.2564102564102564	Rhamnolipids	0.2564102564102564	1.0	0.0	MS1_match	http://www.wikidata.org/entity/Q110170839	XJGPJMVYQFDHEG-HFDPWBFESA-N	InChI=1S/C28H50O9/c1-4-6-8-10-11-13-15-17-22(37-28-27(34)26(33)25(32)20(3)35-28)19-24(31)36-21(18-23(29)30)16-14-12-9-7-5-2/h10-11,20-22,25-28,32-34H,4-9,12-19H2,1-3H3,(H,29,30)/b11-10-/t20-,21?,22?,25-,26+,27+,28?/m0/s1	CCCC/C=C\CCCC(CC(=O)OC(CCCCCCC)CC(=O)O)OC1O[C@@H](C)[C@H](O)[C@@H](O)[C@H]1O	C28H50O9	pos_1_1proton1ethylamine	530.34548318	3-[(Z)-3-[(3R,4R,5R,6S)-3,4,5-trihydroxy-6-methyloxan-2-yl]oxydodec-7-enoyl]oxydecanoic acid	XJGPJMVYQFDHEG	Fatty acids	Fatty acyl glycosides	Rhamnolipids	http://www.wikidata.org/entity/Q131143	Pseudomonas	281374.0	['Bacteria']	['Unknown']	['Proteobacteria']	['Gammaproteobacteria']	['Pseudomonadales']	['Pseudomonadaceae']	['Unknown']	['Pseudomonas']	['Unknown']		['Bacteria']		['Proteobacteria']	['Gammaproteobacteria']	['Pseudomonadales']	['Pseudomonadaceae']		['Pseudomonas']		6	3	7.5	1
844	5	Fatty acids	0.38461538461538464	Fatty acyl glycosides	0.2564102564102564	Rhamnolipids	0.2564102564102564	1.0	0.40989003	ISDB									CARLURCVFKTIGN							['Unknown']	['Unknown']	['Unknown']	['Unknown']	['Unknown']	['Unknown']	['Unknown']	['Unknown']	['Unknown']											0	0	1.6395601034164429	1
842	5	Fatty acids	0.38461538461538464	Fatty acyl glycosides	0.2564102564102564	Rhamnolipids	0.2564102564102564	1.0	0.0	MS1_match	http://www.wikidata.org/entity/Q105212961	PPMPLIBYTIWXPG-TXRCGMDISA-N	InChI=1S/C26H48O9/c1-4-6-8-10-12-14-19(16-21(27)28)34-22(29)17-20(15-13-11-9-7-5-2)35-26-25(32)24(31)23(30)18(3)33-26/h18-20,23-26,30-32H,4-17H2,1-3H3,(H,27,28)/t18-,19+,20+,23-,24+,25+,26-/m0/s1	CCCCCCC[C@H](CC(=O)O)OC(=O)C[C@@H](CCCCCCC)O[C@@H]1O[C@@H](C)[C@H](O)[C@@H](O)[C@H]1O	C26H48O9	pos_1_1proton1ethylamine	504.329833116	(3R)-3-[(3R)-3-[(2R,3R,4R,5R,6S)-3,4,5-trihydroxy-6-methyloxan-2-yl]oxydecanoyl]oxydecanoic acid	PPMPLIBYTIWXPG	Fatty acids	Fatty acyl glycosides	Rhamnolipids	http://www.wikidata.org/entity/Q31856	Pseudomonas aeruginosa	216671.0	['Bacteria']	['Unknown']	['Proteobacteria']	['Gammaproteobacteria']	['Pseudomonadales']	['Pseudomonadaceae']	['Unknown']	['Pseudomonas']	['Pseudomonas aeruginosa']		['Bacteria']		['Proteobacteria']	['Gammaproteobacteria']	['Pseudomonadales']	['Pseudomonadaceae']		['Pseudomonas']	['Pseudomonas aeruginosa']	7	3	8.5	1
835	5	Fatty acids	0.38461538461538464	Fatty acyl glycosides	0.2564102564102564	Rhamnolipids	0.2564102564102564	2.0	0.0	MS1_match	http://www.wikidata.org/entity/Q104975400	DCIJAGJQBHKBNH-IWRMTKMNSA-N	InChI=1S/C28H50O9/c1-4-6-8-10-11-13-15-17-22(37-28-27(34)26(33)25(32)20(3)35-28)19-24(31)36-21(18-23(29)30)16-14-12-9-7-5-2/h13,15,20-22,25-28,32-34H,4-12,14,16-19H2,1-3H3,(H,29,30)/b15-13+/t20-,21?,22?,25-,26+,27+,28-/m0/s1	CCCCCC/C=C/CC(CC(=O)OC(CCCCCCC)CC(=O)O)O[C@@H]1O[C@@H](C)[C@H](O)[C@@H](O)[C@H]1O	C28H50O9	pos_1_1proton1ethylamine	530.34548318	3-[(E)-3-[(2R,3R,4R,5R,6S)-3,4,5-trihydroxy-6-methyloxan-2-yl]oxydodec-5-enoyl]oxydecanoic acid	DCIJAGJQBHKBNH	Fatty acids	Fatty acyl glycosides	Rhamnolipids	http://www.wikidata.org/entity/Q131143	Pseudomonas	281374.0	['Bacteria']	['Unknown']	['Proteobacteria']	['Gammaproteobacteria']	['Pseudomonadales']	['Pseudomonadaceae']	['Unknown']	['Pseudomonas']	['Unknown']		['Bacteria']		['Proteobacteria']	['Gammaproteobacteria']	['Pseudomonadales']	['Pseudomonadaceae']		['Pseudomonas']		6	3	7.5	1
835	5	Fatty acids	0.38461538461538464	Fatty acyl glycosides	0.2564102564102564	Rhamnolipids	0.2564102564102564	2.0	0.0	MS1_match	http://www.wikidata.org/entity/Q105022873	GWXLTEUAMDVFFH-SBYIBVSJSA-N	InChI=1S/C28H50O9/c1-4-6-8-10-11-13-15-16-21(18-23(29)30)36-24(31)19-22(17-14-12-9-7-5-2)37-28-27(34)26(33)25(32)20(3)35-28/h12,14,20-22,25-28,32-34H,4-11,13,15-19H2,1-3H3,(H,29,30)/b14-12+/t20-,21?,22?,25-,26+,27+,28-/m0/s1	CCCC/C=C/CC(CC(=O)OC(CCCCCCCCC)CC(=O)O)O[C@@H]1O[C@@H](C)[C@H](O)[C@@H](O)[C@H]1O	C28H50O9	pos_1_1proton1ethylamine	530.34548318	3-[(E)-3-[(2R,3R,4R,5R,6S)-3,4,5-trihydroxy-6-methyloxan-2-yl]oxydec-5-enoyl]oxydodecanoic acid	GWXLTEUAMDVFFH	Fatty acids	Fatty acyl glycosides	Rhamnolipids	http://www.wikidata.org/entity/Q131143	Pseudomonas	281374.0	['Bacteria']	['Unknown']	['Proteobacteria']	['Gammaproteobacteria']	['Pseudomonadales']	['Pseudomonadaceae']	['Unknown']	['Pseudomonas']	['Unknown']		['Bacteria']		['Proteobacteria']	['Gammaproteobacteria']	['Pseudomonadales']	['Pseudomonadaceae']		['Pseudomonas']		6	3	7.5	1
835	5	Fatty acids	0.38461538461538464	Fatty acyl glycosides	0.2564102564102564	Rhamnolipids	0.2564102564102564	2.0	0.0	MS1_match	http://www.wikidata.org/entity/Q110170839	XJGPJMVYQFDHEG-HFDPWBFESA-N	InChI=1S/C28H50O9/c1-4-6-8-10-11-13-15-17-22(37-28-27(34)26(33)25(32)20(3)35-28)19-24(31)36-21(18-23(29)30)16-14-12-9-7-5-2/h10-11,20-22,25-28,32-34H,4-9,12-19H2,1-3H3,(H,29,30)/b11-10-/t20-,21?,22?,25-,26+,27+,28?/m0/s1	CCCC/C=C\CCCC(CC(=O)OC(CCCCCCC)CC(=O)O)OC1O[C@@H](C)[C@H](O)[C@@H](O)[C@H]1O	C28H50O9	pos_1_1proton1ethylamine	530.34548318	3-[(Z)-3-[(3R,4R,5R,6S)-3,4,5-trihydroxy-6-methyloxan-2-yl]oxydodec-7-enoyl]oxydecanoic acid	XJGPJMVYQFDHEG	Fatty acids	Fatty acyl glycosides	Rhamnolipids	http://www.wikidata.org/entity/Q131143	Pseudomonas	281374.0	['Bacteria']	['Unknown']	['Proteobacteria']	['Gammaproteobacteria']	['Pseudomonadales']	['Pseudomonadaceae']	['Unknown']	['Pseudomonas']	['Unknown']		['Bacteria']		['Proteobacteria']	['Gammaproteobacteria']	['Pseudomonadales']	['Pseudomonadaceae']		['Pseudomonas']		6	3	7.5	1
834	85	Fatty acids	0.2	Fatty acyl glycosides	0.2	Rhamnolipids	0.2	1.0	0.0	MS1_match	http://www.wikidata.org/entity/Q104975400	DCIJAGJQBHKBNH-IWRMTKMNSA-N	InChI=1S/C28H50O9/c1-4-6-8-10-11-13-15-17-22(37-28-27(34)26(33)25(32)20(3)35-28)19-24(31)36-21(18-23(29)30)16-14-12-9-7-5-2/h13,15,20-22,25-28,32-34H,4-12,14,16-19H2,1-3H3,(H,29,30)/b15-13+/t20-,21?,22?,25-,26+,27+,28-/m0/s1	CCCCCC/C=C/CC(CC(=O)OC(CCCCCCC)CC(=O)O)O[C@@H]1O[C@@H](C)[C@H](O)[C@@H](O)[C@H]1O	C28H50O9	pos_1_1sodium	530.34548318	3-[(E)-3-[(2R,3R,4R,5R,6S)-3,4,5-trihydroxy-6-methyloxan-2-yl]oxydodec-5-enoyl]oxydecanoic acid	DCIJAGJQBHKBNH	Fatty acids	Fatty acyl glycosides	Rhamnolipids	http://www.wikidata.org/entity/Q131143	Pseudomonas	281374.0	['Bacteria']	['Unknown']	['Proteobacteria']	['Gammaproteobacteria']	['Pseudomonadales']	['Pseudomonadaceae']	['Unknown']	['Pseudomonas']	['Unknown']		['Bacteria']		['Proteobacteria']	['Gammaproteobacteria']	['Pseudomonadales']	['Pseudomonadaceae']		['Pseudomonas']		6	3	7.5	1
834	85	Fatty acids	0.2	Fatty acyl glycosides	0.2	Rhamnolipids	0.2	1.0	0.0	MS1_match	http://www.wikidata.org/entity/Q105022873	GWXLTEUAMDVFFH-SBYIBVSJSA-N	InChI=1S/C28H50O9/c1-4-6-8-10-11-13-15-16-21(18-23(29)30)36-24(31)19-22(17-14-12-9-7-5-2)37-28-27(34)26(33)25(32)20(3)35-28/h12,14,20-22,25-28,32-34H,4-11,13,15-19H2,1-3H3,(H,29,30)/b14-12+/t20-,21?,22?,25-,26+,27+,28-/m0/s1	CCCC/C=C/CC(CC(=O)OC(CCCCCCCCC)CC(=O)O)O[C@@H]1O[C@@H](C)[C@H](O)[C@@H](O)[C@H]1O	C28H50O9	pos_1_1sodium	530.34548318	3-[(E)-3-[(2R,3R,4R,5R,6S)-3,4,5-trihydroxy-6-methyloxan-2-yl]oxydec-5-enoyl]oxydodecanoic acid	GWXLTEUAMDVFFH	Fatty acids	Fatty acyl glycosides	Rhamnolipids	http://www.wikidata.org/entity/Q131143	Pseudomonas	281374.0	['Bacteria']	['Unknown']	['Proteobacteria']	['Gammaproteobacteria']	['Pseudomonadales']	['Pseudomonadaceae']	['Unknown']	['Pseudomonas']	['Unknown']		['Bacteria']		['Proteobacteria']	['Gammaproteobacteria']	['Pseudomonadales']	['Pseudomonadaceae']		['Pseudomonas']		6	3	7.5	1
834	85	Fatty acids	0.2	Fatty acyl glycosides	0.2	Rhamnolipids	0.2	1.0	0.0	MS1_match	http://www.wikidata.org/entity/Q110170839	XJGPJMVYQFDHEG-HFDPWBFESA-N	InChI=1S/C28H50O9/c1-4-6-8-10-11-13-15-17-22(37-28-27(34)26(33)25(32)20(3)35-28)19-24(31)36-21(18-23(29)30)16-14-12-9-7-5-2/h10-11,20-22,25-28,32-34H,4-9,12-19H2,1-3H3,(H,29,30)/b11-10-/t20-,21?,22?,25-,26+,27+,28?/m0/s1	CCCC/C=C\CCCC(CC(=O)OC(CCCCCCC)CC(=O)O)OC1O[C@@H](C)[C@H](O)[C@@H](O)[C@H]1O	C28H50O9	pos_1_1sodium	530.34548318	3-[(Z)-3-[(3R,4R,5R,6S)-3,4,5-trihydroxy-6-methyloxan-2-yl]oxydodec-7-enoyl]oxydecanoic acid	XJGPJMVYQFDHEG	Fatty acids	Fatty acyl glycosides	Rhamnolipids	http://www.wikidata.org/entity/Q131143	Pseudomonas	281374.0	['Bacteria']	['Unknown']	['Proteobacteria']	['Gammaproteobacteria']	['Pseudomonadales']	['Pseudomonadaceae']	['Unknown']	['Pseudomonas']	['Unknown']		['Bacteria']		['Proteobacteria']	['Gammaproteobacteria']	['Pseudomonadales']	['Pseudomonadaceae']		['Pseudomonas']		6	3	7.5	1
833	5	Fatty acids	0.38461538461538464	Fatty acyl glycosides	0.2564102564102564	Rhamnolipids	0.2564102564102564	1.0	0.0	MS1_match	http://www.wikidata.org/entity/Q104975400	DCIJAGJQBHKBNH-IWRMTKMNSA-N	InChI=1S/C28H50O9/c1-4-6-8-10-11-13-15-17-22(37-28-27(34)26(33)25(32)20(3)35-28)19-24(31)36-21(18-23(29)30)16-14-12-9-7-5-2/h13,15,20-22,25-28,32-34H,4-12,14,16-19H2,1-3H3,(H,29,30)/b15-13+/t20-,21?,22?,25-,26+,27+,28-/m0/s1	CCCCCC/C=C/CC(CC(=O)OC(CCCCCCC)CC(=O)O)O[C@@H]1O[C@@H](C)[C@H](O)[C@@H](O)[C@H]1O	C28H50O9	pos_1_1proton1ammonium	530.34548318	3-[(E)-3-[(2R,3R,4R,5R,6S)-3,4,5-trihydroxy-6-methyloxan-2-yl]oxydodec-5-enoyl]oxydecanoic acid	DCIJAGJQBHKBNH	Fatty acids	Fatty acyl glycosides	Rhamnolipids	http://www.wikidata.org/entity/Q131143	Pseudomonas	281374.0	['Bacteria']	['Unknown']	['Proteobacteria']	['Gammaproteobacteria']	['Pseudomonadales']	['Pseudomonadaceae']	['Unknown']	['Pseudomonas']	['Unknown']		['Bacteria']		['Proteobacteria']	['Gammaproteobacteria']	['Pseudomonadales']	['Pseudomonadaceae']		['Pseudomonas']		6	3	7.5	1
833	5	Fatty acids	0.38461538461538464	Fatty acyl glycosides	0.2564102564102564	Rhamnolipids	0.2564102564102564	1.0	0.0	MS1_match	http://www.wikidata.org/entity/Q105022873	GWXLTEUAMDVFFH-SBYIBVSJSA-N	InChI=1S/C28H50O9/c1-4-6-8-10-11-13-15-16-21(18-23(29)30)36-24(31)19-22(17-14-12-9-7-5-2)37-28-27(34)26(33)25(32)20(3)35-28/h12,14,20-22,25-28,32-34H,4-11,13,15-19H2,1-3H3,(H,29,30)/b14-12+/t20-,21?,22?,25-,26+,27+,28-/m0/s1	CCCC/C=C/CC(CC(=O)OC(CCCCCCCCC)CC(=O)O)O[C@@H]1O[C@@H](C)[C@H](O)[C@@H](O)[C@H]1O	C28H50O9	pos_1_1proton1ammonium	530.34548318	3-[(E)-3-[(2R,3R,4R,5R,6S)-3,4,5-trihydroxy-6-methyloxan-2-yl]oxydec-5-enoyl]oxydodecanoic acid	GWXLTEUAMDVFFH	Fatty acids	Fatty acyl glycosides	Rhamnolipids	http://www.wikidata.org/entity/Q131143	Pseudomonas	281374.0	['Bacteria']	['Unknown']	['Proteobacteria']	['Gammaproteobacteria']	['Pseudomonadales']	['Pseudomonadaceae']	['Unknown']	['Pseudomonas']	['Unknown']		['Bacteria']		['Proteobacteria']	['Gammaproteobacteria']	['Pseudomonadales']	['Pseudomonadaceae']		['Pseudomonas']		6	3	7.5	1
833	5	Fatty acids	0.38461538461538464	Fatty acyl glycosides	0.2564102564102564	Rhamnolipids	0.2564102564102564	1.0	0.0	MS1_match	http://www.wikidata.org/entity/Q110170839	XJGPJMVYQFDHEG-HFDPWBFESA-N	InChI=1S/C28H50O9/c1-4-6-8-10-11-13-15-17-22(37-28-27(34)26(33)25(32)20(3)35-28)19-24(31)36-21(18-23(29)30)16-14-12-9-7-5-2/h10-11,20-22,25-28,32-34H,4-9,12-19H2,1-3H3,(H,29,30)/b11-10-/t20-,21?,22?,25-,26+,27+,28?/m0/s1	CCCC/C=C\CCCC(CC(=O)OC(CCCCCCC)CC(=O)O)OC1O[C@@H](C)[C@H](O)[C@@H](O)[C@H]1O	C28H50O9	pos_1_1proton1ammonium	530.34548318	3-[(Z)-3-[(3R,4R,5R,6S)-3,4,5-trihydroxy-6-methyloxan-2-yl]oxydodec-7-enoyl]oxydecanoic acid	XJGPJMVYQFDHEG	Fatty acids	Fatty acyl glycosides	Rhamnolipids	http://www.wikidata.org/entity/Q131143	Pseudomonas	281374.0	['Bacteria']	['Unknown']	['Proteobacteria']	['Gammaproteobacteria']	['Pseudomonadales']	['Pseudomonadaceae']	['Unknown']	['Pseudomonas']	['Unknown']		['Bacteria']		['Proteobacteria']	['Gammaproteobacteria']	['Pseudomonadales']	['Pseudomonadaceae']		['Pseudomonas']		6	3	7.5	1
830	5	Fatty acids	0.38461538461538464	Fatty acyl glycosides	0.2564102564102564	Rhamnolipids	0.2564102564102564	1.0	0.37640163	ISDB									CARLURCVFKTIGN							['Unknown']	['Unknown']	['Unknown']	['Unknown']	['Unknown']	['Unknown']	['Unknown']	['Unknown']	['Unknown']											0	0	1.5056065320968628	1
829	5	Fatty acids	0.38461538461538464	Fatty acyl glycosides	0.2564102564102564	Rhamnolipids	0.2564102564102564	1.0	0.0	MS1_match	http://www.wikidata.org/entity/Q104993063	FCBUKWWQSZQDDI-HYFZAEJMSA-N	InChI=1S/C32H58O13/c1-5-7-9-11-13-15-21(17-23(33)34)43-24(35)18-22(16-14-12-10-8-6-2)44-32-30(28(39)26(37)20(4)42-32)45-31-29(40)27(38)25(36)19(3)41-31/h19-22,25-32,36-40H,5-18H2,1-4H3,(H,33,34)/t19-,20-,21+,22+,25-,26-,27+,28+,29+,30+,31-,32-/m0/s1	CCCCCCC[C@H](CC(=O)O)OC(=O)C[C@@H](CCCCCCC)O[C@@H]1O[C@@H](C)[C@H](O)[C@@H](O)[C@H]1O[C@@H]1O[C@@H](C)[C@H](O)[C@@H](O)[C@H]1O	C32H58O13	pos_1_1proton1ethylamine	650.387741916	(R)-3-[[(R)-3-[[2-O-(6-Deoxy-alpha-L-mannopyranosyl)-6-deoxy-alpha-L-mannopyranosyl]oxy]decanoyl]oxy]decanoic acid	FCBUKWWQSZQDDI	Fatty acids	Fatty acyl glycosides	Rhamnolipids	http://www.wikidata.org/entity/Q31856	Pseudomonas aeruginosa	216671.0	['Bacteria']	['Unknown']	['Proteobacteria']	['Gammaproteobacteria']	['Pseudomonadales']	['Pseudomonadaceae']	['Unknown']	['Pseudomonas']	['Pseudomonas aeruginosa']		['Bacteria']		['Proteobacteria']	['Gammaproteobacteria']	['Pseudomonadales']	['Pseudomonadaceae']		['Pseudomonas']	['Pseudomonas aeruginosa']	7	3	8.5	1
813	125	Fatty acids	1.0	Monoterpenoids	1.0	Branched fatty acids	0.5	20.0	0.6191955	ISDB	http://www.wikidata.org/entity/Q27104515	CCEFMUBVSUDRLG-BBBLOLIVSA-N	InChI=1S/C10H16O/c1-7(2)8-4-5-10(3)9(6-8)11-10/h8-9H,1,4-6H2,2-3H3/t8-,9-,10+/m1/s1	C=C(C)[C@@H]1CC[C@]2(C)O[C@@H]2C1	C10H16O		152.120115132	(+)-trans-Limonene oxide	CCEFMUBVSUDRLG	Terpenoids	Monoterpenoids	Menthane monoterpenoids	http://www.wikidata.org/entity/Q24890861	Methylosinus trichosporium	244577.0	['Bacteria']	['Unknown']	['Proteobacteria']	['Alphaproteobacteria']	['Rhizobiales']	['Methylocystaceae']	['Unknown']	['Methylosinus']	['Methylosinus trichosporium']		['Bacteria']		['Proteobacteria']							2	2	5.4767820835113525	1
812	5	Fatty acids	0.38461538461538464	Fatty acyl glycosides	0.2564102564102564	Rhamnolipids	0.2564102564102564	1.0	0.0	MS1_match	http://www.wikidata.org/entity/Q105212961	PPMPLIBYTIWXPG-TXRCGMDISA-N	InChI=1S/C26H48O9/c1-4-6-8-10-12-14-19(16-21(27)28)34-22(29)17-20(15-13-11-9-7-5-2)35-26-25(32)24(31)23(30)18(3)33-26/h18-20,23-26,30-32H,4-17H2,1-3H3,(H,27,28)/t18-,19+,20+,23-,24+,25+,26-/m0/s1	CCCCCCC[C@H](CC(=O)O)OC(=O)C[C@@H](CCCCCCC)O[C@@H]1O[C@@H](C)[C@H](O)[C@@H](O)[C@H]1O	C26H48O9	pos_1_1proton1ammonium	504.329833116	(3R)-3-[(3R)-3-[(2R,3R,4R,5R,6S)-3,4,5-trihydroxy-6-methyloxan-2-yl]oxydecanoyl]oxydecanoic acid	PPMPLIBYTIWXPG	Fatty acids	Fatty acyl glycosides	Rhamnolipids	http://www.wikidata.org/entity/Q31856	Pseudomonas aeruginosa	216671.0	['Bacteria']	['Unknown']	['Proteobacteria']	['Gammaproteobacteria']	['Pseudomonadales']	['Pseudomonadaceae']	['Unknown']	['Pseudomonas']	['Pseudomonas aeruginosa']		['Bacteria']		['Proteobacteria']	['Gammaproteobacteria']	['Pseudomonadales']	['Pseudomonadaceae']		['Pseudomonas']	['Pseudomonas aeruginosa']	7	3	8.5	1
811	5	Fatty acids	0.38461538461538464	Fatty acyl glycosides	0.2564102564102564	Rhamnolipids	0.2564102564102564	1.0	0.44274655	ISDB	http://www.wikidata.org/entity/Q27131854	ZFPAFAWFRTWCSK-UHFFFAOYSA-N	InChI=1S/C20H38O5/c1-3-5-7-9-11-13-17(21)15-20(24)25-18(16-19(22)23)14-12-10-8-6-4-2/h17-18,21H,3-16H2,1-2H3,(H,22,23)	CCCCCCCC(O)CC(=O)OC(CCCCCCC)CC(=O)O	C20H38O5		358.271924316	3-Hydroxydecanoyl-3-hydroxydecanoic acid	ZFPAFAWFRTWCSK	Fatty acids	Fatty Acids and Conjugates	Hydroxy fatty acids	http://www.wikidata.org/entity/Q311202	Pseudomonas syringae	413638.0	['Bacteria']	['Unknown']	['Proteobacteria']	['Gammaproteobacteria']	['Pseudomonadales']	['Pseudomonadaceae']	['Unknown']	['Pseudomonas']	['Pseudomonas syringae']		['Bacteria']		['Proteobacteria']	['Gammaproteobacteria']	['Pseudomonadales']	['Pseudomonadaceae']		['Pseudomonas']		6	1	8.270986199378967	1
810	5	Fatty acids	0.38461538461538464	Fatty acyl glycosides	0.2564102564102564	Rhamnolipids	0.2564102564102564	1.0	0.31342968	ISDB	http://www.wikidata.org/entity/Q105212961	PPMPLIBYTIWXPG-TXRCGMDISA-N	InChI=1S/C26H48O9/c1-4-6-8-10-12-14-19(16-21(27)28)34-22(29)17-20(15-13-11-9-7-5-2)35-26-25(32)24(31)23(30)18(3)33-26/h18-20,23-26,30-32H,4-17H2,1-3H3,(H,27,28)/t18-,19+,20+,23-,24+,25+,26-/m0/s1	CCCCCCC[C@H](CC(=O)O)OC(=O)C[C@@H](CCCCCCC)O[C@@H]1O[C@@H](C)[C@H](O)[C@@H](O)[C@H]1O	C26H48O9		504.329833116	(3R)-3-[(3R)-3-[(2R,3R,4R,5R,6S)-3,4,5-trihydroxy-6-methyloxan-2-yl]oxydecanoyl]oxydecanoic acid	PPMPLIBYTIWXPG	Fatty acids	Fatty acyl glycosides	Rhamnolipids	http://www.wikidata.org/entity/Q31856	Pseudomonas aeruginosa	216671.0	['Bacteria']	['Unknown']	['Proteobacteria']	['Gammaproteobacteria']	['Pseudomonadales']	['Pseudomonadaceae']	['Unknown']	['Pseudomonas']	['Pseudomonas aeruginosa']		['Bacteria']		['Proteobacteria']	['Gammaproteobacteria']	['Pseudomonadales']	['Pseudomonadaceae']		['Pseudomonas']	['Pseudomonas aeruginosa']	7	3	9.753718733787537	1
807	5	Fatty acids	0.38461538461538464	Fatty acyl glycosides	0.2564102564102564	Rhamnolipids	0.2564102564102564	1.0	0.5973024	ISDB	http://www.wikidata.org/entity/Q105031756	HPMCDJQPMNPVHR-FUHWJXTLSA-N	InChI=1S/C20H36O4/c1-5-6-7-8-10-17(3)14-20(23)24-15-18(4)12-9-11-16(2)13-19(21)22/h14,16,18H,5-13,15H2,1-4H3,(H,21,22)/t16-,18+/m0/s1	CCCCCCC(C)=CC(=O)OC[C@H](C)CCC[C@H](C)CC(=O)O	C20H36O4		340.261359632	(3S,7R)-3,7-dimethyl-8-(3-methylnon-2-enoyloxy)octanoic acid	HPMCDJQPMNPVHR				http://www.wikidata.org/entity/Q652237	Spongia officinalis	373931.0	['Eukaryota']	['Metazoa']	['Porifera']	['Demospongiae']	['Dictyoceratida']	['Spongiidae']	['Unknown']	['Spongia']	['Spongia officinalis']											0	0	2.389209508895874	1
806	125	Fatty acids	1.0	Monoterpenoids	1.0	Branched fatty acids	0.5	37.0	0.5100518	ISDB	http://www.wikidata.org/entity/Q82239370	GJWSUKYXUMVMGX-SECBINFHSA-N	InChI=1S/C10H18O2/c1-8(2)5-4-6-9(3)7-10(11)12/h5,9H,4,6-7H2,1-3H3,(H,11,12)/t9-/m1/s1	CC(C)=CCC[C@@H](C)CC(=O)O	C10H18O2		170.130679816	(R)-(+)-Citronellic acid	GJWSUKYXUMVMGX	Fatty acids	Fatty Acids and Conjugates	Branched fatty acids	http://www.wikidata.org/entity/Q4688339	Aeromonas veronii	704628.0	['Bacteria']	['Unknown']	['Proteobacteria']	['Gammaproteobacteria']	['Aeromonadales']	['Aeromonadaceae']	['Unknown']	['Aeromonas']	['Aeromonas veronii']		['Bacteria']		['Proteobacteria']	['Gammaproteobacteria']						3	3	6.540207147598267	1
798	5	Fatty acids	0.38461538461538464	Fatty acyl glycosides	0.2564102564102564	Rhamnolipids	0.2564102564102564	1.0	0.0	MS1_match	http://www.wikidata.org/entity/Q27131854	ZFPAFAWFRTWCSK-UHFFFAOYSA-N	InChI=1S/C20H38O5/c1-3-5-7-9-11-13-17(21)15-20(24)25-18(16-19(22)23)14-12-10-8-6-4-2/h17-18,21H,3-16H2,1-2H3,(H,22,23)	CCCCCCCC(O)CC(=O)OC(CCCCCCC)CC(=O)O	C20H38O5	pos_1_1proton1ammonium	358.271924316	3-Hydroxydecanoyl-3-hydroxydecanoic acid	ZFPAFAWFRTWCSK	Fatty acids	Fatty Acids and Conjugates	Hydroxy fatty acids	http://www.wikidata.org/entity/Q311202	Pseudomonas syringae	413638.0	['Bacteria']	['Unknown']	['Proteobacteria']	['Gammaproteobacteria']	['Pseudomonadales']	['Pseudomonadaceae']	['Unknown']	['Pseudomonas']	['Pseudomonas syringae']		['Bacteria']		['Proteobacteria']	['Gammaproteobacteria']	['Pseudomonadales']	['Pseudomonadaceae']		['Pseudomonas']		6	1	6.5	1
795	5	Fatty acids	0.38461538461538464	Fatty acyl glycosides	0.2564102564102564	Rhamnolipids	0.2564102564102564	1.0	0.0	MS1_match	http://www.wikidata.org/entity/Q104993063	FCBUKWWQSZQDDI-HYFZAEJMSA-N	InChI=1S/C32H58O13/c1-5-7-9-11-13-15-21(17-23(33)34)43-24(35)18-22(16-14-12-10-8-6-2)44-32-30(28(39)26(37)20(4)42-32)45-31-29(40)27(38)25(36)19(3)41-31/h19-22,25-32,36-40H,5-18H2,1-4H3,(H,33,34)/t19-,20-,21+,22+,25-,26-,27+,28+,29+,30+,31-,32-/m0/s1	CCCCCCC[C@H](CC(=O)O)OC(=O)C[C@@H](CCCCCCC)O[C@@H]1O[C@@H](C)[C@H](O)[C@@H](O)[C@H]1O[C@@H]1O[C@@H](C)[C@H](O)[C@@H](O)[C@H]1O	C32H58O13	pos_2MHNH3	650.387741916	(R)-3-[[(R)-3-[[2-O-(6-Deoxy-alpha-L-mannopyranosyl)-6-deoxy-alpha-L-mannopyranosyl]oxy]decanoyl]oxy]decanoic acid	FCBUKWWQSZQDDI	Fatty acids	Fatty acyl glycosides	Rhamnolipids	http://www.wikidata.org/entity/Q31856	Pseudomonas aeruginosa	216671.0	['Bacteria']	['Unknown']	['Proteobacteria']	['Gammaproteobacteria']	['Pseudomonadales']	['Pseudomonadaceae']	['Unknown']	['Pseudomonas']	['Pseudomonas aeruginosa']		['Bacteria']		['Proteobacteria']	['Gammaproteobacteria']	['Pseudomonadales']	['Pseudomonadaceae']		['Pseudomonas']	['Pseudomonas aeruginosa']	7	3	8.5	1
794	5	Fatty acids	0.38461538461538464	Fatty acyl glycosides	0.2564102564102564	Rhamnolipids	0.2564102564102564	1.0	0.29750407	ISDB	http://www.wikidata.org/entity/Q104993063	FCBUKWWQSZQDDI-HYFZAEJMSA-N	InChI=1S/C32H58O13/c1-5-7-9-11-13-15-21(17-23(33)34)43-24(35)18-22(16-14-12-10-8-6-2)44-32-30(28(39)26(37)20(4)42-32)45-31-29(40)27(38)25(36)19(3)41-31/h19-22,25-32,36-40H,5-18H2,1-4H3,(H,33,34)/t19-,20-,21+,22+,25-,26-,27+,28+,29+,30+,31-,32-/m0/s1	CCCCCCC[C@H](CC(=O)O)OC(=O)C[C@@H](CCCCCCC)O[C@@H]1O[C@@H](C)[C@H](O)[C@@H](O)[C@H]1O[C@@H]1O[C@@H](C)[C@H](O)[C@@H](O)[C@H]1O	C32H58O13		650.387741916	(R)-3-[[(R)-3-[[2-O-(6-Deoxy-alpha-L-mannopyranosyl)-6-deoxy-alpha-L-mannopyranosyl]oxy]decanoyl]oxy]decanoic acid	FCBUKWWQSZQDDI	Fatty acids	Fatty acyl glycosides	Rhamnolipids	http://www.wikidata.org/entity/Q31856	Pseudomonas aeruginosa	216671.0	['Bacteria']	['Unknown']	['Proteobacteria']	['Gammaproteobacteria']	['Pseudomonadales']	['Pseudomonadaceae']	['Unknown']	['Pseudomonas']	['Pseudomonas aeruginosa']		['Bacteria']		['Proteobacteria']	['Gammaproteobacteria']	['Pseudomonadales']	['Pseudomonadaceae']		['Pseudomonas']	['Pseudomonas aeruginosa']	7	3	9.690016269683838	1
793	5	Fatty acids	0.38461538461538464	Fatty acyl glycosides	0.2564102564102564	Rhamnolipids	0.2564102564102564	1.0	0.0	MS1_match	http://www.wikidata.org/entity/Q104993063	FCBUKWWQSZQDDI-HYFZAEJMSA-N	InChI=1S/C32H58O13/c1-5-7-9-11-13-15-21(17-23(33)34)43-24(35)18-22(16-14-12-10-8-6-2)44-32-30(28(39)26(37)20(4)42-32)45-31-29(40)27(38)25(36)19(3)41-31/h19-22,25-32,36-40H,5-18H2,1-4H3,(H,33,34)/t19-,20-,21+,22+,25-,26-,27+,28+,29+,30+,31-,32-/m0/s1	CCCCCCC[C@H](CC(=O)O)OC(=O)C[C@@H](CCCCCCC)O[C@@H]1O[C@@H](C)[C@H](O)[C@@H](O)[C@H]1O[C@@H]1O[C@@H](C)[C@H](O)[C@@H](O)[C@H]1O	C32H58O13	pos_1_1proton1ammonium	650.387741916	(R)-3-[[(R)-3-[[2-O-(6-Deoxy-alpha-L-mannopyranosyl)-6-deoxy-alpha-L-mannopyranosyl]oxy]decanoyl]oxy]decanoic acid	FCBUKWWQSZQDDI	Fatty acids	Fatty acyl glycosides	Rhamnolipids	http://www.wikidata.org/entity/Q31856	Pseudomonas aeruginosa	216671.0	['Bacteria']	['Unknown']	['Proteobacteria']	['Gammaproteobacteria']	['Pseudomonadales']	['Pseudomonadaceae']	['Unknown']	['Pseudomonas']	['Pseudomonas aeruginosa']		['Bacteria']		['Proteobacteria']	['Gammaproteobacteria']	['Pseudomonadales']	['Pseudomonadaceae']		['Pseudomonas']	['Pseudomonas aeruginosa']	7	3	8.5	1
792	5	Fatty acids	0.38461538461538464	Fatty acyl glycosides	0.2564102564102564	Rhamnolipids	0.2564102564102564	1.0	0.47688666	ISDB	http://www.wikidata.org/entity/Q27131854	ZFPAFAWFRTWCSK-UHFFFAOYSA-N	InChI=1S/C20H38O5/c1-3-5-7-9-11-13-17(21)15-20(24)25-18(16-19(22)23)14-12-10-8-6-4-2/h17-18,21H,3-16H2,1-2H3,(H,22,23)	CCCCCCCC(O)CC(=O)OC(CCCCCCC)CC(=O)O	C20H38O5		358.271924316	3-Hydroxydecanoyl-3-hydroxydecanoic acid	ZFPAFAWFRTWCSK	Fatty acids	Fatty Acids and Conjugates	Hydroxy fatty acids	http://www.wikidata.org/entity/Q311202	Pseudomonas syringae	413638.0	['Bacteria']	['Unknown']	['Proteobacteria']	['Gammaproteobacteria']	['Pseudomonadales']	['Pseudomonadaceae']	['Unknown']	['Pseudomonas']	['Pseudomonas syringae']		['Bacteria']		['Proteobacteria']	['Gammaproteobacteria']	['Pseudomonadales']	['Pseudomonadaceae']		['Pseudomonas']		6	1	8.407546639442444	1
781	10	Alkaloids	0.625	Tryptophan alkaloids	0.6	Quinoline alkaloids	0.475	1.0	0.0	MS1_match	http://www.wikidata.org/entity/Q104171408	LWYHXEXQBAUDEY-UHFFFAOYSA-N	InChI=1S/C20H27NO2/c1-2-3-4-5-6-7-8-9-10-13-17-16-20(22)18-14-11-12-15-19(18)21(17)23/h7-8,11-12,14-16,22H,2-6,9-10,13H2,1H3	CCCCCCC=CCCCc1cc(O)c2ccccc2[n+]1[O-]	C20H27NO2	pos_1_1proton	313.204179104		LWYHXEXQBAUDEY	Alkaloids	Tryptophan alkaloids	Quinoline alkaloids	http://www.wikidata.org/entity/Q31856	Pseudomonas aeruginosa	216671.0	['Bacteria']	['Unknown']	['Proteobacteria']	['Gammaproteobacteria']	['Pseudomonadales']	['Pseudomonadaceae']	['Unknown']	['Pseudomonas']	['Pseudomonas aeruginosa']		['Bacteria']		['Proteobacteria']	['Gammaproteobacteria']	['Pseudomonadales']	['Pseudomonadaceae']		['Pseudomonas']	['Pseudomonas aeruginosa']	7	3	8.5	1
776	118	Shikimates and Phenylpropanoids	0.5	Stilbenoids	0.5	Monomeric stilbenes	0.5	4.0	0.0	MS1_match	http://www.wikidata.org/entity/Q27105920	IUMFLNFLJUUODE-UHFFFAOYSA-N	InChI=1S/C15H16O3/c1-18-14-9-11(8-13(16)10-14)6-7-12-4-2-3-5-15(12)17/h2-5,8-10,16-17H,6-7H2,1H3	COc1cc(O)cc(CCc2ccccc2O)c1	C15H16O3	pos_1_1proton1isopropanol	244.109944372	Batatasin IV	IUMFLNFLJUUODE	Shikimates and Phenylpropanoids	Stilbenoids	Monomeric stilbenes	http://www.wikidata.org/entity/Q7255025	Pseudomonas cichorii	1091815.0	['Bacteria']	['Unknown']	['Proteobacteria']	['Gammaproteobacteria']	['Pseudomonadales']	['Pseudomonadaceae']	['Unknown']	['Pseudomonas']	['Pseudomonas cichorii']		['Bacteria']		['Proteobacteria']	['Gammaproteobacteria']	['Pseudomonadales']	['Pseudomonadaceae']		['Pseudomonas']		6	3	7.5	1
775	44	Alkaloids	0.75	Tryptophan alkaloids	0.5	Quinoline alkaloids	0.5	1.0	0.0	MS1_match	http://www.wikidata.org/entity/Q104197609	SSQJIUWSCJLTTP-UHFFFAOYSA-N	InChI=1S/C20H27NO/c1-2-3-4-5-6-7-8-9-10-13-17-16-20(22)18-14-11-12-15-19(18)21-17/h7-8,11-12,14-16H,2-6,9-10,13H2,1H3,(H,21,22)	CCCCCCC=CCCCc1cc(=O)c2ccccc2[nH]1	C20H27NO	pos_1_1proton	297.209264484	2-undec-4-enyl-1H-quinolin-4-one	SSQJIUWSCJLTTP	Alkaloids	Tryptophan alkaloids	Quinoline alkaloids	http://www.wikidata.org/entity/Q31856	Pseudomonas aeruginosa	216671.0	['Bacteria']	['Unknown']	['Proteobacteria']	['Gammaproteobacteria']	['Pseudomonadales']	['Pseudomonadaceae']	['Unknown']	['Pseudomonas']	['Pseudomonas aeruginosa']		['Bacteria']		['Proteobacteria']	['Gammaproteobacteria']	['Pseudomonadales']	['Pseudomonadaceae']		['Pseudomonas']	['Pseudomonas aeruginosa']	7	3	8.5	1
775	44	Alkaloids	0.75	Tryptophan alkaloids	0.5	Quinoline alkaloids	0.5	1.0	0.0	MS1_match	http://www.wikidata.org/entity/Q104919962	AWCWOJPATVETFJ-HJWRWDBZSA-N	InChI=1S/C20H27NO/c1-2-3-4-5-6-7-8-9-10-13-17-16-20(22)18-14-11-12-15-19(18)21-17/h8-9,11-12,14-16H,2-7,10,13H2,1H3,(H,21,22)/b9-8-	CCCCCCC/C=C\CCc1cc(=O)c2ccccc2[nH]1	C20H27NO	pos_1_1proton	297.209264484		AWCWOJPATVETFJ	Alkaloids	Tryptophan alkaloids	Quinoline alkaloids	http://www.wikidata.org/entity/Q31856	Pseudomonas aeruginosa	216671.0	['Bacteria']	['Unknown']	['Proteobacteria']	['Gammaproteobacteria']	['Pseudomonadales']	['Pseudomonadaceae']	['Unknown']	['Pseudomonas']	['Pseudomonas aeruginosa']		['Bacteria']		['Proteobacteria']	['Gammaproteobacteria']	['Pseudomonadales']	['Pseudomonadaceae']		['Pseudomonas']	['Pseudomonas aeruginosa']	7	3	8.5	1
771	10	Alkaloids	0.625	Tryptophan alkaloids	0.6	Quinoline alkaloids	0.475	2.0	0.50643617	ISDB	http://www.wikidata.org/entity/Q104171408	LWYHXEXQBAUDEY-UHFFFAOYSA-N	InChI=1S/C20H27NO2/c1-2-3-4-5-6-7-8-9-10-13-17-16-20(22)18-14-11-12-15-19(18)21(17)23/h7-8,11-12,14-16,22H,2-6,9-10,13H2,1H3	CCCCCCC=CCCCc1cc(O)c2ccccc2[n+]1[O-]	C20H27NO2		313.204179104		LWYHXEXQBAUDEY	Alkaloids	Tryptophan alkaloids	Quinoline alkaloids	http://www.wikidata.org/entity/Q31856	Pseudomonas aeruginosa	216671.0	['Bacteria']	['Unknown']	['Proteobacteria']	['Gammaproteobacteria']	['Pseudomonadales']	['Pseudomonadaceae']	['Unknown']	['Pseudomonas']	['Pseudomonas aeruginosa']		['Bacteria']		['Proteobacteria']	['Gammaproteobacteria']	['Pseudomonadales']	['Pseudomonadaceae']		['Pseudomonas']	['Pseudomonas aeruginosa']	7	3	10.525744676589966	1
766	10	Alkaloids	0.625	Tryptophan alkaloids	0.6	Quinoline alkaloids	0.475	4.0	0.51933706	ISDB	http://www.wikidata.org/entity/Q104171408	LWYHXEXQBAUDEY-UHFFFAOYSA-N	InChI=1S/C20H27NO2/c1-2-3-4-5-6-7-8-9-10-13-17-16-20(22)18-14-11-12-15-19(18)21(17)23/h7-8,11-12,14-16,22H,2-6,9-10,13H2,1H3	CCCCCCC=CCCCc1cc(O)c2ccccc2[n+]1[O-]	C20H27NO2		313.204179104		LWYHXEXQBAUDEY	Alkaloids	Tryptophan alkaloids	Quinoline alkaloids	http://www.wikidata.org/entity/Q31856	Pseudomonas aeruginosa	216671.0	['Bacteria']	['Unknown']	['Proteobacteria']	['Gammaproteobacteria']	['Pseudomonadales']	['Pseudomonadaceae']	['Unknown']	['Pseudomonas']	['Pseudomonas aeruginosa']		['Bacteria']		['Proteobacteria']	['Gammaproteobacteria']	['Pseudomonadales']	['Pseudomonadaceae']		['Pseudomonas']	['Pseudomonas aeruginosa']	7	3	10.577348232269287	1
763	10	Alkaloids	0.625	Tryptophan alkaloids	0.6	Quinoline alkaloids	0.475	1.0	0.0	MS1_match	http://www.wikidata.org/entity/Q104197609	SSQJIUWSCJLTTP-UHFFFAOYSA-N	InChI=1S/C20H27NO/c1-2-3-4-5-6-7-8-9-10-13-17-16-20(22)18-14-11-12-15-19(18)21-17/h7-8,11-12,14-16H,2-6,9-10,13H2,1H3,(H,21,22)	CCCCCCC=CCCCc1cc(=O)c2ccccc2[nH]1	C20H27NO	pos_1_1proton	297.209264484	2-undec-4-enyl-1H-quinolin-4-one	SSQJIUWSCJLTTP	Alkaloids	Tryptophan alkaloids	Quinoline alkaloids	http://www.wikidata.org/entity/Q31856	Pseudomonas aeruginosa	216671.0	['Bacteria']	['Unknown']	['Proteobacteria']	['Gammaproteobacteria']	['Pseudomonadales']	['Pseudomonadaceae']	['Unknown']	['Pseudomonas']	['Pseudomonas aeruginosa']		['Bacteria']		['Proteobacteria']	['Gammaproteobacteria']	['Pseudomonadales']	['Pseudomonadaceae']		['Pseudomonas']	['Pseudomonas aeruginosa']	7	3	8.5	1
763	10	Alkaloids	0.625	Tryptophan alkaloids	0.6	Quinoline alkaloids	0.475	1.0	0.0	MS1_match	http://www.wikidata.org/entity/Q104919962	AWCWOJPATVETFJ-HJWRWDBZSA-N	InChI=1S/C20H27NO/c1-2-3-4-5-6-7-8-9-10-13-17-16-20(22)18-14-11-12-15-19(18)21-17/h8-9,11-12,14-16H,2-7,10,13H2,1H3,(H,21,22)/b9-8-	CCCCCCC/C=C\CCc1cc(=O)c2ccccc2[nH]1	C20H27NO	pos_1_1proton	297.209264484		AWCWOJPATVETFJ	Alkaloids	Tryptophan alkaloids	Quinoline alkaloids	http://www.wikidata.org/entity/Q31856	Pseudomonas aeruginosa	216671.0	['Bacteria']	['Unknown']	['Proteobacteria']	['Gammaproteobacteria']	['Pseudomonadales']	['Pseudomonadaceae']	['Unknown']	['Pseudomonas']	['Pseudomonas aeruginosa']		['Bacteria']		['Proteobacteria']	['Gammaproteobacteria']	['Pseudomonadales']	['Pseudomonadaceae']		['Pseudomonas']	['Pseudomonas aeruginosa']	7	3	8.5	1
759	10	Alkaloids	0.625	Tryptophan alkaloids	0.6	Quinoline alkaloids	0.475	3.0	0.4932436	ISDB	http://www.wikidata.org/entity/Q77572043	QMQHUZIWKIVYLV-FOWTUZBSSA-N	InChI=1S/C20H25NO/c1-15(2)8-7-9-16(3)12-13-17-14-20(22)18-10-5-6-11-19(18)21(17)4/h5-6,8,10-12,14H,7,9,13H2,1-4H3/b16-12+	CC(C)=CCC/C(C)=C/Cc1cc(=O)c2ccccc2n1C	C20H25NO		295.19361442	2-[(2E)-3,7-dimethylocta-2,6-dienyl]-1-methylquinolin-4-one	QMQHUZIWKIVYLV	Alkaloids	Tryptophan alkaloids	Quinoline alkaloids	http://www.wikidata.org/entity/Q7255179	Pseudonocardia	874917.0	['Bacteria']	['Unknown']	['Actinobacteria']	['Unknown']	['Pseudonocardiales']	['Pseudonocardiaceae']	['Unknown']	['Pseudonocardia']	['Unknown']		['Bacteria']									1	3	4.472974419593811	1
755	10	Alkaloids	0.625	Tryptophan alkaloids	0.6	Quinoline alkaloids	0.475	1.0	0.0	MS1_match	http://www.wikidata.org/entity/Q104197609	SSQJIUWSCJLTTP-UHFFFAOYSA-N	InChI=1S/C20H27NO/c1-2-3-4-5-6-7-8-9-10-13-17-16-20(22)18-14-11-12-15-19(18)21-17/h7-8,11-12,14-16H,2-6,9-10,13H2,1H3,(H,21,22)	CCCCCCC=CCCCc1cc(=O)c2ccccc2[nH]1	C20H27NO	pos_1_1proton	297.209264484	2-undec-4-enyl-1H-quinolin-4-one	SSQJIUWSCJLTTP	Alkaloids	Tryptophan alkaloids	Quinoline alkaloids	http://www.wikidata.org/entity/Q31856	Pseudomonas aeruginosa	216671.0	['Bacteria']	['Unknown']	['Proteobacteria']	['Gammaproteobacteria']	['Pseudomonadales']	['Pseudomonadaceae']	['Unknown']	['Pseudomonas']	['Pseudomonas aeruginosa']		['Bacteria']		['Proteobacteria']	['Gammaproteobacteria']	['Pseudomonadales']	['Pseudomonadaceae']		['Pseudomonas']	['Pseudomonas aeruginosa']	7	3	8.5	1
755	10	Alkaloids	0.625	Tryptophan alkaloids	0.6	Quinoline alkaloids	0.475	1.0	0.0	MS1_match	http://www.wikidata.org/entity/Q104919962	AWCWOJPATVETFJ-HJWRWDBZSA-N	InChI=1S/C20H27NO/c1-2-3-4-5-6-7-8-9-10-13-17-16-20(22)18-14-11-12-15-19(18)21-17/h8-9,11-12,14-16H,2-7,10,13H2,1H3,(H,21,22)/b9-8-	CCCCCCC/C=C\CCc1cc(=O)c2ccccc2[nH]1	C20H27NO	pos_1_1proton	297.209264484		AWCWOJPATVETFJ	Alkaloids	Tryptophan alkaloids	Quinoline alkaloids	http://www.wikidata.org/entity/Q31856	Pseudomonas aeruginosa	216671.0	['Bacteria']	['Unknown']	['Proteobacteria']	['Gammaproteobacteria']	['Pseudomonadales']	['Pseudomonadaceae']	['Unknown']	['Pseudomonas']	['Pseudomonas aeruginosa']		['Bacteria']		['Proteobacteria']	['Gammaproteobacteria']	['Pseudomonadales']	['Pseudomonadaceae']		['Pseudomonas']	['Pseudomonas aeruginosa']	7	3	8.5	1
751	10	Alkaloids	0.625	Tryptophan alkaloids	0.6	Quinoline alkaloids	0.475	1.0	0.0	MS1_match	http://www.wikidata.org/entity/Q82932445	JYFNTDPGDPZMCM-UHFFFAOYSA-N	InChI=1S/C18H25NO2/c1-2-3-4-5-6-7-8-11-15-14-18(20)16-12-9-10-13-17(16)19(15)21/h9-10,12-14,21H,2-8,11H2,1H3	CCCCCCCCCc1cc(=O)c2ccccc2n1O	C18H25NO2	pos_1_1proton	287.18852904	2-Nonyl-4-hydroxyquinoline N-oxide	JYFNTDPGDPZMCM	Alkaloids	Tryptophan alkaloids	Quinoline alkaloids	http://www.wikidata.org/entity/Q131143	Pseudomonas	281374.0	['Bacteria']	['Unknown']	['Proteobacteria']	['Gammaproteobacteria']	['Pseudomonadales']	['Pseudomonadaceae']	['Unknown']	['Pseudomonas']	['Unknown']		['Bacteria']		['Proteobacteria']	['Gammaproteobacteria']	['Pseudomonadales']	['Pseudomonadaceae']		['Pseudomonas']		6	3	7.5	1
746	10	Alkaloids	0.625	Tryptophan alkaloids	0.6	Quinoline alkaloids	0.475	1.0	0.68317187	ISDB	http://www.wikidata.org/entity/Q77386422	HMCYNESTDVUAKN-CMDGGOBGSA-N	InChI=1S/C19H25NO2/c1-3-4-5-6-7-8-9-13-17-15(2)19(21)16-12-10-11-14-18(16)20(17)22/h8-12,14,22H,3-7,13H2,1-2H3/b9-8+	CCCCCC/C=C/Cc1c(C)c(=O)c2ccccc2n1O	C19H25NO2		299.18852904	1-hydroxy-3-methyl-2-[(E)-non-2-enyl]quinolin-4-one	HMCYNESTDVUAKN	Alkaloids	Tryptophan alkaloids	Quinoline alkaloids	http://www.wikidata.org/entity/Q310202	Arthrobacter	430873.0	['Bacteria']	['Unknown']	['Actinobacteria']	['Unknown']	['Micrococcales']	['Micrococcaceae']	['Unknown']	['Arthrobacter']	['Unknown']		['Bacteria']									1	3	5.232687473297119	1
736	44	Alkaloids	0.75	Tryptophan alkaloids	0.5	Quinoline alkaloids	0.5	1.0	0.0	MS1_match	http://www.wikidata.org/entity/Q82648062	ZNTUDOOZDLMYAG-UHFFFAOYSA-N	InChI=1S/C18H23NO/c1-2-3-4-5-6-7-8-11-15-14-18(20)16-12-9-10-13-17(16)19-15/h8-14H,2-7H2,1H3,(H,19,20)	CCCCCCCC=Cc1cc(=O)c2ccccc2[nH]1	C18H23NO	pos_1_1proton	269.177964356	2-(Non-1-en-1-yl)quinolin-4(1H)-one	ZNTUDOOZDLMYAG	Alkaloids	Tryptophan alkaloids	Quinoline alkaloids	http://www.wikidata.org/entity/Q31856	Pseudomonas aeruginosa	216671.0	['Bacteria']	['Unknown']	['Proteobacteria']	['Gammaproteobacteria']	['Pseudomonadales']	['Pseudomonadaceae']	['Unknown']	['Pseudomonas']	['Pseudomonas aeruginosa']		['Bacteria']		['Proteobacteria']	['Gammaproteobacteria']	['Pseudomonadales']	['Pseudomonadaceae']		['Pseudomonas']	['Pseudomonas aeruginosa']	7	3	8.5	1
734	51	Amino acids and Peptides	0.5	Oligopeptides	0.5	Anabaenopeptins	0.5	1.0	0.0	MS1_match	http://www.wikidata.org/entity/Q77374003	PTRNCNFJAWMJBV-HGDWBSSWSA-N	InChI=1S/C26H45N5O6/c1-7-16(5)21(30-26(37)31-22(25(35)36)17(6)8-2)24(34)29-19-11-9-10-14-27-20(32)13-12-18(15(3)4)28-23(19)33/h12-13,15-19,21-22H,7-11,14H2,1-6H3,(H,27,32)(H,28,33)(H,29,34)(H,35,36)(H2,30,31,37)/b13-12-/t16-,17-,18+,19-,21-,22-/m0/s1	CC[C@H](C)[C@H](NC(=O)N[C@H](C(=O)N[C@H]1CCCCNC(=O)/C=C\[C@H](C(C)C)NC1=O)[C@@H](C)CC)C(=O)O	C26H45N5O6	pos_2_2proton1ammonium	523.33698416	Syringolin G	PTRNCNFJAWMJBV	Amino acids and Peptides	Oligopeptides	Anabaenopeptins	http://www.wikidata.org/entity/Q311202	Pseudomonas syringae	413638.0	['Bacteria']	['Unknown']	['Proteobacteria']	['Gammaproteobacteria']	['Pseudomonadales']	['Pseudomonadaceae']	['Unknown']	['Pseudomonas']	['Pseudomonas syringae']		['Bacteria']		['Proteobacteria']	['Gammaproteobacteria']	['Pseudomonadales']	['Pseudomonadaceae']		['Pseudomonas']		6	3	7.5	1
733	10	Alkaloids	0.625	Tryptophan alkaloids	0.6	Quinoline alkaloids	0.475	4.0	0.5888476	ISDB	http://www.wikidata.org/entity/Q110171308	DUQBGCPHFYMBQE-UHFFFAOYSA-N	InChI=1S/C18H23NO2/c1-12(2)13(3)4-5-14-6-7-15-10-16(18(20)21)8-9-17(15)19-11-14/h6,8-10,19H,4-5,7,11H2,1-3H3,(H,20,21)	CC(C)=C(C)CCC1=CCc2cc(C(=O)O)ccc2NC1	C18H23NO2		285.172878976	Methylbenzastatin K	DUQBGCPHFYMBQE	Alkaloids	Tryptophan alkaloids	Simple indole alkaloids	http://www.wikidata.org/entity/Q68792845	Streptomyces lividans	624003.0	['Bacteria']	['Unknown']	['Actinobacteria']	['Unknown']	['Streptomycetales']	['Streptomycetaceae']	['Unknown']	['Streptomyces']	['Streptomyces lividans']		['Bacteria']									1	2	4.355390310287476	1
731	10	Alkaloids	0.625	Tryptophan alkaloids	0.6	Quinoline alkaloids	0.475	2.0	0.38168958	ISDB	http://www.wikidata.org/entity/Q105288514	VLMOVCPLUVXFOS-CYBMUJFWSA-N	InChI=1S/C15H21N5O/c16-15(17)19-6-1-2-13-14-10(5-7-18-13)11-8-9(21)3-4-12(11)20-14/h3-4,8,13,18,20-21H,1-2,5-7H2,(H4,16,17,19)/t13-/m1/s1	N=C(N)NCCC[C@H]1NCCc2c1[nH]c1ccc(O)cc21	C15H21N5O		287.174610292	2-[3-[(1R)-6-hydroxy-2,3,4,9-tetrahydro-1H-pyrido[3,4-b]indol-1-yl]propyl]guanidine	VLMOVCPLUVXFOS	Alkaloids	Tryptophan alkaloids	Carboline alkaloids	http://www.wikidata.org/entity/Q1894067	Parawixia bistriata	1055209.0	['Eukaryota']	['Metazoa']	['Arthropoda']	['Arachnida']	['Araneae']	['Araneidae']	['Unknown']	['Parawixia']	['Parawixia bistriata']											0	2	2.526758313179016	1
729	10	Alkaloids	0.625	Tryptophan alkaloids	0.6	Quinoline alkaloids	0.475	2.0	0.69613236	ISDB	http://www.wikidata.org/entity/Q77423886	OWAFRMWUUTWJDD-BBRMVZONSA-N	InChI=1S/C17H22N2O2/c1-5-17(3,4)16-13(10-18-11(2)20)15(21)12-8-6-7-9-14(12)19-16/h5-9,13,16,19H,1,10H2,2-4H3,(H,18,20)/t13-,16-/m0/s1	C=CC(C)(C)[C@H]1Nc2ccccc2C(=O)[C@@H]1CNC(C)=O	C17H22N2O2		286.168127944	Brocaeloid A	OWAFRMWUUTWJDD	Alkaloids	Tryptophan alkaloids	Quinoline alkaloids	http://www.wikidata.org/entity/Q10622888	Penicillium brocae	1084807.0	['Eukaryota']	['Fungi']	['Ascomycota']	['Eurotiomycetes']	['Eurotiales']	['Trichocomaceae']	['Unknown']	['Penicillium']	['Penicillium brocae']											0	3	4.284529447555542	1
725	36	Fatty acids	0.5	Fatty esters	0.5	Iridoids monoterpenoids	0.25	1.0	0.0	MS1_match	http://www.wikidata.org/entity/Q105028766	HICRIPRTFAOBSR-BYCMXARLSA-N	InChI=1S/C15H24O6/c1-2-3-4-5-6-7-12(17)21-14-11(16)9-20-15(14)8-13(18)19-10-15/h11,14,16H,2-10H2,1H3/t11-,14+,15-/m1/s1	CCCCCCCC(=O)O[C@H]1[C@H](O)CO[C@]12COC(=O)C2	C15H24O6	pos_1_1proton	300.157288488	Secosyrin 2	HICRIPRTFAOBSR	Fatty acids	Fatty esters		http://www.wikidata.org/entity/Q311202	Pseudomonas syringae	413638.0	['Bacteria']	['Unknown']	['Proteobacteria']	['Gammaproteobacteria']	['Pseudomonadales']	['Pseudomonadaceae']	['Unknown']	['Pseudomonas']	['Pseudomonas syringae']		['Bacteria']		['Proteobacteria']	['Gammaproteobacteria']	['Pseudomonadales']	['Pseudomonadaceae']		['Pseudomonas']		6	2	7.0	1
720	36	Fatty acids	0.5	Fatty esters	0.5	Iridoids monoterpenoids	0.25	1.0	0.0	MS1_match	http://www.wikidata.org/entity/Q105028766	HICRIPRTFAOBSR-BYCMXARLSA-N	InChI=1S/C15H24O6/c1-2-3-4-5-6-7-12(17)21-14-11(16)9-20-15(14)8-13(18)19-10-15/h11,14,16H,2-10H2,1H3/t11-,14+,15-/m1/s1	CCCCCCCC(=O)O[C@H]1[C@H](O)CO[C@]12COC(=O)C2	C15H24O6	pos_1_1proton1ammonium	300.157288488	Secosyrin 2	HICRIPRTFAOBSR	Fatty acids	Fatty esters		http://www.wikidata.org/entity/Q311202	Pseudomonas syringae	413638.0	['Bacteria']	['Unknown']	['Proteobacteria']	['Gammaproteobacteria']	['Pseudomonadales']	['Pseudomonadaceae']	['Unknown']	['Pseudomonas']	['Pseudomonas syringae']		['Bacteria']		['Proteobacteria']	['Gammaproteobacteria']	['Pseudomonadales']	['Pseudomonadaceae']		['Pseudomonas']		6	2	7.0	1
720	36	Fatty acids	0.5	Fatty esters	0.5	Iridoids monoterpenoids	0.25	1.0	0.0	MS1_match	http://www.wikidata.org/entity/Q104945350	BSPDBROUVLBHSZ-JIMOISOXSA-N	InChI=1S/C13H20O6/c1-2-3-4-5-10(15)19-12-9(14)7-18-13(12)6-11(16)17-8-13/h9,12,14H,2-8H2,1H3/t9-,12+,13-/m1/s1	CCCCCC(=O)O[C@H]1[C@H](O)CO[C@]12COC(=O)C2	C13H20O6	pos_1_1proton1ethylamine	272.12598836	Secosyrin 1	BSPDBROUVLBHSZ	Fatty acids	Fatty esters		http://www.wikidata.org/entity/Q311202	Pseudomonas syringae	413638.0	['Bacteria']	['Unknown']	['Proteobacteria']	['Gammaproteobacteria']	['Pseudomonadales']	['Pseudomonadaceae']	['Unknown']	['Pseudomonas']	['Pseudomonas syringae']		['Bacteria']		['Proteobacteria']	['Gammaproteobacteria']	['Pseudomonadales']	['Pseudomonadaceae']		['Pseudomonas']		6	2	7.0	1
715	10	Alkaloids	0.625	Tryptophan alkaloids	0.6	Quinoline alkaloids	0.475	1.0	0.0	MS1_match	http://www.wikidata.org/entity/Q82648062	ZNTUDOOZDLMYAG-UHFFFAOYSA-N	InChI=1S/C18H23NO/c1-2-3-4-5-6-7-8-11-15-14-18(20)16-12-9-10-13-17(16)19-15/h8-14H,2-7H2,1H3,(H,19,20)	CCCCCCCC=Cc1cc(=O)c2ccccc2[nH]1	C18H23NO	pos_1_1proton	269.177964356	2-(Non-1-en-1-yl)quinolin-4(1H)-one	ZNTUDOOZDLMYAG	Alkaloids	Tryptophan alkaloids	Quinoline alkaloids	http://www.wikidata.org/entity/Q31856	Pseudomonas aeruginosa	216671.0	['Bacteria']	['Unknown']	['Proteobacteria']	['Gammaproteobacteria']	['Pseudomonadales']	['Pseudomonadaceae']	['Unknown']	['Pseudomonas']	['Pseudomonas aeruginosa']		['Bacteria']		['Proteobacteria']	['Gammaproteobacteria']	['Pseudomonadales']	['Pseudomonadaceae']		['Pseudomonas']	['Pseudomonas aeruginosa']	7	3	8.5	1
714	10	Alkaloids	0.625	Tryptophan alkaloids	0.6	Quinoline alkaloids	0.475	1.0	0.0	MS1_match	http://www.wikidata.org/entity/Q110171633	KIENYUDXZBOMJI-UHFFFAOYSA-N	InChI=1S/C15H17NO2/c1-10(2)3-4-11-5-6-13-12(8-15(17)18)9-16-14(13)7-11/h3,5-7,9,16H,4,8H2,1-2H3,(H,17,18)	CC(C)=CCc1ccc2c(CC(=O)O)c[nH]c2c1	C15H17NO2	pos_1_1proton1methanol	243.125928784	Monaprenylindole A	KIENYUDXZBOMJI	Alkaloids	Tryptophan alkaloids	Simple indole alkaloids	http://www.wikidata.org/entity/Q131143	Pseudomonas	281374.0	['Bacteria']	['Unknown']	['Proteobacteria']	['Gammaproteobacteria']	['Pseudomonadales']	['Pseudomonadaceae']	['Unknown']	['Pseudomonas']	['Unknown']		['Bacteria']		['Proteobacteria']	['Gammaproteobacteria']	['Pseudomonadales']	['Pseudomonadaceae']		['Pseudomonas']		6	2	7.0	1
710	10	Alkaloids	0.625	Tryptophan alkaloids	0.6	Quinoline alkaloids	0.475	1.0	0.0	MS1_match	http://www.wikidata.org/entity/Q104198309	UKKYWOFQJOMYIL-UHFFFAOYSA-N	InChI=1S/C17H23NO2/c1-2-3-4-5-6-7-10-14-13-17(19)15-11-8-9-12-16(15)18(14)20/h8-9,11-13,19H,2-7,10H2,1H3	CCCCCCCCc1cc(O)c2ccccc2[n+]1[O-]	C17H23NO2	pos_1_1proton	273.172878976		UKKYWOFQJOMYIL	Alkaloids	Tryptophan alkaloids	Quinoline alkaloids	http://www.wikidata.org/entity/Q31856	Pseudomonas aeruginosa	216671.0	['Bacteria']	['Unknown']	['Proteobacteria']	['Gammaproteobacteria']	['Pseudomonadales']	['Pseudomonadaceae']	['Unknown']	['Pseudomonas']	['Pseudomonas aeruginosa']		['Bacteria']		['Proteobacteria']	['Gammaproteobacteria']	['Pseudomonadales']	['Pseudomonadaceae']		['Pseudomonas']	['Pseudomonas aeruginosa']	7	3	8.5	1
708	10	Alkaloids	0.625	Tryptophan alkaloids	0.6	Quinoline alkaloids	0.475	3.0	0.59667116	ISDB	http://www.wikidata.org/entity/Q110171308	DUQBGCPHFYMBQE-UHFFFAOYSA-N	InChI=1S/C18H23NO2/c1-12(2)13(3)4-5-14-6-7-15-10-16(18(20)21)8-9-17(15)19-11-14/h6,8-10,19H,4-5,7,11H2,1-3H3,(H,20,21)	CC(C)=C(C)CCC1=CCc2cc(C(=O)O)ccc2NC1	C18H23NO2		285.172878976	Methylbenzastatin K	DUQBGCPHFYMBQE	Alkaloids	Tryptophan alkaloids	Simple indole alkaloids	http://www.wikidata.org/entity/Q68792845	Streptomyces lividans	624003.0	['Bacteria']	['Unknown']	['Actinobacteria']	['Unknown']	['Streptomycetales']	['Streptomycetaceae']	['Unknown']	['Streptomyces']	['Streptomyces lividans']		['Bacteria']									1	2	4.3866846561431885	1
704	45	Alkaloids	0.5	Tryptophan alkaloids	0.5	Quinoline alkaloids	0.5	1.0	0.0	MS1_match	http://www.wikidata.org/entity/Q27110090	CEIUIHOQDSVZJQ-UHFFFAOYSA-N	InChI=1S/C16H21NO2/c1-2-3-4-5-6-11-14-16(19)15(18)12-9-7-8-10-13(12)17-14/h7-10,19H,2-6,11H2,1H3,(H,17,18)	CCCCCCCc1[nH]c2ccccc2c(=O)c1O	C16H21NO2	pos_2MH	259.157228912	2-Heptyl-3-hydroxy-4-quinolone	CEIUIHOQDSVZJQ	Alkaloids	Tryptophan alkaloids	Quinoline alkaloids	http://www.wikidata.org/entity/Q31856	Pseudomonas aeruginosa	216671.0	['Bacteria']	['Unknown']	['Proteobacteria']	['Gammaproteobacteria']	['Pseudomonadales']	['Pseudomonadaceae']	['Unknown']	['Pseudomonas']	['Pseudomonas aeruginosa']		['Bacteria']		['Proteobacteria']	['Gammaproteobacteria']	['Pseudomonadales']	['Pseudomonadaceae']		['Pseudomonas']	['Pseudomonas aeruginosa']	7	3	8.5	1
704	45	Alkaloids	0.5	Tryptophan alkaloids	0.5	Quinoline alkaloids	0.5	1.0	0.0	MS1_match	http://www.wikidata.org/entity/Q105111165	ICTVCUOZYWNYHM-UHFFFAOYSA-N	InChI=1S/C16H21NO2/c1-2-3-4-5-6-9-13-12-16(18)14-10-7-8-11-15(14)17(13)19/h7-8,10-12,19H,2-6,9H2,1H3	CCCCCCCc1cc(=O)c2ccccc2n1O	C16H21NO2	pos_2MH	259.157228912	2-Heptyl-4-hydroxyquinoline n-oxide	ICTVCUOZYWNYHM	Alkaloids	Tryptophan alkaloids	Quinoline alkaloids	http://www.wikidata.org/entity/Q31856	Pseudomonas aeruginosa	216671.0	['Bacteria']	['Unknown']	['Proteobacteria']	['Gammaproteobacteria']	['Pseudomonadales']	['Pseudomonadaceae']	['Unknown']	['Pseudomonas']	['Pseudomonas aeruginosa']		['Bacteria']		['Proteobacteria']	['Gammaproteobacteria']	['Pseudomonadales']	['Pseudomonadaceae']		['Pseudomonas']	['Pseudomonas aeruginosa']	7	3	8.5	1
700	10	Alkaloids	0.625	Tryptophan alkaloids	0.6	Quinoline alkaloids	0.475	6.0	0.21439026	ISDB	http://www.wikidata.org/entity/Q77380072	CNQOOEVGHXHNPR-UHFFFAOYSA-N	InChI=1S/C18H23NO3/c1-12-11-15(17(20)21-4)14-8-6-7-13(16(14)19-12)9-10-18(2,3)22-5/h6-8,11H,9-10H2,1-5H3	COC(=O)c1cc(C)nc2c(CCC(C)(C)OC)cccc12	C18H23NO3		301.167793596	Methyl 8-(3-methoxy-3-methylbutyl)-2-methylquinoline-4-carboxylate	CNQOOEVGHXHNPR	Alkaloids	Tryptophan alkaloids	Quinoline alkaloids	http://www.wikidata.org/entity/Q22286833	Streptomyces albidoflavus	772836.0	['Bacteria']	['Unknown']	['Actinobacteria']	['Unknown']	['Streptomycetales']	['Streptomycetaceae']	['Unknown']	['Streptomyces']	['Streptomyces albidoflavus']		['Bacteria']									1	3	3.3575610518455505	1
699	10	Alkaloids	0.625	Tryptophan alkaloids	0.6	Quinoline alkaloids	0.475	2.0	0.62323016	ISDB	http://www.wikidata.org/entity/Q113959523	LAAYPPBQOSKYRF-SQFISAMPSA-N	InChI=1S/C17H21NO2/c1-2-3-4-5-9-12-16-18-15(17(19)20-16)13-14-10-7-6-8-11-14/h6-8,10-11,13H,2-5,9,12H2,1H3/b15-13-	CCCCCCCC1=N/C(=C\c2ccccc2)C(=O)O1	C17H21NO2		271.157228912	Heptylphenazolone	LAAYPPBQOSKYRF				http://www.wikidata.org/entity/Q7254497	Pseudoalteromonas rubra	867296.0	['Bacteria']	['Unknown']	['Proteobacteria']	['Gammaproteobacteria']	['Alteromonadales']	['Pseudoalteromonadaceae']	['Unknown']	['Pseudoalteromonas']	['Pseudoalteromonas rubra']		['Bacteria']		['Proteobacteria']	['Gammaproteobacteria']						3	0	5.492920637130737	1
692	10	Alkaloids	0.625	Tryptophan alkaloids	0.6	Quinoline alkaloids	0.475	15.0	0.0	MS1_match	http://www.wikidata.org/entity/Q110171633	KIENYUDXZBOMJI-UHFFFAOYSA-N	InChI=1S/C15H17NO2/c1-10(2)3-4-11-5-6-13-12(8-15(17)18)9-16-14(13)7-11/h3,5-7,9,16H,4,8H2,1-2H3,(H,17,18)	CC(C)=CCc1ccc2c(CC(=O)O)c[nH]c2c1	C15H17NO2	pos_1_1proton1isopropanol	243.125928784	Monaprenylindole A	KIENYUDXZBOMJI	Alkaloids	Tryptophan alkaloids	Simple indole alkaloids	http://www.wikidata.org/entity/Q131143	Pseudomonas	281374.0	['Bacteria']	['Unknown']	['Proteobacteria']	['Gammaproteobacteria']	['Pseudomonadales']	['Pseudomonadaceae']	['Unknown']	['Pseudomonas']	['Unknown']		['Bacteria']		['Proteobacteria']	['Gammaproteobacteria']	['Pseudomonadales']	['Pseudomonadaceae']		['Pseudomonas']		6	2	7.0	1
688	45	Alkaloids	0.5	Tryptophan alkaloids	0.5	Quinoline alkaloids	0.5	1.0	0.0	MS1_match	http://www.wikidata.org/entity/Q27110090	CEIUIHOQDSVZJQ-UHFFFAOYSA-N	InChI=1S/C16H21NO2/c1-2-3-4-5-6-11-14-16(19)15(18)12-9-7-8-10-13(12)17-14/h7-10,19H,2-6,11H2,1H3,(H,17,18)	CCCCCCCc1[nH]c2ccccc2c(=O)c1O	C16H21NO2	pos_2MH	259.157228912	2-Heptyl-3-hydroxy-4-quinolone	CEIUIHOQDSVZJQ	Alkaloids	Tryptophan alkaloids	Quinoline alkaloids	http://www.wikidata.org/entity/Q31856	Pseudomonas aeruginosa	216671.0	['Bacteria']	['Unknown']	['Proteobacteria']	['Gammaproteobacteria']	['Pseudomonadales']	['Pseudomonadaceae']	['Unknown']	['Pseudomonas']	['Pseudomonas aeruginosa']		['Bacteria']		['Proteobacteria']	['Gammaproteobacteria']	['Pseudomonadales']	['Pseudomonadaceae']		['Pseudomonas']	['Pseudomonas aeruginosa']	7	3	8.5	1
688	45	Alkaloids	0.5	Tryptophan alkaloids	0.5	Quinoline alkaloids	0.5	1.0	0.0	MS1_match	http://www.wikidata.org/entity/Q105111165	ICTVCUOZYWNYHM-UHFFFAOYSA-N	InChI=1S/C16H21NO2/c1-2-3-4-5-6-9-13-12-16(18)14-10-7-8-11-15(14)17(13)19/h7-8,10-12,19H,2-6,9H2,1H3	CCCCCCCc1cc(=O)c2ccccc2n1O	C16H21NO2	pos_2MH	259.157228912	2-Heptyl-4-hydroxyquinoline n-oxide	ICTVCUOZYWNYHM	Alkaloids	Tryptophan alkaloids	Quinoline alkaloids	http://www.wikidata.org/entity/Q31856	Pseudomonas aeruginosa	216671.0	['Bacteria']	['Unknown']	['Proteobacteria']	['Gammaproteobacteria']	['Pseudomonadales']	['Pseudomonadaceae']	['Unknown']	['Pseudomonas']	['Pseudomonas aeruginosa']		['Bacteria']		['Proteobacteria']	['Gammaproteobacteria']	['Pseudomonadales']	['Pseudomonadaceae']		['Pseudomonas']	['Pseudomonas aeruginosa']	7	3	8.5	1
685	10	Alkaloids	0.625	Tryptophan alkaloids	0.6	Quinoline alkaloids	0.475	2.0	0.61008316	ISDB	http://www.wikidata.org/entity/Q113959523	LAAYPPBQOSKYRF-SQFISAMPSA-N	InChI=1S/C17H21NO2/c1-2-3-4-5-9-12-16-18-15(17(19)20-16)13-14-10-7-6-8-11-14/h6-8,10-11,13H,2-5,9,12H2,1H3/b15-13-	CCCCCCCC1=N/C(=C\c2ccccc2)C(=O)O1	C17H21NO2		271.157228912	Heptylphenazolone	LAAYPPBQOSKYRF				http://www.wikidata.org/entity/Q7254497	Pseudoalteromonas rubra	867296.0	['Bacteria']	['Unknown']	['Proteobacteria']	['Gammaproteobacteria']	['Alteromonadales']	['Pseudoalteromonadaceae']	['Unknown']	['Pseudoalteromonas']	['Pseudoalteromonas rubra']		['Bacteria']		['Proteobacteria']	['Gammaproteobacteria']						3	0	5.440332651138306	1
684	10	Alkaloids	0.625	Tryptophan alkaloids	0.6	Quinoline alkaloids	0.475	1.0	0.0	MS1_match	http://www.wikidata.org/entity/Q27110090	CEIUIHOQDSVZJQ-UHFFFAOYSA-N	InChI=1S/C16H21NO2/c1-2-3-4-5-6-11-14-16(19)15(18)12-9-7-8-10-13(12)17-14/h7-10,19H,2-6,11H2,1H3,(H,17,18)	CCCCCCCc1[nH]c2ccccc2c(=O)c1O	C16H21NO2	pos_1_1proton	259.157228912	2-Heptyl-3-hydroxy-4-quinolone	CEIUIHOQDSVZJQ	Alkaloids	Tryptophan alkaloids	Quinoline alkaloids	http://www.wikidata.org/entity/Q31856	Pseudomonas aeruginosa	216671.0	['Bacteria']	['Unknown']	['Proteobacteria']	['Gammaproteobacteria']	['Pseudomonadales']	['Pseudomonadaceae']	['Unknown']	['Pseudomonas']	['Pseudomonas aeruginosa']		['Bacteria']		['Proteobacteria']	['Gammaproteobacteria']	['Pseudomonadales']	['Pseudomonadaceae']		['Pseudomonas']	['Pseudomonas aeruginosa']	7	3	8.5	1
684	10	Alkaloids	0.625	Tryptophan alkaloids	0.6	Quinoline alkaloids	0.475	1.0	0.0	MS1_match	http://www.wikidata.org/entity/Q105111165	ICTVCUOZYWNYHM-UHFFFAOYSA-N	InChI=1S/C16H21NO2/c1-2-3-4-5-6-9-13-12-16(18)14-10-7-8-11-15(14)17(13)19/h7-8,10-12,19H,2-6,9H2,1H3	CCCCCCCc1cc(=O)c2ccccc2n1O	C16H21NO2	pos_1_1proton	259.157228912	2-Heptyl-4-hydroxyquinoline n-oxide	ICTVCUOZYWNYHM	Alkaloids	Tryptophan alkaloids	Quinoline alkaloids	http://www.wikidata.org/entity/Q31856	Pseudomonas aeruginosa	216671.0	['Bacteria']	['Unknown']	['Proteobacteria']	['Gammaproteobacteria']	['Pseudomonadales']	['Pseudomonadaceae']	['Unknown']	['Pseudomonas']	['Pseudomonas aeruginosa']		['Bacteria']		['Proteobacteria']	['Gammaproteobacteria']	['Pseudomonadales']	['Pseudomonadaceae']		['Pseudomonas']	['Pseudomonas aeruginosa']	7	3	8.5	1
682	96	Alkaloids	0.2857142857142857	Serine alkaloids	0.2857142857142857	Thiazole alkaloids	0.2857142857142857	3.0	0.48883817	ISDB	http://www.wikidata.org/entity/Q27110216	NYBZAGXTZXPYND-GDVCOKDOSA-N	InChI=1S/C14H16N2O3S2/c1-16-10(14(18)19)7-21-13(16)9-6-20-12(15-9)8-4-2-3-5-11(8)17/h2-5,9-10,13,17H,6-7H2,1H3,(H,18,19)/t9-,10+,13?/m1/s1	CN1C([C@H]2CSC(c3ccccc3O)=N2)SC[C@H]1C(=O)O	C14H16N2O3S2		324.060234372	(4R)-2-[(4R)-2-(2-hydroxyphenyl)-4,5-dihydro-1,3-thiazol-4-yl]-3-methyl-1,3-thiazolidine-4-carboxylic acid	NYBZAGXTZXPYND	Alkaloids	Serine alkaloids	Thiazole alkaloids	http://www.wikidata.org/entity/Q31856	Pseudomonas aeruginosa	216671.0	['Bacteria']	['Unknown']	['Proteobacteria']	['Gammaproteobacteria']	['Pseudomonadales']	['Pseudomonadaceae']	['Unknown']	['Pseudomonas']	['Pseudomonas aeruginosa']		['Bacteria']		['Proteobacteria']	['Gammaproteobacteria']	['Pseudomonadales']	['Pseudomonadaceae']		['Pseudomonas']	['Pseudomonas aeruginosa']	7	3	10.455352663993835	1
673	10	Alkaloids	0.625	Tryptophan alkaloids	0.6	Quinoline alkaloids	0.475	1.0	0.0	MS1_match	http://www.wikidata.org/entity/Q82932445	JYFNTDPGDPZMCM-UHFFFAOYSA-N	InChI=1S/C18H25NO2/c1-2-3-4-5-6-7-8-11-15-14-18(20)16-12-9-10-13-17(16)19(15)21/h9-10,12-14,21H,2-8,11H2,1H3	CCCCCCCCCc1cc(=O)c2ccccc2n1O	C18H25NO2	pos_1_1proton	287.18852904	2-Nonyl-4-hydroxyquinoline N-oxide	JYFNTDPGDPZMCM	Alkaloids	Tryptophan alkaloids	Quinoline alkaloids	http://www.wikidata.org/entity/Q131143	Pseudomonas	281374.0	['Bacteria']	['Unknown']	['Proteobacteria']	['Gammaproteobacteria']	['Pseudomonadales']	['Pseudomonadaceae']	['Unknown']	['Pseudomonas']	['Unknown']		['Bacteria']		['Proteobacteria']	['Gammaproteobacteria']	['Pseudomonadales']	['Pseudomonadaceae']		['Pseudomonas']		6	3	7.5	1
671	10	Alkaloids	0.625	Tryptophan alkaloids	0.6	Quinoline alkaloids	0.475	4.0	0.68130153	ISDB	http://www.wikidata.org/entity/Q104193346	OGNDPMMWXRHXND-UHFFFAOYSA-N	InChI=1S/C16H19NO2/c1-11(2)9-10-13-15(19-4)12-7-5-6-8-14(12)17(3)16(13)18/h5-9H,10H2,1-4H3	COc1c(CC=C(C)C)c(=O)n(C)c2ccccc12	C16H19NO2		257.141578848	N-Methylatanine	OGNDPMMWXRHXND	Alkaloids	Tryptophan alkaloids	Quinoline alkaloids	http://www.wikidata.org/entity/Q18083681	Zanthoxylum beecheyanum	743556.0	['Eukaryota']	['Archaeplastida']	['Streptophyta']	['Magnoliopsida']	['Sapindales']	['Rutaceae']	['Unknown']	['Zanthoxylum']	['Zanthoxylum beecheyanum']											0	3	4.225206136703491	1
669	10	Alkaloids	0.625	Tryptophan alkaloids	0.6	Quinoline alkaloids	0.475	3.0	0.7472527	ISDB	http://www.wikidata.org/entity/Q105138494	KBROKGQCALWRSB-QWHCGFSZSA-N	InChI=1S/C15H18N2O2/c18-14-13-8-4-5-9-17(13)15(19)12(16-14)10-11-6-2-1-3-7-11/h1-3,6-7,12-13H,4-5,8-10H2,(H,16,18)/t12-,13+/m0/s1	O=C1N[C@@H](Cc2ccccc2)C(=O)N2CCCC[C@H]12	C15H18N2O2		258.136827816	(3S,9aR)-3-benzyl-3,6,7,8,9,9a-hexahydro-2H-pyrido[1,2-a]pyrazine-1,4-dione	KBROKGQCALWRSB	Amino acids and Peptides	Small peptides	Dipeptides	http://www.wikidata.org/entity/Q7254484	Pseudoalteromonas haloplanktis	749117.0	['Bacteria']	['Unknown']	['Proteobacteria']	['Gammaproteobacteria']	['Alteromonadales']	['Pseudoalteromonadaceae']	['Unknown']	['Pseudoalteromonas']	['Pseudoalteromonas haloplanktis']		['Bacteria']		['Proteobacteria']	['Gammaproteobacteria']						3	0	5.989010810852051	1
659	96	Alkaloids	0.2857142857142857	Serine alkaloids	0.2857142857142857	Thiazole alkaloids	0.2857142857142857	3.0	0.48858386	ISDB	http://www.wikidata.org/entity/Q27110216	NYBZAGXTZXPYND-GDVCOKDOSA-N	InChI=1S/C14H16N2O3S2/c1-16-10(14(18)19)7-21-13(16)9-6-20-12(15-9)8-4-2-3-5-11(8)17/h2-5,9-10,13,17H,6-7H2,1H3,(H,18,19)/t9-,10+,13?/m1/s1	CN1C([C@H]2CSC(c3ccccc3O)=N2)SC[C@H]1C(=O)O	C14H16N2O3S2		324.060234372	(4R)-2-[(4R)-2-(2-hydroxyphenyl)-4,5-dihydro-1,3-thiazol-4-yl]-3-methyl-1,3-thiazolidine-4-carboxylic acid	NYBZAGXTZXPYND	Alkaloids	Serine alkaloids	Thiazole alkaloids	http://www.wikidata.org/entity/Q31856	Pseudomonas aeruginosa	216671.0	['Bacteria']	['Unknown']	['Proteobacteria']	['Gammaproteobacteria']	['Pseudomonadales']	['Pseudomonadaceae']	['Unknown']	['Pseudomonas']	['Pseudomonas aeruginosa']		['Bacteria']		['Proteobacteria']	['Gammaproteobacteria']	['Pseudomonadales']	['Pseudomonadaceae']		['Pseudomonas']	['Pseudomonas aeruginosa']	7	3	10.454335451126099	1
658	96	Alkaloids	0.2857142857142857	Serine alkaloids	0.2857142857142857	Thiazole alkaloids	0.2857142857142857	1.0	0.51898843	ISDB									YGFANAKPQTVDEE							['Unknown']	['Unknown']	['Unknown']	['Unknown']	['Unknown']	['Unknown']	['Unknown']	['Unknown']	['Unknown']											0	0	2.075953722000122	1
654	-1							1.0	0.51222	ISDB									PFRYWNLCZDQOHR							['Unknown']	['Unknown']	['Unknown']	['Unknown']	['Unknown']	['Unknown']	['Unknown']	['Unknown']	['Unknown']											0	0	2.048880100250244	1
651	10	Alkaloids	0.625	Tryptophan alkaloids	0.6	Quinoline alkaloids	0.475	17.0	0.39435717	ISDB	http://www.wikidata.org/entity/Q110171633	KIENYUDXZBOMJI-UHFFFAOYSA-N	InChI=1S/C15H17NO2/c1-10(2)3-4-11-5-6-13-12(8-15(17)18)9-16-14(13)7-11/h3,5-7,9,16H,4,8H2,1-2H3,(H,17,18)	CC(C)=CCc1ccc2c(CC(=O)O)c[nH]c2c1	C15H17NO2		243.125928784	Monaprenylindole A	KIENYUDXZBOMJI	Alkaloids	Tryptophan alkaloids	Simple indole alkaloids	http://www.wikidata.org/entity/Q131143	Pseudomonas	281374.0	['Bacteria']	['Unknown']	['Proteobacteria']	['Gammaproteobacteria']	['Pseudomonadales']	['Pseudomonadaceae']	['Unknown']	['Pseudomonas']	['Unknown']		['Bacteria']		['Proteobacteria']	['Gammaproteobacteria']	['Pseudomonadales']	['Pseudomonadaceae']		['Pseudomonas']		6	2	8.577428698539734	1
649	92	Alkaloids	1.0	Anthranilic acid alkaloids	1.0	Phenazine alkaloids	1.0	1.0	0.0	MS1_match	http://www.wikidata.org/entity/Q27131864	JGCSKOVQDXEQHI-UHFFFAOYSA-N	InChI=1S/C13H8N2O2/c16-13(17)8-4-3-7-11-12(8)15-10-6-2-1-5-9(10)14-11/h1-7H,(H,16,17)	O=C(O)c1cccc2nc3ccccc3nc12	C13H8N2O2	pos_1_1proton	224.058577496	Phenazine-1-carboxylic acid	JGCSKOVQDXEQHI	Alkaloids	Anthranilic acid alkaloids	Phenazine alkaloids	http://www.wikidata.org/entity/Q31856	Pseudomonas aeruginosa	216671.0	['Bacteria']	['Unknown']	['Proteobacteria']	['Gammaproteobacteria']	['Pseudomonadales']	['Pseudomonadaceae']	['Unknown']	['Pseudomonas']	['Pseudomonas aeruginosa']		['Bacteria']		['Proteobacteria']	['Gammaproteobacteria']	['Pseudomonadales']	['Pseudomonadaceae']		['Pseudomonas']	['Pseudomonas aeruginosa']	7	3	8.5	1
645	10	Alkaloids	0.625	Tryptophan alkaloids	0.6	Quinoline alkaloids	0.475	16.0	0.0	MS1_match	http://www.wikidata.org/entity/Q110171633	KIENYUDXZBOMJI-UHFFFAOYSA-N	InChI=1S/C15H17NO2/c1-10(2)3-4-11-5-6-13-12(8-15(17)18)9-16-14(13)7-11/h3,5-7,9,16H,4,8H2,1-2H3,(H,17,18)	CC(C)=CCc1ccc2c(CC(=O)O)c[nH]c2c1	C15H17NO2	pos_1_1proton1methanol	243.125928784	Monaprenylindole A	KIENYUDXZBOMJI	Alkaloids	Tryptophan alkaloids	Simple indole alkaloids	http://www.wikidata.org/entity/Q131143	Pseudomonas	281374.0	['Bacteria']	['Unknown']	['Proteobacteria']	['Gammaproteobacteria']	['Pseudomonadales']	['Pseudomonadaceae']	['Unknown']	['Pseudomonas']	['Unknown']		['Bacteria']		['Proteobacteria']	['Gammaproteobacteria']	['Pseudomonadales']	['Pseudomonadaceae']		['Pseudomonas']		6	2	7.0	1
641	41	Alkaloids	0.5	Tryptophan alkaloids	0.5	Simple indole alkaloids	0.5	1.0	0.0	MS1_match	http://www.wikidata.org/entity/Q105202359	OWWULYVDNVCJLP-HNNXBMFYSA-N	InChI=1S/C10H9NO3S/c1-14-15(13)10-8(6-12)7-4-2-3-5-9(7)11-10/h2-6,11H,1H3/t15-/m0/s1	CO[S@](=O)c1[nH]c2ccccc2c1C=O	C10H9NO3S	pos_1_1proton	223.030314148	methyl (S)-3-formyl-1H-indole-2-sulfinate	OWWULYVDNVCJLP	Alkaloids	Tryptophan alkaloids	Simple indole alkaloids	http://www.wikidata.org/entity/Q7255025	Pseudomonas cichorii	1091815.0	['Bacteria']	['Unknown']	['Proteobacteria']	['Gammaproteobacteria']	['Pseudomonadales']	['Pseudomonadaceae']	['Unknown']	['Pseudomonas']	['Pseudomonas cichorii']		['Bacteria']		['Proteobacteria']	['Gammaproteobacteria']	['Pseudomonadales']	['Pseudomonadaceae']		['Pseudomonas']		6	3	7.5	1
634	92	Alkaloids	1.0	Anthranilic acid alkaloids	1.0	Phenazine alkaloids	1.0	1.0	0.0	MS1_match	http://www.wikidata.org/entity/Q27131710	KPZYYKDXZKFBQU-UHFFFAOYSA-N	InChI=1S/C13H9N3O/c14-13(17)8-4-3-7-11-12(8)16-10-6-2-1-5-9(10)15-11/h1-7H,(H2,14,17)	NC(=O)c1cccc2nc3ccccc3nc12	C13H9N3O	pos_1_1proton	223.074561908	Phenazine-1-carboxamide	KPZYYKDXZKFBQU	Alkaloids	Anthranilic acid alkaloids	Phenazine alkaloids	http://www.wikidata.org/entity/Q31856	Pseudomonas aeruginosa	216671.0	['Bacteria']	['Unknown']	['Proteobacteria']	['Gammaproteobacteria']	['Pseudomonadales']	['Pseudomonadaceae']	['Unknown']	['Pseudomonas']	['Pseudomonas aeruginosa']		['Bacteria']		['Proteobacteria']	['Gammaproteobacteria']	['Pseudomonadales']	['Pseudomonadaceae']		['Pseudomonas']	['Pseudomonas aeruginosa']	7	3	8.5	1
633	42	Amino acids and Peptides	0.7777777777777778	Small peptides	0.7777777777777778	Dipeptides	0.7777777777777778	2.0	0.46372873	ISDB	http://www.wikidata.org/entity/Q27139751	QPDMOMIYLJMOQJ-STQMWFEESA-N	InChI=1S/C15H20N2O2/c1-10(2)8-12-14(18)17-13(15(19)16-12)9-11-6-4-3-5-7-11/h3-7,10,12-13H,8-9H2,1-2H3,(H,16,19)(H,17,18)/t12-,13-/m0/s1	CC(C)C[C@@H]1NC(=O)[C@H](Cc2ccccc2)NC1=O	C15H20N2O2		260.15247788	Cyclo(L-leucyl-L-phenylalanyl)	QPDMOMIYLJMOQJ	Amino acids and Peptides	Small peptides	Dipeptides	http://www.wikidata.org/entity/Q22285259	Streptomyces filamentosus	163080.0	['Bacteria']	['Unknown']	['Actinobacteria']	['Unknown']	['Streptomycetales']	['Streptomycetaceae']	['Unknown']	['Streptomyces']	['Streptomyces filamentosus']											0	3	3.354914903640747	1
601	53							1.0	0.31078222	ISDB									MUUXRHIHWJZCLF							['Unknown']	['Unknown']	['Unknown']	['Unknown']	['Unknown']	['Unknown']	['Unknown']	['Unknown']	['Unknown']											0	0	1.2431288957595825	1
599	1	Amino acids and Peptides	0.12195121951219512	Small peptides	0.10975609756097561	Tripeptides	0.07317073170731707	1.0	0.69133204	ISDB									FPPCCQGECVKLDY							['Unknown']	['Unknown']	['Unknown']	['Unknown']	['Unknown']	['Unknown']	['Unknown']	['Unknown']	['Unknown']											0	0	2.7653281688690186	1
598	1	Amino acids and Peptides	0.12195121951219512	Small peptides	0.10975609756097561	Tripeptides	0.07317073170731707	1.0	0.6829894	ISDB									DNDWZFHLZVYOGF							['Unknown']	['Unknown']	['Unknown']	['Unknown']	['Unknown']	['Unknown']	['Unknown']	['Unknown']	['Unknown']											0	0	2.7319576740264893	1
597	42	Amino acids and Peptides	0.7777777777777778	Small peptides	0.7777777777777778	Dipeptides	0.7777777777777778	1.0	0.6350001	ISDB	http://www.wikidata.org/entity/Q105328694	XIQXUFYJMBDYSU-CIUDSAMLSA-N	InChI=1S/C11H20N2O2/c1-5-7(4)9-11(15)12-8(6(2)3)10(14)13-9/h6-9H,5H2,1-4H3,(H,12,15)(H,13,14)/t7-,8-,9-/m0/s1	CC[C@H](C)[C@@H]1NC(=O)[C@H](C(C)C)NC1=O	C11H20N2O2		212.15247788	3alpha-[(S)-sec-Butyl]-6alpha-isopropylpiperazine-2,5-dione	XIQXUFYJMBDYSU	Amino acids and Peptides	Small peptides	Dipeptides	http://www.wikidata.org/entity/Q16982656	Halobacillus litoralis	487581.0	['Bacteria']	['Unknown']	['Firmicutes']	['Bacilli']	['Bacillales']	['Bacillaceae']	['Unknown']	['Halobacillus']	['Halobacillus litoralis']											0	3	4.0400004386901855	1
588	1	Amino acids and Peptides	0.12195121951219512	Small peptides	0.10975609756097561	Tripeptides	0.07317073170731707	1.0	0.5372268	ISDB									FZBGMXYQPACKNC							['Unknown']	['Unknown']	['Unknown']	['Unknown']	['Unknown']	['Unknown']	['Unknown']	['Unknown']	['Unknown']											0	0	2.14890718460083	1
583	-1							1.0	0.2162492	ISDB	http://www.wikidata.org/entity/Q105191458	OFXUPDJWFBSIGG-WDEREUQCSA-N	InChI=1S/C12H22N2O4/c1-8(2)10(13-6-15)5-18-12(17)11(9(3)4)14-7-16/h6-11H,5H2,1-4H3,(H,13,15)(H,14,16)/t10-,11+/m0/s1	CC(C)[C@H](COC(=O)[C@H](NC=O)C(C)C)NC=O	C12H22N2O4		258.157957184	[(2R)-2-formamido-3-methylbutyl] (2R)-2-formamido-3-methylbutanoate	OFXUPDJWFBSIGG	Amino acids and Peptides	Small peptides	Dipeptides	http://www.wikidata.org/entity/Q10702744	Trichoderma polysporum	3798177.0	['Eukaryota']	['Fungi']	['Ascomycota']	['Sordariomycetes']	['Hypocreales']	['Hypocreaceae']	['Unknown']	['Hypocrea']	['Trichoderma polysporum']											0	0	0.8649967908859253	1
581	42	Amino acids and Peptides	0.7777777777777778	Small peptides	0.7777777777777778	Dipeptides	0.7777777777777778	1.0	0.6184267	ISDB	http://www.wikidata.org/entity/Q27139754	GRWVBLRIPRGGPD-HOTGVXAUSA-N	InChI=1S/C18H18N2O3/c21-14-8-6-13(7-9-14)11-16-18(23)19-15(17(22)20-16)10-12-4-2-1-3-5-12/h1-9,15-16,21H,10-11H2,(H,19,23)(H,20,22)/t15-,16-/m0/s1	O=C1N[C@@H](Cc2ccc(O)cc2)C(=O)N[C@H]1Cc1ccccc1	C18H18N2O3		310.131742436	cyclo(L-tyrosyl-L-phenylalanyl)	GRWVBLRIPRGGPD	Amino acids and Peptides	Small peptides	Dipeptides	http://www.wikidata.org/entity/Q158015	Portulaca oleracea	883494.0	['Eukaryota']	['Archaeplastida']	['Streptophyta']	['Magnoliopsida']	['Caryophyllales']	['Portulacaceae']	['Unknown']	['Portulaca']	['Portulaca oleracea']											0	3	3.9737067222595215	1
578	1	Amino acids and Peptides	0.12195121951219512	Small peptides	0.10975609756097561	Tripeptides	0.07317073170731707	1.0	0.7154811	ISDB									FPPCCQGECVKLDY							['Unknown']	['Unknown']	['Unknown']	['Unknown']	['Unknown']	['Unknown']	['Unknown']	['Unknown']	['Unknown']											0	0	2.861924409866333	1
576	1	Amino acids and Peptides	0.12195121951219512	Small peptides	0.10975609756097561	Tripeptides	0.07317073170731707	1.0	0.462709	ISDB	http://www.wikidata.org/entity/Q27140681	PDQDCFBVYXEFSD-SRVKXCTJSA-N	InChI=1S/C16H29N3O6/c1-8(2)5-10(17)14(22)18-11(6-9(3)4)15(23)19-12(16(24)25)7-13(20)21/h8-12H,5-7,17H2,1-4H3,(H,18,22)(H,19,23)(H,20,21)(H,24,25)/t10-,11-,12-/m0/s1	CC(C)C[C@H](NC(=O)[C@@H](N)CC(C)C)C(=O)N[C@@H](CC(=O)O)C(=O)O	C16H29N3O6		359.205635648	Leu-Leu-Asp	PDQDCFBVYXEFSD	Amino acids and Peptides	Small peptides	Tripeptides	http://www.wikidata.org/entity/Q33244	Trypanosoma brucei	494245.0	['Eukaryota']	['Unknown']	['Unknown']	['Unknown']	['Kinetoplastea']	['Unknown']	['Unknown']	['Trypanosoma']	['Trypanosoma brucei']											0	3	3.3508360385894775	1
570	1	Amino acids and Peptides	0.12195121951219512	Small peptides	0.10975609756097561	Tripeptides	0.07317073170731707	2.0	0.8136367	ISDB	http://www.wikidata.org/entity/Q27164930	JNTMAZFVYNDPLB-PEDHHIEDSA-N	InChI=1S/C17H31N3O4/c1-5-10(3)13(18)16(22)20-9-7-8-12(20)15(21)19-14(17(23)24)11(4)6-2/h10-14H,5-9,18H2,1-4H3,(H,19,21)(H,23,24)/t10-,11-,12-,13-,14-/m0/s1	CC[C@H](C)[C@H](N)C(=O)N1CCC[C@H]1C(=O)N[C@H](C(=O)O)[C@@H](C)CC	C17H31N3O4		341.231456472	(2S,3S)-2-[[(2S)-1-[(2S,3S)-2-azaniumyl-3-methylpentanoyl]pyrrolidine-2-carbonyl]amino]-3-methylpentanoate	JNTMAZFVYNDPLB	Amino acids and Peptides	Small peptides	Dipeptides	http://www.wikidata.org/entity/Q131307	Bacillus cereus	5284557.0	['Bacteria']	['Unknown']	['Firmicutes']	['Bacilli']	['Bacillales']	['Bacillaceae']	['Unknown']	['Bacillus']	['Bacillus cereus']											0	2	4.254546880722046	1
567	1	Amino acids and Peptides	0.12195121951219512	Small peptides	0.10975609756097561	Tripeptides	0.07317073170731707	1.0	0.24760042	ISDB	http://www.wikidata.org/entity/Q82902149	WXZSUBHBYQYTNM-WMDJANBXSA-N	InChI=1S/C24H34N4O5/c1-27-16-9-13(10-29)21(27)15-8-12-5-6-14(26-23(31)20-18(30)4-3-7-25-20)22(32-2)19(12)17-11-33-24(16)28(15)17/h5-6,13,15-18,20-21,24-25,29-30H,3-4,7-11H2,1-2H3,(H,26,31)/t13-,15-,16+,17-,18+,20?,21-,24+/m0/s1	COc1c(NC(=O)C2NCCC[C@H]2O)ccc2c1[C@@H]1CO[C@@H]3[C@H]4C[C@@H](CO)[C@@H]([C@H](C2)N31)N4C	C24H34N4O5		458.252920188	Tetrazomine	WXZSUBHBYQYTNM	Alkaloids	Tyrosine alkaloids	Morphinan alkaloids	http://www.wikidata.org/entity/Q26283624	Saccharothrix mutabilis	820469.0	['Bacteria']	['Unknown']	['Actinobacteria']	['Unknown']	['Pseudonocardiales']	['Pseudonocardiaceae']	['Unknown']	['Saccharothrix']	['Saccharothrix mutabilis']		['Bacteria']									1	0	1.9904016852378845	1
562	1	Amino acids and Peptides	0.12195121951219512	Small peptides	0.10975609756097561	Tripeptides	0.07317073170731707	1.0	0.8591153	ISDB	http://www.wikidata.org/entity/Q82892954	NHXZRXLFOBFMDM-AVGNSLFASA-N	InChI=1S/C16H29N3O4/c1-9(2)8-11(16(22)23)18-14(20)12-6-5-7-19(12)15(21)13(17)10(3)4/h9-13H,5-8,17H2,1-4H3,(H,18,20)(H,22,23)/t11-,12-,13-/m0/s1	CC(C)C[C@H](NC(=O)[C@@H]1CCCN1C(=O)[C@@H](N)C(C)C)C(=O)O	C16H29N3O4		327.215806408	CID 7408179	NHXZRXLFOBFMDM	Amino acids and Peptides	Small peptides	Dipeptides	http://www.wikidata.org/entity/Q131307	Bacillus cereus	5284557.0	['Bacteria']	['Unknown']	['Firmicutes']	['Bacilli']	['Bacillales']	['Bacillaceae']	['Unknown']	['Bacillus']	['Bacillus cereus']											0	2	4.4364612102508545	1
559	1	Amino acids and Peptides	0.12195121951219512	Small peptides	0.10975609756097561	Tripeptides	0.07317073170731707	1.0	0.42012662	ISDB	http://www.wikidata.org/entity/Q105237133	RITYBYCZDREYDS-TUFLPTIASA-N	InChI=1S/C25H38N4O6/c1-14(2)12-19(25(34)35)27-23(32)20-6-5-11-29(20)24(33)21(15(3)4)28-22(31)18(26)13-16-7-9-17(30)10-8-16/h7-10,14-15,18-21,30H,5-6,11-13,26H2,1-4H3,(H,27,32)(H,28,31)(H,34,35)/t18-,19-,20-,21-/m0/s1	CC(C)C[C@H](NC(=O)[C@@H]1CCCN1C(=O)[C@@H](NC(=O)[C@@H](N)Cc1ccc(O)cc1)C(C)C)C(=O)O	C25H38N4O6		490.279134936	l-Tyrosyl-l-valyl-l-prolyl-l-leucine	RITYBYCZDREYDS	Amino acids and Peptides	Small peptides	Tripeptides	http://www.wikidata.org/entity/Q7254484	Pseudoalteromonas haloplanktis	749117.0	['Bacteria']	['Unknown']	['Proteobacteria']	['Gammaproteobacteria']	['Alteromonadales']	['Pseudoalteromonadaceae']	['Unknown']	['Pseudoalteromonas']	['Pseudoalteromonas haloplanktis']											0	3	3.180506467819214	1
555	42	Amino acids and Peptides	0.7777777777777778	Small peptides	0.7777777777777778	Dipeptides	0.7777777777777778	1.0	0.79626423	ISDB	http://www.wikidata.org/entity/Q27104973	QZBUWPVZSXDWSB-RYUDHWBXSA-N	InChI=1S/C14H16N2O2/c17-13-12-7-4-8-16(12)14(18)11(15-13)9-10-5-2-1-3-6-10/h1-3,5-6,11-12H,4,7-9H2,(H,15,17)/t11-,12-/m0/s1	O=C1N[C@@H](Cc2ccccc2)C(=O)N2CCC[C@@H]12	C14H16N2O2		244.121177752	Cyclo(L-Phe-L-Pro)	QZBUWPVZSXDWSB	Amino acids and Peptides	Small peptides	Dipeptides	http://www.wikidata.org/entity/Q7162857	Penicillium bilaiae	448566.0	['Eukaryota']	['Fungi']	['Ascomycota']	['Eurotiomycetes']	['Eurotiales']	['Trichocomaceae']	['Unknown']	['Penicillium']	['Penicillium bilaiae']											0	3	4.685056924819946	1
551	7	Amino acids and Peptides	0.47619047619047616	Small peptides	0.4642857142857143	Dipeptides	0.42857142857142855	2.0	0.26574612	ISDB	http://www.wikidata.org/entity/Q27142982	FSXRLASFHBWESK-HOTGVXAUSA-N	InChI=1S/C18H20N2O4/c19-15(10-12-4-2-1-3-5-12)17(22)20-16(18(23)24)11-13-6-8-14(21)9-7-13/h1-9,15-16,21H,10-11,19H2,(H,20,22)(H,23,24)/t15-,16-/m0/s1	N[C@@H](Cc1ccccc1)C(=O)N[C@@H](Cc1ccc(O)cc1)C(=O)O	C18H20N2O4		328.14230712	CID 7009556	FSXRLASFHBWESK	Amino acids and Peptides	Small peptides	Dipeptides	http://www.wikidata.org/entity/Q4688339	Aeromonas veronii	704628.0	['Bacteria']	['Unknown']	['Proteobacteria']	['Gammaproteobacteria']	['Aeromonadales']	['Aeromonadaceae']	['Unknown']	['Aeromonas']	['Aeromonas veronii']											0	3	2.5629844665527344	1
550	88	Terpenoids	0.5	Diterpenoids	0.5	Labdane diterpenoids	0.5	1.0	0.2022704	ISDB	http://www.wikidata.org/entity/Q105281766	UYOVOOPXFQQWGM-KNOXWWKRSA-N	InChI=1S/C22H32O6/c1-14-11-16(24)18-19(3,13-27-15(2)23)7-6-8-21(18,5)22(14)10-9-20(4,28-22)12-17(25)26/h11,18H,6-10,12-13H2,1-5H3,(H,25,26)/t18-,19-,20-,21-,22+/m0/s1	CC(=O)OC[C@]1(C)CCC[C@@]2(C)[C@H]1C(=O)C=C(C)[C@]21CC[C@@](C)(CC(=O)O)O1	C22H32O6		392.219888744	2-[(2'S,4R,4aS,8R,8aS)-4-(acetyloxymethyl)-2',4,7,8a-tetramethyl-5-oxospiro[1,2,3,4a-tetrahydronaphthalene-8,5'-oxolane]-2'-yl]acetic acid	UYOVOOPXFQQWGM	Terpenoids	Diterpenoids	Labdane diterpenoids	http://www.wikidata.org/entity/Q12059153	Grindelia hirsutula	278958.0	['Eukaryota']	['Archaeplastida']	['Streptophyta']	['Magnoliopsida']	['Asterales']	['Asteraceae']	['Astereae']	['Grindelia']	['Grindelia hirsutula']											0	3	2.3090816140174866	1
549	39	Amino acids and Peptides	0.2	Small peptides	0.2	Tripeptides	0.2	1.0	0.26211888	ISDB	http://www.wikidata.org/entity/Q27141628	VKVDRTGWLVZJOM-DCAQKATOSA-N	InChI=1S/C14H27N3O5/c1-7(2)5-9(15)12(19)17-11(8(3)4)13(20)16-10(6-18)14(21)22/h7-11,18H,5-6,15H2,1-4H3,(H,16,20)(H,17,19)(H,21,22)/t9-,10-,11-/m0/s1	CC(C)C[C@H](N)C(=O)N[C@H](C(=O)N[C@@H](CO)C(=O)O)C(C)C	C14H27N3O5		317.195070964	Leu-Val-Ser	VKVDRTGWLVZJOM	Amino acids and Peptides	Small peptides	Tripeptides	http://www.wikidata.org/entity/Q33244	Trypanosoma brucei	494245.0	['Eukaryota']	['Unknown']	['Unknown']	['Unknown']	['Kinetoplastea']	['Unknown']	['Unknown']	['Trypanosoma']	['Trypanosoma brucei']											0	3	2.548475503921509	1
548	43	Amino acids and Peptides	0.4	Small peptides	0.4	Dipeptides	0.3	1.0	0.5898608	ISDB	http://www.wikidata.org/entity/Q27144842	OGGRSJFVXREKOR-CIUDSAMLSA-N	InChI=1S/C11H22N2O3S/c1-4-7(2)9(11(15)16)13-10(14)8(12)5-6-17-3/h7-9H,4-6,12H2,1-3H3,(H,13,14)(H,15,16)/t7-,8-,9-/m0/s1	CC[C@H](C)[C@H](NC(=O)[C@@H](N)CCSC)C(=O)O	C11H22N2O3S		262.135113564	(2S,3S)-2-[[(2S)-2-azaniumyl-4-methylsulfanylbutanoyl]amino]-3-methylpentanoate	OGGRSJFVXREKOR	Amino acids and Peptides	Small peptides	Dipeptides	http://www.wikidata.org/entity/Q158695	Arabidopsis thaliana	309263.0	['Eukaryota']	['Archaeplastida']	['Streptophyta']	['Magnoliopsida']	['Brassicales']	['Brassicaceae']	['Camelineae']	['Arabidopsis']	['Arabidopsis thaliana']											0	3	3.859443187713623	1
544	103	Fatty acids	0.3333333333333333	Fatty Acids and Conjugates	0.3333333333333333	Dicarboxylic acids	0.3333333333333333	1.0	0.0	MS1_match	http://www.wikidata.org/entity/Q899074	TYFQFVWCELRYAO-UHFFFAOYSA-N	InChI=1S/C8H14O4/c9-7(10)5-3-1-2-4-6-8(11)12/h1-6H2,(H,9,10)(H,11,12)	O=C(O)CCCCCCC(=O)O	C8H14O4	pos_1_1proton2acetonitrile	174.089208928	Hydron;octanedioate	TYFQFVWCELRYAO	Fatty acids	Fatty Acids and Conjugates	Dicarboxylic acids	http://www.wikidata.org/entity/Q31856	Pseudomonas aeruginosa	216671.0	['Bacteria']	['Unknown']	['Proteobacteria']	['Gammaproteobacteria']	['Pseudomonadales']	['Pseudomonadaceae']	['Unknown']	['Pseudomonas']	['Pseudomonas aeruginosa']		['Bacteria']		['Proteobacteria']	['Gammaproteobacteria']	['Pseudomonadales']	['Pseudomonadaceae']		['Pseudomonas']	['Pseudomonas aeruginosa']	7	3	8.5	1
538	42	Amino acids and Peptides	0.7777777777777778	Small peptides	0.7777777777777778	Dipeptides	0.7777777777777778	1.0	0.8964575	ISDB	http://www.wikidata.org/entity/Q81988364	SZJNCZMRZAUNQT-IUCAKERBSA-N	InChI=1S/C11H18N2O2/c1-7(2)6-8-11(15)13-5-3-4-9(13)10(14)12-8/h7-9H,3-6H2,1-2H3,(H,12,14)/t8-,9-/m0/s1	CC(C)C[C@@H]1NC(=O)[C@@H]2CCCN2C1=O	C11H18N2O2		210.136827816	(3S,8aS)-3-Isobutylhexahydropyrrolo[1,2-a]pyrazine-1,4-dione	SZJNCZMRZAUNQT	Amino acids and Peptides	Small peptides	Dipeptides	http://www.wikidata.org/entity/Q31856	Pseudomonas aeruginosa	216671.0	['Bacteria']	['Unknown']	['Proteobacteria']	['Gammaproteobacteria']	['Pseudomonadales']	['Pseudomonadaceae']	['Unknown']	['Pseudomonas']	['Pseudomonas aeruginosa']		['Bacteria']		['Proteobacteria']	['Gammaproteobacteria']	['Pseudomonadales']	['Pseudomonadaceae']		['Pseudomonas']	['Pseudomonas aeruginosa']	7	3	12.085829973220825	1
537	1	Amino acids and Peptides	0.12195121951219512	Small peptides	0.10975609756097561	Tripeptides	0.07317073170731707	1.0	0.59255177	ISDB									NRFGTHFONZYFNY							['Unknown']	['Unknown']	['Unknown']	['Unknown']	['Unknown']	['Unknown']	['Unknown']	['Unknown']	['Unknown']											0	0	2.3702070713043213	1
531	7	Amino acids and Peptides	0.47619047619047616	Small peptides	0.4642857142857143	Dipeptides	0.42857142857142855	1.0	0.6320355	ISDB									XCEZCXFVJLMPKG							['Unknown']	['Unknown']	['Unknown']	['Unknown']	['Unknown']	['Unknown']	['Unknown']	['Unknown']	['Unknown']											0	0	2.528141975402832	1
529	7	Amino acids and Peptides	0.47619047619047616	Small peptides	0.4642857142857143	Dipeptides	0.42857142857142855	1.0	0.6085611	ISDB	http://www.wikidata.org/entity/Q27145071	PNVLWFYAPWAQMU-CIUDSAMLSA-N	InChI=1S/C11H22N2O3/c1-5-7(4)9(11(15)16)13-10(14)8(12)6(2)3/h6-9H,5,12H2,1-4H3,(H,13,14)(H,15,16)/t7-,8-,9-/m0/s1	CC[C@H](C)[C@H](NC(=O)[C@@H](N)C(C)C)C(=O)O	C11H22N2O3		230.163042564	Val-Ile	PNVLWFYAPWAQMU	Amino acids and Peptides	Small peptides	Dipeptides	http://www.wikidata.org/entity/Q4688339	Aeromonas veronii	704628.0	['Bacteria']	['Unknown']	['Proteobacteria']	['Gammaproteobacteria']	['Aeromonadales']	['Aeromonadaceae']	['Unknown']	['Aeromonas']	['Aeromonas veronii']											0	3	3.934244394302368	1
524	25	Fatty acids	0.25	Miscellaneous alkaloids	0.25	Rhamnolipids	0.25	1.0	0.26332012	ISDB									KSIHMACFIAFKIG							['Unknown']	['Unknown']	['Unknown']	['Unknown']	['Unknown']	['Unknown']	['Unknown']	['Unknown']	['Unknown']											0	0	1.0532804727554321	1
520	-1							1.0	0.39265737	ISDB	http://www.wikidata.org/entity/Q110172040	MIBQEEUTDAZFDR-QBVSNWLOSA-N	InChI=1S/C19H31N3O4/c1-5-12(2)17(20-4)18(24)22-16(19(25)26)11-8-14-6-9-15(10-7-14)21-13(3)23/h6-7,9-10,12,14-17,20H,5,8,11H2,1-4H3,(H,21,23)(H,22,24)(H,25,26)/t12?,14?,15?,16-,17-/m0/s1	CCC(C)[C@H](NC)C(=O)N[C@@H](CCC1C=CC(NC(C)=O)C=C1)C(=O)O	C19H31N3O4		365.231456472	Stravidin S5	MIBQEEUTDAZFDR	Amino acids and Peptides	Small peptides	Dipeptides	http://www.wikidata.org/entity/Q1144013	Streptomyces	772892.0	['Bacteria']	['Unknown']	['Actinobacteria']	['Unknown']	['Streptomycetales']	['Streptomycetaceae']	['Unknown']	['Streptomyces']	['Unknown']											0	0	1.5706294775009155	1
509	1	Amino acids and Peptides	0.12195121951219512	Small peptides	0.10975609756097561	Tripeptides	0.07317073170731707	1.0	0.35727647	ISDB	http://www.wikidata.org/entity/Q105237133	RITYBYCZDREYDS-TUFLPTIASA-N	InChI=1S/C25H38N4O6/c1-14(2)12-19(25(34)35)27-23(32)20-6-5-11-29(20)24(33)21(15(3)4)28-22(31)18(26)13-16-7-9-17(30)10-8-16/h7-10,14-15,18-21,30H,5-6,11-13,26H2,1-4H3,(H,27,32)(H,28,31)(H,34,35)/t18-,19-,20-,21-/m0/s1	CC(C)C[C@H](NC(=O)[C@@H]1CCCN1C(=O)[C@@H](NC(=O)[C@@H](N)Cc1ccc(O)cc1)C(C)C)C(=O)O	C25H38N4O6		490.279134936	l-Tyrosyl-l-valyl-l-prolyl-l-leucine	RITYBYCZDREYDS	Amino acids and Peptides	Small peptides	Tripeptides	http://www.wikidata.org/entity/Q7254484	Pseudoalteromonas haloplanktis	749117.0	['Bacteria']	['Unknown']	['Proteobacteria']	['Gammaproteobacteria']	['Alteromonadales']	['Pseudoalteromonadaceae']	['Unknown']	['Pseudoalteromonas']	['Pseudoalteromonas haloplanktis']											0	3	2.9291058778762817	1
499	54	Alkaloids	0.5	Tryptophan alkaloids	0.5	Aspidosperma type	0.5	1.0	0.39964682	ISDB									YDRGSXMNNVCYGU							['Unknown']	['Unknown']	['Unknown']	['Unknown']	['Unknown']	['Unknown']	['Unknown']	['Unknown']	['Unknown']											0	0	1.5985872745513916	1
496	1	Amino acids and Peptides	0.12195121951219512	Small peptides	0.10975609756097561	Tripeptides	0.07317073170731707	1.0	0.63754284	ISDB									YHFPHRUWZMEOIX							['Unknown']	['Unknown']	['Unknown']	['Unknown']	['Unknown']	['Unknown']	['Unknown']	['Unknown']	['Unknown']											0	0	2.550171375274658	1
494	1	Amino acids and Peptides	0.12195121951219512	Small peptides	0.10975609756097561	Tripeptides	0.07317073170731707	1.0	0.8903553	ISDB									NAIPAPCKKRCMBL							['Unknown']	['Unknown']	['Unknown']	['Unknown']	['Unknown']	['Unknown']	['Unknown']	['Unknown']	['Unknown']											0	0	3.5614211559295654	1
492	7	Amino acids and Peptides	0.47619047619047616	Small peptides	0.4642857142857143	Dipeptides	0.42857142857142855	1.0	0.6563927	ISDB									XXSAFGVAPGOYNT							['Unknown']	['Unknown']	['Unknown']	['Unknown']	['Unknown']	['Unknown']	['Unknown']	['Unknown']	['Unknown']											0	0	2.625570774078369	1
490	-1							1.0	0.59769094	ISDB									WICOLBXWGGDYCT							['Unknown']	['Unknown']	['Unknown']	['Unknown']	['Unknown']	['Unknown']	['Unknown']	['Unknown']	['Unknown']											0	0	2.390763759613037	1
487	7	Amino acids and Peptides	0.47619047619047616	Small peptides	0.4642857142857143	Dipeptides	0.42857142857142855	2.0	0.6307314	ISDB	http://www.wikidata.org/entity/Q27145058	QJKMCQRFHJRIPU-XDTLVQLUSA-N	InChI=1S/C15H22N2O4/c1-3-9(2)13(15(20)21)17-14(19)12(16)8-10-4-6-11(18)7-5-10/h4-7,9,12-13,18H,3,8,16H2,1-2H3,(H,17,19)(H,20,21)/t9-,12-,13-/m0/s1	CC[C@H](C)[C@H](NC(=O)[C@@H](N)Cc1ccc(O)cc1)C(=O)O	C15H22N2O4		294.157957184	Tyr-Ile	QJKMCQRFHJRIPU	Amino acids and Peptides	Small peptides	Dipeptides	http://www.wikidata.org/entity/Q158695	Arabidopsis thaliana	309263.0	['Eukaryota']	['Archaeplastida']	['Streptophyta']	['Magnoliopsida']	['Brassicales']	['Brassicaceae']	['Camelineae']	['Arabidopsis']	['Arabidopsis thaliana']											0	3	4.022925615310669	1
486	43	Amino acids and Peptides	0.4	Small peptides	0.4	Dipeptides	0.3	1.0	0.43217337	ISDB									HGCNKOLVKRAVHD							['Unknown']	['Unknown']	['Unknown']	['Unknown']	['Unknown']	['Unknown']	['Unknown']	['Unknown']	['Unknown']											0	0	1.7286934852600098	1
485	58	Polyketides	0.1111111111111111					1.0	0.5078234	ISDB	http://www.wikidata.org/entity/Q105113829	IIYKLCYWWXLYAF-KOGDREQUSA-N	InChI=1S/C19H27NO5/c1-11(2)16-17(23)19(18(24)20-16,8-6-5-7-12(3)21)14-9-13(4)25-15(22)10-14/h5-6,12-14,21H,7-10H2,1-4H3,(H,20,24)/b6-5+/t12?,13-,14-,19+/m1/s1	CC(C)=C1NC(=O)[C@@](C/C=C/CC(C)O)([C@H]2CC(=O)O[C@H](C)C2)C1=O	C19H27NO5		349.188922964	Cladosporiumin C	IIYKLCYWWXLYAF	Polyketides			http://www.wikidata.org/entity/Q134055	Cladosporium	984626.0	['Eukaryota']	['Fungi']	['Ascomycota']	['Dothideomycetes']	['Capnodiales']	['Cladosporiaceae']	['Unknown']	['Cladosporium']	['Unknown']											0	1	2.5312936305999756	1
483	42	Amino acids and Peptides	0.7777777777777778	Small peptides	0.7777777777777778	Dipeptides	0.7777777777777778	2.0	0.6490758	ISDB	http://www.wikidata.org/entity/Q105007244	GENSLUDVKWKQMX-UHFFFAOYSA-N	InChI=1S/C15H20N2O3/c1-9(2)7-12-14(19)17-13(15(20)16-12)8-10-3-5-11(18)6-4-10/h3-6,9,12-13,18H,7-8H2,1-2H3,(H,16,20)(H,17,19)	CC(C)CC1NC(=O)C(Cc2ccc(O)cc2)NC1=O	C15H20N2O3		276.1473925	Cyclo(Tyr-Leu)	GENSLUDVKWKQMX	Amino acids and Peptides	Small peptides	Dipeptides	http://www.wikidata.org/entity/Q158015	Portulaca oleracea	883494.0	['Eukaryota']	['Archaeplastida']	['Streptophyta']	['Magnoliopsida']	['Caryophyllales']	['Portulacaceae']	['Unknown']	['Portulaca']	['Portulaca oleracea']											0	3	4.096303224563599	1
473	25	Fatty acids	0.25	Miscellaneous alkaloids	0.25	Rhamnolipids	0.25	1.0	0.0	MS1_match	http://www.wikidata.org/entity/Q104975400	DCIJAGJQBHKBNH-IWRMTKMNSA-N	InChI=1S/C28H50O9/c1-4-6-8-10-11-13-15-17-22(37-28-27(34)26(33)25(32)20(3)35-28)19-24(31)36-21(18-23(29)30)16-14-12-9-7-5-2/h13,15,20-22,25-28,32-34H,4-12,14,16-19H2,1-3H3,(H,29,30)/b15-13+/t20-,21?,22?,25-,26+,27+,28-/m0/s1	CCCCCC/C=C/CC(CC(=O)OC(CCCCCCC)CC(=O)O)O[C@@H]1O[C@@H](C)[C@H](O)[C@@H](O)[C@H]1O	C28H50O9	pos_1_1sodium	530.34548318	3-[(E)-3-[(2R,3R,4R,5R,6S)-3,4,5-trihydroxy-6-methyloxan-2-yl]oxydodec-5-enoyl]oxydecanoic acid	DCIJAGJQBHKBNH	Fatty acids	Fatty acyl glycosides	Rhamnolipids	http://www.wikidata.org/entity/Q131143	Pseudomonas	281374.0	['Bacteria']	['Unknown']	['Proteobacteria']	['Gammaproteobacteria']	['Pseudomonadales']	['Pseudomonadaceae']	['Unknown']	['Pseudomonas']	['Unknown']		['Bacteria']		['Proteobacteria']	['Gammaproteobacteria']	['Pseudomonadales']	['Pseudomonadaceae']		['Pseudomonas']		6	3	7.5	1
473	25	Fatty acids	0.25	Miscellaneous alkaloids	0.25	Rhamnolipids	0.25	1.0	0.0	MS1_match	http://www.wikidata.org/entity/Q105022873	GWXLTEUAMDVFFH-SBYIBVSJSA-N	InChI=1S/C28H50O9/c1-4-6-8-10-11-13-15-16-21(18-23(29)30)36-24(31)19-22(17-14-12-9-7-5-2)37-28-27(34)26(33)25(32)20(3)35-28/h12,14,20-22,25-28,32-34H,4-11,13,15-19H2,1-3H3,(H,29,30)/b14-12+/t20-,21?,22?,25-,26+,27+,28-/m0/s1	CCCC/C=C/CC(CC(=O)OC(CCCCCCCCC)CC(=O)O)O[C@@H]1O[C@@H](C)[C@H](O)[C@@H](O)[C@H]1O	C28H50O9	pos_1_1sodium	530.34548318	3-[(E)-3-[(2R,3R,4R,5R,6S)-3,4,5-trihydroxy-6-methyloxan-2-yl]oxydec-5-enoyl]oxydodecanoic acid	GWXLTEUAMDVFFH	Fatty acids	Fatty acyl glycosides	Rhamnolipids	http://www.wikidata.org/entity/Q131143	Pseudomonas	281374.0	['Bacteria']	['Unknown']	['Proteobacteria']	['Gammaproteobacteria']	['Pseudomonadales']	['Pseudomonadaceae']	['Unknown']	['Pseudomonas']	['Unknown']		['Bacteria']		['Proteobacteria']	['Gammaproteobacteria']	['Pseudomonadales']	['Pseudomonadaceae']		['Pseudomonas']		6	3	7.5	1
473	25	Fatty acids	0.25	Miscellaneous alkaloids	0.25	Rhamnolipids	0.25	1.0	0.0	MS1_match	http://www.wikidata.org/entity/Q110170839	XJGPJMVYQFDHEG-HFDPWBFESA-N	InChI=1S/C28H50O9/c1-4-6-8-10-11-13-15-17-22(37-28-27(34)26(33)25(32)20(3)35-28)19-24(31)36-21(18-23(29)30)16-14-12-9-7-5-2/h10-11,20-22,25-28,32-34H,4-9,12-19H2,1-3H3,(H,29,30)/b11-10-/t20-,21?,22?,25-,26+,27+,28?/m0/s1	CCCC/C=C\CCCC(CC(=O)OC(CCCCCCC)CC(=O)O)OC1O[C@@H](C)[C@H](O)[C@@H](O)[C@H]1O	C28H50O9	pos_1_1sodium	530.34548318	3-[(Z)-3-[(3R,4R,5R,6S)-3,4,5-trihydroxy-6-methyloxan-2-yl]oxydodec-7-enoyl]oxydecanoic acid	XJGPJMVYQFDHEG	Fatty acids	Fatty acyl glycosides	Rhamnolipids	http://www.wikidata.org/entity/Q131143	Pseudomonas	281374.0	['Bacteria']	['Unknown']	['Proteobacteria']	['Gammaproteobacteria']	['Pseudomonadales']	['Pseudomonadaceae']	['Unknown']	['Pseudomonas']	['Unknown']		['Bacteria']		['Proteobacteria']	['Gammaproteobacteria']	['Pseudomonadales']	['Pseudomonadaceae']		['Pseudomonas']		6	3	7.5	1
472	11	Alkaloids	0.6666666666666666	Tryptophan alkaloids	0.6666666666666666	Simple indole alkaloids	0.6666666666666666	4.0	0.0	MS1_match	http://www.wikidata.org/entity/Q27140143	KTHADMDGDNYQRX-UHFFFAOYSA-N	InChI=1S/C11H11NO2/c1-14-11(13)6-8-7-12-10-5-3-2-4-9(8)10/h2-5,7,12H,6H2,1H3	COC(=O)Cc1c[nH]c2ccccc12	C11H11NO2	pos_1_1proton1acetonitrile	189.078978592	methyl 2-(1H-indol-3-yl)acetate	KTHADMDGDNYQRX	Alkaloids	Tryptophan alkaloids	Simple indole alkaloids	http://www.wikidata.org/entity/Q7255002	Pseudomonas amygdali	602767.0	['Bacteria']	['Unknown']	['Proteobacteria']	['Gammaproteobacteria']	['Pseudomonadales']	['Pseudomonadaceae']	['Unknown']	['Pseudomonas']	['Pseudomonas amygdali']		['Bacteria']		['Proteobacteria']	['Gammaproteobacteria']	['Pseudomonadales']	['Pseudomonadaceae']		['Pseudomonas']		6	3	7.5	1
460	7	Amino acids and Peptides	0.47619047619047616	Small peptides	0.4642857142857143	Dipeptides	0.42857142857142855	2.0	0.2518109	ISDB	http://www.wikidata.org/entity/Q27142982	FSXRLASFHBWESK-HOTGVXAUSA-N	InChI=1S/C18H20N2O4/c19-15(10-12-4-2-1-3-5-12)17(22)20-16(18(23)24)11-13-6-8-14(21)9-7-13/h1-9,15-16,21H,10-11,19H2,(H,20,22)(H,23,24)/t15-,16-/m0/s1	N[C@@H](Cc1ccccc1)C(=O)N[C@@H](Cc1ccc(O)cc1)C(=O)O	C18H20N2O4		328.14230712	CID 7009556	FSXRLASFHBWESK	Amino acids and Peptides	Small peptides	Dipeptides	http://www.wikidata.org/entity/Q4688339	Aeromonas veronii	704628.0	['Bacteria']	['Unknown']	['Proteobacteria']	['Gammaproteobacteria']	['Aeromonadales']	['Aeromonadaceae']	['Unknown']	['Aeromonas']	['Aeromonas veronii']											0	3	2.5072436332702637	1
458	7	Amino acids and Peptides	0.47619047619047616	Small peptides	0.4642857142857143	Dipeptides	0.42857142857142855	1.0	0.6670502	ISDB									XXSAFGVAPGOYNT							['Unknown']	['Unknown']	['Unknown']	['Unknown']	['Unknown']	['Unknown']	['Unknown']	['Unknown']	['Unknown']											0	0	2.668200731277466	1
457	43	Amino acids and Peptides	0.4	Small peptides	0.4	Dipeptides	0.3	1.0	0.23255807	ISDB									NEGWDGSDQNLSHS							['Unknown']	['Unknown']	['Unknown']	['Unknown']	['Unknown']	['Unknown']	['Unknown']	['Unknown']	['Unknown']											0	0	0.9302322864532471	1
451	-1							1.0	0.43232366	ISDB									PYOHXSMHFJQYIR							['Unknown']	['Unknown']	['Unknown']	['Unknown']	['Unknown']	['Unknown']	['Unknown']	['Unknown']	['Unknown']											0	0	1.7292946577072144	1
450	18	Polyketides	0.1					1.0	0.53891855	ISDB									ZEZFFRWWHKSMEB							['Unknown']	['Unknown']	['Unknown']	['Unknown']	['Unknown']	['Unknown']	['Unknown']	['Unknown']	['Unknown']											0	0	2.1556742191314697	1
444	95							1.0	0.35706627	ISDB									VHKZZJDEEOUSRR							['Unknown']	['Unknown']	['Unknown']	['Unknown']	['Unknown']	['Unknown']	['Unknown']	['Unknown']	['Unknown']											0	0	1.42826509475708	1
441	1	Amino acids and Peptides	0.12195121951219512	Small peptides	0.10975609756097561	Tripeptides	0.07317073170731707	1.0	0.0	MS1_match	http://www.wikidata.org/entity/Q77513262	RMHSCAZOUHDWNT-UHFFFAOYSA-N	InChI=1S/C51H89N15O13S/c1-8-29(5)42(50(78)63-36(16-17-38(55)68)46(74)59-32(26-67)22-31-24-56-27-58-31)66-49(77)41(28(3)4)64-51(79)43(30(6)9-2)65-47(75)35(15-11-13-20-53)62-48(76)37(23-40(70)71)60-39(69)25-57-45(73)34(14-10-12-19-52)61-44(72)33(54)18-21-80-7/h24,26-30,32-37,41-43H,8-23,25,52-54H2,1-7H3,(H2,55,68)(H,56,58)(H,57,73)(H,59,74)(H,60,69)(H,61,72)(H,62,76)(H,63,78)(H,64,79)(H,65,75)(H,66,77)(H,70,71)	CCC(C)C(NC(=O)C(CCCCN)NC(=O)C(CC(=O)O)NC(=O)CNC(=O)C(CCCCN)NC(=O)C(N)CCSC)C(=O)NC(C(=O)NC(C(=O)NC(CCC(N)=O)C(=O)NC(C=O)Cc1cnc[nH]1)C(C)CC)C(C)C	C51H89N15O13S	pos_3_2proton1sodium	1151.648498908	Azotobacter vinlandii ferritin	RMHSCAZOUHDWNT	Amino acids and Peptides	Oligopeptides	Linear peptides	http://www.wikidata.org/entity/Q31856	Pseudomonas aeruginosa	216671.0	['Bacteria']	['Unknown']	['Proteobacteria']	['Gammaproteobacteria']	['Pseudomonadales']	['Pseudomonadaceae']	['Unknown']	['Pseudomonas']	['Pseudomonas aeruginosa']		['Bacteria']		['Proteobacteria']	['Gammaproteobacteria']	['Pseudomonadales']	['Pseudomonadaceae']		['Pseudomonas']	['Pseudomonas aeruginosa']	7	1	7.5	1
439	-1							1.0	0.550719	ISDB	http://www.wikidata.org/entity/Q27140835	RXGLHDWAZQECBI-SRVKXCTJSA-N	InChI=1S/C15H29N3O5/c1-8(2)5-10(16)13(20)17-11(6-9(3)4)14(21)18-12(7-19)15(22)23/h8-12,19H,5-7,16H2,1-4H3,(H,17,20)(H,18,21)(H,22,23)/t10-,11-,12-/m0/s1	CC(C)C[C@H](NC(=O)[C@@H](N)CC(C)C)C(=O)N[C@@H](CO)C(=O)O	C15H29N3O5		331.210721028	Leu-Leu-Ser	RXGLHDWAZQECBI	Amino acids and Peptides	Small peptides	Tripeptides	http://www.wikidata.org/entity/Q33244	Trypanosoma brucei	494245.0	['Eukaryota']	['Unknown']	['Unknown']	['Unknown']	['Kinetoplastea']	['Unknown']	['Unknown']	['Trypanosoma']	['Trypanosoma brucei']											0	0	2.202876091003418	1
437	11	Alkaloids	0.6666666666666666	Tryptophan alkaloids	0.6666666666666666	Simple indole alkaloids	0.6666666666666666	3.0	0.0	MS1_match	http://www.wikidata.org/entity/Q27140143	KTHADMDGDNYQRX-UHFFFAOYSA-N	InChI=1S/C11H11NO2/c1-14-11(13)6-8-7-12-10-5-3-2-4-9(8)10/h2-5,7,12H,6H2,1H3	COC(=O)Cc1c[nH]c2ccccc12	C11H11NO2	pos_1_1proton1acetonitrile	189.078978592	methyl 2-(1H-indol-3-yl)acetate	KTHADMDGDNYQRX	Alkaloids	Tryptophan alkaloids	Simple indole alkaloids	http://www.wikidata.org/entity/Q7255002	Pseudomonas amygdali	602767.0	['Bacteria']	['Unknown']	['Proteobacteria']	['Gammaproteobacteria']	['Pseudomonadales']	['Pseudomonadaceae']	['Unknown']	['Pseudomonas']	['Pseudomonas amygdali']		['Bacteria']		['Proteobacteria']	['Gammaproteobacteria']	['Pseudomonadales']	['Pseudomonadaceae']		['Pseudomonas']		6	3	7.5	1
434	7	Amino acids and Peptides	0.47619047619047616	Small peptides	0.4642857142857143	Dipeptides	0.42857142857142855	1.0	0.6410548	ISDB									PYOHODCEOHCZBM							['Unknown']	['Unknown']	['Unknown']	['Unknown']	['Unknown']	['Unknown']	['Unknown']	['Unknown']	['Unknown']											0	0	2.5642192363739014	1
433	61	Amino acids and Peptides	0.3333333333333333	Small peptides	0.3333333333333333	Tripeptides	0.3333333333333333	1.0	0.3178263	ISDB	http://www.wikidata.org/entity/Q27141628	VKVDRTGWLVZJOM-DCAQKATOSA-N	InChI=1S/C14H27N3O5/c1-7(2)5-9(15)12(19)17-11(8(3)4)13(20)16-10(6-18)14(21)22/h7-11,18H,5-6,15H2,1-4H3,(H,16,20)(H,17,19)(H,21,22)/t9-,10-,11-/m0/s1	CC(C)C[C@H](N)C(=O)N[C@H](C(=O)N[C@@H](CO)C(=O)O)C(C)C	C14H27N3O5		317.195070964	Leu-Val-Ser	VKVDRTGWLVZJOM	Amino acids and Peptides	Small peptides	Tripeptides	http://www.wikidata.org/entity/Q33244	Trypanosoma brucei	494245.0	['Eukaryota']	['Unknown']	['Unknown']	['Unknown']	['Kinetoplastea']	['Unknown']	['Unknown']	['Trypanosoma']	['Trypanosoma brucei']											0	3	2.771305203437805	1
428	1	Amino acids and Peptides	0.12195121951219512	Small peptides	0.10975609756097561	Tripeptides	0.07317073170731707	1.0	0.50399166	ISDB	http://www.wikidata.org/entity/Q27140577	INGJLBQKTRJLFO-UKJIMTQDSA-N	InChI=1S/C16H29N3O6/c1-5-9(4)13(15(23)18-12(8(2)3)16(24)25)19-14(22)10(17)6-7-11(20)21/h8-10,12-13H,5-7,17H2,1-4H3,(H,18,23)(H,19,22)(H,20,21)(H,24,25)/t9-,10-,12-,13-/m0/s1	CC[C@H](C)[C@H](NC(=O)[C@@H](N)CCC(=O)O)C(=O)N[C@H](C(=O)O)C(C)C	C16H29N3O6		359.205635648	Glu-Ile-Val	INGJLBQKTRJLFO	Amino acids and Peptides	Small peptides	Tripeptides	http://www.wikidata.org/entity/Q33244	Trypanosoma brucei	494245.0	['Eukaryota']	['Unknown']	['Unknown']	['Unknown']	['Kinetoplastea']	['Unknown']	['Unknown']	['Trypanosoma']	['Trypanosoma brucei']											0	3	3.5159666538238525	1
413	7	Amino acids and Peptides	0.47619047619047616	Small peptides	0.4642857142857143	Dipeptides	0.42857142857142855	1.0	0.65957654	ISDB	http://www.wikidata.org/entity/Q27143866	VEYJKJORLPYVLO-RYUDHWBXSA-N	InChI=1S/C14H20N2O4/c1-8(2)12(15)13(18)16-11(14(19)20)7-9-3-5-10(17)6-4-9/h3-6,8,11-12,17H,7,15H2,1-2H3,(H,16,18)(H,19,20)/t11-,12-/m0/s1	CC(C)[C@H](N)C(=O)N[C@@H](Cc1ccc(O)cc1)C(=O)O	C14H20N2O4		280.14230712	Val-Tyr	VEYJKJORLPYVLO	Amino acids and Peptides	Small peptides	Dipeptides	http://www.wikidata.org/entity/Q33244	Trypanosoma brucei	494245.0	['Eukaryota']	['Unknown']	['Unknown']	['Unknown']	['Kinetoplastea']	['Unknown']	['Unknown']	['Trypanosoma']	['Trypanosoma brucei']											0	3	4.138306140899658	1
411	7	Amino acids and Peptides	0.47619047619047616	Small peptides	0.4642857142857143	Dipeptides	0.42857142857142855	2.0	0.63477534	ISDB	http://www.wikidata.org/entity/Q27145058	QJKMCQRFHJRIPU-XDTLVQLUSA-N	InChI=1S/C15H22N2O4/c1-3-9(2)13(15(20)21)17-14(19)12(16)8-10-4-6-11(18)7-5-10/h4-7,9,12-13,18H,3,8,16H2,1-2H3,(H,17,19)(H,20,21)/t9-,12-,13-/m0/s1	CC[C@H](C)[C@H](NC(=O)[C@@H](N)Cc1ccc(O)cc1)C(=O)O	C15H22N2O4		294.157957184	Tyr-Ile	QJKMCQRFHJRIPU	Amino acids and Peptides	Small peptides	Dipeptides	http://www.wikidata.org/entity/Q158695	Arabidopsis thaliana	309263.0	['Eukaryota']	['Archaeplastida']	['Streptophyta']	['Magnoliopsida']	['Brassicales']	['Brassicaceae']	['Camelineae']	['Arabidopsis']	['Arabidopsis thaliana']											0	3	4.0391013622283936	1
405	62	Amino acids and Peptides	0.5	Oligopeptides	0.5	Aeruginosins	0.5	1.0	0.37132323	ISDB	http://www.wikidata.org/entity/Q105146481	KVEGLZCDCVSBQX-ZHYXHTNASA-N	InChI=1S/C30H48N6O6/c1-2-3-4-7-27(40)35-24(15-19-8-11-22(38)12-9-19)29(42)36-25-17-23(39)13-10-20(25)16-26(36)28(41)34-21(18-37)6-5-14-33-30(31)32/h8-9,11-12,20-21,23-26,37-39H,2-7,10,13-18H2,1H3,(H,34,41)(H,35,40)(H4,31,32,33)/t20-,21?,23?,24-,25-,26-/m0/s1	CCCCCC(=O)N[C@@H](Cc1ccc(O)cc1)C(=O)N1[C@H](C(=O)NC(CO)CCCNC(=N)N)C[C@@H]2CCC(O)C[C@@H]21	C30H48N6O6		588.363533256	Aeruginosin NOL3	KVEGLZCDCVSBQX	Amino acids and Peptides	Oligopeptides	Aeruginosins	http://www.wikidata.org/entity/Q30752967	Nodularia spumigena	724264.0	['Bacteria']	['Unknown']	['Cyanobacteria']	['Unknown']	['Unknown']	['Unknown']	['Unknown']	['Nodularia']	['Nodularia spumigena']											0	3	2.985292911529541	1
404	-1							1.0	0.36084646	ISDB									ACMBIXGUHFKCEJ							['Unknown']	['Unknown']	['Unknown']	['Unknown']	['Unknown']	['Unknown']	['Unknown']	['Unknown']	['Unknown']											0	0	1.4433858394622803	1
403	-1							1.0	0.543005	ISDB									XXSAFGVAPGOYNT							['Unknown']	['Unknown']	['Unknown']	['Unknown']	['Unknown']	['Unknown']	['Unknown']	['Unknown']	['Unknown']											0	0	2.1720199584960938	1
401	7	Amino acids and Peptides	0.47619047619047616	Small peptides	0.4642857142857143	Dipeptides	0.42857142857142855	1.0	0.70841503	ISDB	http://www.wikidata.org/entity/Q27142982	FSXRLASFHBWESK-HOTGVXAUSA-N	InChI=1S/C18H20N2O4/c19-15(10-12-4-2-1-3-5-12)17(22)20-16(18(23)24)11-13-6-8-14(21)9-7-13/h1-9,15-16,21H,10-11,19H2,(H,20,22)(H,23,24)/t15-,16-/m0/s1	N[C@@H](Cc1ccccc1)C(=O)N[C@@H](Cc1ccc(O)cc1)C(=O)O	C18H20N2O4		328.14230712	CID 7009556	FSXRLASFHBWESK	Amino acids and Peptides	Small peptides	Dipeptides	http://www.wikidata.org/entity/Q4688339	Aeromonas veronii	704628.0	['Bacteria']	['Unknown']	['Proteobacteria']	['Gammaproteobacteria']	['Aeromonadales']	['Aeromonadaceae']	['Unknown']	['Aeromonas']	['Aeromonas veronii']											0	3	4.333660125732422	1
400	43	Amino acids and Peptides	0.4	Small peptides	0.4	Dipeptides	0.3	1.0	0.21276745	ISDB									HMYFAHFNQDPUAR							['Unknown']	['Unknown']	['Unknown']	['Unknown']	['Unknown']	['Unknown']	['Unknown']	['Unknown']	['Unknown']											0	0	0.8510698080062866	1
392	42	Amino acids and Peptides	0.7777777777777778	Small peptides	0.7777777777777778	Dipeptides	0.7777777777777778	1.0	0.96016985	ISDB	http://www.wikidata.org/entity/Q27137780	XLUAWXQORJEMBD-YUMQZZPRSA-N	InChI=1S/C10H16N2O2/c1-6(2)8-10(14)12-5-3-4-7(12)9(13)11-8/h6-8H,3-5H2,1-2H3,(H,11,13)/t7-,8-/m0/s1	CC(C)[C@@H]1NC(=O)[C@@H]2CCCN2C1=O	C10H16N2O2		196.121177752	cyclo(L-Pro-L-Val)	XLUAWXQORJEMBD	Amino acids and Peptides	Small peptides	Dipeptides	http://www.wikidata.org/entity/Q31856	Pseudomonas aeruginosa	216671.0	['Bacteria']	['Unknown']	['Proteobacteria']	['Gammaproteobacteria']	['Pseudomonadales']	['Pseudomonadaceae']	['Unknown']	['Pseudomonas']	['Pseudomonas aeruginosa']		['Bacteria']		['Proteobacteria']	['Gammaproteobacteria']	['Pseudomonadales']	['Pseudomonadaceae']		['Pseudomonas']	['Pseudomonas aeruginosa']	7	3	12.340679407119751	1
390	25	Fatty acids	0.25	Miscellaneous alkaloids	0.25	Rhamnolipids	0.25	1.0	0.0	MS1_match	http://www.wikidata.org/entity/Q105158047	LVTDKRIMXLJUAE-JTQWKVPKSA-N	InChI=1S/C30H48N2O9/c1-3-4-5-6-7-8-9-10-11-12-13-15-21(40-29-28(37)27(36)26(35)20(2)39-29)18-24(33)31-25(34)19-23-22-16-14-17-32(22)30(38)41-23/h13,15,19-22,26-29,35-37H,3-12,14,16-18H2,1-2H3,(H,31,33,34)/b15-13+,23-19+/t20-,21-,22+,26-,27+,28+,29-/m0/s1	CCCCCCCCCCC/C=C/[C@@H](CC(=O)NC(=O)/C=C1/OC(=O)N2CCC[C@H]12)O[C@@H]1O[C@@H](C)[C@H](O)[C@@H](O)[C@H]1O	C30H48N2O9	pos_1_minus1proton1magnesium	580.335981116	(E,3R)-N-[(2E)-2-[(7aR)-3-oxo-5,6,7,7a-tetrahydropyrrolo[1,2-c][1,3]oxazol-1-ylidene]acetyl]-3-[(2R,3R,4R,5R,6S)-3,4,5-trihydroxy-6-methyloxan-2-yl]oxyhexadec-4-enamide	LVTDKRIMXLJUAE	Alkaloids	Miscellaneous alkaloids	Miscellaneous alkaloids	http://www.wikidata.org/entity/Q135292	Pseudomonas fluorescens	22658.0	['Bacteria']	['Unknown']	['Proteobacteria']	['Gammaproteobacteria']	['Pseudomonadales']	['Pseudomonadaceae']	['Unknown']	['Pseudomonas']	['Pseudomonas fluorescens']		['Bacteria']		['Proteobacteria']	['Gammaproteobacteria']	['Pseudomonadales']	['Pseudomonadaceae']		['Pseudomonas']		6	2	7.0	1
387	-1							1.0	0.21496904	ISDB									CCZXUYRSGKPBHZ							['Unknown']	['Unknown']	['Unknown']	['Unknown']	['Unknown']	['Unknown']	['Unknown']	['Unknown']	['Unknown']											0	0	0.8598761558532715	1
386	-1							1.0	0.7850732	ISDB	http://www.wikidata.org/entity/Q27156504	XHHOHZPNYFQJKL-UHFFFAOYSA-N	InChI=1S/C14H18N2O5/c15-10(13(18)19)6-7-12(17)16-11(14(20)21)8-9-4-2-1-3-5-9/h1-5,10-11H,6-8,15H2,(H,16,17)(H,18,19)(H,20,21)	NC(CCC(=O)NC(Cc1ccccc1)C(=O)O)C(=O)O	C14H18N2O5		294.12157167600003	(S)-2-Amino-5-(((S)-1-carboxy-2-phenylethyl)amino)-5-oxopentanoic acid	XHHOHZPNYFQJKL	Amino acids and Peptides	Small peptides	Dipeptides	http://www.wikidata.org/entity/Q221179	Streptococcus pneumoniae	699152.0	['Bacteria']	['Unknown']	['Firmicutes']	['Bacilli']	['Lactobacillales']	['Streptococcaceae']	['Unknown']	['Streptococcus']	['Streptococcus pneumoniae']											0	0	3.1402928829193115	1
379	-1							1.0	0.2822784	ISDB	http://www.wikidata.org/entity/Q110172366	DKWOCYNYXACOCR-QQJDNPSRSA-N	InChI=1S/C21H29NO3S/c1-4-5-6-14(2)11-17-8-7-16-12-18(24)13-19(16)20(17)21(25)26-10-9-22-15(3)23/h7-8,11-12,17,19-20H,4-6,9-10,13H2,1-3H3,(H,22,23)/b14-11+/t17-,19+,20-/m0/s1	CCCC/C(C)=C/[C@@H]1C=CC2=CC(=O)C[C@H]2[C@H]1C(=O)SCCNC(C)=O	C21H29NO3S		375.186814788	Formicin A	DKWOCYNYXACOCR	Terpenoids			http://www.wikidata.org/entity/Q1144013	Streptomyces	772892.0	['Bacteria']	['Unknown']	['Actinobacteria']	['Unknown']	['Streptomycetales']	['Streptomycetaceae']	['Unknown']	['Streptomyces']	['Unknown']											0	0	1.1291135549545288	1
376	7	Amino acids and Peptides	0.47619047619047616	Small peptides	0.4642857142857143	Dipeptides	0.42857142857142855	2.0	0.5755713	ISDB	http://www.wikidata.org/entity/Q27144970	BQBCIBCLXBKYHW-CSMHCCOUSA-N	InChI=1S/C10H20N2O4/c1-5(2)4-7(10(15)16)12-9(14)8(11)6(3)13/h5-8,13H,4,11H2,1-3H3,(H,12,14)(H,15,16)/t6-,7+,8+/m1/s1	CC(C)C[C@H](NC(=O)[C@@H](N)[C@@H](C)O)C(=O)O	C10H20N2O4		232.14230712	Thr-Leu	BQBCIBCLXBKYHW	Amino acids and Peptides	Small peptides	Dipeptides	http://www.wikidata.org/entity/Q7912606	Valsa sordida	382306.0	['Eukaryota']	['Fungi']	['Ascomycota']	['Sordariomycetes']	['Diaporthales']	['Valsaceae']	['Unknown']	['Valsa']	['Valsa sordida']											0	3	3.8022851943969727	1
374	-1							1.0	0.49437344	ISDB	http://www.wikidata.org/entity/Q27089361	LSGOTAXPWMCUCK-RYUDHWBXSA-N	InChI=1S/C14H16N2O3/c17-10-5-3-9(4-6-10)8-11-14(19)16-7-1-2-12(16)13(18)15-11/h3-6,11-12,17H,1-2,7-8H2,(H,15,18)/t11-,12-/m0/s1	O=C1N[C@@H](Cc2ccc(O)cc2)C(=O)N2CCC[C@@H]12	C14H16N2O3		260.116092372	Maculosin	LSGOTAXPWMCUCK	Amino acids and Peptides	Small peptides	Dipeptides	http://www.wikidata.org/entity/Q31856	Pseudomonas aeruginosa	216671.0	['Bacteria']	['Unknown']	['Proteobacteria']	['Gammaproteobacteria']	['Pseudomonadales']	['Pseudomonadaceae']	['Unknown']	['Pseudomonas']	['Pseudomonas aeruginosa']		['Bacteria']		['Proteobacteria']	['Gammaproteobacteria']	['Pseudomonadales']	['Pseudomonadaceae']		['Pseudomonas']	['Pseudomonas aeruginosa']	7	0	8.97749376296997	1
365	7	Amino acids and Peptides	0.47619047619047616	Small peptides	0.4642857142857143	Dipeptides	0.42857142857142855	1.0	0.34203488	ISDB	http://www.wikidata.org/entity/Q27141905	LHSGPCFBGJHPCY-STQMWFEESA-N	InChI=1S/C15H22N2O4/c1-9(2)7-12(16)14(19)17-13(15(20)21)8-10-3-5-11(18)6-4-10/h3-6,9,12-13,18H,7-8,16H2,1-2H3,(H,17,19)(H,20,21)/t12-,13-/m0/s1	CC(C)C[C@H](N)C(=O)N[C@@H](Cc1ccc(O)cc1)C(=O)O	C15H22N2O4		294.157957184	(2S)-2-[[(2S)-2-azaniumyl-4-methylpentanoyl]amino]-3-(4-hydroxyphenyl)propanoate	LHSGPCFBGJHPCY	Amino acids and Peptides	Small peptides	Dipeptides	http://www.wikidata.org/entity/Q33244	Trypanosoma brucei	494245.0	['Eukaryota']	['Unknown']	['Unknown']	['Unknown']	['Kinetoplastea']	['Unknown']	['Unknown']	['Trypanosoma']	['Trypanosoma brucei']											0	3	2.8681395053863525	1
359	-1							1.0	0.22531295	ISDB	http://www.wikidata.org/entity/Q113959282	DEJXNEHSTOCMNC-NSHDSACASA-N	InChI=1S/C13H17N3O3/c17-12(10-4-3-6-14-8-10)15-7-2-1-5-11-9-19-13(18)16-11/h3-4,6,8,11H,1-2,5,7,9H2,(H,15,17)(H,16,18)/t11-/m0/s1	O=C1N[C@@H](CCCCNC(=O)c2cccnc2)CO1	C13H17N3O3		263.126991404		DEJXNEHSTOCMNC	Alkaloids	Nicotinic acid alkaloids	Pyridine alkaloids	http://www.wikidata.org/entity/Q5702658	Archangium	872667.0	['Bacteria']	['Unknown']	['Proteobacteria']	['Deltaproteobacteria']	['Myxococcales']	['Cystobacteraceae']	['Unknown']	['Archangium']	['Unknown']											0	0	0.9012517929077148	1
354	7	Amino acids and Peptides	0.47619047619047616	Small peptides	0.4642857142857143	Dipeptides	0.42857142857142855	1.0	0.5868792	ISDB	http://www.wikidata.org/entity/Q27140586	YBAFDPFAUTYYRW-YUMQZZPRSA-N	InChI=1S/C11H20N2O5/c1-6(2)5-8(11(17)18)13-10(16)7(12)3-4-9(14)15/h6-8H,3-5,12H2,1-2H3,(H,13,16)(H,14,15)(H,17,18)/t7-,8-/m0/s1	CC(C)C[C@H](NC(=O)[C@@H](N)CCC(=O)O)C(=O)O	C11H20N2O5		260.13722174	Glu-Leu	YBAFDPFAUTYYRW	Amino acids and Peptides	Small peptides	Dipeptides	http://www.wikidata.org/entity/Q33244	Trypanosoma brucei	494245.0	['Eukaryota']	['Unknown']	['Unknown']	['Unknown']	['Kinetoplastea']	['Unknown']	['Unknown']	['Trypanosoma']	['Trypanosoma brucei']											0	3	3.8475167751312256	1
345	94	Amino acids and Peptides	0.25	Small peptides	0.25	Linear sesterterpenoids	0.25	1.0	0.4328008	ISDB	http://www.wikidata.org/entity/Q104967284	COTCIDNXHCMPCG-KVVJQUGZSA-N	InChI=1S/C27H34N2O4/c1-20(13-25-15-24(18-32-25)8-4-6-22-9-12-31-17-22)5-3-7-23-16-26(33-19-23)14-21(2)27(30)29-11-10-28/h9,12-19H,3-8,10-11,28H2,1-2H3,(H,29,30)/b20-13+,21-14+	C/C(=C\c1cc(CCCc2ccoc2)co1)CCCc1coc(/C=C(\C)C(=O)NCCN)c1	C27H34N2O4		450.251857568	Hippospongin C	COTCIDNXHCMPCG	Terpenoids	Sesterterpenoids	Linear sesterterpenoids	http://www.wikidata.org/entity/Q3785744	Hippospongia	824335.0	['Eukaryota']	['Metazoa']	['Porifera']	['Demospongiae']	['Dictyoceratida']	['Spongiidae']	['Unknown']	['Hippospongia']	['Unknown']											0	3	3.2312031984329224	1
334	93	Alkaloids	0.5	Tryptophan alkaloids	0.5	Carboline alkaloids	0.5	2.0	0.27497566	ISDB	http://www.wikidata.org/entity/Q105298765	VXURZHPEJYLPGK-KGLIPLIRSA-N	InChI=1S/C16H16N4O3/c21-9-1-2-12-10(4-9)11-5-14(16(22)23)19-13(15(11)20-12)3-8-6-17-7-18-8/h1-2,4,6-7,13-14,19-21H,3,5H2,(H,17,18)(H,22,23)/t13-,14+/m1/s1	O=C(O)[C@@H]1Cc2c([nH]c3ccc(O)cc23)[C@@H](Cc2cnc[nH]2)N1	C16H16N4O3		312.122240372	Hyrtioreticulin A	VXURZHPEJYLPGK	Alkaloids	Tryptophan alkaloids	Carboline alkaloids	http://www.wikidata.org/entity/Q2779975	Hyrtios reticulatus	114790.0	['Eukaryota']	['Metazoa']	['Porifera']	['Demospongiae']	['Dictyoceratida']	['Thorectidae']	['Unknown']	['Hyrtios']	['Hyrtios reticulatus']											0	3	2.599902629852295	1
329	7	Amino acids and Peptides	0.47619047619047616	Small peptides	0.4642857142857143	Dipeptides	0.42857142857142855	1.0	0.599608	ISDB	http://www.wikidata.org/entity/Q27141823	NTISAKGPIGTIJJ-IUCAKERBSA-N	InChI=1S/C11H22N2O3S/c1-7(2)6-8(12)10(14)13-9(11(15)16)4-5-17-3/h7-9H,4-6,12H2,1-3H3,(H,13,14)(H,15,16)/t8-,9-/m0/s1	CSCC[C@H](NC(=O)[C@@H](N)CC(C)C)C(=O)O	C11H22N2O3S		262.135113564	Leu-met	NTISAKGPIGTIJJ	Amino acids and Peptides	Small peptides	Dipeptides	http://www.wikidata.org/entity/Q33244	Trypanosoma brucei	494245.0	['Eukaryota']	['Unknown']	['Unknown']	['Unknown']	['Kinetoplastea']	['Unknown']	['Unknown']	['Trypanosoma']	['Trypanosoma brucei']											0	3	3.8984320163726807	1
328	-1							1.0	0.34439325	ISDB									LSWJERSIRWNMBX							['Unknown']	['Unknown']	['Unknown']	['Unknown']	['Unknown']	['Unknown']	['Unknown']	['Unknown']	['Unknown']											0	0	1.377573013305664	1
327	9	Fatty acids	0.5	Fatty Acids and Conjugates	0.5	Branched fatty acids	0.5	3.0	0.0	MS1_match	http://www.wikidata.org/entity/Q27115748	YJVOWRAWFXRESP-ZCFIWIBFSA-N	InChI=1S/C6H10O4/c1-3-6(2,10)4(7)5(8)9/h10H,3H2,1-2H3,(H,8,9)/t6-/m1/s1	CC[C@@](C)(O)C(=O)C(=O)O	C6H10O4	pos_1_1proton2acetonitrile	146.0579088	(R)-3-hydroxy-3-methyl-2-oxopentanoic acid	YJVOWRAWFXRESP	Fatty acids	Fatty Acids and Conjugates	Branched fatty acids	http://www.wikidata.org/entity/Q31856	Pseudomonas aeruginosa	216671.0	['Bacteria']	['Unknown']	['Proteobacteria']	['Gammaproteobacteria']	['Pseudomonadales']	['Pseudomonadaceae']	['Unknown']	['Pseudomonas']	['Pseudomonas aeruginosa']		['Bacteria']		['Proteobacteria']	['Gammaproteobacteria']	['Pseudomonadales']	['Pseudomonadaceae']		['Pseudomonas']	['Pseudomonas aeruginosa']	7	3	8.5	1
326	7	Amino acids and Peptides	0.47619047619047616	Small peptides	0.4642857142857143	Dipeptides	0.42857142857142855	1.0	0.5508241	ISDB	http://www.wikidata.org/entity/Q27144972	IQHUITKNHOKGFC-MIMYLULJSA-N	InChI=1S/C13H18N2O4/c1-8(16)11(14)12(17)15-10(13(18)19)7-9-5-3-2-4-6-9/h2-6,8,10-11,16H,7,14H2,1H3,(H,15,17)(H,18,19)/t8-,10+,11+/m1/s1	C[C@@H](O)[C@H](N)C(=O)N[C@@H](Cc1ccccc1)C(=O)O	C13H18N2O4		266.126657056	Threonylphenylalanine	IQHUITKNHOKGFC	Amino acids and Peptides	Small peptides	Dipeptides	http://www.wikidata.org/entity/Q221179	Streptococcus pneumoniae	699152.0	['Bacteria']	['Unknown']	['Firmicutes']	['Bacilli']	['Lactobacillales']	['Streptococcaceae']	['Unknown']	['Streptococcus']	['Streptococcus pneumoniae']											0	3	3.703296422958374	1
319	79	Fatty acids	0.5	Fatty Acids and Conjugates	0.5	Branched fatty acids	0.5	1.0	0.39975443	ISDB									XXSAFGVAPGOYNT							['Unknown']	['Unknown']	['Unknown']	['Unknown']	['Unknown']	['Unknown']	['Unknown']	['Unknown']	['Unknown']											0	0	1.5990177392959595	1
314	-1							1.0	0.7942289	ISDB	http://www.wikidata.org/entity/Q77383166	ZROUMPAYNHAKNV-KBUNVGBDSA-N	InChI=1S/C13H14N2O3/c1-6-12-9(5-11(14-6)13(17)18)8-3-2-7(16)4-10(8)15-12/h2-4,6,11,14-16H,5H2,1H3,(H,17,18)/t6-,11+/m1/s1	C[C@H]1N[C@H](C(=O)O)Cc2c1[nH]c1cc(O)ccc21	C13H14N2O3		246.100442308	Brunnein B	ZROUMPAYNHAKNV	Alkaloids	Tryptophan alkaloids	Carboline alkaloids	http://www.wikidata.org/entity/Q4347258	Cortinarius brunneus	529904.0	['Eukaryota']	['Fungi']	['Basidiomycota']	['Agaricomycetes']	['Agaricales']	['Cortinariaceae']	['Unknown']	['Cortinarius']	['Cortinarius brunneus']											0	0	3.1769156455993652	1
311	7	Amino acids and Peptides	0.47619047619047616	Small peptides	0.4642857142857143	Dipeptides	0.42857142857142855	1.0	0.0	MS1_match	http://www.wikidata.org/entity/Q27452039	MFUNIDMQFPXVGU-XVKPBYJWSA-N	InChI=1S/C12H14N2O3/c1-7-11(16)14-10(12(17)13-7)6-8-2-4-9(15)5-3-8/h2-5,7,10,15H,6H2,1H3,(H,13,17)(H,14,16)/t7-,10-/m0/s1	C[C@@H]1NC(=O)[C@H](Cc2ccc(O)cc2)NC1=O	C12H14N2O3	pos_1_1proton1isopropanol	234.100442308	(3s,6s)-3-(4-Hydroxybenzyl)-6-Methylpiperazine-2,5-Dione	MFUNIDMQFPXVGU	Amino acids and Peptides	Small peptides	Dipeptides	http://www.wikidata.org/entity/Q7255018	Pseudomonas brassicacearum	396594.0	['Bacteria']	['Unknown']	['Proteobacteria']	['Gammaproteobacteria']	['Pseudomonadales']	['Pseudomonadaceae']	['Unknown']	['Pseudomonas']	['Pseudomonas brassicacearum']		['Bacteria']		['Proteobacteria']	['Gammaproteobacteria']	['Pseudomonadales']	['Pseudomonadaceae']		['Pseudomonas']		6	3	7.5	1
309	43	Amino acids and Peptides	0.4	Small peptides	0.4	Dipeptides	0.3	1.0	0.5221115	ISDB									VRPTYZSPBLYXAD							['Unknown']	['Unknown']	['Unknown']	['Unknown']	['Unknown']	['Unknown']	['Unknown']	['Unknown']	['Unknown']											0	0	2.0884459018707275	1
308	-1							1.0	0.79862124	ISDB	http://www.wikidata.org/entity/Q27135732	XWYXUMDVQIOAPR-UWVGGRQHSA-N	InChI=1S/C12H22N2O2/c1-7(2)5-9-11(15)14-10(6-8(3)4)12(16)13-9/h7-10H,5-6H2,1-4H3,(H,13,16)(H,14,15)/t9-,10-/m0/s1	CC(C)C[C@@H]1NC(=O)[C@H](CC(C)C)NC1=O	C12H22N2O2		226.168127944	Cyclo(L-leucyl-L-leucyl)	XWYXUMDVQIOAPR	Amino acids and Peptides	Small peptides	Dipeptides	http://www.wikidata.org/entity/Q3847237	Kandelia candel	973786.0	['Eukaryota']	['Archaeplastida']	['Streptophyta']	['Magnoliopsida']	['Malpighiales']	['Rhizophoraceae']	['Unknown']	['Kandelia']	['Kandelia candel']											0	0	3.1944849491119385	1
299	69	Alkaloids	0.5	Small peptides	0.5	Piperidine alkaloids	0.5	2.0	0.0	MS1_match	http://www.wikidata.org/entity/Q113959132	CUHWACVSFBFFSP-AYTXJLRPSA-N	InChI=1S/C16H23NO6/c1-9(4-10(2)16(22)23-3)13(19)8-12(18)5-11-6-14(20)17-15(21)7-11/h4,9,11-12,18H,5-8H2,1-3H3,(H,17,20,21)/b10-4+/t9?,12-/m1/s1	COC(=O)/C(C)=C/C(C)C(=O)C[C@H](O)CC1CC(=O)NC(=O)C1	C16H23NO6	pos_2_2proton1ammonium	325.152537456		CUHWACVSFBFFSP	Alkaloids	Lysine alkaloids	Piperidine alkaloids	http://www.wikidata.org/entity/Q311202	Pseudomonas syringae	413638.0	['Bacteria']	['Unknown']	['Proteobacteria']	['Gammaproteobacteria']	['Pseudomonadales']	['Pseudomonadaceae']	['Unknown']	['Pseudomonas']	['Pseudomonas syringae']		['Bacteria']		['Proteobacteria']	['Gammaproteobacteria']	['Pseudomonadales']	['Pseudomonadaceae']		['Pseudomonas']		6	3	7.5	1
293	7	Amino acids and Peptides	0.47619047619047616	Small peptides	0.4642857142857143	Dipeptides	0.42857142857142855	1.0	0.7182887	ISDB	http://www.wikidata.org/entity/Q27139262	PPQRSMGDOHLTBE-UWVGGRQHSA-N	InChI=1S/C12H16N2O4/c13-9(7-15)11(16)14-10(12(17)18)6-8-4-2-1-3-5-8/h1-5,9-10,15H,6-7,13H2,(H,14,16)(H,17,18)/t9-,10-/m0/s1	N[C@@H](CO)C(=O)N[C@@H](Cc1ccccc1)C(=O)O	C12H16N2O4		252.111006992	Ser-phe	PPQRSMGDOHLTBE	Amino acids and Peptides	Small peptides	Dipeptides	http://www.wikidata.org/entity/Q158695	Arabidopsis thaliana	309263.0	['Eukaryota']	['Archaeplastida']	['Streptophyta']	['Magnoliopsida']	['Brassicales']	['Brassicaceae']	['Camelineae']	['Arabidopsis']	['Arabidopsis thaliana']											0	3	4.373154878616333	1
292	1	Amino acids and Peptides	0.12195121951219512	Small peptides	0.10975609756097561	Tripeptides	0.07317073170731707	1.0	0.6553094	ISDB	http://www.wikidata.org/entity/Q27143860	DOFAQXCYFQKSHT-SRVKXCTJSA-N	InChI=1S/C15H25N3O4/c1-9(2)12(16)14(20)17-7-3-5-10(17)13(19)18-8-4-6-11(18)15(21)22/h9-12H,3-8,16H2,1-2H3,(H,21,22)/t10-,11-,12-/m0/s1	CC(C)[C@H](N)C(=O)N1CCC[C@H]1C(=O)N1CCC[C@H]1C(=O)O	C15H25N3O4		311.18450628	Val-pro-pro	DOFAQXCYFQKSHT	Amino acids and Peptides	Small peptides	Tripeptides	http://www.wikidata.org/entity/Q33244	Trypanosoma brucei	494245.0	['Eukaryota']	['Unknown']	['Unknown']	['Unknown']	['Kinetoplastea']	['Unknown']	['Unknown']	['Trypanosoma']	['Trypanosoma brucei']											0	3	4.121237516403198	1
288	2	Amino acids and Peptides	0.5	Small peptides	0.5	Dipeptides	0.5	1.0	0.62845695	ISDB	http://www.wikidata.org/entity/Q82470454	CAKBEMYCCHKGSU-RYUDHWBXSA-N	InChI=1S/C15H21N5O2/c16-15(17)18-8-4-7-11-13(21)20-12(14(22)19-11)9-10-5-2-1-3-6-10/h1-3,5-6,11-12H,4,7-9H2,(H,19,22)(H,20,21)(H4,16,17,18)/t11-,12-/m0/s1	N=C(N)NCCC[C@@H]1NC(=O)[C@H](Cc2ccccc2)NC1=O	C15H21N5O2		303.169524912	N''-{3-[(2S,5S)-5-Benzyl-3,6-dioxopiperazin-2-yl]propyl}guanidine	CAKBEMYCCHKGSU	Amino acids and Peptides	Small peptides	Dipeptides	http://www.wikidata.org/entity/Q104838133	Streptomyces nigra	5883224.0	['Bacteria']	['Unknown']	['Actinobacteria']	['Unknown']	['Streptomycetales']	['Streptomycetaceae']	['Unknown']	['Streptomyces']	['Streptomyces nigra']		['Bacteria']									1	3	5.013827800750732	1
285	30	Polyketides	0.5	Small peptides	0.5	Dipeptides	0.5	4.0	0.0	MS1_match	http://www.wikidata.org/entity/Q105225086	QORZOJLEBCJYBI-OJELLXEISA-N	InChI=1S/C21H42O11/c1-22-10-13(25-4)16(27-6)18(14(26-5)11-23-2)32-21-20(30-9)19(29-8)17(28-7)15(31-21)12-24-3/h13-21H,10-12H2,1-9H3/t13-,14+,15+,16-,17+,18+,19-,20+,21-/m0/s1	COC[C@H](OC)[C@H](OC)[C@H](O[C@@H]1O[C@H](COC)[C@@H](OC)[C@H](OC)[C@H]1OC)[C@@H](COC)OC	C21H42O11	pos_2_1magnesium	470.272712164	(2R,3R,4S,5R,6S)-3,4,5-trimethoxy-2-(methoxymethyl)-6-[(2R,3R,4S,5S)-1,2,4,5,6-pentamethoxyhexan-3-yl]oxyoxane	QORZOJLEBCJYBI	Polyketides			http://www.wikidata.org/entity/Q131143	Pseudomonas	281374.0	['Bacteria']	['Unknown']	['Proteobacteria']	['Gammaproteobacteria']	['Pseudomonadales']	['Pseudomonadaceae']	['Unknown']	['Pseudomonas']	['Unknown']		['Bacteria']		['Proteobacteria']	['Gammaproteobacteria']	['Pseudomonadales']	['Pseudomonadaceae']		['Pseudomonas']		6	1	6.5	1
282	7	Amino acids and Peptides	0.47619047619047616	Small peptides	0.4642857142857143	Dipeptides	0.42857142857142855	1.0	0.7228321	ISDB									JAQGKXUEKGKTKX							['Unknown']	['Unknown']	['Unknown']	['Unknown']	['Unknown']	['Unknown']	['Unknown']	['Unknown']	['Unknown']											0	0	2.8913283348083496	1
278	30	Polyketides	0.5	Small peptides	0.5	Dipeptides	0.5	1.0	0.6777962	ISDB									MTWJTFBVRDGROD							['Unknown']	['Unknown']	['Unknown']	['Unknown']	['Unknown']	['Unknown']	['Unknown']	['Unknown']	['Unknown']											0	0	2.7111847400665283	1
277	7	Amino acids and Peptides	0.47619047619047616	Small peptides	0.4642857142857143	Dipeptides	0.42857142857142855	3.0	0.30225953	ISDB	http://www.wikidata.org/entity/Q105033926	HUNKOLLSBWNBAS-ZKWXMUAHSA-N	InChI=1S/C11H18N2O4/c1-3-6(2)9-11(17)12-7(10(16)13-9)4-5-8(14)15/h6-7,9H,3-5H2,1-2H3,(H,12,17)(H,13,16)(H,14,15)/t6-,7-,9-/m0/s1	CC[C@H](C)[C@@H]1NC(=O)[C@H](CCC(=O)O)NC1=O	C11H18N2O4		242.126657056	3-[(2S,5S)-5-[(2S)-butan-2-yl]-3,6-dioxopiperazin-2-yl]propanoic acid	HUNKOLLSBWNBAS	Amino acids and Peptides	Small peptides	Dipeptides	http://www.wikidata.org/entity/Q104838133	Streptomyces nigra	5883224.0	['Bacteria']	['Unknown']	['Actinobacteria']	['Unknown']	['Streptomycetales']	['Streptomycetaceae']	['Unknown']	['Streptomyces']	['Streptomyces nigra']											0	3	2.7090381383895874	1
272	-1							1.0	0.38864872	ISDB	http://www.wikidata.org/entity/Q76010404	NUXSIDPKKIEIMI-LURJTMIESA-N	InChI=1S/C8H16N2O4/c9-6(8(13)14)3-1-2-4-10-5-7(11)12/h6,10H,1-5,9H2,(H,11,12)(H,13,14)/t6-/m0/s1	N[C@@H](CCCCNCC(=O)O)C(=O)O	C8H16N2O4		204.111006992	(2S)-2-azaniumyl-6-(carboxylatomethylazaniumyl)hexanoate	NUXSIDPKKIEIMI	Amino acids and Peptides	Small peptides	Aminoacids	http://www.wikidata.org/entity/Q221179	Streptococcus pneumoniae	699152.0	['Bacteria']	['Unknown']	['Firmicutes']	['Bacilli']	['Lactobacillales']	['Streptococcaceae']	['Unknown']	['Streptococcus']	['Streptococcus pneumoniae']											0	0	1.554594874382019	1
265	-1							1.0	0.4797107	ISDB									YBRHKUNWEYBZGT							['Unknown']	['Unknown']	['Unknown']	['Unknown']	['Unknown']	['Unknown']	['Unknown']	['Unknown']	['Unknown']											0	0	1.9188427925109863	1
263	7	Amino acids and Peptides	0.47619047619047616	Small peptides	0.4642857142857143	Dipeptides	0.42857142857142855	1.0	0.5026039	ISDB	http://www.wikidata.org/entity/Q27140586	YBAFDPFAUTYYRW-YUMQZZPRSA-N	InChI=1S/C11H20N2O5/c1-6(2)5-8(11(17)18)13-10(16)7(12)3-4-9(14)15/h6-8H,3-5,12H2,1-2H3,(H,13,16)(H,14,15)(H,17,18)/t7-,8-/m0/s1	CC(C)C[C@H](NC(=O)[C@@H](N)CCC(=O)O)C(=O)O	C11H20N2O5		260.13722174	Glu-Leu	YBAFDPFAUTYYRW	Amino acids and Peptides	Small peptides	Dipeptides	http://www.wikidata.org/entity/Q33244	Trypanosoma brucei	494245.0	['Eukaryota']	['Unknown']	['Unknown']	['Unknown']	['Kinetoplastea']	['Unknown']	['Unknown']	['Trypanosoma']	['Trypanosoma brucei']											0	3	3.510415554046631	1
262	7	Amino acids and Peptides	0.47619047619047616	Small peptides	0.4642857142857143	Dipeptides	0.42857142857142855	1.0	0.8482688	ISDB	http://www.wikidata.org/entity/Q27144925	NFDYGNFETJVMSE-BQBZGAKWSA-N	InChI=1S/C9H18N2O4/c1-5(2)3-7(9(14)15)11-8(13)6(10)4-12/h5-7,12H,3-4,10H2,1-2H3,(H,11,13)(H,14,15)/t6-,7-/m0/s1	CC(C)C[C@H](NC(=O)[C@@H](N)CO)C(=O)O	C9H18N2O4		218.126657056	Ser-Leu	NFDYGNFETJVMSE	Amino acids and Peptides	Small peptides	Dipeptides	http://www.wikidata.org/entity/Q4688339	Aeromonas veronii	704628.0	['Bacteria']	['Unknown']	['Proteobacteria']	['Gammaproteobacteria']	['Aeromonadales']	['Aeromonadaceae']	['Unknown']	['Aeromonas']	['Aeromonas veronii']											0	3	4.893075227737427	1
261	57	Amino acids and Peptides	0.2	Small peptides	0.2	Tripeptides	0.2	2.0	0.25116032	ISDB	http://www.wikidata.org/entity/Q77503831	LTUMHXPXPQDFAN-AVGNSLFASA-N	InChI=1S/C17H27N5O4/c1-9(2)6-13(22-14(23)11-7-12(11)16(25)26)15(24)19-5-3-4-10-8-20-17(18)21-10/h8-9,11-13H,3-7H2,1-2H3,(H,19,24)(H,22,23)(H,25,26)(H3,18,20,21)/t11-,12-,13-/m0/s1	CC(C)C[C@H](NC(=O)[C@H]1C[C@@H]1C(=O)O)C(=O)NCCCc1c[nH]c(=N)[nH]1	C17H27N5O4		365.206304344	(1S,2S)-2-[[(2S)-1-[3-(2-amino-1H-imidazol-5-yl)propylamino]-4-methyl-1-oxopentan-2-yl]carbamoyl]cyclopropane-1-carboxylic acid	LTUMHXPXPQDFAN	Amino acids and Peptides	Small peptides	Tripeptides	http://www.wikidata.org/entity/Q10414566	Aphanoascus fulvescens	883764.0	['Eukaryota']	['Fungi']	['Ascomycota']	['Eurotiomycetes']	['Onygenales']	['Onygenaceae']	['Unknown']	['Aphanoascus']	['Aphanoascus fulvescens']											0	3	2.50464129447937	1
258	-1							1.0	0.59196633	ISDB	http://www.wikidata.org/entity/Q111241567	OVPYIUNCVSOVNF-ZPFDUUQYSA-N	InChI=1S/C16H28N4O5/c1-3-9(2)13(18)14(22)19-10(6-7-12(17)21)15(23)20-8-4-5-11(20)16(24)25/h9-11,13H,3-8,18H2,1-2H3,(H2,17,21)(H,19,22)(H,24,25)/t9-,10-,11-,13-/m0/s1	CC[C@H](C)[C@H](N)C(=O)N[C@@H](CCC(N)=O)C(=O)N1CCC[C@H]1C(=O)O	C16H28N4O5		356.205969996	H-Ile-Gln-Pro-OH	OVPYIUNCVSOVNF	Amino acids and Peptides	Small peptides	Tripeptides	http://www.wikidata.org/entity/Q17189730	Arthrospira platensis	827405.0	['Bacteria']	['Unknown']	['Cyanobacteria']	['Unknown']	['Unknown']	['Unknown']	['Unknown']	['Arthrospira']	['Arthrospira platensis']		['Bacteria']									1	0	3.3678653240203857	1
252	1	Amino acids and Peptides	0.12195121951219512	Small peptides	0.10975609756097561	Tripeptides	0.07317073170731707	1.0	0.5120584	ISDB	http://www.wikidata.org/entity/Q27140681	PDQDCFBVYXEFSD-SRVKXCTJSA-N	InChI=1S/C16H29N3O6/c1-8(2)5-10(17)14(22)18-11(6-9(3)4)15(23)19-12(16(24)25)7-13(20)21/h8-12H,5-7,17H2,1-4H3,(H,18,22)(H,19,23)(H,20,21)(H,24,25)/t10-,11-,12-/m0/s1	CC(C)C[C@H](NC(=O)[C@@H](N)CC(C)C)C(=O)N[C@@H](CC(=O)O)C(=O)O	C16H29N3O6		359.205635648	Leu-Leu-Asp	PDQDCFBVYXEFSD	Amino acids and Peptides	Small peptides	Tripeptides	http://www.wikidata.org/entity/Q33244	Trypanosoma brucei	494245.0	['Eukaryota']	['Unknown']	['Unknown']	['Unknown']	['Kinetoplastea']	['Unknown']	['Unknown']	['Trypanosoma']	['Trypanosoma brucei']											0	3	3.5482335090637207	1
250	7	Amino acids and Peptides	0.47619047619047616	Small peptides	0.4642857142857143	Dipeptides	0.42857142857142855	1.0	0.51786566	ISDB	http://www.wikidata.org/entity/Q27145074	YSGSDAIMSCVPHG-YUMQZZPRSA-N	InChI=1S/C10H20N2O3S/c1-6(2)8(11)9(13)12-7(10(14)15)4-5-16-3/h6-8H,4-5,11H2,1-3H3,(H,12,13)(H,14,15)/t7-,8-/m0/s1	CSCC[C@H](NC(=O)[C@@H](N)C(C)C)C(=O)O	C10H20N2O3S		248.1194635	Valyl-Methionine	YSGSDAIMSCVPHG	Amino acids and Peptides	Small peptides	Dipeptides	http://www.wikidata.org/entity/Q4688339	Aeromonas veronii	704628.0	['Bacteria']	['Unknown']	['Proteobacteria']	['Gammaproteobacteria']	['Aeromonadales']	['Aeromonadaceae']	['Unknown']	['Aeromonas']	['Aeromonas veronii']											0	3	3.571462631225586	1
248	3	Amino acids and Peptides	0.16666666666666666	Small peptides	0.16666666666666666	Dipeptides	0.16666666666666666	1.0	0.0	MS1_match	http://www.wikidata.org/entity/Q27137780	XLUAWXQORJEMBD-YUMQZZPRSA-N	InChI=1S/C10H16N2O2/c1-6(2)8-10(14)12-5-3-4-7(12)9(13)11-8/h6-8H,3-5H2,1-2H3,(H,11,13)/t7-,8-/m0/s1	CC(C)[C@@H]1NC(=O)[C@@H]2CCCN2C1=O	C10H16N2O2	pos_1_1proton1ethylamine	196.121177752	cyclo(L-Pro-L-Val)	XLUAWXQORJEMBD	Amino acids and Peptides	Small peptides	Dipeptides	http://www.wikidata.org/entity/Q31856	Pseudomonas aeruginosa	216671.0	['Bacteria']	['Unknown']	['Proteobacteria']	['Gammaproteobacteria']	['Pseudomonadales']	['Pseudomonadaceae']	['Unknown']	['Pseudomonas']	['Pseudomonas aeruginosa']		['Bacteria']		['Proteobacteria']	['Gammaproteobacteria']	['Pseudomonadales']	['Pseudomonadaceae']		['Pseudomonas']	['Pseudomonas aeruginosa']	7	3	8.5	1
240	-1							1.0	0.8117668	ISDB	http://www.wikidata.org/entity/Q179894	GHOKWGTUZJEAQD-UHFFFAOYSA-N	InChI=1S/C9H17NO5/c1-9(2,5-11)7(14)8(15)10-4-3-6(12)13/h7,11,14H,3-5H2,1-2H3,(H,10,15)(H,12,13)	CC(C)(CO)C(O)C(=O)NCCC(=O)O	C9H17NO5		219.110672644	DL-Pantothenic acid	GHOKWGTUZJEAQD	Amino acids and Peptides	Small peptides	Dipeptides	http://www.wikidata.org/entity/Q31856	Pseudomonas aeruginosa	216671.0	['Bacteria']	['Unknown']	['Proteobacteria']	['Gammaproteobacteria']	['Pseudomonadales']	['Pseudomonadaceae']	['Unknown']	['Pseudomonas']	['Pseudomonas aeruginosa']		['Bacteria']		['Proteobacteria']	['Gammaproteobacteria']	['Pseudomonadales']	['Pseudomonadaceae']		['Pseudomonas']	['Pseudomonas aeruginosa']	7	0	10.247067213058472	1
238	4	Alkaloids	0.6	Histidine alkaloids	0.2	Imidazole alkaloids	0.2	1.0	0.7202555	ISDB	http://www.wikidata.org/entity/Q83077184	QYFSHTYKVAOVJM-UWVGGRQHSA-N	InChI=1S/C12H18N4O2/c1-7(2)3-9-11(17)16-10(12(18)15-9)4-8-5-13-6-14-8/h5-7,9-10H,3-4H2,1-2H3,(H,13,14)(H,15,18)(H,16,17)/t9-,10-/m0/s1	CC(C)C[C@@H]1NC(=O)[C@H](Cc2cnc[nH]2)NC1=O	C12H18N4O2		250.142975816	Cyclo(histidyl-leucyl)	QYFSHTYKVAOVJM				http://www.wikidata.org/entity/Q131238	Bacillus subtilis	1084928.0	['Bacteria']	['Unknown']	['Firmicutes']	['Bacilli']	['Bacillales']	['Bacillaceae']	['Unknown']	['Bacillus']	['Bacillus subtilis']											0	0	2.8810219764709473	1
234	7	Amino acids and Peptides	0.47619047619047616	Small peptides	0.4642857142857143	Dipeptides	0.42857142857142855	1.0	0.65775627	ISDB	http://www.wikidata.org/entity/Q27143866	VEYJKJORLPYVLO-RYUDHWBXSA-N	InChI=1S/C14H20N2O4/c1-8(2)12(15)13(18)16-11(14(19)20)7-9-3-5-10(17)6-4-9/h3-6,8,11-12,17H,7,15H2,1-2H3,(H,16,18)(H,19,20)/t11-,12-/m0/s1	CC(C)[C@H](N)C(=O)N[C@@H](Cc1ccc(O)cc1)C(=O)O	C14H20N2O4		280.14230712	Val-Tyr	VEYJKJORLPYVLO	Amino acids and Peptides	Small peptides	Dipeptides	http://www.wikidata.org/entity/Q33244	Trypanosoma brucei	494245.0	['Eukaryota']	['Unknown']	['Unknown']	['Unknown']	['Kinetoplastea']	['Unknown']	['Unknown']	['Trypanosoma']	['Trypanosoma brucei']											0	3	4.131025075912476	1
231	7	Amino acids and Peptides	0.47619047619047616	Small peptides	0.4642857142857143	Dipeptides	0.42857142857142855	2.0	0.6311755	ISDB	http://www.wikidata.org/entity/Q27144970	BQBCIBCLXBKYHW-CSMHCCOUSA-N	InChI=1S/C10H20N2O4/c1-5(2)4-7(10(15)16)12-9(14)8(11)6(3)13/h5-8,13H,4,11H2,1-3H3,(H,12,14)(H,15,16)/t6-,7+,8+/m1/s1	CC(C)C[C@H](NC(=O)[C@@H](N)[C@@H](C)O)C(=O)O	C10H20N2O4		232.14230712	Thr-Leu	BQBCIBCLXBKYHW	Amino acids and Peptides	Small peptides	Dipeptides	http://www.wikidata.org/entity/Q7912606	Valsa sordida	382306.0	['Eukaryota']	['Fungi']	['Ascomycota']	['Sordariomycetes']	['Diaporthales']	['Valsaceae']	['Unknown']	['Valsa']	['Valsa sordida']											0	3	4.024702072143555	1
230	-1							1.0	0.3647466	ISDB	http://www.wikidata.org/entity/Q105245638	RUIOLPSOXWTQMI-MYMJXMRCSA-N	InChI=1S/C55H83N17O22/c1-27(77)43-52(89)59-15-4-3-8-30(46(83)64-33(11-7-19-71(94)26-76)49(86)68-44(28(2)78)53(90)69-43)63-47(84)32(10-6-18-70(93)25-75)66-51(88)36(24-74)67-48(85)31(9-5-16-60-55(56)57)65-50(87)35(23-73)61-41-14-17-58-45-34(62-42(82)13-12-38(79)54(91)92)20-29-21-39(80)40(81)22-37(29)72(41)45/h20-22,25-28,30-33,35-36,41,43-44,58,61,73-74,77-78,80,93-94H,3-19,23-24H2,1-2H3,(H,59,89)(H,62,82)(H,63,84)(H,64,83)(H,65,87)(H,66,88)(H,67,85)(H,68,86)(H,69,90)(H,91,92)(H4,56,57,60)/t27-,28-,30+,31+,32+,33+,35-,36-,41+,43+,44+/m1/s1	C[C@@H](O)[C@@H]1NC(=O)[C@H](CCCN(O)C=O)NC(=O)[C@@H](NC(=O)[C@H](CCCN(O)C=O)NC(=O)[C@@H](CO)NC(=O)[C@H](CCCNC(=N)N)NC(=O)[C@@H](CO)N[C@@H]2CCNc3c(NC(=O)CCC(=O)C(=O)O)cc4cc(O)c(=O)cc-4n32)CCCCNC(=O)[C@H]([C@@H](C)O)NC1=O	C55H83N17O22		1333.589857296	Pyoverdine Pa-B	RUIOLPSOXWTQMI	Amino acids and Peptides	Oligopeptides	Cyclic peptides	http://www.wikidata.org/entity/Q31856	Pseudomonas aeruginosa	216671.0	['Bacteria']	['Unknown']	['Proteobacteria']	['Gammaproteobacteria']	['Pseudomonadales']	['Pseudomonadaceae']	['Unknown']	['Pseudomonas']	['Pseudomonas aeruginosa']		['Bacteria']		['Proteobacteria']	['Gammaproteobacteria']	['Pseudomonadales']	['Pseudomonadaceae']		['Pseudomonas']	['Pseudomonas aeruginosa']	7	0	8.458986401557922	1
225	7	Amino acids and Peptides	0.47619047619047616	Small peptides	0.4642857142857143	Dipeptides	0.42857142857142855	1.0	0.0	MS1_match	http://www.wikidata.org/entity/Q27105294	DWAKNKKXGALPNW-BYPYZUCNSA-N	InChI=1S/C5H7NO2/c7-5(8)4-2-1-3-6-4/h3-4H,1-2H2,(H,7,8)/t4-/m0/s1	O=C(O)[C@@H]1CCC=N1	C5H7NO2	pos_2MH	113.047678464	(S)-1-pyrroline-5-carboxylate	DWAKNKKXGALPNW	Amino acids and Peptides	Small peptides	Aminoacids	http://www.wikidata.org/entity/Q31856	Pseudomonas aeruginosa	216671.0	['Bacteria']	['Unknown']	['Proteobacteria']	['Gammaproteobacteria']	['Pseudomonadales']	['Pseudomonadaceae']	['Unknown']	['Pseudomonas']	['Pseudomonas aeruginosa']		['Bacteria']		['Proteobacteria']	['Gammaproteobacteria']	['Pseudomonadales']	['Pseudomonadaceae']		['Pseudomonas']	['Pseudomonas aeruginosa']	7	2	8.0	1
223	-1							1.0	0.7015391	ISDB	http://www.wikidata.org/entity/Q27140595	DKEXFJVMVGETOO-LURJTMIESA-N	InChI=1S/C8H16N2O3/c1-5(2)3-6(8(12)13)10-7(11)4-9/h5-6H,3-4,9H2,1-2H3,(H,10,11)(H,12,13)/t6-/m0/s1	CC(C)C[C@H](NC(=O)CN)C(=O)O	C8H16N2O3		188.116092372	(2S)-2-[(2-azaniumylacetyl)amino]-4-methylpentanoate	DKEXFJVMVGETOO	Amino acids and Peptides	Small peptides	Dipeptides	http://www.wikidata.org/entity/Q221179	Streptococcus pneumoniae	699152.0	['Bacteria']	['Unknown']	['Firmicutes']	['Bacilli']	['Lactobacillales']	['Streptococcaceae']	['Unknown']	['Streptococcus']	['Streptococcus pneumoniae']											0	0	2.8061563968658447	1
218	18	Polyketides	0.1					1.0	0.28451157	ISDB									ZJZNLRVCZWUONM							['Unknown']	['Unknown']	['Unknown']	['Unknown']	['Unknown']	['Unknown']	['Unknown']	['Unknown']	['Unknown']											0	0	1.1380462646484375	1
217	7	Amino acids and Peptides	0.47619047619047616	Small peptides	0.4642857142857143	Dipeptides	0.42857142857142855	3.0	0.48227188	ISDB	http://www.wikidata.org/entity/Q105033926	HUNKOLLSBWNBAS-ZKWXMUAHSA-N	InChI=1S/C11H18N2O4/c1-3-6(2)9-11(17)12-7(10(16)13-9)4-5-8(14)15/h6-7,9H,3-5H2,1-2H3,(H,12,17)(H,13,16)(H,14,15)/t6-,7-,9-/m0/s1	CC[C@H](C)[C@@H]1NC(=O)[C@H](CCC(=O)O)NC1=O	C11H18N2O4		242.126657056	3-[(2S,5S)-5-[(2S)-butan-2-yl]-3,6-dioxopiperazin-2-yl]propanoic acid	HUNKOLLSBWNBAS	Amino acids and Peptides	Small peptides	Dipeptides	http://www.wikidata.org/entity/Q104838133	Streptomyces nigra	5883224.0	['Bacteria']	['Unknown']	['Actinobacteria']	['Unknown']	['Streptomycetales']	['Streptomycetaceae']	['Unknown']	['Streptomyces']	['Streptomyces nigra']											0	3	3.429087519645691	1
205	122	Amino acids and Peptides	0.5	Oligopeptides	0.5	Linear peptides	0.5	1.0	0.0	MS1_match	http://www.wikidata.org/entity/Q104394560	HHNRZTHSVKSURP-KJBDUEPGSA-N	InChI=1S/C55H84N18O21/c1-27(78)43(52(90)65-30(8-3-4-15-59-25-76)46(84)66-33-11-7-19-72(94)54(33)92)70-53(91)44(28(2)79)69-48(86)32(10-6-18-71(93)26-77)64-49(87)35(23-74)67-47(85)31(9-5-16-61-55(57)58)63-50(88)36(24-75)68-51(89)37-14-17-60-45-34(62-42(83)13-12-41(56)82)20-29-21-39(80)40(81)22-38(29)73(37)45/h20-22,25-28,30-33,35-37,43-44,60,74-75,78-80,93-94H,3-19,23-24H2,1-2H3,(H2,56,82)(H,59,76)(H,62,83)(H,63,88)(H,64,87)(H,65,90)(H,66,84)(H,67,85)(H,68,89)(H,69,86)(H,70,91)(H4,57,58,61)/t27-,28-,30+,31+,32+,33-,35-,36-,37+,43+,44+/m1/s1	C[C@@H](O)[C@H](NC(=O)[C@H](CCCN(O)C=O)NC(=O)[C@@H](CO)NC(=O)[C@H](CCCNC(=N)N)NC(=O)[C@@H](CO)NC(=O)[C@@H]1CCNc2c(NC(=O)CCC(N)=O)cc3cc(O)c(=O)cc-3n21)C(=O)N[C@H](C(=O)N[C@@H](CCCCNC=O)C(=O)N[C@@H]1CCCN(O)C1=O)[C@@H](C)O	C55H84N18O21	pos_2_2proton	1332.605841708	Pyoverdine Pa	HHNRZTHSVKSURP	Amino acids and Peptides	Oligopeptides	Linear peptides	http://www.wikidata.org/entity/Q31856	Pseudomonas aeruginosa	216671.0	['Bacteria']	['Unknown']	['Proteobacteria']	['Gammaproteobacteria']	['Pseudomonadales']	['Pseudomonadaceae']	['Unknown']	['Pseudomonas']	['Pseudomonas aeruginosa']		['Bacteria']		['Proteobacteria']	['Gammaproteobacteria']	['Pseudomonadales']	['Pseudomonadaceae']		['Pseudomonas']	['Pseudomonas aeruginosa']	7	3	8.5	1
205	122	Amino acids and Peptides	0.5	Oligopeptides	0.5	Linear peptides	0.5	1.0	0.0	MS1_match	http://www.wikidata.org/entity/Q105227907	QTSUWBVHPRTSMB-FQZZUHABSA-N	InChI=1S/C55H84N18O21/c1-27(77)43(52(89)65-30(8-3-4-15-56)46(83)66-33-11-7-19-72(93)54(33)91)70-53(90)44(28(2)78)69-48(85)32(10-6-18-71(92)25-75)63-49(86)35(23-74)67-47(84)31(9-5-16-61-55(58)59)64-50(87)36(24-94-26-76)68-51(88)37-14-17-60-45-34(62-42(82)13-12-41(57)81)20-29-21-39(79)40(80)22-38(29)73(37)45/h17,20-22,25-28,30-33,35-37,43-45,74,77-80,92-93H,3-16,18-19,23-24,56H2,1-2H3,(H2,57,81)(H,62,82)(H,63,86)(H,64,87)(H,65,89)(H,66,83)(H,67,84)(H,68,88)(H,69,85)(H,70,90)(H4,58,59,61)/t27-,28-,30-,31-,32-,33-,35+,36+,37-,43-,44-,45-/m0/s1	C[C@H](O)[C@H](NC(=O)[C@H](CCCN(O)C=O)NC(=O)[C@@H](CO)NC(=O)[C@H](CCCNC(=N)N)NC(=O)[C@@H](COC=O)NC(=O)[C@@H]1CC=N[C@@H]2C(NC(=O)CCC(N)=O)=Cc3cc(O)c(O)cc3N21)C(=O)N[C@H](C(=O)N[C@@H](CCCCN)C(=O)N[C@H]1CCCN(O)C1=O)[C@H](C)O	C55H84N18O21	pos_2_2proton	1332.605841708	[(2R)-2-[[(1S,4aR)-5-[(4-amino-4-oxobutanoyl)amino]-8,9-dihydroxy-2,4a-dihydro-1H-pyrimido[1,2-a]quinoline-1-carbonyl]amino]-3-[[(2S)-1-[[(2R)-1-[[(2S)-1-[[(2S,3S)-1-[[(2S,3S)-1-[[(2S)-6-amino-1-[[(3S)-1-hydroxy-2-oxopiperidin-3-yl]amino]-1-oxohexan-2-yl]amino]-3-hydroxy-1-oxobutan-2-yl]amino]-3-hydroxy-1-oxobutan-2-yl]amino]-5-[formyl(hydroxy)amino]-1-oxopentan-2-yl]amino]-3-hydroxy-1-oxopropan-2-yl]amino]-5-(diaminomethylideneamino)-1-oxopentan-2-yl]amino]-3-oxopropyl] formate	QTSUWBVHPRTSMB	Amino acids and Peptides	Oligopeptides	Linear peptides	http://www.wikidata.org/entity/Q31856	Pseudomonas aeruginosa	216671.0	['Bacteria']	['Unknown']	['Proteobacteria']	['Gammaproteobacteria']	['Pseudomonadales']	['Pseudomonadaceae']	['Unknown']	['Pseudomonas']	['Pseudomonas aeruginosa']		['Bacteria']		['Proteobacteria']	['Gammaproteobacteria']	['Pseudomonadales']	['Pseudomonadaceae']		['Pseudomonas']	['Pseudomonas aeruginosa']	7	3	8.5	1
204	69	Alkaloids	0.5	Small peptides	0.5	Piperidine alkaloids	0.5	1.0	0.0	MS1_match	http://www.wikidata.org/entity/Q27887010	ODHCTXKNWHHXJC-UHFFFAOYSA-N	InChI=1S/C5H7NO3/c7-4-2-1-3(6-4)5(8)9/h3H,1-2H2,(H,6,7)(H,8,9)	O=C1CCC(C(=O)O)N1	C5H7NO3	pos_1_1proton1isopropanol	129.042593084	DL-Pyroglutamic acid	ODHCTXKNWHHXJC	Amino acids and Peptides	Small peptides	Aminoacids	http://www.wikidata.org/entity/Q2738168	Pseudomonas putida	619502.0	['Bacteria']	['Unknown']	['Proteobacteria']	['Gammaproteobacteria']	['Pseudomonadales']	['Pseudomonadaceae']	['Unknown']	['Pseudomonas']	['Pseudomonas putida']		['Bacteria']		['Proteobacteria']	['Gammaproteobacteria']	['Pseudomonadales']	['Pseudomonadaceae']		['Pseudomonas']		6	2	7.0	1
204	69	Alkaloids	0.5	Small peptides	0.5	Piperidine alkaloids	0.5	1.0	0.0	MS1_match	http://www.wikidata.org/entity/Q5509478	PNOKUGWGMLEAPE-JKUQZMGJSA-N	InChI=1S/C7H11NO3/c1-4-2-3-5(11-4)6(8)7(9)10/h2-6H,8H2,1H3,(H,9,10)/t4-,5+,6-/m0/s1	C[C@H]1C=C[C@H]([C@H](N)C(=O)O)O1	C7H11NO3	pos_1_1proton1methanol	157.073893212	Furanomycin	PNOKUGWGMLEAPE	Amino acids and Peptides	Small peptides	Aminoacids	http://www.wikidata.org/entity/Q135292	Pseudomonas fluorescens	22658.0	['Bacteria']	['Unknown']	['Proteobacteria']	['Gammaproteobacteria']	['Pseudomonadales']	['Pseudomonadaceae']	['Unknown']	['Pseudomonas']	['Pseudomonas fluorescens']		['Bacteria']		['Proteobacteria']	['Gammaproteobacteria']	['Pseudomonadales']	['Pseudomonadaceae']		['Pseudomonas']		6	2	7.0	1
201	7	Amino acids and Peptides	0.47619047619047616	Small peptides	0.4642857142857143	Dipeptides	0.42857142857142855	1.0	0.8534807	ISDB	http://www.wikidata.org/entity/Q27144925	NFDYGNFETJVMSE-BQBZGAKWSA-N	InChI=1S/C9H18N2O4/c1-5(2)3-7(9(14)15)11-8(13)6(10)4-12/h5-7,12H,3-4,10H2,1-2H3,(H,11,13)(H,14,15)/t6-,7-/m0/s1	CC(C)C[C@H](NC(=O)[C@@H](N)CO)C(=O)O	C9H18N2O4		218.126657056	Ser-Leu	NFDYGNFETJVMSE	Amino acids and Peptides	Small peptides	Dipeptides	http://www.wikidata.org/entity/Q4688339	Aeromonas veronii	704628.0	['Bacteria']	['Unknown']	['Proteobacteria']	['Gammaproteobacteria']	['Aeromonadales']	['Aeromonadaceae']	['Unknown']	['Aeromonas']	['Aeromonas veronii']											0	3	4.9139227867126465	1
200	1	Amino acids and Peptides	0.12195121951219512	Small peptides	0.10975609756097561	Tripeptides	0.07317073170731707	1.0	0.24169996	ISDB	http://www.wikidata.org/entity/Q77511151	OWRDBHAORITUMQ-NUPLKXSGSA-N	InChI=1S/C12H21N3O4/c1-5(2)9(13)11(17)14-10(12(18)19)6-3-8(16)7-4-15(6)7/h5-10,16H,3-4,13H2,1-2H3,(H,14,17)(H,18,19)/t6?,7?,8?,9-,10?,15?/m0/s1	CC(C)[C@H](N)C(=O)NC(C(=O)O)C1CC(O)C2CN21	C12H21N3O4		271.153206152	Vazabitide A	OWRDBHAORITUMQ	Amino acids and Peptides	Small peptides	Dipeptides	http://www.wikidata.org/entity/Q1144013	Streptomyces	772892.0	['Bacteria']	['Unknown']	['Actinobacteria']	['Unknown']	['Streptomycetales']	['Streptomycetaceae']	['Unknown']	['Streptomyces']	['Unknown']											0	2	1.9667998552322388	1
195	-1							1.0	0.2252547	ISDB	http://www.wikidata.org/entity/Q105280741	UXEVFTFWWUXKCP-UHFFFAOYSA-N	InChI=1S/C26H30N2O5/c1-20(16-19-33-26(31)22-11-13-23(32-2)14-12-22)25(30)28-18-7-6-17-27-24(29)15-10-21-8-4-3-5-9-21/h3-5,8-16H,6-7,17-19H2,1-2H3,(H,27,29)(H,28,30)	COc1ccc(C(=O)OCC=C(C)C(=O)NCCCCNC(=O)C=Cc2ccccc2)cc1	C26H30N2O5		450.21547206	[3-Methyl-4-oxo-4-[4-(3-phenylprop-2-enoylamino)butylamino]but-2-enyl] 4-methoxybenzoate	UXEVFTFWWUXKCP	Alkaloids	Ornithine alkaloids	Polyamines	http://www.wikidata.org/entity/Q4692765	Aglaia cucullata	978997.0	['Eukaryota']	['Archaeplastida']	['Streptophyta']	['Magnoliopsida']	['Sapindales']	['Meliaceae']	['Unknown']	['Aglaia']	['Aglaia cucullata']											0	0	0.9010187983512878	1
191	1	Amino acids and Peptides	0.12195121951219512	Small peptides	0.10975609756097561	Tripeptides	0.07317073170731707	1.0	0.60102576	ISDB	http://www.wikidata.org/entity/Q77419757	LOOAMPJDSIVZQC-IEZWGBDMSA-N	InChI=1S/C19H25NO3/c1-4-13-11-16(21)19(3)14(13)8-7-12(2)10-17(19)23-18(22)15-6-5-9-20-15/h7-8,11,15,17,20H,4-6,9-10H2,1-3H3/t15-,17-,19-/m0/s1	CCC1=CC(=O)[C@]2(C)C1=CC=C(C)C[C@@H]2OC(=O)[C@@H]1CCCN1	C19H25NO3		315.18344366	Aculene A	LOOAMPJDSIVZQC	Terpenoids	Sesquiterpenoids	Daucane sesquiterpenoids	http://www.wikidata.org/entity/Q4807886	Aspergillus aculeatus	277140.0	['Eukaryota']	['Fungi']	['Ascomycota']	['Eurotiomycetes']	['Eurotiales']	['Trichocomaceae']	['Unknown']	['Aspergillus']	['Aspergillus aculeatus']											0	0	2.4041030406951904	1
187	18	Polyketides	0.1					1.0	0.45778036	ISDB									FXJIAFNALAAWRV							['Unknown']	['Unknown']	['Unknown']	['Unknown']	['Unknown']	['Unknown']	['Unknown']	['Unknown']	['Unknown']											0	0	1.8311214447021484	1
186	15	Shikimates and Phenylpropanoids	0.6666666666666666	Phenylpropanoids (C6-C3)	0.6666666666666666	Cinnamic acids and derivatives	0.6666666666666666	1.0	0.72714424	ISDB	http://www.wikidata.org/entity/Q76303514	BSDNZCQPDVTDET-HWKANZROSA-N	InChI=1S/C9H8O2/c10-7-3-5-8-4-1-2-6-9(8)11/h1-7,11H/b5-3+	O=C/C=C/c1ccccc1O	C9H8O2		148.052429496	2-Hydroxycinnamaldehyde	BSDNZCQPDVTDET	Shikimates and Phenylpropanoids	Phenylpropanoids (C6-C3)	Cinnamic acids and derivatives	http://www.wikidata.org/entity/Q204148	Cinnamomum cassia	130606.0	['Eukaryota']	['Archaeplastida']	['Streptophyta']	['Magnoliopsida']	['Laurales']	['Lauraceae']	['Unknown']	['Cinnamomum']	['Cinnamomum aromaticum']											0	3	4.408576965332031	1
183	21	Amino acids and Peptides	0.6666666666666666	Small peptides	0.3333333333333333	Dipeptides	0.3333333333333333	1.0	0.20979561	ISDB	http://www.wikidata.org/entity/Q106026383	KYPMKDGKAYQCHO-RYUDHWBXSA-N	InChI=1S/C14H20N2O4S/c1-21-7-6-12(14(19)20)16-13(18)11(15)8-9-2-4-10(17)5-3-9/h2-5,11-12,17H,6-8,15H2,1H3,(H,16,18)(H,19,20)/t11-,12-/m0/s1	CSCC[C@H](NC(=O)[C@@H](N)Cc1ccc(O)cc1)C(=O)O	C14H20N2O4S		312.11437812	Tyrosyl-Methionine	KYPMKDGKAYQCHO	Amino acids and Peptides	Small peptides	Dipeptides	http://www.wikidata.org/entity/Q4688339	Aeromonas veronii	704628.0	['Bacteria']	['Unknown']	['Proteobacteria']	['Gammaproteobacteria']	['Aeromonadales']	['Aeromonadaceae']	['Unknown']	['Aeromonas']	['Aeromonas veronii']											0	3	2.339182436466217	1
182	-1							1.0	0.42971823	ISDB	http://www.wikidata.org/entity/Q105264328	SZQNZZPMXSFUDT-CSKARUKUSA-N	InChI=1S/C21H32N4O3/c1-16(2)11-14-25-21(22)24-13-6-5-12-23-20(26)10-8-17-7-9-18(27-3)19(15-17)28-4/h7-11,15H,5-6,12-14H2,1-4H3,(H,23,26)(H3,22,24,25)/b10-8+	COc1ccc(/C=C/C(=O)NCCCCNC(=N)NCC=C(C)C)cc1OC	C21H32N4O3		388.24744088400007	Caracasanamide	SZQNZZPMXSFUDT	Alkaloids	Ornithine alkaloids	Polyamines	http://www.wikidata.org/entity/Q104884495	Verbesina caracasana	7605747.0	['Eukaryota']	['Archaeplastida']	['Streptophyta']	['Magnoliopsida']	['Asterales']	['Asteraceae']	['Heliantheae']	['Verbesina']	['Verbesina caracasana']											0	0	1.7188729047775269	1
179	22	Amino acids and Peptides	0.4666666666666667	Small peptides	0.4666666666666667	Dipeptides	0.4666666666666667	1.0	0.6672224	ISDB	http://www.wikidata.org/entity/Q27144134	PQBHGSGQZSOLIR-RYUDHWBXSA-N	InChI=1S/C15H23N5O3/c16-11(7-4-8-19-15(17)18)13(21)20-12(14(22)23)9-10-5-2-1-3-6-10/h1-3,5-6,11-12H,4,7-9,16H2,(H,20,21)(H,22,23)(H4,17,18,19)/t11-,12-/m0/s1	N=C(N)NCCC[C@H](N)C(=O)N[C@@H](Cc1ccccc1)C(=O)O	C15H23N5O3		321.180089596	Arginylphenylalanine	PQBHGSGQZSOLIR	Amino acids and Peptides	Small peptides	Dipeptides	http://www.wikidata.org/entity/Q309852	Euglena gracilis	1073327.0	['Eukaryota']	['Unknown']	['Euglenida']	['Euglenophyceae']	['Unknown']	['Euglenaceae']	['Unknown']	['Euglena']	['Euglena gracilis']											0	3	4.16888952255249	1
177	94	Amino acids and Peptides	0.25	Small peptides	0.25	Linear sesterterpenoids	0.25	1.0	0.2555761	ISDB	http://www.wikidata.org/entity/Q83076918	KMJMUFMAMDFUQZ-UHOSZYNNSA-N	InChI=1S/C22H32N4O4/c1-15(2)13-19(25-20(28)16(3)23-4)22(30)26(11-12-27)21(29)18(24-5)14-17-9-7-6-8-10-17/h6-10,12,16,18-19,23-24H,1,11,13-14H2,2-5H3,(H,25,28)/t16-,18+,19-/m0/s1	C=C(C)C[C@H](NC(=O)[C@H](C)NC)C(=O)N(CC=O)C(=O)[C@@H](Cc1ccccc1)NC	C22H32N4O4		416.242355504	Dihydrotentoxin	KMJMUFMAMDFUQZ	Amino acids and Peptides	Small peptides	Tripeptides	http://www.wikidata.org/entity/Q2704244	Alternaria alternata	464784.0	['Eukaryota']	['Fungi']	['Ascomycota']	['Dothideomycetes']	['Pleosporales']	['Pleosporaceae']	['Unknown']	['Alternaria']	['Alternaria alternata']											0	2	2.02230441570282	1
174	7	Amino acids and Peptides	0.47619047619047616	Small peptides	0.4642857142857143	Dipeptides	0.42857142857142855	1.0	0.83041024	ISDB	http://www.wikidata.org/entity/Q27144972	IQHUITKNHOKGFC-MIMYLULJSA-N	InChI=1S/C13H18N2O4/c1-8(16)11(14)12(17)15-10(13(18)19)7-9-5-3-2-4-6-9/h2-6,8,10-11,16H,7,14H2,1H3,(H,15,17)(H,18,19)/t8-,10+,11+/m1/s1	C[C@@H](O)[C@H](N)C(=O)N[C@@H](Cc1ccccc1)C(=O)O	C13H18N2O4		266.126657056	Threonylphenylalanine	IQHUITKNHOKGFC	Amino acids and Peptides	Small peptides	Dipeptides	http://www.wikidata.org/entity/Q221179	Streptococcus pneumoniae	699152.0	['Bacteria']	['Unknown']	['Firmicutes']	['Bacilli']	['Lactobacillales']	['Streptococcaceae']	['Unknown']	['Streptococcus']	['Streptococcus pneumoniae']											0	3	4.821640968322754	1
173	52	Amino acids and Peptides	0.5	Peptide alkaloids	0.5			1.0	0.7042333	ISDB	http://www.wikidata.org/entity/Q105269475	UBLWFFBGMBRBMC-VQVTYTSYSA-N	InChI=1S/C9H14N2O3/c1-5(12)7-9(14)11-4-2-3-6(11)8(13)10-7/h5-7,12H,2-4H2,1H3,(H,10,13)/t5-,6+,7+/m1/s1	C[C@@H](O)[C@@H]1NC(=O)[C@@H]2CCCN2C1=O	C9H14N2O3		198.100442308	Cyclo(-Pro-Thr)	UBLWFFBGMBRBMC	Amino acids and Peptides			http://www.wikidata.org/entity/Q104838133	Streptomyces nigra	5883224.0	['Bacteria']	['Unknown']	['Actinobacteria']	['Unknown']	['Streptomycetales']	['Streptomycetaceae']	['Unknown']	['Streptomyces']	['Streptomyces nigra']											0	1	3.3169331550598145	1
165	4	Alkaloids	0.6	Histidine alkaloids	0.2	Imidazole alkaloids	0.2	1.0	0.71457076	ISDB	http://www.wikidata.org/entity/Q83077184	QYFSHTYKVAOVJM-UWVGGRQHSA-N	InChI=1S/C12H18N4O2/c1-7(2)3-9-11(17)16-10(12(18)15-9)4-8-5-13-6-14-8/h5-7,9-10H,3-4H2,1-2H3,(H,13,14)(H,15,18)(H,16,17)/t9-,10-/m0/s1	CC(C)C[C@@H]1NC(=O)[C@H](Cc2cnc[nH]2)NC1=O	C12H18N4O2		250.142975816	Cyclo(histidyl-leucyl)	QYFSHTYKVAOVJM				http://www.wikidata.org/entity/Q131238	Bacillus subtilis	1084928.0	['Bacteria']	['Unknown']	['Firmicutes']	['Bacilli']	['Bacillales']	['Bacillaceae']	['Unknown']	['Bacillus']	['Bacillus subtilis']											0	0	2.858283042907715	1
162	7	Amino acids and Peptides	0.47619047619047616	Small peptides	0.4642857142857143	Dipeptides	0.42857142857142855	1.0	0.870545	ISDB	http://www.wikidata.org/entity/Q188017	OUYCCCASQSFEME-QMMMGPOBSA-N	InChI=1S/C9H11NO3/c10-8(9(12)13)5-6-1-3-7(11)4-2-6/h1-4,8,11H,5,10H2,(H,12,13)/t8-/m0/s1	N[C@@H](Cc1ccc(O)cc1)C(=O)O	C9H11NO3		181.073893212	(2S)-2-ammonio-3-(4-hydroxyphenyl)propanoate	OUYCCCASQSFEME	Amino acids and Peptides	Small peptides	Aminoacids	http://www.wikidata.org/entity/Q31856	Pseudomonas aeruginosa	216671.0	['Bacteria']	['Unknown']	['Proteobacteria']	['Gammaproteobacteria']	['Pseudomonadales']	['Pseudomonadaceae']	['Unknown']	['Pseudomonas']	['Pseudomonas aeruginosa']		['Bacteria']		['Proteobacteria']	['Gammaproteobacteria']	['Pseudomonadales']	['Pseudomonadaceae']		['Pseudomonas']	['Pseudomonas aeruginosa']	7	2	11.482180118560791	1
161	79	Fatty acids	0.5	Fatty Acids and Conjugates	0.5	Branched fatty acids	0.5	6.0	0.0	MS1_match	http://www.wikidata.org/entity/Q27115748	YJVOWRAWFXRESP-ZCFIWIBFSA-N	InChI=1S/C6H10O4/c1-3-6(2,10)4(7)5(8)9/h10H,3H2,1-2H3,(H,8,9)/t6-/m1/s1	CC[C@@](C)(O)C(=O)C(=O)O	C6H10O4	pos_1_1proton2acetonitrile	146.0579088	(R)-3-hydroxy-3-methyl-2-oxopentanoic acid	YJVOWRAWFXRESP	Fatty acids	Fatty Acids and Conjugates	Branched fatty acids	http://www.wikidata.org/entity/Q31856	Pseudomonas aeruginosa	216671.0	['Bacteria']	['Unknown']	['Proteobacteria']	['Gammaproteobacteria']	['Pseudomonadales']	['Pseudomonadaceae']	['Unknown']	['Pseudomonas']	['Pseudomonas aeruginosa']		['Bacteria']		['Proteobacteria']	['Gammaproteobacteria']	['Pseudomonadales']	['Pseudomonadaceae']		['Pseudomonas']	['Pseudomonas aeruginosa']	7	3	8.5	1
160	54	Alkaloids	0.5	Tryptophan alkaloids	0.5	Aspidosperma type	0.5	1.0	0.48770714	ISDB	http://www.wikidata.org/entity/Q105144676	KQOTZCMTYZMKDE-PYJZQUQOSA-N	InChI=1S/C19H22N2O/c22-15-10-19-11-18(15)7-3-8-21-9-6-13(17(18)21)16(19)12-4-1-2-5-14(12)20-19/h1-2,4-5,13,16-17,20H,3,6-11H2/t13-,16-,17-,18-,19+/m1/s1	O=C1C[C@]23C[C@]14CCCN1CC[C@H]([C@H]2c2ccccc2N3)[C@@H]14	C19H22N2O		294.173213324	(1S,4R,12S,13R,20R)-5,16-diazahexacyclo[11.6.1.11,4.04,12.06,11.016,20]henicosa-6,8,10-trien-2-one	KQOTZCMTYZMKDE	Alkaloids	Tryptophan alkaloids	Aspidosperma type	http://www.wikidata.org/entity/Q15358625	Kopsia teoi	6068090.0	['Eukaryota']	['Archaeplastida']	['Streptophyta']	['Magnoliopsida']	['Gentianales']	['Apocynaceae']	['Vinceae']	['Kopsia']	['Kopsia teoi']											0	3	3.4508285522460938	1
154	2	Amino acids and Peptides	0.5	Small peptides	0.5	Dipeptides	0.5	1.0	0.85005033	ISDB	http://www.wikidata.org/entity/Q27457463	ZRJHYOXNWCMGMW-YUMQZZPRSA-N	InChI=1S/C11H19N5O2/c12-11(13)14-5-1-3-7-10(18)16-6-2-4-8(16)9(17)15-7/h7-8H,1-6H2,(H,15,17)(H4,12,13,14)/t7-,8-/m0/s1	N=C(N)NCCC[C@@H]1NC(=O)[C@@H]2CCCN2C1=O	C11H19N5O2		253.153874848	Cyclo-(L-arginine-L-proline) inhibitor	ZRJHYOXNWCMGMW	Amino acids and Peptides	Small peptides	Dipeptides	http://www.wikidata.org/entity/Q104838133	Streptomyces nigra	5883224.0	['Bacteria']	['Unknown']	['Actinobacteria']	['Unknown']	['Streptomycetales']	['Streptomycetaceae']	['Unknown']	['Streptomyces']	['Streptomyces nigra']											0	3	4.900201320648193	1
153	-1							1.0	0.4593783	ISDB									XTJMNWQRGOWLAL							['Unknown']	['Unknown']	['Unknown']	['Unknown']	['Unknown']	['Unknown']	['Unknown']	['Unknown']	['Unknown']											0	0	1.8375132083892822	1
145	22	Amino acids and Peptides	0.4666666666666667	Small peptides	0.4666666666666667	Dipeptides	0.4666666666666667	2.0	0.7125341	ISDB	http://www.wikidata.org/entity/Q27144130	QYLJIYOGHRGUIH-CIUDSAMLSA-N	InChI=1S/C12H25N5O3/c1-3-7(2)9(11(19)20)17-10(18)8(13)5-4-6-16-12(14)15/h7-9H,3-6,13H2,1-2H3,(H,17,18)(H,19,20)(H4,14,15,16)/t7-,8-,9-/m0/s1	CC[C@H](C)[C@H](NC(=O)[C@@H](N)CCCNC(=N)N)C(=O)O	C12H25N5O3		287.19573966	Arg-Ile	QYLJIYOGHRGUIH	Amino acids and Peptides	Small peptides	Dipeptides	http://www.wikidata.org/entity/Q15978631	Homo sapiens	770315.0	['Eukaryota']	['Metazoa']	['Chordata']	['Mammalia']	['Primates']	['Hominidae']	['Unknown']	['Homo']	['Homo sapiens']											0	3	4.3501365184783936	1
140	-1							1.0	0.49622875	ISDB									KUWNGKYAKRWUKJ							['Unknown']	['Unknown']	['Unknown']	['Unknown']	['Unknown']	['Unknown']	['Unknown']	['Unknown']	['Unknown']											0	0	1.984915018081665	1
134	-1							1.0	0.5509491	ISDB	http://www.wikidata.org/entity/Q27143824	MALNXHYEPCSPPU-UWVGGRQHSA-N	InChI=1S/C12H16N2O5/c13-9(6-15)11(17)14-10(12(18)19)5-7-1-3-8(16)4-2-7/h1-4,9-10,15-16H,5-6,13H2,(H,14,17)(H,18,19)/t9-,10-/m0/s1	N[C@@H](CO)C(=O)N[C@@H](Cc1ccc(O)cc1)C(=O)O	C12H16N2O5		268.105921612	Ser-Tyr	MALNXHYEPCSPPU	Amino acids and Peptides	Small peptides	Dipeptides	http://www.wikidata.org/entity/Q177932	Brassica napus	309234.0	['Eukaryota']	['Archaeplastida']	['Streptophyta']	['Magnoliopsida']	['Brassicales']	['Brassicaceae']	['Brassiceae']	['Brassica']	['Brassica napus']											0	0	2.20379638671875	1
130	7	Amino acids and Peptides	0.47619047619047616	Small peptides	0.4642857142857143	Dipeptides	0.42857142857142855	1.0	0.9061458	ISDB	http://www.wikidata.org/entity/Q27140599	XBGGUPMXALFZOT-VIFPVBQESA-N	InChI=1S/C11H14N2O4/c12-6-10(15)13-9(11(16)17)5-7-1-3-8(14)4-2-7/h1-4,9,14H,5-6,12H2,(H,13,15)(H,16,17)/t9-/m0/s1	NCC(=O)N[C@@H](Cc1ccc(O)cc1)C(=O)O	C11H14N2O4		238.095356928	CID 6994980	XBGGUPMXALFZOT	Amino acids and Peptides	Small peptides	Dipeptides	http://www.wikidata.org/entity/Q33244	Trypanosoma brucei	494245.0	['Eukaryota']	['Unknown']	['Unknown']	['Unknown']	['Kinetoplastea']	['Unknown']	['Unknown']	['Trypanosoma']	['Trypanosoma brucei']											0	3	5.1245832443237305	1
125	7	Amino acids and Peptides	0.47619047619047616	Small peptides	0.4642857142857143	Dipeptides	0.42857142857142855	1.0	0.7940681	ISDB									GVRKWABULJAONN							['Unknown']	['Unknown']	['Unknown']	['Unknown']	['Unknown']	['Unknown']	['Unknown']	['Unknown']	['Unknown']											0	0	3.176272392272949	1
122	3	Amino acids and Peptides	0.16666666666666666	Small peptides	0.16666666666666666	Dipeptides	0.16666666666666666	1.0	0.65535533	ISDB	http://www.wikidata.org/entity/Q104199204	VBSSYYRKWADWMM-UHFFFAOYSA-N	InChI=1S/C11H19N3O2/c1-7(2)5-8-6-13-9(11(16)14-8)3-4-10(12)15/h6-7,9,13H,3-5H2,1-2H3,(H2,12,15)(H,14,16)	CC(C)CC1=CNC(CCC(N)=O)C(=O)N1	C11H19N3O2		225.147726848	Glulisine A	VBSSYYRKWADWMM	Alkaloids	Peptide alkaloids		http://www.wikidata.org/entity/Q683881	Aspergillus nidulans	117339.0	['Eukaryota']	['Fungi']	['Ascomycota']	['Eurotiomycetes']	['Eurotiales']	['Trichocomaceae']	['Unknown']	['Aspergillus']	['Aspergillus nidulans']											0	0	2.6214213371276855	1
121	22	Amino acids and Peptides	0.4666666666666667	Small peptides	0.4666666666666667	Dipeptides	0.4666666666666667	1.0	0.5166119	ISDB	http://www.wikidata.org/entity/Q27142242	OZILORBBPKKGRI-RYUDHWBXSA-N	InChI=1S/C15H23N5O3/c16-11(9-10-5-2-1-3-6-10)13(21)20-12(14(22)23)7-4-8-19-15(17)18/h1-3,5-6,11-12H,4,7-9,16H2,(H,20,21)(H,22,23)(H4,17,18,19)/t11-,12-/m0/s1	N=C(N)NCCC[C@H](NC(=O)[C@@H](N)Cc1ccccc1)C(=O)O	C15H23N5O3		321.180089596	Phe-arg	OZILORBBPKKGRI	Amino acids and Peptides	Small peptides	Dipeptides	http://www.wikidata.org/entity/Q4688339	Aeromonas veronii	704628.0	['Bacteria']	['Unknown']	['Proteobacteria']	['Gammaproteobacteria']	['Aeromonadales']	['Aeromonadaceae']	['Unknown']	['Aeromonas']	['Aeromonas veronii']											0	3	3.5664474964141846	1
118	4	Alkaloids	0.6	Histidine alkaloids	0.2	Imidazole alkaloids	0.2	1.0	0.0	MS1_match	http://www.wikidata.org/entity/Q105120784	IUQZLPOODRVXJP-UHFFFAOYSA-N	InChI=1S/C11H10N2O3/c1-16-9-5-7(11(12)15)13-10-6(9)3-2-4-8(10)14/h2-5,14H,1H3,(H2,12,15)	COc1cc(C(N)=O)nc2c(O)cccc12	C11H10N2O3	pos_1_1proton2acetonitrile	218.06914218	8-Hydroxy-4-methoxyquinoline-2-carboxamide	IUQZLPOODRVXJP	Alkaloids	Anthranilic acid alkaloids		http://www.wikidata.org/entity/Q135292	Pseudomonas fluorescens	22658.0	['Bacteria']	['Unknown']	['Proteobacteria']	['Gammaproteobacteria']	['Pseudomonadales']	['Pseudomonadaceae']	['Unknown']	['Pseudomonas']	['Pseudomonas fluorescens']		['Bacteria']		['Proteobacteria']	['Gammaproteobacteria']	['Pseudomonadales']	['Pseudomonadaceae']		['Pseudomonas']		6	1	6.5	1
117	7	Amino acids and Peptides	0.47619047619047616	Small peptides	0.4642857142857143	Dipeptides	0.42857142857142855	2.0	0.35912192	ISDB	http://www.wikidata.org/entity/Q27141931	KAKJTZWHIUWTTD-VQVTYTSYSA-N	InChI=1S/C9H18N2O4S/c1-5(12)7(9(14)15)11-8(13)6(10)3-4-16-2/h5-7,12H,3-4,10H2,1-2H3,(H,11,13)(H,14,15)/t5-,6+,7+/m1/s1	CSCC[C@H](N)C(=O)N[C@H](C(=O)O)[C@@H](C)O	C9H18N2O4S		250.098728056	Met-Thr	KAKJTZWHIUWTTD	Amino acids and Peptides	Small peptides	Dipeptides	http://www.wikidata.org/entity/Q33244	Trypanosoma brucei	494245.0	['Eukaryota']	['Unknown']	['Unknown']	['Unknown']	['Kinetoplastea']	['Unknown']	['Unknown']	['Trypanosoma']	['Trypanosoma brucei']											0	3	2.9364876747131348	1
113	16	Amino acids and Peptides	0.21428571428571427	Small peptides	0.21428571428571427	Dipeptides	0.21428571428571427	1.0	0.58627766	ISDB	http://www.wikidata.org/entity/Q27144738	ATIPDCIQTUXABX-UWVGGRQHSA-N	InChI=1S/C12H25N3O3/c1-8(2)7-10(12(17)18)15-11(16)9(14)5-3-4-6-13/h8-10H,3-7,13-14H2,1-2H3,(H,15,16)(H,17,18)/t9-,10-/m0/s1	CC(C)C[C@H](NC(=O)[C@@H](N)CCCCN)C(=O)O	C12H25N3O3		259.18959166	Lys-Leu	ATIPDCIQTUXABX	Amino acids and Peptides	Small peptides	Dipeptides	http://www.wikidata.org/entity/Q221179	Streptococcus pneumoniae	699152.0	['Bacteria']	['Unknown']	['Firmicutes']	['Bacilli']	['Lactobacillales']	['Streptococcaceae']	['Unknown']	['Streptococcus']	['Streptococcus pneumoniae']											0	3	3.8451106548309326	1
105	22	Amino acids and Peptides	0.4666666666666667	Small peptides	0.4666666666666667	Dipeptides	0.4666666666666667	1.0	0.70485026	ISDB	http://www.wikidata.org/entity/Q27144130	QYLJIYOGHRGUIH-CIUDSAMLSA-N	InChI=1S/C12H25N5O3/c1-3-7(2)9(11(19)20)17-10(18)8(13)5-4-6-16-12(14)15/h7-9H,3-6,13H2,1-2H3,(H,17,18)(H,19,20)(H4,14,15,16)/t7-,8-,9-/m0/s1	CC[C@H](C)[C@H](NC(=O)[C@@H](N)CCCNC(=N)N)C(=O)O	C12H25N5O3		287.19573966	Arg-Ile	QYLJIYOGHRGUIH	Amino acids and Peptides	Small peptides	Dipeptides	http://www.wikidata.org/entity/Q15978631	Homo sapiens	770315.0	['Eukaryota']	['Metazoa']	['Chordata']	['Mammalia']	['Primates']	['Hominidae']	['Unknown']	['Homo']	['Homo sapiens']											0	3	4.319401025772095	1
100	7	Amino acids and Peptides	0.47619047619047616	Small peptides	0.4642857142857143	Dipeptides	0.42857142857142855	2.0	0.0	MS1_match	http://www.wikidata.org/entity/Q179894	GHOKWGTUZJEAQD-UHFFFAOYSA-N	InChI=1S/C9H17NO5/c1-9(2,5-11)7(14)8(15)10-4-3-6(12)13/h7,11,14H,3-5H2,1-2H3,(H,10,15)(H,12,13)	CC(C)(CO)C(O)C(=O)NCCC(=O)O	C9H17NO5	pos_1_1proton1acetonitrile	219.110672644	DL-Pantothenic acid	GHOKWGTUZJEAQD	Amino acids and Peptides	Small peptides	Dipeptides	http://www.wikidata.org/entity/Q31856	Pseudomonas aeruginosa	216671.0	['Bacteria']	['Unknown']	['Proteobacteria']	['Gammaproteobacteria']	['Pseudomonadales']	['Pseudomonadaceae']	['Unknown']	['Pseudomonas']	['Pseudomonas aeruginosa']		['Bacteria']		['Proteobacteria']	['Gammaproteobacteria']	['Pseudomonadales']	['Pseudomonadaceae']		['Pseudomonas']	['Pseudomonas aeruginosa']	7	3	8.5	1
98	21	Amino acids and Peptides	0.6666666666666666	Small peptides	0.3333333333333333	Dipeptides	0.3333333333333333	1.0	0.23201917	ISDB									HDXYLJVWTXFAMK							['Unknown']	['Unknown']	['Unknown']	['Unknown']	['Unknown']	['Unknown']	['Unknown']	['Unknown']	['Unknown']											0	0	0.9280766844749451	1
97	7	Amino acids and Peptides	0.47619047619047616	Small peptides	0.4642857142857143	Dipeptides	0.42857142857142855	1.0	0.77015823	ISDB	http://www.wikidata.org/entity/Q27140488	ALZVPLKYDKJKQU-XVKPBYJWSA-N	InChI=1S/C12H16N2O4/c1-7(13)11(16)14-10(12(17)18)6-8-2-4-9(15)5-3-8/h2-5,7,10,15H,6,13H2,1H3,(H,14,16)(H,17,18)/t7-,10-/m0/s1	C[C@H](N)C(=O)N[C@@H](Cc1ccc(O)cc1)C(=O)O	C12H16N2O4		252.111006992	CID 7010480	ALZVPLKYDKJKQU	Amino acids and Peptides	Small peptides	Dipeptides	http://www.wikidata.org/entity/Q33244	Trypanosoma brucei	494245.0	['Eukaryota']	['Unknown']	['Unknown']	['Unknown']	['Kinetoplastea']	['Unknown']	['Unknown']	['Trypanosoma']	['Trypanosoma brucei']											0	3	4.580632925033569	1
96	4	Alkaloids	0.6	Histidine alkaloids	0.2	Imidazole alkaloids	0.2	1.0	0.7501926	ISDB	http://www.wikidata.org/entity/Q105162945	MFPVJZYQYCDQAD-UHFFFAOYSA-N	InChI=1S/C11H16N4O2/c16-10-9-2-1-3-15(9)11(17)8(14-10)4-7-5-12-6-13-7/h6-9H,1-5H2,(H,12,13)(H,14,16)	O=C1NC(CC2CN=CN2)C(=O)N2CCCC12	C11H16N4O2		236.127325752	3-(4,5-dihydro-1H-imidazol-5-ylmethyl)-2,3,6,7,8,8a-hexahydropyrrolo[1,2-a]pyrazine-1,4-dione	MFPVJZYQYCDQAD	Alkaloids	Lysine alkaloids		http://www.wikidata.org/entity/Q104838133	Streptomyces nigra	5883224.0	['Bacteria']	['Unknown']	['Actinobacteria']	['Unknown']	['Streptomycetales']	['Streptomycetaceae']	['Unknown']	['Streptomyces']	['Streptomyces nigra']		['Bacteria']									1	1	4.500770330429077	1
95	7	Amino acids and Peptides	0.47619047619047616	Small peptides	0.4642857142857143	Dipeptides	0.42857142857142855	4.0	0.28443572	ISDB	http://www.wikidata.org/entity/Q77371242	CLSAEXZTTQJZHA-VHRDEZTHSA-N	InChI=1S/C14H18N2O6/c1-7(18)12(14(21)22)16-13(20)10(15)5-8-2-3-11(19)9(4-8)6-17/h2-4,6-7,10,12,18-19H,5,15H2,1H3,(H,16,20)(H,21,22)/t7-,10+,12+/m1/s1	C[C@@H](O)[C@H](NC(=O)[C@@H](N)Cc1ccc(O)c(C=O)c1)C(=O)O	C14H18N2O6		310.116486296	3-formyl-L-tyrosinyl-L-threonine	CLSAEXZTTQJZHA	Amino acids and Peptides	Small peptides	Dipeptides	http://www.wikidata.org/entity/Q7254503	Pseudoalteromonas tunicata	962415.0	['Bacteria']	['Unknown']	['Proteobacteria']	['Gammaproteobacteria']	['Alteromonadales']	['Pseudoalteromonadaceae']	['Unknown']	['Pseudoalteromonas']	['Pseudoalteromonas tunicata']		['Bacteria']		['Proteobacteria']	['Gammaproteobacteria']						3	3	5.637742877006531	1
94	-1							1.0	0.40011597	ISDB	http://www.wikidata.org/entity/Q27137211	SITLTJHOQZFJGG-XPUUQOCRSA-N	InChI=1S/C10H18N2O5/c1-5(2)8(10(16)17)12-9(15)6(11)3-4-7(13)14/h5-6,8H,3-4,11H2,1-2H3,(H,12,15)(H,13,14)(H,16,17)/t6-,8-/m0/s1	CC(C)[C@H](NC(=O)[C@@H](N)CCC(=O)O)C(=O)O	C10H18N2O5		246.121571676	(2S)-2-[[(2S)-2-azaniumyl-4-carboxybutanoyl]amino]-3-methylbutanoate	SITLTJHOQZFJGG	Amino acids and Peptides	Small peptides	Dipeptides	http://www.wikidata.org/entity/Q33244	Trypanosoma brucei	494245.0	['Eukaryota']	['Unknown']	['Unknown']	['Unknown']	['Kinetoplastea']	['Unknown']	['Unknown']	['Trypanosoma']	['Trypanosoma brucei']											0	0	1.6004638671875	1
91	-1							1.0	0.7538639	ISDB									FSHURBQASBLAPO							['Unknown']	['Unknown']	['Unknown']	['Unknown']	['Unknown']	['Unknown']	['Unknown']	['Unknown']	['Unknown']											0	0	3.015455484390259	1
85	22	Amino acids and Peptides	0.4666666666666667	Small peptides	0.4666666666666667	Dipeptides	0.4666666666666667	1.0	0.5334843	ISDB	http://www.wikidata.org/entity/Q27142242	OZILORBBPKKGRI-RYUDHWBXSA-N	InChI=1S/C15H23N5O3/c16-11(9-10-5-2-1-3-6-10)13(21)20-12(14(22)23)7-4-8-19-15(17)18/h1-3,5-6,11-12H,4,7-9,16H2,(H,20,21)(H,22,23)(H4,17,18,19)/t11-,12-/m0/s1	N=C(N)NCCC[C@H](NC(=O)[C@@H](N)Cc1ccccc1)C(=O)O	C15H23N5O3		321.180089596	Phe-arg	OZILORBBPKKGRI	Amino acids and Peptides	Small peptides	Dipeptides	http://www.wikidata.org/entity/Q4688339	Aeromonas veronii	704628.0	['Bacteria']	['Unknown']	['Proteobacteria']	['Gammaproteobacteria']	['Aeromonadales']	['Aeromonadaceae']	['Unknown']	['Aeromonas']	['Aeromonas veronii']											0	3	3.633937120437622	1
78	-1							1.0	0.7271586	ISDB	http://www.wikidata.org/entity/Q27140605	XGDCYUQSFDQISZ-BQBZGAKWSA-N	InChI=1S/C9H18N2O4/c1-5(2)3-6(10)8(13)11-7(4-12)9(14)15/h5-7,12H,3-4,10H2,1-2H3,(H,11,13)(H,14,15)/t6-,7-/m0/s1	CC(C)C[C@H](N)C(=O)N[C@@H](CO)C(=O)O	C9H18N2O4		218.126657056	Leu-Ser	XGDCYUQSFDQISZ	Amino acids and Peptides	Small peptides	Dipeptides	http://www.wikidata.org/entity/Q182881	Panax ginseng	524063.0	['Eukaryota']	['Archaeplastida']	['Streptophyta']	['Magnoliopsida']	['Apiales']	['Araliaceae']	['Unknown']	['Panax']	['Panax ginseng']											0	0	2.9086344242095947	1
75	7	Amino acids and Peptides	0.47619047619047616	Small peptides	0.4642857142857143	Dipeptides	0.42857142857142855	1.0	0.8150046	ISDB	http://www.wikidata.org/entity/Q188017	OUYCCCASQSFEME-QMMMGPOBSA-N	InChI=1S/C9H11NO3/c10-8(9(12)13)5-6-1-3-7(11)4-2-6/h1-4,8,11H,5,10H2,(H,12,13)/t8-/m0/s1	N[C@@H](Cc1ccc(O)cc1)C(=O)O	C9H11NO3		181.073893212	(2S)-2-ammonio-3-(4-hydroxyphenyl)propanoate	OUYCCCASQSFEME	Amino acids and Peptides	Small peptides	Aminoacids	http://www.wikidata.org/entity/Q31856	Pseudomonas aeruginosa	216671.0	['Bacteria']	['Unknown']	['Proteobacteria']	['Gammaproteobacteria']	['Pseudomonadales']	['Pseudomonadaceae']	['Unknown']	['Pseudomonas']	['Pseudomonas aeruginosa']		['Bacteria']		['Proteobacteria']	['Gammaproteobacteria']	['Pseudomonadales']	['Pseudomonadaceae']		['Pseudomonas']	['Pseudomonas aeruginosa']	7	2	11.260018348693848	1
74	15	Shikimates and Phenylpropanoids	0.6666666666666666	Phenylpropanoids (C6-C3)	0.6666666666666666	Cinnamic acids and derivatives	0.6666666666666666	2.0	0.30910194	ISDB	http://www.wikidata.org/entity/Q99374	NGSWKAQJJWESNS-ZZXKWVIFSA-N	InChI=1S/C9H8O3/c10-8-4-1-7(2-5-8)3-6-9(11)12/h1-6,10H,(H,11,12)/b6-3+	O=C(O)/C=C/c1ccc(O)cc1	C9H8O3		164.047344116	4-Hydroxycinnamic acid	NGSWKAQJJWESNS	Shikimates and Phenylpropanoids	Phenylpropanoids (C6-C3)	Cinnamic acids and derivatives	http://www.wikidata.org/entity/Q221179	Streptococcus pneumoniae	699152.0	['Bacteria']	['Unknown']	['Firmicutes']	['Bacilli']	['Lactobacillales']	['Streptococcaceae']	['Unknown']	['Streptococcus']	['Streptococcus pneumoniae']		['Bacteria']									1	3	3.73640775680542	1
71	70	Amino acids and Peptides	0.5	Small peptides	0.5	Aminoacids	0.5	1.0	0.5721706	ISDB	http://www.wikidata.org/entity/Q27231231	YOZSEGPJAXTSFZ-ZETCQYMHSA-N	InChI=1S/C8H10N2O3/c9-7(8(12)13)3-5-1-2-6(11)4-10-5/h1-2,4,7,11H,3,9H2,(H,12,13)/t7-/m0/s1	N[C@@H](Cc1ccc(O)cn1)C(=O)O	C8H10N2O3		182.06914218	Azatyrosine	YOZSEGPJAXTSFZ	Amino acids and Peptides	Small peptides	Aminoacids	http://www.wikidata.org/entity/Q26291557	Streptomyces olivaceoviridis	153081.0	['Bacteria']	['Unknown']	['Actinobacteria']	['Unknown']	['Streptomycetales']	['Streptomycetaceae']	['Unknown']	['Streptomyces']	['Streptomyces olivaceoviridis']		['Bacteria']									1	3	4.788682460784912	1
68	-1							1.0	0.26400146	ISDB	http://www.wikidata.org/entity/Q105292780	VTJRQLJOIUWHBZ-CIUDSAMLSA-N	InChI=1S/C11H24N4O3/c1-6(2)3-8(10(14)17)15-11(18)9(16)4-7(13)5-12/h6-9,16H,3-5,12-13H2,1-2H3,(H2,14,17)(H,15,18)/t7-,8-,9-/m0/s1	CC(C)C[C@H](NC(=O)[C@@H](O)C[C@H](N)CN)C(N)=O	C11H24N4O3		260.184840628	(2S)-2-[[(2S,4S)-4,5-diamino-2-hydroxypentanoyl]amino]-4-methylpentanamide	VTJRQLJOIUWHBZ	Amino acids and Peptides	Small peptides	Dipeptides	http://www.wikidata.org/entity/Q1144013	Streptomyces	772892.0	['Bacteria']	['Unknown']	['Actinobacteria']	['Unknown']	['Streptomycetales']	['Streptomycetaceae']	['Unknown']	['Streptomyces']	['Unknown']											0	0	1.056005835533142	1
67	4	Alkaloids	0.6	Histidine alkaloids	0.2	Imidazole alkaloids	0.2	2.0	0.70882326	ISDB	http://www.wikidata.org/entity/Q77381019	VFDJEJCELMPUBS-PTDYZRSTSA-N	InChI=1S/C11H14N4O2/c1-6(2)9-11(17)14-8(10(16)15-9)3-7-4-12-5-13-7/h3-6,9H,1-2H3,(H,12,13)(H,14,17)(H,15,16)/b8-3-/t9-/m1/s1	CC(C)[C@H]1NC(=O)/C(=C/c2cnc[nH]2)NC1=O	C11H14N4O2		234.111675688	(3Z,6R)-3-(1H-imidazol-5-ylmethylidene)-6-propan-2-ylpiperazine-2,5-dione	VFDJEJCELMPUBS	Alkaloids	Histidine alkaloids	Imidazole alkaloids	http://www.wikidata.org/entity/Q1144013	Streptomyces	772892.0	['Bacteria']	['Unknown']	['Actinobacteria']	['Unknown']	['Streptomycetales']	['Streptomycetaceae']	['Unknown']	['Streptomyces']	['Unknown']		['Bacteria']									1	3	5.3352930545806885	1
66	16	Amino acids and Peptides	0.21428571428571427	Small peptides	0.21428571428571427	Dipeptides	0.21428571428571427	1.0	0.2669203	ISDB									DCTIDBRLUYVPBC							['Unknown']	['Unknown']	['Unknown']	['Unknown']	['Unknown']	['Unknown']	['Unknown']	['Unknown']	['Unknown']											0	0	1.0676811933517456	1
65	59	Amino acids and Peptides	1.0	Small peptides	1.0	Dipeptides	1.0	2.0	0.54525435	ISDB	http://www.wikidata.org/entity/Q104992193	FADYJNXDPBKVCA-UHFFFAOYSA-N	InChI=1S/C15H23N3O3/c16-9-5-4-8-13(15(20)21)18-14(19)12(17)10-11-6-2-1-3-7-11/h1-3,6-7,12-13H,4-5,8-10,16-17H2,(H,18,19)(H,20,21)	NCCCCC(NC(=O)C(N)Cc1ccccc1)C(=O)O	C15H23N3O3		293.173941596	6-Amino-2-[(2-amino-3-phenylpropanoyl)amino]hexanoic acid	FADYJNXDPBKVCA	Amino acids and Peptides	Small peptides	Dipeptides	http://www.wikidata.org/entity/Q157853	Phytolacca americana	216619.0	['Eukaryota']	['Archaeplastida']	['Streptophyta']	['Magnoliopsida']	['Caryophyllales']	['Phytolaccaceae']	['Unknown']	['Phytolacca']	['Phytolacca americana']											0	3	3.6810173988342285	1
64	7	Amino acids and Peptides	0.47619047619047616	Small peptides	0.4642857142857143	Dipeptides	0.42857142857142855	1.0	0.79695356	ISDB	http://www.wikidata.org/entity/Q27144932	ILVGMCVCQBJPSH-WDSKDSINSA-N	InChI=1S/C8H16N2O4/c1-4(2)6(8(13)14)10-7(12)5(9)3-11/h4-6,11H,3,9H2,1-2H3,(H,10,12)(H,13,14)/t5-,6-/m0/s1	CC(C)[C@H](NC(=O)[C@@H](N)CO)C(=O)O	C8H16N2O4		204.111006992	Ser-Val	ILVGMCVCQBJPSH	Amino acids and Peptides	Small peptides	Dipeptides	http://www.wikidata.org/entity/Q4688339	Aeromonas veronii	704628.0	['Bacteria']	['Unknown']	['Proteobacteria']	['Gammaproteobacteria']	['Aeromonadales']	['Aeromonadaceae']	['Unknown']	['Aeromonas']	['Aeromonas veronii']											0	3	4.687814235687256	1
60	7	Amino acids and Peptides	0.47619047619047616	Small peptides	0.4642857142857143	Dipeptides	0.42857142857142855	1.0	0.9248688	ISDB	http://www.wikidata.org/entity/Q27106873	MMFKFJORZBJVNF-UWVGGRQHSA-N	InChI=1S/C12H20N4O3/c1-7(2)3-10(12(18)19)16-11(17)9(13)4-8-5-14-6-15-8/h5-7,9-10H,3-4,13H2,1-2H3,(H,14,15)(H,16,17)(H,18,19)/t9-,10-/m0/s1	CC(C)C[C@H](NC(=O)[C@@H](N)Cc1cnc[nH]1)C(=O)O	C12H20N4O3		268.1535405	Histidylleucine zwitterion	MMFKFJORZBJVNF	Amino acids and Peptides	Small peptides	Dipeptides	http://www.wikidata.org/entity/Q306939	Apis cerana	625771.0	['Eukaryota']	['Metazoa']	['Arthropoda']	['Insecta']	['Hymenoptera']	['Apidae']	['Apini']	['Apis']	['Apis cerana']											0	3	5.199475288391113	1
59	43	Amino acids and Peptides	0.4	Small peptides	0.4	Dipeptides	0.3	2.0	0.38352522	ISDB	http://www.wikidata.org/entity/Q27140587	SXGAGTVDWKQYCX-BQBZGAKWSA-N	InChI=1S/C10H18N2O5S/c1-18-5-4-7(10(16)17)12-9(15)6(11)2-3-8(13)14/h6-7H,2-5,11H2,1H3,(H,12,15)(H,13,14)(H,16,17)/t6-,7-/m0/s1	CSCC[C@H](NC(=O)[C@@H](N)CCC(=O)O)C(=O)O	C10H18N2O5S		278.093642676	Glu-Met	SXGAGTVDWKQYCX	Amino acids and Peptides	Small peptides	Dipeptides	http://www.wikidata.org/entity/Q33244	Trypanosoma brucei	494245.0	['Eukaryota']	['Unknown']	['Unknown']	['Unknown']	['Kinetoplastea']	['Unknown']	['Unknown']	['Trypanosoma']	['Trypanosoma brucei']											0	3	3.034100890159607	1
58	22	Amino acids and Peptides	0.4666666666666667	Small peptides	0.4666666666666667	Dipeptides	0.4666666666666667	1.0	0.70185745	ISDB									XTWSWDJMIKUJDQ							['Unknown']	['Unknown']	['Unknown']	['Unknown']	['Unknown']	['Unknown']	['Unknown']	['Unknown']	['Unknown']											0	0	2.807429790496826	1
55	-1							1.0	0.7558273	ISDB									WZUJXVZQPZOEFE							['Unknown']	['Unknown']	['Unknown']	['Unknown']	['Unknown']	['Unknown']	['Unknown']	['Unknown']	['Unknown']											0	0	3.0233092308044434	1
53	43	Amino acids and Peptides	0.4	Small peptides	0.4	Dipeptides	0.3	1.0	0.7493581	ISDB	http://www.wikidata.org/entity/Q27141931	KAKJTZWHIUWTTD-VQVTYTSYSA-N	InChI=1S/C9H18N2O4S/c1-5(12)7(9(14)15)11-8(13)6(10)3-4-16-2/h5-7,12H,3-4,10H2,1-2H3,(H,11,13)(H,14,15)/t5-,6+,7+/m1/s1	CSCC[C@H](N)C(=O)N[C@H](C(=O)O)[C@@H](C)O	C9H18N2O4S		250.098728056	Met-Thr	KAKJTZWHIUWTTD	Amino acids and Peptides	Small peptides	Dipeptides	http://www.wikidata.org/entity/Q33244	Trypanosoma brucei	494245.0	['Eukaryota']	['Unknown']	['Unknown']	['Unknown']	['Kinetoplastea']	['Unknown']	['Unknown']	['Trypanosoma']	['Trypanosoma brucei']											0	3	4.497432470321655	1
51	16	Amino acids and Peptides	0.21428571428571427	Small peptides	0.21428571428571427	Dipeptides	0.21428571428571427	1.0	0.66102326	ISDB	http://www.wikidata.org/entity/Q27141917	MYTOTTSMVMWVJN-STQMWFEESA-N	InChI=1S/C15H23N3O4/c16-8-2-1-3-12(17)14(20)18-13(15(21)22)9-10-4-6-11(19)7-5-10/h4-7,12-13,19H,1-3,8-9,16-17H2,(H,18,20)(H,21,22)/t12-,13-/m0/s1	NCCCC[C@H](N)C(=O)N[C@@H](Cc1ccc(O)cc1)C(=O)O	C15H23N3O4		309.168856216	Lys-Tyr	MYTOTTSMVMWVJN	Amino acids and Peptides	Small peptides	Dipeptides	http://www.wikidata.org/entity/Q33244	Trypanosoma brucei	494245.0	['Eukaryota']	['Unknown']	['Unknown']	['Unknown']	['Kinetoplastea']	['Unknown']	['Unknown']	['Trypanosoma']	['Trypanosoma brucei']											0	3	4.144093036651611	1
49	43	Amino acids and Peptides	0.4	Small peptides	0.4	Dipeptides	0.3	1.0	0.8279759	ISDB	http://www.wikidata.org/entity/Q180341	FFEARJCKVFRZRR-UHFFFAOYSA-N	InChI=1S/C5H11NO2S/c1-9-3-2-4(6)5(7)8/h4H,2-3,6H2,1H3,(H,7,8)	CSCCC(N)C(=O)O	C5H11NO2S		149.051049592	2-Amino-4-methylsulfanylbutanoate;hydron	FFEARJCKVFRZRR	Amino acids and Peptides	Small peptides	Aminoacids	http://www.wikidata.org/entity/Q291827	Chlamydomonas reinhardtii	33153.0	['Eukaryota']	['Archaeplastida']	['Chlorophyta']	['Chlorophyceae']	['Chlamydomonadales']	['Chlamydomonadaceae']	['Unknown']	['Chlamydomonas']	['Chlamydomonas reinhardtii']											0	2	4.311903715133667	1
48	-1							1.0	0.33723664	ISDB									KAFIOMPFBSDFPP							['Unknown']	['Unknown']	['Unknown']	['Unknown']	['Unknown']	['Unknown']	['Unknown']	['Unknown']	['Unknown']											0	0	1.3489465713500977	1
45	22	Amino acids and Peptides	0.4666666666666667	Small peptides	0.4666666666666667	Dipeptides	0.4666666666666667	2.0	0.62536156	ISDB	http://www.wikidata.org/entity/Q27140610	SENJXOPIZNYLHU-IUCAKERBSA-N	InChI=1S/C12H25N5O3/c1-7(2)6-8(13)10(18)17-9(11(19)20)4-3-5-16-12(14)15/h7-9H,3-6,13H2,1-2H3,(H,17,18)(H,19,20)(H4,14,15,16)/t8-,9-/m0/s1	CC(C)C[C@H](N)C(=O)N[C@@H](CCCNC(=N)N)C(=O)O	C12H25N5O3		287.19573966	Leucylarginine	SENJXOPIZNYLHU	Amino acids and Peptides	Small peptides	Dipeptides	http://www.wikidata.org/entity/Q33244	Trypanosoma brucei	494245.0	['Eukaryota']	['Unknown']	['Unknown']	['Unknown']	['Kinetoplastea']	['Unknown']	['Unknown']	['Trypanosoma']	['Trypanosoma brucei']											0	3	4.00144624710083	1
43	-1							1.0	0.88419056	ISDB	http://www.wikidata.org/entity/Q173670	ODKSFYDXXFIFQN-BYPYZUCNSA-N	InChI=1S/C6H14N4O2/c7-4(5(11)12)2-1-3-10-6(8)9/h4H,1-3,7H2,(H,11,12)(H4,8,9,10)/t4-/m0/s1	N=C(N)NCCC[C@H](N)C(=O)O	C6H14N4O2		174.111675688	(2S)-2-amino-5-(diaminomethylideneazaniumyl)pentanoate	ODKSFYDXXFIFQN	Amino acids and Peptides	Small peptides	Aminoacids	http://www.wikidata.org/entity/Q900804	Gyromitra esculenta	369457.0	['Eukaryota']	['Fungi']	['Ascomycota']	['Unknown']	['Pezizales']	['Discinaceae']	['Unknown']	['Gyromitra']	['Gyromitra esculenta']											0	0	3.536762237548828	1
41	-1							1.0	0.4164233	ISDB	http://www.wikidata.org/entity/Q104400140	XDCKHCPSQTVMKR-UHFFFAOYSA-N	InChI=1S/C8H15N3O2/c1-13-7(12)5-6-3-2-4-11(6)8(9)10/h6H,2-5H2,1H3,(H3,9,10)	COC(=O)CC1CCCN1C(=N)N	C8H15N3O2		185.11642672	Cimipronidine methyl ester	XDCKHCPSQTVMKR	Alkaloids			http://www.wikidata.org/entity/Q682257	Actaea racemosa	512702.0	['Eukaryota']	['Archaeplastida']	['Streptophyta']	['Magnoliopsida']	['Ranunculales']	['Ranunculaceae']	['Cimicifugeae']	['Actaea']	['Actaea racemosa']											0	0	1.6656931638717651	1
38	-1							11.0	0.24354856	ISDB	http://www.wikidata.org/entity/Q77386792	QOUZNKNYXDVAOK-QNIMBLPESA-N	InChI=1S/C17H19NO3/c1-2-3-4-5-9-12-16(19)18-15(13-17(20)21)14-10-7-6-8-11-14/h2-12,15H,13H2,1H3,(H,18,19)(H,20,21)/b3-2+,5-4+,12-9+/t15-/m0/s1	C/C=C/C=C/C=C/C(=O)N[C@@H](CC(=O)O)c1ccccc1	C17H19NO3		285.136493468	Moiramide A	QOUZNKNYXDVAOK	Alkaloids	Peptide alkaloids	Simple amide alkaloids	http://www.wikidata.org/entity/Q135292	Pseudomonas fluorescens	22658.0	['Bacteria']	['Unknown']	['Proteobacteria']	['Gammaproteobacteria']	['Pseudomonadales']	['Pseudomonadaceae']	['Unknown']	['Pseudomonas']	['Pseudomonas fluorescens']		['Bacteria']		['Proteobacteria']	['Gammaproteobacteria']	['Pseudomonadales']	['Pseudomonadaceae']		['Pseudomonas']		6	0	6.974194228649139	1
34	-1							1.0	0.6357766	ISDB	http://www.wikidata.org/entity/Q110171707	WLXACXSMYVRXAQ-UHFFFAOYSA-N	InChI=1S/C19H19N3O3/c1-5-19(2,3)15-12(11-8-6-7-9-13(11)20-15)10-14-17(24)22(4)18(25)16(23)21-14/h5-10,24H,1H2,2-4H3,(H,21,23)	C=CC(C)(C)C1=Nc2ccccc2C1=Cc1[nH]c(=O)c(=O)n(C)c1O	C19H19N3O3		337.142641468	11-methylneoechinulin E	WLXACXSMYVRXAQ	Alkaloids	Peptide alkaloids	Indole diketopiperazine alkaloids (L-Trp, L-Ala)	http://www.wikidata.org/entity/Q335130	Aspergillus	550772.0	['Eukaryota']	['Fungi']	['Ascomycota']	['Eurotiomycetes']	['Eurotiales']	['Trichocomaceae']	['Unknown']	['Aspergillus']	['Unknown']											0	0	2.5431063175201416	1
31	7	Amino acids and Peptides	0.47619047619047616	Small peptides	0.4642857142857143	Dipeptides	0.42857142857142855	1.0	0.75066006	ISDB	http://www.wikidata.org/entity/Q27145070	UPJONISHZRADBH-XPUUQOCRSA-N	InChI=1S/C10H18N2O5/c1-5(2)8(11)9(15)12-6(10(16)17)3-4-7(13)14/h5-6,8H,3-4,11H2,1-2H3,(H,12,15)(H,13,14)(H,16,17)/t6-,8-/m0/s1	CC(C)[C@H](N)C(=O)N[C@@H](CCC(=O)O)C(=O)O	C10H18N2O5		246.121571676	Val-Glu	UPJONISHZRADBH	Amino acids and Peptides	Small peptides	Dipeptides	http://www.wikidata.org/entity/Q4688339	Aeromonas veronii	704628.0	['Bacteria']	['Unknown']	['Proteobacteria']	['Gammaproteobacteria']	['Aeromonadales']	['Aeromonadaceae']	['Unknown']	['Aeromonas']	['Aeromonas veronii']											0	3	4.502640247344971	1
24	-1							4.0	0.7602252	ISDB	http://www.wikidata.org/entity/Q26995161	WHUUTDBJXJRKMK-VKHMYHEASA-N	InChI=1S/C5H9NO4/c6-3(5(9)10)1-2-4(7)8/h3H,1-2,6H2,(H,7,8)(H,9,10)/t3-/m0/s1	N[C@@H](CCC(=O)O)C(=O)O	C5H9NO4		147.053157768	(2S)-2-amino-5-hydroxy-5-oxopentanoate;hydron	WHUUTDBJXJRKMK	Amino acids and Peptides	Small peptides	Aminoacids	http://www.wikidata.org/entity/Q31856	Pseudomonas aeruginosa	216671.0	['Bacteria']	['Unknown']	['Proteobacteria']	['Gammaproteobacteria']	['Pseudomonadales']	['Pseudomonadaceae']	['Unknown']	['Pseudomonas']	['Pseudomonas aeruginosa']		['Bacteria']		['Proteobacteria']	['Gammaproteobacteria']	['Pseudomonadales']	['Pseudomonadaceae']		['Pseudomonas']	['Pseudomonas aeruginosa']	7	0	10.040900707244873	1
23	22	Amino acids and Peptides	0.4666666666666667	Small peptides	0.4666666666666667	Dipeptides	0.4666666666666667	1.0	0.5908932	ISDB	http://www.wikidata.org/entity/Q27144061	IBIDRSSEHFLGSD-YUMQZZPRSA-N	InChI=1S/C11H23N5O3/c1-6(2)8(12)9(17)16-7(10(18)19)4-3-5-15-11(13)14/h6-8H,3-5,12H2,1-2H3,(H,16,17)(H,18,19)(H4,13,14,15)/t7-,8-/m0/s1	CC(C)[C@H](N)C(=O)N[C@@H](CCCNC(=N)N)C(=O)O	C11H23N5O3		273.180089596	Val-Arg	IBIDRSSEHFLGSD	Amino acids and Peptides	Small peptides	Dipeptides	http://www.wikidata.org/entity/Q4688339	Aeromonas veronii	704628.0	['Bacteria']	['Unknown']	['Proteobacteria']	['Gammaproteobacteria']	['Aeromonadales']	['Aeromonadaceae']	['Unknown']	['Aeromonas']	['Aeromonas veronii']											0	3	3.863572835922241	1
22	27	Amino acids and Peptides	0.3333333333333333	Small peptides	0.3333333333333333	Dipeptides	0.3333333333333333	1.0	0.497383	ISDB	http://www.wikidata.org/entity/Q27140602	QNBYCZTZNOVDMI-HGNGGELXSA-N	InChI=1S/C12H20N4O3/c1-3-7(2)10(13)11(17)16-9(12(18)19)4-8-5-14-6-15-8/h5-7,9-10H,3-4,13H2,1-2H3,(H,14,15)(H,16,17)(H,18,19)/t7-,9-,10-/m0/s1	CC[C@H](C)[C@H](N)C(=O)N[C@@H](Cc1cnc[nH]1)C(=O)O	C12H20N4O3		268.1535405	Ile-His	QNBYCZTZNOVDMI	Amino acids and Peptides	Small peptides	Dipeptides	http://www.wikidata.org/entity/Q33244	Trypanosoma brucei	494245.0	['Eukaryota']	['Unknown']	['Unknown']	['Unknown']	['Kinetoplastea']	['Unknown']	['Unknown']	['Trypanosoma']	['Trypanosoma brucei']											0	3	3.489531993865967	1
21	7	Amino acids and Peptides	0.47619047619047616	Small peptides	0.4642857142857143	Dipeptides	0.42857142857142855	1.0	0.8224832	ISDB									GVRKWABULJAONN							['Unknown']	['Unknown']	['Unknown']	['Unknown']	['Unknown']	['Unknown']	['Unknown']	['Unknown']	['Unknown']											0	0	3.2899327278137207	1
20	59	Amino acids and Peptides	1.0	Small peptides	1.0	Dipeptides	1.0	1.0	0.76194376	ISDB	http://www.wikidata.org/entity/Q27141757	OTXBNHIUIHNGAO-UWVGGRQHSA-N	InChI=1S/C12H25N3O3/c1-8(2)7-9(14)11(16)15-10(12(17)18)5-3-4-6-13/h8-10H,3-7,13-14H2,1-2H3,(H,15,16)(H,17,18)/t9-,10-/m0/s1	CC(C)C[C@H](N)C(=O)N[C@@H](CCCCN)C(=O)O	C12H25N3O3		259.18959166	Leu-Lys	OTXBNHIUIHNGAO	Amino acids and Peptides	Small peptides	Dipeptides	http://www.wikidata.org/entity/Q22718	Ambystoma mexicanum	984726.0	['Eukaryota']	['Metazoa']	['Chordata']	['Amphibia']	['Caudata']	['Ambystomatidae']	['Unknown']	['Ambystoma']	['Ambystoma mexicanum']											0	3	4.547775030136108	1
16	16	Amino acids and Peptides	0.21428571428571427	Small peptides	0.21428571428571427	Dipeptides	0.21428571428571427	1.0	0.55212915	ISDB	http://www.wikidata.org/entity/Q27145073	JKHXYJKMNSSFFL-IUCAKERBSA-N	InChI=1S/C11H23N3O3/c1-7(2)9(13)10(15)14-8(11(16)17)5-3-4-6-12/h7-9H,3-6,12-13H2,1-2H3,(H,14,15)(H,16,17)/t8-,9-/m0/s1	CC(C)[C@H](N)C(=O)N[C@@H](CCCCN)C(=O)O	C11H23N3O3		245.173941596	Valyllysine	JKHXYJKMNSSFFL	Amino acids and Peptides	Small peptides	Dipeptides	http://www.wikidata.org/entity/Q177932	Brassica napus	309234.0	['Eukaryota']	['Archaeplastida']	['Streptophyta']	['Magnoliopsida']	['Brassicales']	['Brassicaceae']	['Brassiceae']	['Brassica']	['Brassica napus']											0	3	3.7085165977478027	1
15	21	Amino acids and Peptides	0.6666666666666666	Small peptides	0.3333333333333333	Dipeptides	0.3333333333333333	2.0	0.0	MS1_match	http://www.wikidata.org/entity/Q77281159	JBVUOARNEYAAOS-JKUQZMGJSA-N	InChI=1S/C8H12N2O3/c1-4-8(13)10-3-5(11)2-6(10)7(12)9-4/h4-6,11H,2-3H2,1H3,(H,9,12)/t4-,5+,6-/m0/s1	C[C@@H]1NC(=O)[C@@H]2C[C@@H](O)CN2C1=O	C8H12N2O3	pos_1_1proton1dmso	184.084792244	(3S,7R,8aS)-7-hydroxy-3-methylhexahydropyrrolo[1,2-a]pyrazine-1,4-dione	JBVUOARNEYAAOS	Amino acids and Peptides			http://www.wikidata.org/entity/Q7255018	Pseudomonas brassicacearum	396594.0	['Bacteria']	['Unknown']	['Proteobacteria']	['Gammaproteobacteria']	['Pseudomonadales']	['Pseudomonadaceae']	['Unknown']	['Pseudomonas']	['Pseudomonas brassicacearum']		['Bacteria']		['Proteobacteria']	['Gammaproteobacteria']	['Pseudomonadales']	['Pseudomonadaceae']		['Pseudomonas']		6	1	6.5	1
11	22	Amino acids and Peptides	0.4666666666666667	Small peptides	0.4666666666666667	Dipeptides	0.4666666666666667	1.0	0.7494136	ISDB									HMNSRTLZAJHSIK							['Unknown']	['Unknown']	['Unknown']	['Unknown']	['Unknown']	['Unknown']	['Unknown']	['Unknown']	['Unknown']											0	0	2.997654438018799	1
