feature_id	IK2D	Sources	SMILES	gnps_SpectrumID	gnps_SpectrumFile	gnps_LibraryName	gnps_MQScore	gnps_TIC_Query	gnps_RT_Query	gnps_MZErrorPPM	gnps_SharedPeaks	gnps_MassDiff	gnps_SpecMZ	gnps_SpecCharge	gnps_FileScanUniqueID	gnps_NumberHits	gnps_Compound_Name	gnps_Ion_Source	gnps_Instrument	gnps_Compound_Source	gnps_PI	gnps_Data_Collector	gnps_Adduct	gnps_Precursor_MZ	gnps_ExactMass	gnps_Charge	gnps_CAS_Number	gnps_Pubmed_ID	gnps_SMILES	gnps_INCHI	gnps_INCHI_AUX	gnps_Library_Class	gnps_IonMode	gnps_Organism	gnps_LibMZ	gnps_UpdateWorkflowName	gnps_LibraryQualityString	gnps_tags	gnps_molecular_formula	gnps_InChIKey	gnps_superclass	gnps_class	gnps_subclass	gnps_npclassifier_superclass	gnps_npclassifier_class	gnps_npclassifier_pathway	gnps_library_usi	isdb_component_id	isdb_structure_taxonomy_npclassifier_01pathway_consensus	isdb_freq_structure_taxonomy_npclassifier_01pathway	isdb_structure_taxonomy_npclassifier_02superclass_consensus	isdb_freq_structure_taxonomy_npclassifier_02superclass	isdb_structure_taxonomy_npclassifier_03class_consensus	isdb_freq_structure_taxonomy_npclassifier_03class	isdb_rank_spec	isdb_msms_score	isdb_libname	isdb_structure_wikidata	isdb_structure_inchikey	isdb_structure_inchi	isdb_SMILES	isdb_structure_molecular_formula	isdb_adduct	isdb_structure_exact_mass	isdb_structure_nameTraditional	isdb_structure_taxonomy_npclassifier_01pathway	isdb_structure_taxonomy_npclassifier_02superclass	isdb_structure_taxonomy_npclassifier_03class	isdb_organism_wikidata	isdb_organism_name	isdb_organism_taxonomy_ottid	isdb_organism_taxonomy_01domain	isdb_organism_taxonomy_02kingdom	isdb_organism_taxonomy_03phylum	isdb_organism_taxonomy_04class	isdb_organism_taxonomy_05order	isdb_organism_taxonomy_06family	isdb_organism_taxonomy_07tribe	isdb_organism_taxonomy_08genus	isdb_organism_taxonomy_09species	isdb_organism_taxonomy_10varietas	isdb_matched_domain	isdb_matched_kingdom	isdb_matched_phylum	isdb_matched_class	isdb_matched_order	isdb_matched_family	isdb_matched_tribe	isdb_matched_genus	isdb_matched_species	isdb_score_taxo	isdb_score_max_consistency	isdb_final_score	isdb_rank_final	sirius_structurePerIdRank	sirius_formulaRank	sirius_ConfidenceScoreExact	sirius_ConfidenceScoreApproximate	sirius_CSI:FingerIDScore	sirius_ZodiacScore	sirius_SiriusScoreNormalized	sirius_SiriusScore	sirius_molecularFormula	sirius_adduct	sirius_precursorFormula	sirius_InChI	sirius_name	sirius_SMILES	sirius_xlogp	sirius_pubchemids	sirius_links	sirius_dbflags	sirius_ionMass	sirius_retentionTimeInSeconds	sirius_retentionTimeInMinutes	sirius_formulaId	sirius_alignedFeatureId	sirius_overallFeatureQuality
1	JYZPLRVVKIUNAR	sirius	C(C=CC(=O)O)[As]																																																																																												1.0	1.0	-inf	-inf	-58.78	0.94	0.495	6.782	C4H5AsO2	[M - H2O + H]+	C4H4AsO+	InChI=1S/C4H5AsO2/c5-3-1-2-4(6)7/h1-2H,3H2,(H,6,7)		C(C=CC(=O)O)[As]	0.0	88033131	PUBCHEM:(88033131)	2.0	142.948	13.0	0.223	7.13686937042383e+17	7.13686807140588e+17	
6	VPMMBCUPOOMCKQ	sirius	C1(=NNC(=N1)N[N+](=O)[O-])C(=O)NN																																																																																												1.0	5.0	0.106	0.106	-83.061	0.083	0.048	6.188	C3H5N7O3	[M - H2O + H]+	C3H4N7O2+	InChI=1S/C3H5N7O3/c4-6-2(11)1-5-3(8-7-1)9-10(12)13/h4H2,(H,6,11)(H2,5,7,8,9)	N-[3-(hydrazinecarbonyl)-1H-1,2,4-triazol-5-yl]nitramide	C1(=NNC(=N1)N[N+](=O)[O-])C(=O)NN	-0.7	135451133	PUBCHEM:(135451133)	2.0	170.042	16.0	0.265	7.136869210914427e+17	7.136868081933583e+17	
7	INIGKOCASKMRCP	sirius	C(O)(O)[P+](C(O)O)(C(O)O)C(O)O																																																																																												1.0	1.0	-inf	-inf	-84.504	0.922	0.953	9.594	C4H11O8P	[M + H]+	C4H12O8P+	InChI=1S/C4H12O8P/c5-1(6)13(2(7)8,3(9)10)4(11)12/h1-12H/q+1	Tetrakis(dihydroxymethyl)phosphanium	C(O)(O)[P+](C(O)O)(C(O)O)C(O)O	-4.5	88279602	PUBCHEM:(88279602)	2.0	219.026	15.0	0.245	7.13686924526578e+17	7.136868077403735e+17	
8	YPUCVKIYJUGRFM	sirius	COC1=C(C=CC=C1C(=O)O)C(F)F																																																																																												1.0	2.0	0.149	0.149	-104.104	0.013	0.011	9.456	C9H8F2O3	[M + H]+	C9H9F2O3+	InChI=1S/C9H8F2O3/c1-14-7-5(8(10)11)3-2-4-6(7)9(12)13/h2-4,8H,1H3,(H,12,13)	3-(Difluoromethyl)-2-methoxybenzoic acid	COC1=C(C=CC=C1C(=O)O)C(F)F	2.0	84670442	PUBCHEMANNOTATIONSAFETYANDTOXIC;PUBCHEM:(84670442)	67108866.0	203.052	15.0	0.249	7.136869253612448e+17	7.136868078284539e+17	
10	WNNNWFKQCKFSDK	sirius	C=CCC(C(=O)O)N																																																																																												1.0	1.0	0.15	0.15	-110.475	0.993	0.997	9.111	C5H9NO2	[M + Na]+	C5H9NNaO2+	InChI=1S/C5H9NO2/c1-2-3-4(6)5(7)8/h2,4H,1,3,6H2,(H,7,8)	2-aminopent-4-enoic acid	C=CCC(C(=O)O)N	-2.3	21574346;6992333;6992334;6994429;102206530;153917190;152756328;153456131;13018909;14044;167529	PUBCHEMANNOTATIONBIO:(null);COCONUT:(CNP0299155);NORMAN:(NS00044687);HMDB:(HMDB0251510);PUBCHEMANNOTATIONSAFETYANDTOXIC:(null);BloodExposome:(14044 167529);METACYC:(CPD-19411);SUPERNATURAL:(SN0415038);MESH:(14044);PUBCHEM:(21574346 6992333 6992334 6994429 102206530 153917190 152756328 153456131 13018909 14044 167529);DSSTox:(DTXSID10936821 DTXSID60694383 DTXSID701313217);PUBCHEMANNOTATIONDRUG:(null);PUBMED:(null)	137563998286.0	138.053	15.0	0.253	7.136869419874682e+17	7.136868079836431e+17	
11	HMNSRTLZAJHSIK	isdb																																														22.0	Amino acids and Peptides	0.4666666666666667	Small peptides	0.4666666666666667	Dipeptides	0.4666666666666667	1.0	0.7494136	ISDB															['Unknown']	['Unknown']	['Unknown']	['Unknown']	['Unknown']	['Unknown']	['Unknown']	['Unknown']	['Unknown']											0.0	0.0	2.997654438018799	1.0																								
11	VLDVBZICYBVQHB	sirius	CC(C)C(C(=O)O)NC(=O)C(CC1=CN=CN1)N																																																																																												1.0	1.0	0.125	0.125	-253.62	0.978	0.333	54.456	C11H18N4O3	[M + H3N + H]+	C11H22N5O3+	InChI=1S/C11H18N4O3/c1-6(2)9(11(17)18)15-10(16)8(12)3-7-4-13-5-14-7/h4-6,8-9H,3,12H2,1-2H3,(H,13,14)(H,15,16)(H,17,18)		CC(C)C(C(=O)O)NC(=O)C(CC1=CN=CN1)N	-2.5	7021870;7021871;18218216	COCONUT:(CNP0471068);HMDB:(HMDB0028898);PUBCHEMANNOTATIONSAFETYANDTOXIC:(null);BloodExposome:(7021871);CHEBI:(74060);SUPERNATURAL:(SN0393232);FooDB:(FDB111927);PUBCHEM:(7021870 7021871 18218216);DSSTox:(DTXSID701315425);LOTUS:(Q27144373)	138318708778.0	272.172	15.0	0.254	7.136869235241393e+17	7.13686808050752e+17	
13	PCARXDDZXPRYII	sirius	CC(=NCCCCC(C(=O)O)N)CC(=O)O																																																																																												1.0	2.0	0.014	0.014	-253.154	0.105	0.15	34.971	C10H18N2O4	[M + H]+	C10H19N2O4+	InChI=1S/C10H18N2O4/c1-7(6-9(13)14)12-5-3-2-4-8(11)10(15)16/h8H,2-6,11H2,1H3,(H,13,14)(H,15,16)	(Z)-N~6~-(2-carboxy-1-methylethylidene)-L-lysine	CC(=NCCCCC(C(=O)O)N)CC(=O)O	-2.8	49867232	PUBCHEMANNOTATIONBIO:(null);PUBCHEM:(49867232)	16777218.0	231.134	16.0	0.258	7.136869246146586e+17	7.136868082562729e+17	
15	JBVUOARNEYAAOS	isdb	C[C@@H]1NC(=O)[C@@H]2C[C@@H](O)CN2C1=O																																													21.0	Amino acids and Peptides	0.6666666666666666	Small peptides	0.3333333333333333	Dipeptides	0.3333333333333333	2.0	0.0	MS1_match	http://www.wikidata.org/entity/Q77281159	JBVUOARNEYAAOS-JKUQZMGJSA-N	InChI=1S/C8H12N2O3/c1-4-8(13)10-3-5(11)2-6(10)7(12)9-4/h4-6,11H,2-3H2,1H3,(H,9,12)/t4-,5+,6-/m0/s1	C[C@@H]1NC(=O)[C@@H]2C[C@@H](O)CN2C1=O	C8H12N2O3	pos_1_1proton1dmso	184.084792244	(3S,7R,8aS)-7-hydroxy-3-methylhexahydropyrrolo[1,2-a]pyrazine-1,4-dione	Amino acids and Peptides			http://www.wikidata.org/entity/Q7255018	Pseudomonas brassicacearum	396594.0	['Bacteria']	['Unknown']	['Proteobacteria']	['Gammaproteobacteria']	['Pseudomonadales']	['Pseudomonadaceae']	['Unknown']	['Pseudomonas']	['Pseudomonas brassicacearum']		['Bacteria']		['Proteobacteria']	['Gammaproteobacteria']	['Pseudomonadales']	['Pseudomonadaceae']		['Pseudomonas']		6.0	1.0	6.5	1.0																								
15	USGBGVDLPUSJQF	sirius	CC(CS(=O)(=O)CC1(CC1)CC#N)C(=O)O																																																																																												1.0	1.0	0.054	0.054	-108.954	0.994	0.333	91.337	C10H15NO4S	[M + H3N + H]+	C10H19N2O4S+	InChI=1S/C10H15NO4S/c1-8(9(12)13)6-16(14,15)7-10(2-3-10)4-5-11/h8H,2-4,6-7H2,1H3,(H,12,13)	3-[[1-(Cyanomethyl)cyclopropyl]methylsulfonyl]-2-methylpropanoic acid	CC(CS(=O)(=O)CC1(CC1)CC#N)C(=O)O	0.0	65495862	PUBCHEM:(65495862)	2.0	263.106	16.0	0.266	7.136869301846949e+17	7.136868083233818e+17	
16	JKHXYJKMNSSFFL	isdb	CC(C)[C@H](N)C(=O)N[C@@H](CCCCN)C(=O)O																																													16.0	Amino acids and Peptides	0.2142857142857142	Small peptides	0.2142857142857142	Dipeptides	0.2142857142857142	1.0	0.55212915	ISDB	http://www.wikidata.org/entity/Q27145073	JKHXYJKMNSSFFL-IUCAKERBSA-N	InChI=1S/C11H23N3O3/c1-7(2)9(13)10(15)14-8(11(16)17)5-3-4-6-12/h7-9H,3-6,12-13H2,1-2H3,(H,14,15)(H,16,17)/t8-,9-/m0/s1	CC(C)[C@H](N)C(=O)N[C@@H](CCCCN)C(=O)O	C11H23N3O3		245.173941596	Valyllysine	Amino acids and Peptides	Small peptides	Dipeptides	http://www.wikidata.org/entity/Q177932	Brassica napus	309234.0	['Eukaryota']	['Archaeplastida']	['Streptophyta']	['Magnoliopsida']	['Brassicales']	['Brassicaceae']	['Brassiceae']	['Brassica']	['Brassica napus']											0.0	3.0	3.7085165977478023	1.0																								
16	OCYROESYHWUPBP	sirius	CCC(C)C(C(=O)O)NC(=O)C1CCCN1																																																																																												1.0	1.0	0.746	0.807	-160.468	0.8	0.333	59.903	C11H20N2O3	[M + H3N + H]+	C11H24N3O3+	InChI=1S/C11H20N2O3/c1-3-7(2)9(11(15)16)13-10(14)8-5-4-6-12-8/h7-9,12H,3-6H2,1-2H3,(H,13,14)(H,15,16)	3-methyl-2-[(pyrrolidin-2-yl)formamido]pentanoic acid	CCC(C)C(C(=O)O)NC(=O)C1CCCN1	0.827	103869473;16397737;7079600;7079601;92174300;133126585;104901042;61159030;61173136;61174501;104014;3764656	COCONUT:(CNP0218391);HMDB:(HMDB0304810);METACYC:(CPD-20356);CHEBI:(74790);SUPERNATURAL:(SN0262042);MESH:(104014 7079601);FooDB:(FDB098399);PUBCHEM:(103869473 16397737 7079600 7079601 92174300 133126585 104901042 61159030 61173136 61174501 104014 3764656);DSSTox:(DTXSID20874265 DTXSID50966248);GNPS:(CCMSLIB00003135124 CCMSLIB00003136156);PUBMED:(null)	137978976366.0	246.181	16.0	0.268	7.136869201351411e+17	7.13686808520514e+17	
17	DEGCDQUOHKYOQM	sirius	CC(C(=O)O)NCCCC(C(=O)O)N																																																																																												1.0	1.0	0.379	0.457	-149.144	1.0	0.333	20.606	C8H16N2O4	[M - H2O + H]+	C8H15N2O3+	InChI=1S/C8H16N2O4/c1-5(7(11)12)10-4-2-3-6(9)8(13)14/h5-6,10H,2-4,9H2,1H3,(H,11,12)(H,13,14)	2-amino-5-[(1-carboxyethyl)amino]pentanoic acid	CC(C(=O)O)NCCCC(C(=O)O)N	-5.4	22057595;21130406;123602658;128597;46931114	COCONUT:(CNP0400195);MiMeDB:(MMDBc0056187);CHEBI:(57889 16770);KEGG:(C04210);MESH:(128597);PUBCHEM:(22057595 21130406 123602658 128597 46931114);DSSTox:(DTXSID30909032);PUBCHEMANNOTATIONDRUG:(null);PUBMED:(null)	138548347238.0	187.107	16.0	0.268	7.136869206468463e+17	7.136868084534052e+17	
18	QLROSWPKSBORFJ	sirius	C1CC(NC1)C(=O)NC(CCC(=O)O)C(=O)O																																																																																												1.0	2.0	0.868	0.868	-141.938	0.012	0.333	50.239	C10H16N2O5	[M + H]+	C10H17N2O5+	InChI=1S/C10H16N2O5/c13-8(14)4-3-7(10(16)17)12-9(15)6-2-1-5-11-6/h6-7,11H,1-5H2,(H,12,15)(H,13,14)(H,16,17)	2-[(pyrrolidin-2-yl)formamido]pentanedioic acid	C1CC(NC1)C(=O)NC(CCC(=O)O)C(=O)O	-0.7	7048509;104901033;61159815;61160308;1629513;1629514;194260;3563697;44369016	COCONUT:(CNP0371576);HMDB:(HMDB0029016);CHEBI:(74762);SUPERNATURAL:(SN0308869);MESH:(194260);FooDB:(FDB112031);PUBCHEM:(7048509 104901033 61159815 61160308 1629513 1629514 194260 3563697 44369016);DSSTox:(DTXSID70987011);LOTUS:(Q27144887);PUBMED:(null)	138247405678.0	245.113	16.0	0.27	7.136869240610103e+17	7.136868087889495e+17	
19	LOIYMIARKYCTBW	sirius	C1=C(NC=N1)C=CC(=O)O																																																																																												1.0	2.0	0.789	0.789	-19.46	0.017	0.333	50.905	C6H6N2O2	[M + H]+	C6H7N2O2+	InChI=1S/C6H6N2O2/c9-6(10)2-1-5-3-7-4-8-5/h1-4H,(H,7,8)(H,9,10)	Urocanic Acid	C1=C(NC=N1)C=CC(=O)O	0.0	5460052;5460648;5461073;736715;1549103;1178;133698976;71310808	PUBCHEMANNOTATIONBIO:(null);HMDB:(HMDB0000301 HMDB0062562);MiMeDB:(MMDBc0000697 MMDBc0000830 MMDBc0010880);PUBCHEMANNOTATIONSAFETYANDTOXIC:(null);BloodExposome:(1178 5460052 736715 1549103);SUPERNATURAL:(SN0211016);MESH:(736715);FooDB:(FDB000921 FDB007506 FDB012465);PUBCHEM:(5460052 5460648 5461073 736715 1549103 1178 133698976 71310808);COCONUT:(CNP0254048);NORMAN:(NS00014985);METACYC:(ALPHA-N-ACETYLNEURAMINYL-ETCETERA-GALACT UROCANATE);CHEBI:(27248 30819 17771 27247 30817 30818);KEGG:(C00785);DSSTox:(DTXSID5041148 DTXSID50859181 DTXSID901316398);LOTUS:(Q30536 Q60998685);PUBCHEMANNOTATIONDRUG:(null);PUBMED:(null)	139443046766.0	139.05	16.0	0.272	7.13686920353245e+17	7.13686808851864e+17	
20	KKOORKMAXSGAOU	sirius	CCC(C)C(C(=O)O)NC(=O)NC1CCCC1																																																																																												1.0	1.0	0.086	0.314	-220.425	1.0	0.333	102.592	C12H22N2O3	[M + H3N + H]+	C12H26N3O3+	InChI=1S/C12H22N2O3/c1-3-8(2)10(11(15)16)14-12(17)13-9-6-4-5-7-9/h8-10H,3-7H2,1-2H3,(H,15,16)(H2,13,14,17)	2-[(cyclopentylcarbamoyl)amino]-3-methylpentanoic acid	CCC(C)C(C(=O)O)NC(=O)NC1CCCC1	2.0	4310248;6956723;16405241;40607625;945847	COCONUT:(CNP0215192);SUPERNATURAL:(SN0188134);PUBCHEM:(4310248 6956723 16405241 40607625 945847)	3145730.0	260.197	17.0	0.278	7.136869202693588e+17	7.136868092293516e+17	
20	OTXBNHIUIHNGAO	isdb	CC(C)C[C@H](N)C(=O)N[C@@H](CCCCN)C(=O)O																																													59.0	Amino acids and Peptides	1.0	Small peptides	1.0	Dipeptides	1.0	1.0	0.76194376	ISDB	http://www.wikidata.org/entity/Q27141757	OTXBNHIUIHNGAO-UWVGGRQHSA-N	InChI=1S/C12H25N3O3/c1-8(2)7-9(14)11(16)15-10(12(17)18)5-3-4-6-13/h8-10H,3-7,13-14H2,1-2H3,(H,15,16)(H,17,18)/t9-,10-/m0/s1	CC(C)C[C@H](N)C(=O)N[C@@H](CCCCN)C(=O)O	C12H25N3O3		259.18959166	Leu-Lys	Amino acids and Peptides	Small peptides	Dipeptides	http://www.wikidata.org/entity/Q22718	Ambystoma mexicanum	984726.0	['Eukaryota']	['Metazoa']	['Chordata']	['Amphibia']	['Caudata']	['Ambystomatidae']	['Unknown']	['Ambystoma']	['Ambystoma mexicanum']											0.0	3.0	4.547775030136108	1.0																								
20	UWBDLNOCIDGPQE	gnps	CCC(C)C(C(=O)NC(CCCCN)C(=O)O)N	CCMSLIB00003137734	spectra_filtered.mgf	GNPS-NIST14-MATCHES.mgf	0.957354	106274000.0	0.0	0.938292	8.0	0.000244141	260.197	1.0	temp/spectra_filtered.mgf20	1.0	Spectral Match to Ile-Lys from NIST14	ESI	qTof	Isolated	Data from Pieter Dorrestein	Data deposited by lfnothias	M+H	260.197	259.19	1.0			CCC(C)C(C(=O)NC(CCCCN)C(=O)O)N	InChI=1S/C12H25N3O3/c1-3-8(2)10(14)11(16)15-9(12(17)18)6-4-5-7-13/h8-10H,3-7,13-14H2,1-2H3,(H,15,16)(H,17,18)		3.0	Positive	GNPS-NIST14-MATCHES	260.197	UPDATE-SINGLE-ANNOTATED-BRONZE	Bronze		C12H25N3O3	UWBDLNOCIDGPQE-UHFFFAOYSA-N	Organic acids and derivatives	Carboxylic acids and derivatives	Amino acids, peptides, and analogues	Small peptides	Dipeptides	Amino acids and Peptides	mzspec:GNPS:GNPS-LIBRARY:CCMSLIB00003137734																																																																							
21	DSKCOVBHIFAJRI	sirius	CC(C)(C)OC(=O)NC1(CC1)C(=O)O																																																																																												1.0	1.0	0.119	0.119	-139.183	0.999	0.333	96.098	C9H15NO4	[M + H3N + H]+	C9H19N2O4+	InChI=1S/C9H15NO4/c1-8(2,3)14-7(13)10-9(4-5-9)6(11)12/h4-5H2,1-3H3,(H,10,13)(H,11,12)	1-{[(tert-butoxy)carbonyl]amino}cyclopropane-1-carboxylic acid	CC(C)(C)OC(=O)NC1(CC1)C(=O)O	0.9	163530289;25272409;688396	COCONUT:(CNP0122009);PUBCHEMANNOTATIONSAFETYANDTOXIC:(null);PUBCHEM:(163530289 25272409 688396);DSSTox:(DTXSID80350893);PUBMED:(null)	137508159554.0	219.134	16.0	0.274	7.136869207684812e+17	7.136868089105844e+17	
21	GVRKWABULJAONN	isdb																																														7.0	Amino acids and Peptides	0.4761904761904761	Small peptides	0.4642857142857143	Dipeptides	0.4285714285714285	1.0	0.8224832	ISDB															['Unknown']	['Unknown']	['Unknown']	['Unknown']	['Unknown']	['Unknown']	['Unknown']	['Unknown']	['Unknown']											0.0	0.0	3.2899327278137207	1.0																								
22	QNBYCZTZNOVDMI	isdb	CC[C@H](C)[C@H](N)C(=O)N[C@@H](Cc1cnc[nH]1)C(=O)O																																													27.0	Amino acids and Peptides	0.3333333333333333	Small peptides	0.3333333333333333	Dipeptides	0.3333333333333333	1.0	0.497383	ISDB	http://www.wikidata.org/entity/Q27140602	QNBYCZTZNOVDMI-HGNGGELXSA-N	InChI=1S/C12H20N4O3/c1-3-7(2)10(13)11(17)16-9(12(18)19)4-8-5-14-6-15-8/h5-7,9-10H,3-4,13H2,1-2H3,(H,14,15)(H,16,17)(H,18,19)/t7-,9-,10-/m0/s1	CC[C@H](C)[C@H](N)C(=O)N[C@@H](Cc1cnc[nH]1)C(=O)O	C12H20N4O3		268.1535405	Ile-His	Amino acids and Peptides	Small peptides	Dipeptides	http://www.wikidata.org/entity/Q33244	Trypanosoma brucei	494245.0	['Eukaryota']	['Unknown']	['Unknown']	['Unknown']	['Kinetoplastea']	['Unknown']	['Unknown']	['Trypanosoma']	['Trypanosoma brucei']											0.0	3.0	3.489531993865967	1.0																								
22	WRXLUGBGVTWNDT	sirius	C1CCC(C1)C(=O)NC(CC2=CN=CN2)C(=O)O																																																																																												1.0	1.0	0.481	0.481	-217.371	0.8	0.333	60.586	C12H17N3O3	[M + H3N + H]+	C12H21N4O3+	InChI=1S/C12H17N3O3/c16-11(8-3-1-2-4-8)15-10(12(17)18)5-9-6-13-7-14-9/h6-8,10H,1-5H2,(H,13,14)(H,15,16)(H,17,18)	(2R)-2-(cyclopentanecarbonylamino)-3-(1H-imidazol-5-yl)propanoic acid	C1CCC(C1)C(=O)NC(CC2=CN=CN2)C(=O)O	0.8	30053183;30053189;16777932	PUBCHEMANNOTATIONBIO:(null);PUBCHEM:(30053183 30053189 16777932)	16777218.0	269.161	17.0	0.29	7.136869217121998e+17	7.136868091328826e+17	
22	XWOBNBRUDDUEEY	gnps	CC(C)C[C@@H](C(=O)N[C@@H](CC1=CN=CN1)C(=O)O)N	CCMSLIB00003139726	spectra_filtered.mgf	GNPS-NIST14-MATCHES.mgf	0.845077	316884000.0	0.0	5.32886	6.0	0.00143433	269.161	1.0	temp/spectra_filtered.mgf22	1.0	Spectral Match to Leu-His from NIST14	ESI	qTof	Isolated	Data from Gabriel Haddad	Data deposited by mjmeehan	M+H	269.162	268.154	1.0			CC(C)C[C@@H](C(=O)N[C@@H](CC1=CN=CN1)C(=O)O)N	InChI=1S/C12H20N4O3/c1-7(2)3-9(13)11(17)16-10(12(18)19)4-8-5-14-6-15-8/h5-7,9-10H,3-4,13H2,1-2H3,(H,14,15)(H,16,17)(H,18,19)/t9-,10-/m0/s1		3.0	Positive	GNPS-NIST14-MATCHES	269.162	UPDATE-SINGLE-ANNOTATED-BRONZE	Bronze		C12H20N4O3	XWOBNBRUDDUEEY-UWVGGRQHSA-N	Organic acids and derivatives	Carboxylic acids and derivatives	Amino acids, peptides, and analogues	Small peptides	Dipeptides	Amino acids and Peptides	mzspec:GNPS:GNPS-LIBRARY:CCMSLIB00003139726																																																																							
23	IBIDRSSEHFLGSD	gnps|isdb	CC(C)[C@H](N)C(=O)N[C@@H](CCCNC(=N)N)C(=O)O	CCMSLIB00003135481	spectra_filtered.mgf	GNPS-NIST14-MATCHES.mgf	0.91691	83952700.0	0.0	0.111302	10.0	3.05176e-05	274.187	1.0	temp/spectra_filtered.mgf23	1.0	Spectral Match to Val-Arg from NIST14	ESI	qTof	Isolated	Data from Pieter Dorrestein	Data deposited by lfnothias	M+H	274.187	273.18	1.0			CC(C)[C@@H](C(=O)N[C@@H](CCCN=C(N)N)C(=O)O)N	InChI=1S/C11H23N5O3/c1-6(2)8(12)9(17)16-7(10(18)19)4-3-5-15-11(13)14/h6-8H,3-5,12H2,1-2H3,(H,16,17)(H,18,19)(H4,13,14,15)/t7-,8-/m0/s1		3.0	Positive	GNPS-NIST14-MATCHES	274.187	UPDATE-SINGLE-ANNOTATED-BRONZE	Bronze		C11H23N5O3	IBIDRSSEHFLGSD-YUMQZZPRSA-N	Organic acids and derivatives	Carboxylic acids and derivatives	Amino acids, peptides, and analogues	Small peptides	Dipeptides	Amino acids and Peptides	mzspec:GNPS:GNPS-LIBRARY:CCMSLIB00003135481	22.0	Amino acids and Peptides	0.4666666666666667	Small peptides	0.4666666666666667	Dipeptides	0.4666666666666667	1.0	0.5908932	ISDB	http://www.wikidata.org/entity/Q27144061	IBIDRSSEHFLGSD-YUMQZZPRSA-N	InChI=1S/C11H23N5O3/c1-6(2)8(12)9(17)16-7(10(18)19)4-3-5-15-11(13)14/h6-8H,3-5,12H2,1-2H3,(H,16,17)(H,18,19)(H4,13,14,15)/t7-,8-/m0/s1	CC(C)[C@H](N)C(=O)N[C@@H](CCCNC(=N)N)C(=O)O	C11H23N5O3		273.180089596	Val-Arg	Amino acids and Peptides	Small peptides	Dipeptides	http://www.wikidata.org/entity/Q4688339	Aeromonas veronii	704628.0	['Bacteria']	['Unknown']	['Proteobacteria']	['Gammaproteobacteria']	['Aeromonadales']	['Aeromonadaceae']	['Unknown']	['Aeromonas']	['Aeromonas veronii']											0.0	3.0	3.863572835922241	1.0																								
23	POVPXNQOSXQZEB	sirius	CC(C)C(C(=O)N)NC(=O)C1(CCC1)C(=NO)N																																																																																												1.0	1.0	0.125	0.125	-236.82	0.8	0.333	111.851	C11H20N4O3	[M + H3N + H]+	C11H24N5O3+	InChI=1S/C11H20N4O3/c1-6(2)7(8(12)16)14-10(17)11(4-3-5-11)9(13)15-18/h6-7,18H,3-5H2,1-2H3,(H2,12,16)(H2,13,15)(H,14,17)	N-(1-amino-3-methyl-1-oxobutan-2-yl)-1-(N'-hydroxycarbamimidoyl)cyclobutane-1-carboxamide	CC(C)C(C(=O)N)NC(=O)C1(CCC1)C(=NO)N	0.0	106346876	PUBCHEM:(106346876)	2.0	274.187	19.0	0.312	7.136869250257004e+17	7.136868094055123e+17	
24	LVHBHZANLOWSRM	sirius	C=C(CC(=O)O)C(=O)O																																																																																												1.0	1.0	0.343	0.454	-29.692	0.685	0.333	85.795	C5H6O4	[M + H3N + H]+	C5H10NO4+	InChI=1S/C5H6O4/c1-3(5(8)9)2-4(6)7/h1-2H2,(H,6,7)(H,8,9)	Itaconate	C=C(CC(=O)O)C(=O)O	-0.1	22482559;162342694;5459996;118343040;21058381;153709761;153709762;139025095;811;57468142	PUBCHEMANNOTATIONBIO:(null);HMDB:(HMDB0002092);MiMeDB:(MMDBc0000212);PUBCHEMANNOTATIONSAFETYANDTOXIC:(null);BloodExposome:(811);LIPIDMAPS:(LMFA01170063);SUPERNATURAL:(SN0216378);HSDB:(97-65-4);MESH:(811);FooDB:(FDB012645);PUBCHEM:(22482559 162342694 5459996 118343040 21058381 153709761 153709762 139025095 811 57468142);COCONUT:(CNP0269442);NORMAN:(NS00007642 NS00080779 NS00088647);METACYC:(CPD-22992 ITACONATE);CHEBI:(30838 17240);KEGG:(C00490);DSSTox:(DTXSID00965246 DTXSID10593478 DTXSID2026608 DTXSID50183817 DTXSID50203049 DTXSID5063817);LOTUS:(Q903311);YMDB:(YMDB00716);PUBCHEMANNOTATIONDRUG:(null);PUBCHEMANNOTATIONFOOD:(null);PUBMED:(null);KNAPSACK:(LVHBHZANLOWSRM-UHFFFAOYSA-N)	141724814206.0	148.06	16.0	0.263	7.136869196402132e+17	7.13686808726035e+17	
24	WHUUTDBJXJRKMK	isdb	N[C@@H](CCC(=O)O)C(=O)O																																													-1.0							4.0	0.7602252	ISDB	http://www.wikidata.org/entity/Q26995161	WHUUTDBJXJRKMK-VKHMYHEASA-N	InChI=1S/C5H9NO4/c6-3(5(9)10)1-2-4(7)8/h3H,1-2,6H2,(H,7,8)(H,9,10)/t3-/m0/s1	N[C@@H](CCC(=O)O)C(=O)O	C5H9NO4		147.053157768	(2S)-2-amino-5-hydroxy-5-oxopentanoate;hydron	Amino acids and Peptides	Small peptides	Aminoacids	http://www.wikidata.org/entity/Q31856	Pseudomonas aeruginosa	216671.0	['Bacteria']	['Unknown']	['Proteobacteria']	['Gammaproteobacteria']	['Pseudomonadales']	['Pseudomonadaceae']	['Unknown']	['Pseudomonas']	['Pseudomonas aeruginosa']		['Bacteria']		['Proteobacteria']	['Gammaproteobacteria']	['Pseudomonadales']	['Pseudomonadaceae']		['Pseudomonas']	['Pseudomonas aeruginosa']	7.0	0.0	10.040900707244871	1.0																								
27	DMJWGQPYNRPLGA	sirius	C1C2C(C(C(O2)N3C=NC4=C3N=CNC4=O)O)OP(=O)(O1)O																																																																																												1.0	1.0	0.285	0.334	-73.676	0.986	0.248	20.637	C10H11N4O7P	[M + H3N + H]+	C10H15N5O7P+	InChI=1S/C10H11N4O7P/c15-6-7-4(1-19-22(17,18)21-7)20-10(6)14-3-13-5-8(14)11-2-12-9(5)16/h2-4,6-7,10,15H,1H2,(H,17,18)(H,11,12,16)	Cyclic Imp	C1C2C(C(C(O2)N3C=NC4=C3N=CNC4=O)O)OP(=O)(O1)O	-2.8	136892577;136892578;136892579;135398663;135445742;137045446;137155520;137155521;135854803	PUBCHEMANNOTATIONBIO;MiMeDB:(MMDBc0032986);BloodExposome:(135398663);SUPERNATURAL:(SN0069620);MESH:(135398663 137045446);PUBCHEM:(136892577 136892578 136892579 135398663 135445742 137045446 137155520 137155521 135854803);COCONUT:(CNP0164096);NORMAN:(NS00049709);METACYC:(CPD-19758);CHEBI:(134197 27541);KEGG:(C00943);DSSTox:(DTXSID00956856 DTXSID80585183);LOTUS:(Q27103185);YMDB:(YMDB00453);PUBCHEMANNOTATIONDRUG;PUBMED	138839132518.0	348.07	17.0	0.287	7.136869403223291e+17	7.136868090196364e+17	
29	AJNWGYAAZUXANU	sirius	CC1=NON=C1C(=NNC(=O)C2=NON=C2N)C																																																																																												1.0	1.0	0.029	0.029	-133.441	0.639	0.001	60.961	C8H9N7O3	[M + H3N + H]+	C8H13N8O3+	InChI=1S/C8H9N7O3/c1-3(5-4(2)12-17-13-5)10-11-8(16)6-7(9)15-18-14-6/h1-2H3,(H2,9,15)(H,11,16)	Furazan-3-carbohydrazide, 4-amino-N2-[1-(4-methylfurazan-3-yl)ethylideno]-	CC1=NON=C1C(=NNC(=O)C2=NON=C2N)C	0.0	9601614;5364341;543031	PUBCHEM:(9601614 5364341 543031)	2.0	269.111	19.0	0.309	7.136869423146239e+17	7.136868096320047e+17	
29	XWOBNBRUDDUEEY	gnps	CC(C)C[C@@H](C(=O)N[C@@H](CC1=CN=CN1)C(=O)O)N	CCMSLIB00003139726	spectra_filtered.mgf	GNPS-NIST14-MATCHES.mgf	0.842286	121297000.0	0.0	188.211	6.0	0.0506592	269.111	0.0	temp/spectra_filtered.mgf29	1.0	Spectral Match to Leu-His from NIST14	ESI	qTof	Isolated	Data from Gabriel Haddad	Data deposited by mjmeehan	M+H	269.162	268.154	1.0			CC(C)C[C@@H](C(=O)N[C@@H](CC1=CN=CN1)C(=O)O)N	InChI=1S/C12H20N4O3/c1-7(2)3-9(13)11(17)16-10(12(18)19)4-8-5-14-6-15-8/h5-7,9-10H,3-4,13H2,1-2H3,(H,14,15)(H,16,17)(H,18,19)/t9-,10-/m0/s1		3.0	Positive	GNPS-NIST14-MATCHES	269.162	UPDATE-SINGLE-ANNOTATED-BRONZE	Bronze		C12H20N4O3	XWOBNBRUDDUEEY-UWVGGRQHSA-N	Organic acids and derivatives	Carboxylic acids and derivatives	Amino acids, peptides, and analogues	Small peptides	Dipeptides	Amino acids and Peptides	mzspec:GNPS:GNPS-LIBRARY:CCMSLIB00003139726																																																																							
30	XVSYDLITVYBCBD	sirius	C1C=CCC1C(=O)O																																																																																												1.0	2.0	0.157	0.157	-42.977	0.207	0.333	21.284	C6H8O2	[M + H3N + H]+	C6H12NO2+	InChI=1S/C6H8O2/c7-6(8)5-3-1-2-4-5/h1-2,5H,3-4H2,(H,7,8)	Cyclopent-3-ene-1-carboxylate	C1C=CCC1C(=O)O	0.9	6950855;853756;12717270	PUBCHEMANNOTATIONSAFETYANDTOXIC:(null);PUBCHEM:(6950855 853756 12717270);DSSTox:(DTXSID10357491)	137506062338.0	130.086	15.0	0.242	7.136869190823708e+17	7.136868085792343e+17	
31	UPJONISHZRADBH	gnps|isdb|sirius	CC(C)C(C(=O)NC(CCC(=O)O)C(=O)O)N	CCMSLIB00013639057	spectra_filtered.mgf	WINE-DB-ORBITRAP.mgf	0.980384	87806900.0	0.0	2.53152	6.0	0.00062561	247.129	1.0	temp/spectra_filtered.mgf31	1.0	Val-Glu	ESI	Orbitrap	Commercial	Axel_Marchal	TE_MLS	M+H	247.128	246.26	1.0	3062-07-5		[C@H](NC([C@H](C(C)C)N)=O)(CCC(O)=O)C(O)=O	InChI=1S/C10H18N2O5/c1-5(2)8(11)9(15)12-6(10(16)17)3-4-7(13)14/h5-6,8H,3-4,11H2,1-2H3,(H,12,15)(H,13,14)(H,16,17)/t6-,8-/m0/s1		1.0	Positive	WINE-DB-ORBITRAP	247.128	UPDATE-SINGLE-ANNOTATED-GOLD	Gold		C10H18N2O5	UPJONISHZRADBH-XPUUQOCRSA-N	Organic acids and derivatives	Carboxylic acids and derivatives	Amino acids, peptides, and analogues	Small peptides	Dipeptides	Amino acids and Peptides	mzspec:GNPS:GNPS-LIBRARY:CCMSLIB00013639057	7.0	Amino acids and Peptides	0.4761904761904761	Small peptides	0.4642857142857143	Dipeptides	0.4285714285714285	1.0	0.75066006	ISDB	http://www.wikidata.org/entity/Q27145070	UPJONISHZRADBH-XPUUQOCRSA-N	InChI=1S/C10H18N2O5/c1-5(2)8(11)9(15)12-6(10(16)17)3-4-7(13)14/h5-6,8H,3-4,11H2,1-2H3,(H,12,15)(H,13,14)(H,16,17)/t6-,8-/m0/s1	CC(C)[C@H](N)C(=O)N[C@@H](CCC(=O)O)C(=O)O	C10H18N2O5		246.121571676	Val-Glu	Amino acids and Peptides	Small peptides	Dipeptides	http://www.wikidata.org/entity/Q4688339	Aeromonas veronii	704628.0	['Bacteria']	['Unknown']	['Proteobacteria']	['Gammaproteobacteria']	['Aeromonadales']	['Aeromonadaceae']	['Unknown']	['Aeromonas']	['Aeromonas veronii']											0.0	3.0	4.502640247344971	1.0	1.0	2.0	0.903	0.903	-80.362	0.2	0.333	72.906	C10H18N2O5	[M + H]+	C10H19N2O5+	InChI=1S/C10H18N2O5/c1-5(2)8(11)9(15)12-6(10(16)17)3-4-7(13)14/h5-6,8H,3-4,11H2,1-2H3,(H,12,15)(H,13,14)(H,16,17)	2-(2-amino-3-methylbutanamido)pentanedioic acid	CC(C)C(C(=O)NC(CCC(=O)O)C(=O)O)N	-0.907	5058636;7009622;7009623;40520340;40520338;40520342;61159819;61160307;79013162	PUBCHEMANNOTATIONBIO:(null);COCONUT:(CNP0347264);HMDB:(HMDB0029126);METACYC:(CPD-20364);CHEBI:(75011);SUPERNATURAL:(SN0376571);FooDB:(FDB112128);PUBCHEM:(5058636 7009622 7009623 40520340 40520338 40520342 61159819 61160307 79013162);DSSTox:(DTXSID30654479);LOTUS:(Q27145070)	138264184874.0	247.129	18.0	0.296	7.136869396051031e+17	7.136868093090433e+17	
33	GBHPCRFJVJKPFF	sirius	CC(C(=O)N)NC(=O)C(C)NC(=O)C(C)NC(=O)C(C)NC(=O)C																																																																																												1.0	1.0	0.069	0.069	-172.344	0.957	0.333	58.039	C14H25N5O5	[M + H3N + H]+	C14H29N6O5+	InChI=1S/C14H25N5O5/c1-6(11(15)21)17-13(23)8(3)19-14(24)9(4)18-12(22)7(2)16-10(5)20/h6-9H,1-5H3,(H2,15,21)(H,16,20)(H,17,23)(H,18,22)(H,19,24)	Ac-Ala-Ala-Ala-Ala-NH2	CC(C(=O)N)NC(=O)C(C)NC(=O)C(C)NC(=O)C(C)NC(=O)C	-1.802	101181917	PUBCHEM:(101181917)	2.0	361.22	19.0	0.317	7.136869251473352e+17	7.136868095984503e+17	
34	KLQXKYZBJWERSF	sirius	CC(=O)NC(CCC(=O)N)C(=O)NC(CCC(=O)N)C(=O)N																																																																																												1.0	1.0	0.136	0.136	-282.777	1.0	1.0	60.047	C12H21N5O5	[M + Na]+	C12H21N5NaO5+	InChI=1S/C12H21N5O5/c1-6(18)16-8(3-5-10(14)20)12(22)17-7(11(15)21)2-4-9(13)19/h7-8H,2-5H2,1H3,(H2,13,19)(H2,14,20)(H2,15,21)(H,16,18)(H,17,22)	N-Acetylglutaminylglutamine amide	CC(=O)NC(CCC(=O)N)C(=O)NC(CCC(=O)N)C(=O)N	-3.033	22673233;129914	PUBCHEMANNOTATIONBIO:(null);METACYC:(CPD-14436);CHEBI:(177714);MESH:(129914);PUBCHEM:(22673233 129914);DSSTox:(DTXSID60924399);PUBCHEMANNOTATIONDRUG:(null);PUBMED:(null)	137489287270.0	338.143	19.0	0.312	7.136869387704365e+17	7.136868094516497e+17	
34	WLXACXSMYVRXAQ	isdb	C=CC(C)(C)C1=Nc2ccccc2C1=Cc1[nH]c(=O)c(=O)n(C)c1O																																													-1.0							1.0	0.6357766	ISDB	http://www.wikidata.org/entity/Q110171707	WLXACXSMYVRXAQ-UHFFFAOYSA-N	InChI=1S/C19H19N3O3/c1-5-19(2,3)15-12(11-8-6-7-9-13(11)20-15)10-14-17(24)22(4)18(25)16(23)21-14/h5-10,24H,1H2,2-4H3,(H,21,23)	C=CC(C)(C)C1=Nc2ccccc2C1=Cc1[nH]c(=O)c(=O)n(C)c1O	C19H19N3O3		337.142641468	11-methylneoechinulin E	Alkaloids	Peptide alkaloids	Indole diketopiperazine alkaloids (L-Trp, L-Ala)	http://www.wikidata.org/entity/Q335130	Aspergillus	550772.0	['Eukaryota']	['Fungi']	['Ascomycota']	['Eurotiomycetes']	['Eurotiales']	['Trichocomaceae']	['Unknown']	['Aspergillus']	['Unknown']											0.0	0.0	2.5431063175201416	1.0																								
35	NEEBNBLVYKFVTK	sirius	CC(CSSCC(C(=O)O)N)C(=O)N1CCCC1C(=O)O																																																																																												1.0	4.0	0.012	0.012	-425.645	0.034	0.015	3.501	C12H20N2O5S2	[M + H3N + H]+	C12H24N3O5S2+	InChI=1S/C12H20N2O5S2/c1-7(5-20-21-6-8(13)11(16)17)10(15)14-4-2-3-9(14)12(18)19/h7-9H,2-6,13H2,1H3,(H,16,17)(H,18,19)	1-[3-[(2-Amino-2-carboxyethyl)disulfanyl]-2-methylpropanoyl]pyrrolidine-2-carboxylic acid	CC(CSSCC(C(=O)O)N)C(=O)N1CCCC1C(=O)O	-0.214	10359654;122630870;13456554;44146831	PUBCHEMANNOTATIONBIO:(null);HMDB:(HMDB0060562);BloodExposome:(44146831);CHEBI:(169102 143339);MESH:(44146831);PUBCHEM:(10359654 122630870 13456554 44146831);DSSTox:(DTXSID50226415);PUBCHEMANNOTATIONDRUG:(null);PUBMED:(null)	137493479534.0	354.117	19.0	0.313	7.136869495623822e+17	7.136868094935927e+17	
36	KLQXKYZBJWERSF	sirius	CC(=O)NC(CCC(=O)N)C(=O)NC(CCC(=O)N)C(=O)N																																																																																												1.0	2.0	0.373	0.373	-141.228	0.135	0.333	66.238	C12H21N5O5	[M + H]+	C12H22N5O5+	InChI=1S/C12H21N5O5/c1-6(18)16-8(3-5-10(14)20)12(22)17-7(11(15)21)2-4-9(13)19/h7-8H,2-5H2,1H3,(H2,13,19)(H2,14,20)(H2,15,21)(H,16,18)(H,17,22)	N-Acetylglutaminylglutamine amide	CC(=O)NC(CCC(=O)N)C(=O)NC(CCC(=O)N)C(=O)N	-3.033	22673233;129914	PUBCHEMANNOTATIONBIO:(null);METACYC:(CPD-14436);CHEBI:(177714);MESH:(129914);PUBCHEM:(22673233 129914);DSSTox:(DTXSID60924399);PUBCHEMANNOTATIONDRUG:(null);PUBMED:(null)	137489287270.0	316.161	19.0	0.313	7.136869232263437e+17	7.136868095271471e+17	
37	DMXGDHINDUZNDJ	sirius	CCC1(C(=O)NCCNC1=O)CC																																																																																												1.0	1.0	0.196	0.196	-148.513	0.997	0.333	30.198	C9H16N2O2	[M + H3N + H]+	C9H20N3O2+	InChI=1S/C9H16N2O2/c1-3-9(4-2)7(12)10-5-6-11-8(9)13/h3-6H2,1-2H3,(H,10,12)(H,11,13)	1H-1,4-Diazepine-5,7(2H,6H)-dione, dihydro-6,6-diethyl-	CCC1(C(=O)NCCNC1=O)CC	0.4	281607	PUBCHEMANNOTATIONSAFETYANDTOXIC:(null);PUBCHEM:(281607);DSSTox:(DTXSID60210461)	137506062338.0	202.155	19.0	0.314	7.136869382503427e+17	7.136868095607016e+17	
38	MPZWMIIOPAPAKE	sirius	C(CC(C(=O)O)NC(=O)C(CCC(=O)O)N)CN=C(N)N																																																																																												1.0	2.0	0.884	0.884	-95.646	0.199	0.333	147.672	C11H21N5O5	[M - H2O + H]+	C11H20N5O4+	InChI=1S/C11H21N5O5/c12-6(3-4-8(17)18)9(19)16-7(10(20)21)2-1-5-15-11(13)14/h6-7H,1-5,12H2,(H,16,19)(H,17,18)(H,20,21)(H4,13,14,15)	Glutamylarginine	C(CC(C(=O)O)NC(=O)C(CCC(=O)O)N)CN=C(N)N	-5.0	9796450;22806783;20384770	PUBCHEMANNOTATIONBIO:(null);HMDB:(HMDB0028813);CHEBI:(157844);SUPERNATURAL:(SN0232265);FooDB:(FDB111858);PUBCHEM:(9796450 22806783 20384770);DSSTox:(DTXSID701313893)	137993650218.0	286.151	19.0	0.319	7.136869427172772e+17	7.136868096697535e+17	
38	QOUZNKNYXDVAOK	isdb	C/C=C/C=C/C=C/C(=O)N[C@@H](CC(=O)O)c1ccccc1																																													-1.0							11.0	0.24354856	ISDB	http://www.wikidata.org/entity/Q77386792	QOUZNKNYXDVAOK-QNIMBLPESA-N	InChI=1S/C17H19NO3/c1-2-3-4-5-9-12-16(19)18-15(13-17(20)21)14-10-7-6-8-11-14/h2-12,15H,13H2,1H3,(H,18,19)(H,20,21)/b3-2+,5-4+,12-9+/t15-/m0/s1	C/C=C/C=C/C=C/C(=O)N[C@@H](CC(=O)O)c1ccccc1	C17H19NO3		285.136493468	Moiramide A	Alkaloids	Peptide alkaloids	Simple amide alkaloids	http://www.wikidata.org/entity/Q135292	Pseudomonas fluorescens	22658.0	['Bacteria']	['Unknown']	['Proteobacteria']	['Gammaproteobacteria']	['Pseudomonadales']	['Pseudomonadaceae']	['Unknown']	['Pseudomonas']	['Pseudomonas fluorescens']		['Bacteria']		['Proteobacteria']	['Gammaproteobacteria']	['Pseudomonadales']	['Pseudomonadaceae']		['Pseudomonas']		6.0	0.0	6.974194228649139	1.0																								
39	DAAGZSFEANVEJR	sirius	CC(C)(C)OC(=O)NCCS(=O)(=O)CC#C																																																																																												1.0	1.0	0.025	0.025	-232.771	1.0	0.333	86.212	C10H17NO4S	[M + H3N + H]+	C10H21N2O4S+	InChI=1S/C10H17NO4S/c1-5-7-16(13,14)8-6-11-9(12)15-10(2,3)4/h1H,6-8H2,2-4H3,(H,11,12)	tert-butyl N-[2-(prop-2-yne-1-sulfonyl)ethyl]carbamate	CC(C)(C)OC(=O)NCCS(=O)(=O)CC#C	0.4	71758683	PUBCHEMANNOTATIONSAFETYANDTOXIC:(null);PUBCHEM:(71758683);DSSTox:(DTXSID201143374)	137506062338.0	265.122	19.0	0.319	7.136869420881315e+17	7.136868097033079e+17	
41	VTHRQKSLPFJQHN	sirius	C(COCCOCCC#N)C#N																																																																																												1.0	2.0	0.015	0.015	-105.084	0.061	0.333	57.246	C8H12N2O2	[M + H3N + H]+	C8H16N3O2+	InChI=1S/C8H12N2O2/c9-3-1-5-11-7-8-12-6-2-4-10/h1-2,5-8H2	1,2-Bis(2-cyanoethoxy)ethane	C(COCCOCCC#N)C#N	-0.7	76921	NORMAN:(NS00022068);PUBCHEM:(76921);DSSTox:(DTXSID0044656)	137439215618.0	186.124	20.0	0.326	7.136869278065243e+17	7.13686809787194e+17	
41	XDCKHCPSQTVMKR	isdb	COC(=O)CC1CCCN1C(=N)N																																													-1.0							1.0	0.4164233	ISDB	http://www.wikidata.org/entity/Q104400140	XDCKHCPSQTVMKR-UHFFFAOYSA-N	InChI=1S/C8H15N3O2/c1-13-7(12)5-6-3-2-4-11(6)8(9)10/h6H,2-5H2,1H3,(H3,9,10)	COC(=O)CC1CCCN1C(=N)N	C8H15N3O2		185.11642672	Cimipronidine methyl ester	Alkaloids			http://www.wikidata.org/entity/Q682257	Actaea racemosa	512702.0	['Eukaryota']	['Archaeplastida']	['Streptophyta']	['Magnoliopsida']	['Ranunculales']	['Ranunculaceae']	['Cimicifugeae']	['Actaea']	['Actaea racemosa']											0.0	0.0	1.6656931638717651	1.0																								
42	RYQSYXFGFOTJDJ	sirius	CC(C)CC(C(=O)O)NC(=O)C(C(C)O)NC(=O)C(CCCN=C(N)N)N																																																																																												1.0	1.0	0.253	0.253	-178.329	0.793	0.333	24.223	C16H32N6O5	[M - H2O + H]+	C16H31N6O4+	InChI=1S/C16H32N6O5/c1-8(2)7-11(15(26)27)21-14(25)12(9(3)23)22-13(24)10(17)5-4-6-20-16(18)19/h8-12,23H,4-7,17H2,1-3H3,(H,21,25)(H,22,24)(H,26,27)(H4,18,19,20)	H-DL-Arg-DL-xiThr-DL-Leu-OH	CC(C)CC(C(=O)O)NC(=O)C(C(C)O)NC(=O)C(CCCN=C(N)N)N	-1.518	145453954;18218904	CHEBI:(159338);PUBCHEM:(145453954 18218904)	34.0	371.24	20.0	0.325	7.136869415890092e+17	7.13686809745251e+17	
42	SIJDMRBTZJBUEV	gnps	CCCCCCCCCCCCC(NC(C(O)=O)CCCNC(N)=N)=O	CCMSLIB00011435281	spectra_filtered.mgf	ECG-ACYL-AMIDES-C4-C24-LIBRARY.mgf	0.6813	43398100.0	0.0	167.587	8.0	0.0622253	371.24	1.0	temp/spectra_filtered.mgf42	1.0	Arg-C13:0	ESI	Orbitrap	Commercial	Dorrestein	Ipsita	M+H	371.302	370.294	1.0			CCCCCCCCCCCCC(NC(C(O)=O)CCCNC(N)=N)=O	InChI=1S/C19H38N4O3/c1-2-3-4-5-6-7-8-9-10-11-14-17(24)23-16(18(25)26)13-12-15-22-19(20)21/h16H,2-15H2,1H3,(H,23,24)(H,25,26)(H4,20,21,22)		1.0	Positive	ECG-ACYL-AMIDES-C4-C24-LIBRARY	371.302	UPDATE-SINGLE-ANNOTATED-GOLD	Gold		C19H38N4O3	SIJDMRBTZJBUEV-UHFFFAOYSA-N	Organic acids and derivatives	Carboxylic acids and derivatives	Amino acids, peptides, and analogues	Fatty amides	N-acyl amines	Fatty acids	mzspec:GNPS:GNPS-LIBRARY:CCMSLIB00011435281																																																																							
43	ODKSFYDXXFIFQN	gnps|isdb|sirius	C(CC(C(=O)O)N)CN=C(N)N	CCMSLIB00000221715	spectra_filtered.mgf	MASSBANK.mgf	0.96408	38824000.0	0.0	6.88353	6.0	0.00120544	175.119	1.0	temp/spectra_filtered.mgf43	1.0	Massbank:PB000420 Arginine|2-amino-5-(diaminomethylideneamino)pentanoic acid	ESI	LC-ESI-QTOF	Isolated	Putative Massbank Match	Massbank	[M+H]+	175.12	0.0	1.0			C(CC(C(=O)O)N)CN=C(N)N	1S/C6H14N4O2/c7-4(5(11)12)2-1-3-10-6(8)9/h4H,1-3,7H2,(H,11,12)(H4,8,9,10)		3.0	Positive	MASSBANK	175.12	UPDATE-SINGLE-ANNOTATED-BRONZE	Bronze		C6H14N4O2	ODKSFYDXXFIFQN-UHFFFAOYSA-N	Organic acids and derivatives	Carboxylic acids and derivatives	Amino acids, peptides, and analogues	Small peptides	Aminoacids	Amino acids and Peptides	mzspec:GNPS:GNPS-LIBRARY:CCMSLIB00000221715	-1.0							1.0	0.88419056	ISDB	http://www.wikidata.org/entity/Q173670	ODKSFYDXXFIFQN-BYPYZUCNSA-N	InChI=1S/C6H14N4O2/c7-4(5(11)12)2-1-3-10-6(8)9/h4H,1-3,7H2,(H,11,12)(H4,8,9,10)/t4-/m0/s1	N=C(N)NCCC[C@H](N)C(=O)O	C6H14N4O2		174.111675688	(2S)-2-amino-5-(diaminomethylideneazaniumyl)pentanoate	Amino acids and Peptides	Small peptides	Aminoacids	http://www.wikidata.org/entity/Q900804	Gyromitra esculenta	369457.0	['Eukaryota']	['Fungi']	['Ascomycota']	['Unknown']	['Pezizales']	['Discinaceae']	['Unknown']	['Gyromitra']	['Gyromitra esculenta']											0.0	0.0	3.536762237548828	1.0	1.0	3.0	0.936	0.957	-29.341	0.044	0.333	74.9	C6H14N4O2	[M + H]+	C6H15N4O2+	InChI=1S/C6H14N4O2/c7-4(5(11)12)2-1-3-10-6(8)9/h4H,1-3,7H2,(H,11,12)(H4,8,9,10)	Harg	C(CC(C(=O)O)N)CN=C(N)N	-1.634	154624364;101002480;17753939;58618352;4473077;161563502;161563501;9793996;9815369;6913512;20798608;155634912;159961799;163358946;87559318;76974066;76974115;76974116;5231987;5246487;5260203;16217519;16217580;16217799;5287702;5460857;5460858;5460860;5460861;160927720;135207570;51037639;51037640;51037641;118099679;118264379;129834582;129850676;134817835;22726443;58203011;124202805;101611381;162642132;162642135;52941769;135705201;59119146;59373188;59373181;59373187;59373199;160448860;140533858;10313339;88031296;89059445;151306026;90938205;153693995;153709895;153712626;54144538;54144539;123552702;131801519;131878490;132276652;1549073;1549104;11321257;140491596;59645172;59667378;88901885;88901889;88901891;88901915;59905797;232;6322;28782;71070;444360;46932130;12205337;117064614;117065487;11770759;122363709;142696383;90472354;164899900;57182507;71308530;71309938;71310245;57616918;57616923;57616939;57616947	PUBCHEMANNOTATIONBIO:(null);HMDB:(HMDB0000517 HMDB0003416 HMDB0062762 HMDB0251511 HMDB0303361);MiMeDB:(MMDBc0000112 MMDBc0048340 MMDBc0057189);PUBCHEMANNOTATIONSAFETYANDTOXIC:(null);BloodExposome:(232 1549073 5460861 66250 6322 71070 5287702 5460857);SUPERNATURAL:(SN0262438);HSDB:(74-79-3);MESH:(6322 5287702);FooDB:(FDB002257 FDB011914 FDB023167);PUBCHEM:(154624364 101002480 17753939 58618352 4473077 161563502 161563501 9793996 9815369 6913512 20798608 155634912 159961799 163358946 87559318 76974066 76974115 76974116 5231987 5246487 5260203 16217519 16217580 16217799 5287702 5460857 5460858 5460860 5460861 160927720 135207570 51037639 51037640 51037641 118099679 118264379 129834582 129850676 134817835 22726443 58203011 124202805 101611381 162642132 162642135 52941769 135705201 59119146 59373188 59373181 59373187 59373199 160448860 140533858 10313339 88031296 89059445 151306026 90938205 153693995 153709895 153712626 54144538 54144539 123552702 131801519 131878490 132276652 1549073 1549104 11321257 140491596 59645172 59667378 88901885 88901889 88901891 88901915 59905797 232 6322 28782 71070 444360 46932130 12205337 117064614 117065487 11770759 122363709 142696383 90472354 164899900 57182507 71308530 71309938 71310245 57616918 57616923 57616939 57616947);GNPS:(CCMSLIB00003136581);COCONUT:(CNP0257247);NORMAN:(NS00079284 NS00074187 NS00085581 NS00080232 NS00005927 NS00078080);METACYC:(CPD0-2700 CPD-220);PLANTCYC:(ARG);CHEBI:(32697 15816 32682 31235 29016 32695 32683 32689 192075 32681 32696 16467 32688 32690);KEGG:(C00792 C02385 C00062);DSSTox:(DTXSID00370078 DTXSID10206834 DTXSID10745551 DTXSID201031042 DTXSID20883650 DTXSID30726544 DTXSID30935331 DTXSID40883354 DTXSID50238230 DTXSID6041056 DTXSID60883513 DTXSID80170033 DTXSID8022618);LOTUS:(Q27076987 Q173670 Q27104032);YMDB:(YMDB00592);PUBCHEMANNOTATIONDRUG:(null);PUBCHEMANNOTATIONFOOD:(null);PUBMED:(null);KNAPSACK:(ODKSFYDXXFIFQN-UHFFFAOYSA-N)	139577465726.0	175.119	15.0	0.246	7.136869196905449e+17	7.136868076564874e+17	
45	HYXQKVOADYPQEA	gnps	CC[C@H](C)[C@@H](C(=O)N[C@@H](CCCN=C(N)N)C(=O)O)N	CCMSLIB00003138103	spectra_filtered.mgf	GNPS-NIST14-MATCHES.mgf	0.946237	103889000.0	0.0	19.2722	11.0	0.0055542	288.203	1.0	temp/spectra_filtered.mgf45	1.0	Spectral Match to Ile-Arg from NIST14	ESI	qTof	Isolated	Data from Pieter Dorrestein	Data deposited by lfnothias	M+H	288.197	287.196	1.0			CC[C@H](C)[C@@H](C(=O)N[C@@H](CCCN=C(N)N)C(=O)O)N	InChI=1S/C12H25N5O3/c1-3-7(2)9(13)10(18)17-8(11(19)20)5-4-6-16-12(14)15/h7-9H,3-6,13H2,1-2H3,(H,17,18)(H,19,20)(H4,14,15,16)/t7-,8-,9-/m0/s1		3.0	Positive	GNPS-NIST14-MATCHES	288.197	UPDATE-SINGLE-ANNOTATED-BRONZE	Bronze		C12H25N5O3	HYXQKVOADYPQEA-CIUDSAMLSA-N	Organic acids and derivatives	Carboxylic acids and derivatives	Amino acids, peptides, and analogues	Small peptides	Dipeptides	Amino acids and Peptides	mzspec:GNPS:GNPS-LIBRARY:CCMSLIB00003138103																																																																							
45	SENJXOPIZNYLHU	isdb	CC(C)C[C@H](N)C(=O)N[C@@H](CCCNC(=N)N)C(=O)O																																													22.0	Amino acids and Peptides	0.4666666666666667	Small peptides	0.4666666666666667	Dipeptides	0.4666666666666667	2.0	0.62536156	ISDB	http://www.wikidata.org/entity/Q27140610	SENJXOPIZNYLHU-IUCAKERBSA-N	InChI=1S/C12H25N5O3/c1-7(2)6-8(13)10(18)17-9(11(19)20)4-3-5-16-12(14)15/h7-9H,3-6,13H2,1-2H3,(H,17,18)(H,19,20)(H4,14,15,16)/t8-,9-/m0/s1	CC(C)C[C@H](N)C(=O)N[C@@H](CCCNC(=N)N)C(=O)O	C12H25N5O3		287.19573966	Leucylarginine	Amino acids and Peptides	Small peptides	Dipeptides	http://www.wikidata.org/entity/Q33244	Trypanosoma brucei	494245.0	['Eukaryota']	['Unknown']	['Unknown']	['Unknown']	['Kinetoplastea']	['Unknown']	['Unknown']	['Trypanosoma']	['Trypanosoma brucei']											0.0	3.0	4.00144624710083	1.0																								
45	VBFFWDLIKBQABV	sirius	CN(CC(=O)O)NC(=O)CC(CC(CNCCCN)O)N																																																																																												1.0	2.0	0.029	0.029	-518.981	0.2	0.333	76.426	C12H27N5O4	[M - H2O + H]+	C12H26N5O3+	InChI=1S/C12H27N5O4/c1-17(8-12(20)21)16-11(19)6-9(14)5-10(18)7-15-4-2-3-13/h9-10,15,18H,2-8,13-14H2,1H3,(H,16,19)(H,20,21)	2-[[[(3~{R},5~{R})-3-azanyl-6-(3-azanylpropylamino)-5-oxidanyl-hexanoyl]amino]-methyl-amino]ethanoic acid	CN(CC(=O)O)NC(=O)CC(CC(CNCCCN)O)N	-5.1	122191421;122191628	PUBCHEMANNOTATIONBIO:(null);PUBCHEM:(122191421 122191628);PUBMED:(null)	16777282.0	288.203	20.0	0.331	7.136869336324133e+17	7.136868098584972e+17	
46	WHUUTDBJXJRKMK	sirius	C(CC(=O)O)C(C(=O)O)N																																																																																												1.0	1.0	0.99	0.994	-58.672	0.999	0.333	31.711	C5H9NO4	[M - H2O + H]+	C5H8NO3+	InChI=1S/C5H9NO4/c6-3(5(9)10)1-2-4(7)8/h3H,1-2,6H2,(H,7,8)(H,9,10)	L-Glu	C(CC(=O)O)C(C(=O)O)N	-1.324	42615584;101073736;101129201;101129202;21575125;14598502;4179667;102602046;4452358;161508770;161508771;161508772;161563496;136719364;136805843;87150909;87206355;50992608;5128032;5147171;16213329;16213424;16213454;16217561;5460297;5460299;5460543;5460544;51037437;51037438;51037439;51037440;129656111;129680450;134775857;4525487;124202791;102283420;102283421;102351656;162641744;56638524;56845125;56845930;56845948;139592947;10057642;10351852;10396980;133188389;89254549;153693928;153693955;153693956;153694003;153694054;153694057;153694058;153694077;153694078;153694112;153694939;153694942;153694943;153695667;153704695;153704696;153708572;153710583;153859038;153859043;54431527;54431528;131667875;131708707;131873974;121494059;166070227;139054390;10582905;88747398;10942598;88901897;611;23327;33032;104813;168158;450555;450602;46932125;91031500;91083019;91158404;12248489;12248490;12248491;12248492;12248499;12248500;12248502;12248503;91466291;11629711;11701061;117064483;117064484;11840951;90324386;90472821;71308417;71308849;71309035;71309130;71309247;71309316;71309505;71309806;71310326;44272391;57397101;57607968;57607970;57607971;57607976;57616920;132594196;132594197;138397024	PUBCHEMANNOTATIONBIO:(null);HMDB:(HMDB0000148 HMDB0003339 HMDB0060475 HMDB0303331);MiMeDB:(MMDBc0000044 MMDBc0000233 MMDBc0049926);PUBCHEMANNOTATIONSAFETYANDTOXIC:(null);BloodExposome:(23669634 5460544 4525487 23696295 23666328 20625617 23672308 611 23676143 23327 167560 33032 5128032 14598502 104813 2723891 23689119 168185 5460299 11840951 5147171);SUPERNATURAL:(SN0410674);HSDB:(56-86-0 142-47-2);MESH:(611 23327 33032 104813 4525487 5128032 5147171 5460299 5460544 11840951 14598502);FooDB:(FDB010881 FDB012534 FDB012535 FDB012536 FDB020321 FDB020322 FDB023148);PUBCHEM:(42615584 101073736 101129201 101129202 21575125 14598502 4179667 102602046 4452358 161508770 161508771 161508772 161563496 136719364 136805843 87150909 87206355 50992608 5128032 5147171 16213329 16213424 16213454 16217561 5460297 5460299 5460543 5460544 51037437 51037438 51037439 51037440 129656111 129680450 134775857 4525487 124202791 102283420 102283421 102351656 162641744 56638524 56845125 56845930 56845948 139592947 10057642 10351852 10396980 133188389 89254549 153693928 153693955 153693956 153694003 153694054 153694057 153694058 153694077 153694078 153694112 153694939 153694942 153694943 153695667 153704695 153704696 153708572 153710583 153859038 153859043 54431527 54431528 131667875 131708707 131873974 121494059 166070227 139054390 10582905 88747398 10942598 88901897 611 23327 33032 104813 168158 450555 450602 46932125 91031500 91083019 91158404 12248489 12248490 12248491 12248492 12248499 12248500 12248502 12248503 91466291 11629711 11701061 117064483 117064484 11840951 90324386 90472821 71308417 71308849 71309035 71309130 71309247 71309316 71309505 71309806 71310326 44272391 57397101 57607968 57607970 57607971 57607976 57616920 132594196 132594197 138397024);GNPS:(CCMSLIB00003136450);COCONUT:(CNP0191057);NORMAN:(NS00079675 NS00083916 NS00078157 NS00101929 NS00083151 NS00008008 NS00085269 NS00090198 NS00103924 NS00068393 NS00102743 NS00095129 NS00084410 NS00103915 NS00083623 NS00087601 NS00081995 NS00079353 NS00085818 NS00086898 NS00103919);METACYC:(CPD1UA-10 D-GLT GLT SMA-0000119 SMA-0000465);PLANTCYC:(|Glutamates| GLT);CHEBI:(29985 16015 15966 29986 53374 53375 192079 29987 76051 18237 91250 14321 29988 29989 53373);KEGG:(C00217 C00025 C00302);DSSTox:(DTXSID0046987 DTXSID0047240 DTXSID00718658 DTXSID00894749 DTXSID00947486 DTXSID10201622 DTXSID1048675 DTXSID10609164 DTXSID10745490 DTXSID10904303 DTXSID201315375 DTXSID20219995 DTXSID20583941 DTXSID20718716 DTXSID3047714 DTXSID30482294 DTXSID4020905 DTXSID5020659 DTXSID5049239 DTXSID6044228 DTXSID6047155 DTXSID60583965 DTXSID60946854 DTXSID70186067 DTXSID70935774 DTXSID70980401 DTXSID80449110 DTXSID80911827 DTXSID80971062 DTXSID9020906 DTXSID90214659 DTXSID90482295 DTXSID90930645);LOTUS:(Q26995161 Q181136 Q27077040);YMDB:(YMDB00271);PUBCHEMANNOTATIONDRUG:(null);PUBCHEMANNOTATIONFOOD:(null);PUBMED:(null);KNAPSACK:(WHUUTDBJXJRKMK-UHFFFAOYSA-N)	139577465726.0	130.05	20.0	0.337	7.136869495665765e+17	7.136868099591604e+17	
48	KAFIOMPFBSDFPP	isdb																																														-1.0							1.0	0.33723664	ISDB															['Unknown']	['Unknown']	['Unknown']	['Unknown']	['Unknown']	['Unknown']	['Unknown']	['Unknown']	['Unknown']											0.0	0.0	1.3489465713500977	1.0																								
48	ONFOSYPQQXJWGS	sirius	CSCCC(C(=O)O)O																																																																																												1.0	1.0	0.263	0.309	-62.376	0.918	0.5	84.795	C5H10O3S	[M - H2O + H]+	C5H9O2S+	InChI=1S/C5H10O3S/c1-9-3-2-4(6)5(7)8/h4,6H,2-3H2,1H3,(H,7,8)	2-hydroxy-4-(methylsulfanyl)butanoic acid	CSCCC(C(=O)O)O	0.2	9898876;9942187;21262170;38988827;36688752;11427;46781836	PUBCHEMANNOTATIONBIO:(null);HMDB:(HMDB0037115);PUBCHEMANNOTATIONSAFETYANDTOXIC:(null);BloodExposome:(21262170 11427);LIPIDMAPS:(LMFA01050480);SUPERNATURAL:(SN0270079);HSDB:(583-91-5);MESH:(11427);FooDB:(FDB016108);PUBCHEM:(9898876 9942187 21262170 38988827 36688752 11427 46781836);COCONUT:(CNP0398053);NORMAN:(NS00014670 NS00084592 NS00089252 NS00089644);METACYC:(CPD-10468);PLANTCYC:(CPD-10468);CHEBI:(155852 137228);DSSTox:(DTXSID201266605 DTXSID30916544 DTXSID50862236 DTXSID90197397);LOTUS:(Q27295171);PUBCHEMANNOTATIONDRUG:(null);PUBMED:(null)	140516919918.0	133.032	21.0	0.343	7.136869450367276e+17	7.136868099885206e+17	
49	BSNQHVPRAPQLSW	sirius	C1CSCC1C(=O)O																																																																																												1.0	1.0	0.268	0.48	-52.353	0.988	0.333	78.488	C5H8O2S	[M + H3N + H]+	C5H12NO2S+	InChI=1S/C5H8O2S/c6-5(7)4-1-2-8-3-4/h4H,1-3H2,(H,6,7)	Thiolane-3-carboxylic acid	C1CSCC1C(=O)O	0.5	154053244;58071244;13581851;13581852	PUBCHEMANNOTATIONBIO:(null);PUBCHEMANNOTATIONSAFETYANDTOXIC:(null);PUBCHEM:(154053244 58071244 13581851 13581852)	83886082.0	150.058	21.0	0.343	7.136869218757777e+17	7.136868100262693e+17	
49	FFEARJCKVFRZRR	gnps|isdb	CSCCC(N)C(=O)O	CCMSLIB00006682581	spectra_filtered.mgf	MONA.mgf	0.916983	803198000.0	0.0	2.1354	6.0	0.000320435	150.058	1.0	temp/spectra_filtered.mgf49	1.0	METHIONINE	ESI	qTof	isolated	MoNA	MoNA:MoNA032419	M+H	150.058	0.0	1.0			CSCC[C@@H](C(=O)O)N	"""InChI=1S/C5H11NO2S/c1-9-3-2-4(6)5(7)8/h4H,2-3,6H2,1H3,(H,7,8)/t4-/m0/s1"""		3.0	positive	MONA	150.058	UPDATE-SINGLE-ANNOTATED-BRONZE	Bronze		C5H11NO2S	FFEARJCKVFRZRR-BYPYZUCNSA-N	Organic acids and derivatives	Carboxylic acids and derivatives	Amino acids, peptides, and analogues	Small peptides	Aminoacids	Amino acids and Peptides	mzspec:GNPS:GNPS-LIBRARY:CCMSLIB00006682581	43.0	Amino acids and Peptides	0.4	Small peptides	0.4	Dipeptides	0.3	1.0	0.8279759	ISDB	http://www.wikidata.org/entity/Q180341	FFEARJCKVFRZRR-UHFFFAOYSA-N	InChI=1S/C5H11NO2S/c1-9-3-2-4(6)5(7)8/h4H,2-3,6H2,1H3,(H,7,8)	CSCCC(N)C(=O)O	C5H11NO2S		149.051049592	2-Amino-4-methylsulfanylbutanoate;hydron	Amino acids and Peptides	Small peptides	Aminoacids	http://www.wikidata.org/entity/Q291827	Chlamydomonas reinhardtii	33153.0	['Eukaryota']	['Archaeplastida']	['Chlorophyta']	['Chlorophyceae']	['Chlamydomonadales']	['Chlamydomonadaceae']	['Unknown']	['Chlamydomonas']	['Chlamydomonas reinhardtii']											0.0	2.0	4.311903715133667	1.0																								
50	BPJGGWBVULVVEV	sirius	CC=CCC(C(=O)O)NC(=O)C																																																																																												1.0	1.0	0.342	0.342	-156.366	0.801	0.333	39.817	C8H13NO3	[M + H3N + H]+	C8H17N2O3+	InChI=1S/C8H13NO3/c1-3-4-5-7(8(11)12)9-6(2)10/h3-4,7H,5H2,1-2H3,(H,9,10)(H,11,12)	2-acetamidohex-4-enoic acid	CC=CCC(C(=O)O)NC(=O)C	0.412	135081119;53694213;88140575;19364695;152759981;88873780;88873781;88873803	COCONUT:(CNP0165381);SUPERNATURAL:(SN0031790);PUBCHEM:(135081119 53694213 88140575 19364695 152759981 88873780 88873781 88873803)	3145730.0	189.123	25.0	0.412	7.136869201980557e+17	7.136868108441587e+17	
51	CKWOWGVLSXDQDM	sirius	C1CCNC(C1)C(=O)NC(CC2=CC=C(C=C2)O)C(=O)O																																																																																												1.0	1.0	0.783	0.783	-150.295	0.8	0.333	60.231	C15H20N2O4	[M + H3N + H]+	C15H24N3O4+	InChI=1S/C15H20N2O4/c18-11-6-4-10(5-7-11)9-13(15(20)21)17-14(19)12-3-1-2-8-16-12/h4-7,12-13,16,18H,1-3,8-9H2,(H,17,19)(H,20,21)	3-(4-hydroxyphenyl)-2-[[(2R)-piperidine-2-carbonyl]amino]propanoic acid	C1CCNC(C1)C(=O)NC(CC2=CC=C(C=C2)O)C(=O)O	1.341	103870707;103870744;103870750;103870775;104913535;104913634;104914863;61156620;61162497	PUBCHEM:(103870707 103870744 103870750 103870775 104913535 104913634 104914863 61156620 61162497)	2.0	310.176	21.0	0.35	7.136869298785107e+17	7.136868100598237e+17	
51	MYTOTTSMVMWVJN	isdb	NCCCC[C@H](N)C(=O)N[C@@H](Cc1ccc(O)cc1)C(=O)O																																													16.0	Amino acids and Peptides	0.2142857142857142	Small peptides	0.2142857142857142	Dipeptides	0.2142857142857142	1.0	0.66102326	ISDB	http://www.wikidata.org/entity/Q27141917	MYTOTTSMVMWVJN-STQMWFEESA-N	InChI=1S/C15H23N3O4/c16-8-2-1-3-12(17)14(20)18-13(15(21)22)9-10-4-6-11(19)7-5-10/h4-7,12-13,19H,1-3,8-9,16-17H2,(H,18,20)(H,21,22)/t12-,13-/m0/s1	NCCCC[C@H](N)C(=O)N[C@@H](Cc1ccc(O)cc1)C(=O)O	C15H23N3O4		309.168856216	Lys-Tyr	Amino acids and Peptides	Small peptides	Dipeptides	http://www.wikidata.org/entity/Q33244	Trypanosoma brucei	494245.0	['Eukaryota']	['Unknown']	['Unknown']	['Unknown']	['Kinetoplastea']	['Unknown']	['Unknown']	['Trypanosoma']	['Trypanosoma brucei']											0.0	3.0	4.144093036651611	1.0																								
53	KAKJTZWHIUWTTD	isdb	CSCC[C@H](N)C(=O)N[C@H](C(=O)O)[C@@H](C)O																																													43.0	Amino acids and Peptides	0.4	Small peptides	0.4	Dipeptides	0.3	1.0	0.7493581	ISDB	http://www.wikidata.org/entity/Q27141931	KAKJTZWHIUWTTD-VQVTYTSYSA-N	InChI=1S/C9H18N2O4S/c1-5(12)7(9(14)15)11-8(13)6(10)3-4-16-2/h5-7,12H,3-4,10H2,1-2H3,(H,11,13)(H,14,15)/t5-,6+,7+/m1/s1	CSCC[C@H](N)C(=O)N[C@H](C(=O)O)[C@@H](C)O	C9H18N2O4S		250.098728056	Met-Thr	Amino acids and Peptides	Small peptides	Dipeptides	http://www.wikidata.org/entity/Q33244	Trypanosoma brucei	494245.0	['Eukaryota']	['Unknown']	['Unknown']	['Unknown']	['Kinetoplastea']	['Unknown']	['Unknown']	['Trypanosoma']	['Trypanosoma brucei']											0.0	3.0	4.497432470321655	1.0																								
53	UVUNELJTBBMHDJ	sirius	CC(=O)CC(=O)NC(CCSC)C(=O)O																																																																																												1.0	1.0	0.249	0.249	-171.127	0.999	0.333	76.085	C9H15NO4S	[M + H3N + H]+	C9H19N2O4S+	InChI=1S/C9H15NO4S/c1-6(11)5-8(12)10-7(9(13)14)3-4-15-2/h7H,3-5H2,1-2H3,(H,10,12)(H,13,14)	4-Methylsulfanyl-2-(3-oxobutanoylamino)butanoic acid	CC(=O)CC(=O)NC(CCSC)C(=O)O	0.0	4146144;40551297;40551315	PUBCHEM:(4146144 40551297 40551315)	2.0	251.105	21.0	0.352	7.136869409472805e+17	7.136868100891839e+17	
54	CGXQUULXFWRJOI	sirius	CC(C)C(C(=O)NC(C(C)C)C(=O)O)NC(=O)C(CCCN=C(N)N)N																																																																																												1.0	2.0	0.116	0.116	-201.506	0.226	0.333	74.069	C16H32N6O4	[M + H]+	C16H33N6O4+	InChI=1S/C16H32N6O4/c1-8(2)11(14(24)22-12(9(3)4)15(25)26)21-13(23)10(17)6-5-7-20-16(18)19/h8-12H,5-7,17H2,1-4H3,(H,21,23)(H,22,24)(H,25,26)(H4,18,19,20)	Arg-Val-Val	CC(C)C(C(=O)NC(C(C)C)C(=O)O)NC(=O)C(CCCN=C(N)N)N	-0.8	145453997	CHEBI:(159472);PUBCHEM:(145453997)	34.0	373.256	21.0	0.355	7.1368693130038e+17	7.136868101520984e+17	
55	WZUJXVZQPZOEFE	isdb																																														-1.0							1.0	0.7558273	ISDB															['Unknown']	['Unknown']	['Unknown']	['Unknown']	['Unknown']	['Unknown']	['Unknown']	['Unknown']	['Unknown']											0.0	0.0	3.023309230804444	1.0																								
55	YQZHANAPVDIEHA	sirius	C(CCC(C(=O)O)N)CC(C(=O)O)N																																																																																												1.0	1.0	0.075	0.066	-167.74	0.999	0.995	35.501	C8H16N2O4	[M + Na]+	C8H16N2NaO4+	InChI=1S/C8H16N2O4/c9-5(7(11)12)3-1-2-4-6(10)8(13)14/h5-6H,1-4,9-10H2,(H,11,12)(H,13,14)	2,7-diaminooctanedioic acid	C(CCC(C(=O)O)N)CC(C(=O)O)N	-5.5	154199720;7033158;7033159;7033160;7033161;7033162;7033163;146352435;152751017;10965708;192212	COCONUT:(CNP0324449);SUPERNATURAL:(SN0457952);MESH:(192212);PUBCHEM:(154199720 7033158 7033159 7033160 7033161 7033162 7033163 146352435 152751017 10965708 192212);DSSTox:(DTXSID201004467);PUBMED:(null)	137442099270.0	227.1	22.0	0.362	7.136869244594692e+17	7.136868102485676e+17	
56	XZBMUECPDQPZNT	sirius	CC(C)N(C1=CC=C[CH]N1O)[O-]																																																																																												1.0	1.0	-inf	-inf	-140.13	0.989	0.333	74.528	C8H13N2O2	[M + H3N + H]+	C8H17N3O2+	InChI=1S/C8H12N2O2/c1-7(2)10(12)8-5-3-4-6-9(8)11/h3-7,11H,1-2H3/q-1	2-(Isopropylhydroxyamino)pyridine 1-oxide	CC(C)N(C1=CC=C[CH]N1O)[O-]	1.9	102592698	PUBCHEM:(102592698)	2.0	187.131	21.0	0.356	7.136869209656134e+17	7.136868101227383e+17	
57	GVUVRRPYYDHHGK	sirius	CC(C(C(=O)O)NC(=O)C1CCCN1)O																																																																																												1.0	2.0	0.217	0.217	-190.55	0.01	0.333	65.514	C9H16N2O4	[M + H]+	C9H17N2O4+	InChI=1S/C9H16N2O4/c1-5(12)7(9(14)15)11-8(13)6-3-2-4-10-6/h5-7,10,12H,2-4H2,1H3,(H,11,13)(H,14,15)	3-hydroxy-2-[[(2R)-pyrrolidine-2-carbonyl]amino]butanoic acid	CC(C(C(=O)O)NC(=O)C1CCCN1)O	-0.79	145453499;16122519;53860028;104901020;104965220;104965322;61156962;18218237	PUBCHEMANNOTATIONBIO:(null);HMDB:(HMDB0029027);CHEBI:(173620 141395);SUPERNATURAL:(SN0116673);FooDB:(FDB112035);PUBCHEM:(145453499 16122519 53860028 104901020 104965220 104965322 61156962 18218237);PUBMED:(null)	554696810.0	217.118	22.0	0.364	7.136869455190725e+17	7.136868102192073e+17	
58	FBNRYKBJYVOREX	sirius	C1CC(OC1)C(=O)NC2=CC=C(C=C2)NC(=O)CCC(=O)NN																																																																																												1.0	1.0	0.058	0.058	-540.017	0.8	0.333	100.906	C15H20N4O4	[M + H3N + H]+	C15H24N5O4+	InChI=1S/C15H20N4O4/c16-19-14(21)8-7-13(20)17-10-3-5-11(6-4-10)18-15(22)12-2-1-9-23-12/h3-6,12H,1-2,7-9,16H2,(H,17,20)(H,18,22)(H,19,21)	N-(4-(4-Hydrazinyl-4-oxobutanamido)phenyl)tetrahydrofuran-2-carboxamide (28)	C1CC(OC1)C(=O)NC2=CC=C(C=C2)NC(=O)CCC(=O)NN	-0.9	118704673	PUBCHEMANNOTATIONBIO:(null);PUBCHEM:(118704673)	16777218.0	338.182	23.0	0.38	7.136869303063299e+17	7.136868103492308e+17	
58	XTWSWDJMIKUJDQ	isdb																																														22.0	Amino acids and Peptides	0.4666666666666667	Small peptides	0.4666666666666667	Dipeptides	0.4666666666666667	1.0	0.70185745	ISDB															['Unknown']	['Unknown']	['Unknown']	['Unknown']	['Unknown']	['Unknown']	['Unknown']	['Unknown']	['Unknown']											0.0	0.0	2.807429790496826	1.0																								
59	FQBAQWOZQWIEHJ	sirius	CC=CC(=O)NC(CSCCC(=O)O)C(=O)O																																																																																												1.0	1.0	0.209	0.209	-144.655	0.987	0.333	30.362	C10H15NO5S	[M + H3N + H]+	C10H19N2O5S+	InChI=1S/C10H15NO5S/c1-2-3-8(12)11-7(10(15)16)6-17-5-4-9(13)14/h2-3,7H,4-6H2,1H3,(H,11,12)(H,13,14)(H,15,16)	2-[[(E)-but-2-enoyl]amino]-3-(2-carboxylatoethylsulfanyl)propanoate	CC=CC(=O)NC(CSCCC(=O)O)C(=O)O	0.1	158107798;158107799	PUBCHEM:(158107798 158107799)	2.0	279.101	21.0	0.351	7.136869316191471e+17	7.136868101856529e+17	
59	SXGAGTVDWKQYCX	isdb	CSCC[C@H](NC(=O)[C@@H](N)CCC(=O)O)C(=O)O																																													43.0	Amino acids and Peptides	0.4	Small peptides	0.4	Dipeptides	0.3	2.0	0.38352522	ISDB	http://www.wikidata.org/entity/Q27140587	SXGAGTVDWKQYCX-BQBZGAKWSA-N	InChI=1S/C10H18N2O5S/c1-18-5-4-7(10(16)17)12-9(15)6(11)2-3-8(13)14/h6-7H,2-5,11H2,1H3,(H,12,15)(H,13,14)(H,16,17)/t6-,7-/m0/s1	CSCC[C@H](NC(=O)[C@@H](N)CCC(=O)O)C(=O)O	C10H18N2O5S		278.093642676	Glu-Met	Amino acids and Peptides	Small peptides	Dipeptides	http://www.wikidata.org/entity/Q33244	Trypanosoma brucei	494245.0	['Eukaryota']	['Unknown']	['Unknown']	['Unknown']	['Kinetoplastea']	['Unknown']	['Unknown']	['Trypanosoma']	['Trypanosoma brucei']											0.0	3.0	3.034100890159607	1.0																								
60	ARGGJEHCNPGFJX	sirius	CC(C)NC(=O)C(C)NC1=NC=CC(=C1)C(=O)O																																																																																												1.0	1.0	0.135	0.135	-182.423	0.799	0.333	60.794	C12H17N3O3	[M + H3N + H]+	C12H21N4O3+	InChI=1S/C12H17N3O3/c1-7(2)14-11(16)8(3)15-10-6-9(12(17)18)4-5-13-10/h4-8H,1-3H3,(H,13,15)(H,14,16)(H,17,18)	2-[[1-Oxo-1-(propan-2-ylamino)propan-2-yl]amino]pyridine-4-carboxylic acid	CC(C)NC(=O)C(C)NC1=NC=CC(=C1)C(=O)O	1.2	113407807	PUBCHEM:(113407807)	2.0	269.161	23.0	0.379	7.136869282091775e+17	7.136868103156764e+17	
60	IDXZDKMBEXLFMB	gnps	CCC(C)C(C(=O)O)NC(=O)C(CC1=CN=CN1)N	CCMSLIB00003134852	spectra_filtered.mgf	GNPS-NIST14-MATCHES.mgf	0.925497	217044000.0	0.0	1.92747	10.0	0.000518799	269.161	1.0	temp/spectra_filtered.mgf60	1.0	Spectral Match to His-Ile from NIST14	ESI	qTof	Isolated	Data from Gabriel Haddad	Data deposited by mjmeehan	M+H	269.16	268.154	1.0			CCC(C)C(C(=O)O)NC(=O)C(CC1=CN=CN1)N	InChI=1S/C12H20N4O3/c1-3-7(2)10(12(18)19)16-11(17)9(13)4-8-5-14-6-15-8/h5-7,9-10H,3-4,13H2,1-2H3,(H,14,15)(H,16,17)(H,18,19)		3.0	Positive	GNPS-NIST14-MATCHES	269.16	UPDATE-SINGLE-ANNOTATED-BRONZE	Bronze		C12H20N4O3	IDXZDKMBEXLFMB-UHFFFAOYSA-N	Organic acids and derivatives	Carboxylic acids and derivatives	Amino acids, peptides, and analogues	Small peptides	Dipeptides	Amino acids and Peptides	mzspec:GNPS:GNPS-LIBRARY:CCMSLIB00003134852																																																																							
60	MMFKFJORZBJVNF	isdb	CC(C)C[C@H](NC(=O)[C@@H](N)Cc1cnc[nH]1)C(=O)O																																													7.0	Amino acids and Peptides	0.4761904761904761	Small peptides	0.4642857142857143	Dipeptides	0.4285714285714285	1.0	0.9248688	ISDB	http://www.wikidata.org/entity/Q27106873	MMFKFJORZBJVNF-UWVGGRQHSA-N	InChI=1S/C12H20N4O3/c1-7(2)3-10(12(18)19)16-11(17)9(13)4-8-5-14-6-15-8/h5-7,9-10H,3-4,13H2,1-2H3,(H,14,15)(H,16,17)(H,18,19)/t9-,10-/m0/s1	CC(C)C[C@H](NC(=O)[C@@H](N)Cc1cnc[nH]1)C(=O)O	C12H20N4O3		268.1535405	Histidylleucine zwitterion	Amino acids and Peptides	Small peptides	Dipeptides	http://www.wikidata.org/entity/Q306939	Apis cerana	625771.0	['Eukaryota']	['Metazoa']	['Arthropoda']	['Insecta']	['Hymenoptera']	['Apidae']	['Apini']	['Apis']	['Apis cerana']											0.0	3.0	5.199475288391113	1.0																								
61	SOVJKPNTVKXDDQ	sirius	C(CC(N=CN)O)C(C(=O)O)N																																																																																												1.0	1.0	0.327	0.327	-119.901	0.998	0.333	20.891	C6H13N3O3	[M - H2O + H]+	C6H12N3O2+	InChI=1S/C6H13N3O3/c7-3-9-5(10)2-1-4(8)6(11)12/h3-5,10H,1-2,8H2,(H2,7,9)(H,11,12)	2-amino-5-[(Z)-aminomethylideneamino]-5-hydroxypentanoic acid	C(CC(N=CN)O)C(C(=O)O)N	-4.2	135161678	PUBCHEM:(135161678)	2.0	158.092	23.0	0.375	7.136869214731244e+17	7.136868102779277e+17	
62	JASDAZMYCXDNJO	sirius	CC(C)CC(C(=O)O)NC(=O)C1CCN(CC1)C(=O)C2CCCN2																																																																																												1.0	1.0	0.433	0.756	-291.331	0.8	0.333	74.303	C17H29N3O4	[M + H3N + H]+	C17H33N4O4+	InChI=1S/C17H29N3O4/c1-11(2)10-14(17(23)24)19-15(21)12-5-8-20(9-6-12)16(22)13-4-3-7-18-13/h11-14,18H,3-10H2,1-2H3,(H,19,21)(H,23,24)	4-methyl-2-{[1-(pyrrolidine-2-carbonyl)piperidin-4-yl]formamido}pentanoic acid	CC(C)CC(C(=O)O)NC(=O)C1CCN(CC1)C(=O)C2CCCN2	1.089	6545529;4836119;7093682	COCONUT:(CNP0386868);SUPERNATURAL:(SN0160397);PUBCHEM:(6545529 4836119 7093682)	3145730.0	357.249	23.0	0.39	7.136869257848695e+17	7.136868104121454e+17	
62	NLZVTPYXYXMCIP	gnps	CC[C@H](C)[C@@H](C(=O)N1CCC[C@H]1C(=O)N[C@@H](CCCCN)C(=O)O)N	CCMSLIB00003138699	spectra_filtered.mgf	GNPS-NIST14-MATCHES.mgf	0.797311	28860300.0	0.0	0.427119	8.0	0.000152588	357.249	1.0	temp/spectra_filtered.mgf62	1.0	Spectral Match to Ile-Pro-Lys from NIST14	ESI	QQQ	Isolated	Data from Pieter Dorrestein	Data deposited by lfnothias	M+H	357.249	356.242	1.0			CC[C@H](C)[C@@H](C(=O)N1CCC[C@H]1C(=O)N[C@@H](CCCCN)C(=O)O)N	InChI=1S/C17H32N4O4/c1-3-11(2)14(19)16(23)21-10-6-8-13(21)15(22)20-12(17(24)25)7-4-5-9-18/h11-14H,3-10,18-19H2,1-2H3,(H,20,22)(H,24,25)/t11-,12-,13-,14-/m0/s1		3.0	Positive	GNPS-NIST14-MATCHES	357.249	UPDATE-SINGLE-ANNOTATED-BRONZE	Bronze		C17H32N4O4	NLZVTPYXYXMCIP-XUXIUFHCSA-N	Organic acids and derivatives	Carboxylic acids and derivatives	Amino acids, peptides, and analogues	Small peptides	Dipeptides	Amino acids and Peptides	mzspec:GNPS:GNPS-LIBRARY:CCMSLIB00003138699																																																																							
63	IDMBBRCPKAVZMT	sirius	C1CCN(CC1)C=C(C#N)C#N																																																																																												1.0	1.0	0.138	0.138	-148.97	1.0	0.332	42.527	C9H11N3	[M + H3N + H]+	C9H15N4+	InChI=1S/C9H11N3/c10-6-9(7-11)8-12-4-2-1-3-5-12/h8H,1-5H2	Malononitrile, (piperidinomethylene)-	C1CCN(CC1)C=C(C#N)C#N	1.1	51815	PUBCHEMANNOTATIONSAFETYANDTOXIC;PUBCHEM:(51815);DSSTox:(DTXSID20223739);PUBMED	137506062402.0	179.128	24.0	0.392	7.136869205839318e+17	7.136868104415055e+17	
63	LXLFEIHKWGHJJB	gnps	CC[C@H](C)[C@@H](C(=O)N[C@@H](CCCCN)C(=O)O)NC(=O)[C@@H]1CCCN1	CCMSLIB00003135148	spectra_filtered.mgf	GNPS-NIST14-MATCHES.mgf	0.98241	193737000.0	0.0	1.78886	12.0	0.000320435	179.128	1.0	temp/spectra_filtered.mgf63	1.0	Spectral Match to Pro-Ile-Lys from NIST14	ESI	qTof	Isolated	Data from Pieter Dorrestein	Data deposited by lfnothias	M+2H	179.128	356.242	1.0			CC[C@H](C)[C@@H](C(=O)N[C@@H](CCCCN)C(=O)O)NC(=O)[C@@H]1CCCN1	InChI=1S/C17H32N4O4/c1-3-11(2)14(21-15(22)12-8-6-10-19-12)16(23)20-13(17(24)25)7-4-5-9-18/h11-14,19H,3-10,18H2,1-2H3,(H,20,23)(H,21,22)(H,24,25)/t11-,12-,13-,14-/m0/s1		3.0	Positive	GNPS-NIST14-MATCHES	179.128	UPDATE-SINGLE-ANNOTATED-BRONZE	Bronze		C17H32N4O4	LXLFEIHKWGHJJB-XUXIUFHCSA-N	Organic acids and derivatives	Carboxylic acids and derivatives	Amino acids, peptides, and analogues	Small peptides	Dipeptides|Tripeptides	Amino acids and Peptides	mzspec:GNPS:GNPS-LIBRARY:CCMSLIB00003135148																																																																							
64	ILVGMCVCQBJPSH	isdb	CC(C)[C@H](NC(=O)[C@@H](N)CO)C(=O)O																																													7.0	Amino acids and Peptides	0.4761904761904761	Small peptides	0.4642857142857143	Dipeptides	0.4285714285714285	1.0	0.79695356	ISDB	http://www.wikidata.org/entity/Q27144932	ILVGMCVCQBJPSH-WDSKDSINSA-N	InChI=1S/C8H16N2O4/c1-4(2)6(8(13)14)10-7(12)5(9)3-11/h4-6,11H,3,9H2,1-2H3,(H,10,12)(H,13,14)/t5-,6-/m0/s1	CC(C)[C@H](NC(=O)[C@@H](N)CO)C(=O)O	C8H16N2O4		204.111006992	Ser-Val	Amino acids and Peptides	Small peptides	Dipeptides	http://www.wikidata.org/entity/Q4688339	Aeromonas veronii	704628.0	['Bacteria']	['Unknown']	['Proteobacteria']	['Gammaproteobacteria']	['Aeromonadales']	['Aeromonadaceae']	['Unknown']	['Aeromonas']	['Aeromonas veronii']											0.0	3.0	4.687814235687256	1.0																								
64	PBSAZOQZAFOMRB	sirius	CC(C)C(C(=O)O)NC(=O)OC=C																																																																																												1.0	1.0	0.312	0.312	-105.364	0.799	0.333	71.05	C8H13NO4	[M + H3N + H]+	C8H17N2O4+	InChI=1S/C8H13NO4/c1-4-13-8(12)9-6(5(2)3)7(10)11/h4-6H,1H2,2-3H3,(H,9,12)(H,10,11)	(2S)-2-(ethenoxycarbonylamino)-3-methylbutanoic acid	CC(C)C(C(=O)O)NC(=O)OC=C	1.4	131878927;269996	PUBCHEM:(131878927 269996)	2.0	205.118	23.0	0.388	7.136869214899016e+17	7.13686810378591e+17	
65	FADYJNXDPBKVCA	isdb	NCCCCC(NC(=O)C(N)Cc1ccccc1)C(=O)O																																													59.0	Amino acids and Peptides	1.0	Small peptides	1.0	Dipeptides	1.0	2.0	0.54525435	ISDB	http://www.wikidata.org/entity/Q104992193	FADYJNXDPBKVCA-UHFFFAOYSA-N	InChI=1S/C15H23N3O3/c16-9-5-4-8-13(15(20)21)18-14(19)12(17)10-11-6-2-1-3-7-11/h1-3,6-7,12-13H,4-5,8-10,16-17H2,(H,18,19)(H,20,21)	NCCCCC(NC(=O)C(N)Cc1ccccc1)C(=O)O	C15H23N3O3		293.173941596	6-Amino-2-[(2-amino-3-phenylpropanoyl)amino]hexanoic acid	Amino acids and Peptides	Small peptides	Dipeptides	http://www.wikidata.org/entity/Q157853	Phytolacca americana	216619.0	['Eukaryota']	['Archaeplastida']	['Streptophyta']	['Magnoliopsida']	['Caryophyllales']	['Phytolaccaceae']	['Unknown']	['Phytolacca']	['Phytolacca americana']											0.0	3.0	3.681017398834229	1.0																								
65	RANMOJITRAFCCT	sirius	CC1(C(=O)N(C(=O)N(C1=O)CC=C)C)C2=CCCCC2																																																																																												1.0	1.0	0.017	0.017	-410.459	0.991	0.309	58.639	C15H20N2O3	[M + H3N + H]+	C15H24N3O3+	InChI=1S/C15H20N2O3/c1-4-10-17-13(19)15(2,11-8-6-5-7-9-11)12(18)16(3)14(17)20/h4,8H,1,5-7,9-10H2,2-3H3	3-Allyl-5-(1-cyclohexen-1-yl)-1,5-dimethylbarbituric acid	CC1(C(=O)N(C(=O)N(C1=O)CC=C)C)C2=CCCCC2	2.0	26646	PUBCHEMANNOTATIONSAFETYANDTOXIC:(null);PUBCHEM:(26646);DSSTox:(DTXSID30931954)	137506062338.0	294.181	23.0	0.387	7.136869296352411e+17	7.1368681047506e+17	
66	DCTIDBRLUYVPBC	isdb																																														16.0	Amino acids and Peptides	0.2142857142857142	Small peptides	0.2142857142857142	Dipeptides	0.2142857142857142	1.0	0.2669203	ISDB															['Unknown']	['Unknown']	['Unknown']	['Unknown']	['Unknown']	['Unknown']	['Unknown']	['Unknown']	['Unknown']											0.0	0.0	1.0676811933517456	1.0																								
66	KTNGVMMGIQWIDV	sirius	CCC(C)C(C(=O)N1CCCC1C(=O)NC(C(C)O)C(=O)O)N																																																																																												1.0	1.0	0.128	0.159	-237.065	0.876	0.333	67.414	C15H27N3O5	[M + H3N + H]+	C15H31N4O5+	InChI=1S/C15H27N3O5/c1-4-8(2)11(16)14(21)18-7-5-6-10(18)13(20)17-12(9(3)19)15(22)23/h8-12,19H,4-7,16H2,1-3H3,(H,17,20)(H,22,23)	2-[[1-(2-Amino-3-methylpentanoyl)pyrrolidine-2-carbonyl]amino]-3-hydroxybutanoic acid	CCC(C)C(C(=O)N1CCCC1C(=O)NC(C(C)O)C(=O)O)N	-0.374	101896425;18221879	CHEBI:(158720);PUBCHEM:(101896425 18221879)	34.0	347.229	24.0	0.398	7.136869253444676e+17	7.136868105799176e+17	
67	LNCFUHAPNTYMJB	gnps|sirius	C1CC(N(C1)C(=O)C(CC2=CN=CN2)N)C(=O)O	CCMSLIB00003137398	spectra_filtered.mgf	GNPS-NIST14-MATCHES.mgf	0.982941	61921000.0	0.0	15.9003	9.0	0.0037384	235.119	1.0	temp/spectra_filtered.mgf67	1.0	Spectral Match to His-Pro from NIST14	ESI	qTof	Isolated	Data from Pieter Dorrestein	Data deposited by lfnothias	M+H-H2O	235.115	252.122	1.0			C1C[C@H](N(C1)C(=O)[C@H](CC2=CN=CN2)N)C(=O)O	InChI=1S/C11H16N4O3/c12-8(4-7-5-13-6-14-7)10(16)15-3-1-2-9(15)11(17)18/h5-6,8-9H,1-4,12H2,(H,13,14)(H,17,18)/t8-,9-/m0/s1		3.0	Positive	GNPS-NIST14-MATCHES	235.115	UPDATE-SINGLE-ANNOTATED-BRONZE	Bronze		C11H16N4O3	LNCFUHAPNTYMJB-IUCAKERBSA-N	Organic acids and derivatives	Carboxylic acids and derivatives	Amino acids, peptides, and analogues	Small peptides	Dipeptides	Amino acids and Peptides	mzspec:GNPS:GNPS-LIBRARY:CCMSLIB00003137398																																																1.0	1.0	0.981	0.981	-172.717	0.996	0.333	53.841	C11H16N4O3	[M - H2O + H]+	C11H15N4O2+	InChI=1S/C11H16N4O3/c12-8(4-7-5-13-6-14-7)10(16)15-3-1-2-9(15)11(17)18/h5-6,8-9H,1-4,12H2,(H,13,14)(H,17,18)	1-[2-azaniumyl-3-(1H-imidazol-5-yl)propanoyl]pyrrolidine-2-carboxylate	C1CC(N(C1)C(=O)C(CC2=CN=CN2)N)C(=O)O	-0.861	14324830;7408729;16741070;152322;449506;449507;11902993	PUBCHEMANNOTATIONBIO:(null);COCONUT:(CNP0346707);HMDB:(HMDB0028893 HMDB0304781);BloodExposome:(152322);CHEBI:(74055 147379);SUPERNATURAL:(SN0210065);MESH:(152322);FooDB:(FDB098206 FDB111922);PUBCHEM:(14324830 7408729 16741070 152322 449506 449507 11902993);DSSTox:(DTXSID50943211);GNPS:(CCMSLIB00003137398);PUBCHEMANNOTATIONDRUG:(null);PUBMED:(null)	138033500270.0	235.119	24.0	0.396	7.136869488241846e+17	7.136868105253916e+17	
67	VFDJEJCELMPUBS	isdb	CC(C)[C@H]1NC(=O)/C(=C/c2cnc[nH]2)NC1=O																																													4.0	Alkaloids	0.6	Histidine alkaloids	0.2	Imidazole alkaloids	0.2	2.0	0.70882326	ISDB	http://www.wikidata.org/entity/Q77381019	VFDJEJCELMPUBS-PTDYZRSTSA-N	InChI=1S/C11H14N4O2/c1-6(2)9-11(17)14-8(10(16)15-9)3-7-4-12-5-13-7/h3-6,9H,1-2H3,(H,12,13)(H,14,17)(H,15,16)/b8-3-/t9-/m1/s1	CC(C)[C@H]1NC(=O)/C(=C/c2cnc[nH]2)NC1=O	C11H14N4O2		234.111675688	(3Z,6R)-3-(1H-imidazol-5-ylmethylidene)-6-propan-2-ylpiperazine-2,5-dione	Alkaloids	Histidine alkaloids	Imidazole alkaloids	http://www.wikidata.org/entity/Q1144013	Streptomyces	772892.0	['Bacteria']	['Unknown']	['Actinobacteria']	['Unknown']	['Streptomycetales']	['Streptomycetaceae']	['Unknown']	['Streptomyces']	['Unknown']		['Bacteria']									1.0	3.0	5.3352930545806885	1.0																								
68	DJVJQUXDYIOXFO	sirius	B1(OC(C(O1)(C)C)(C)C)C2=CC=CC=C2CC=C																																																																																												1.0	9.0	0.07	0.019	-177.101	0.015	0.015	9.204	C15H21BO2	[M + H3N + H]+	C15H25BNO2+	InChI=1S/C15H21BO2/c1-6-9-12-10-7-8-11-13(12)16-17-14(2,3)15(4,5)18-16/h6-8,10-11H,1,9H2,2-5H3	2-(2-Allylphenyl)-4,4,5,5-tetramethyl-1,3,2-dioxaborolane	B1(OC(C(O1)(C)C)(C)C)C2=CC=CC=C2CC=C	4.09	11010171	PUBCHEMANNOTATIONSAFETYANDTOXIC;PUBCHEM:(11010171)	67108866.0	261.2	24.0	0.393	7.13686935045894e+17	7.136868108106043e+17	
68	KTGFOCFYOZQVRJ	gnps	CC[C@H](C)[C@@H](C(=O)N[C@@H](CCC(=O)O)C(=O)O)N	CCMSLIB00003134776	spectra_filtered.mgf	GNPS-NIST14-MATCHES.mgf	0.813142	28029100.0	0.0	199.596	7.0	0.052124	261.2	1.0	temp/spectra_filtered.mgf68	1.0	Spectral Match to Ile-Glu from NIST14	ESI	qTof	Isolated	Data from Bernhard Palsson	Data deposited by mjmeehan	M+H	261.148	260.137	1.0			CC[C@H](C)[C@@H](C(=O)N[C@@H](CCC(=O)O)C(=O)O)N	InChI=1S/C11H20N2O5/c1-3-6(2)9(12)10(16)13-7(11(17)18)4-5-8(14)15/h6-7,9H,3-5,12H2,1-2H3,(H,13,16)(H,14,15)(H,17,18)/t6-,7-,9-/m0/s1		3.0	Positive	GNPS-NIST14-MATCHES	261.148	UPDATE-SINGLE-ANNOTATED-BRONZE	Bronze		C11H20N2O5	KTGFOCFYOZQVRJ-ZKWXMUAHSA-N	Organic acids and derivatives	Carboxylic acids and derivatives	Amino acids, peptides, and analogues	Small peptides	Dipeptides	Amino acids and Peptides	mzspec:GNPS:GNPS-LIBRARY:CCMSLIB00003134776																																																																							
68	VTJRQLJOIUWHBZ	isdb	CC(C)C[C@H](NC(=O)[C@@H](O)C[C@H](N)CN)C(N)=O																																													-1.0							1.0	0.26400146	ISDB	http://www.wikidata.org/entity/Q105292780	VTJRQLJOIUWHBZ-CIUDSAMLSA-N	InChI=1S/C11H24N4O3/c1-6(2)3-8(10(14)17)15-11(18)9(16)4-7(13)5-12/h6-9,16H,3-5,12-13H2,1-2H3,(H2,14,17)(H,15,18)/t7-,8-,9-/m0/s1	CC(C)C[C@H](NC(=O)[C@@H](O)C[C@H](N)CN)C(N)=O	C11H24N4O3		260.184840628	(2S)-2-[[(2S,4S)-4,5-diamino-2-hydroxypentanoyl]amino]-4-methylpentanamide	Amino acids and Peptides	Small peptides	Dipeptides	http://www.wikidata.org/entity/Q1144013	Streptomyces	772892.0	['Bacteria']	['Unknown']	['Actinobacteria']	['Unknown']	['Streptomycetales']	['Streptomycetaceae']	['Unknown']	['Streptomyces']	['Unknown']											0.0	0.0	1.056005835533142	1.0																								
70	ATIPDCIQTUXABX	sirius	CC(C)CC(C(=O)O)NC(=O)C(CCCCN)N																																																																																												1.0	2.0	0.442	0.461	-161.286	0.482	0.968	39.032	C12H25N3O3	[M + Na]+	C12H25N3NaO3+	InChI=1S/C12H25N3O3/c1-8(2)7-10(12(17)18)15-11(16)9(14)5-3-4-6-13/h8-10H,3-7,13-14H2,1-2H3,(H,15,16)(H,17,18)		CC(C)CC(C(=O)O)NC(=O)C(CCCCN)N	-0.236	4682588;7016102;7016103;92223539	PUBCHEMANNOTATIONBIO:(null);COCONUT:(CNP0438208);HMDB:(HMDB0028955);MiMeDB:(MMDBc0000471);BloodExposome:(4682588);CHEBI:(74561);SUPERNATURAL:(SN0014888);MESH:(7016103);FooDB:(FDB111978);PUBCHEM:(4682588 7016102 7016103 92223539);DSSTox:(DTXSID70426798);LOTUS:(Q27144738);GNPS:(CCMSLIB00003139057 CCMSLIB00003137350)	139342123054.0	282.178	24.0	0.405	7.136869231256804e+17	7.13686810751884e+17	
71	IFPQOXNWLSRZKX	sirius	C(CN=C(N)N)C(C(=O)O)N																																																																																												1.0	2.0	0.515	0.515	-73.452	0.39	0.993	63.995	C5H12N4O2	[M + Na]+	C5H12N4NaO2+	InChI=1S/C5H12N4O2/c6-3(4(10)11)1-2-9-5(7)8/h3H,1-2,6H2,(H,10,11)(H4,7,8,9)	L-Norarginine	C(CN=C(N)N)C(C(=O)O)N	-2.084	51523063;137348247;11389551;59729727;435719;142606090	PUBCHEMANNOTATIONBIO;MESH:(435719);PUBCHEM:(51523063 137348247 11389551 59729727 435719 142606090);DSSTox:(DTXSID00639374 DTXSID20952214 DTXSID70161854);PUBMED	137455730758.0	183.084	24.0	0.402	7.136869311871337e+17	7.136868106176663e+17	
71	YOZSEGPJAXTSFZ	isdb	N[C@@H](Cc1ccc(O)cn1)C(=O)O																																													70.0	Amino acids and Peptides	0.5	Small peptides	0.5	Aminoacids	0.5	1.0	0.5721706	ISDB	http://www.wikidata.org/entity/Q27231231	YOZSEGPJAXTSFZ-ZETCQYMHSA-N	InChI=1S/C8H10N2O3/c9-7(8(12)13)3-5-1-2-6(11)4-10-5/h1-2,4,7,11H,3,9H2,(H,12,13)/t7-/m0/s1	N[C@@H](Cc1ccc(O)cn1)C(=O)O	C8H10N2O3		182.06914218	Azatyrosine	Amino acids and Peptides	Small peptides	Aminoacids	http://www.wikidata.org/entity/Q26291557	Streptomyces olivaceoviridis	153081.0	['Bacteria']	['Unknown']	['Actinobacteria']	['Unknown']	['Streptomycetales']	['Streptomycetaceae']	['Unknown']	['Streptomyces']	['Streptomyces olivaceoviridis']		['Bacteria']									1.0	3.0	4.788682460784912	1.0																								
73	QHGUCRYDKWKLMG	sirius	C1=CC(=CC=C1C(CN)O)O																																																																																												1.0	2.0	0.818	0.863	-17.248	0.449	0.333	45.873	C8H11NO2	[M - H2O + H]+	C8H10NO+	InChI=1S/C8H11NO2/c9-5-8(11)6-1-3-7(10)4-2-6/h1-4,8,10-11H,5,9H2	Octopamine	C1=CC(=CC=C1C(CN)O)O	-0.107	21680226;6918910;6950152;71751290;121284558;45040141;4581;440266;448337	PUBCHEMANNOTATIONBIO:(null);HMDB:(HMDB0004825);PUBCHEMANNOTATIONSAFETYANDTOXIC:(null);BloodExposome:(4581 6950152 440266);SUPERNATURAL:(SN0305366);MESH:(4581 440266);FooDB:(FDB010583 FDB010584);PUBCHEM:(21680226 6918910 6950152 71751290 121284558 45040141 4581 440266 448337);GNPS:(CCMSLIB00000578229);COCONUT:(CNP0139359);NORMAN:(NS00003618 NS00079654);METACYC:(CPD-58);CHEBI:(44715 44808 181454 58025 141486 17134);KEGG:(C04227);DSSTox:(DTXSID20858242 DTXSID7043873 DTXSID8033803 DTXSID901317465);LOTUS:(Q27104536 Q27104540 Q424979);PUBCHEMANNOTATIONDRUG:(null);PUBMED:(null);KNAPSACK:(QHGUCRYDKWKLMG-UHFFFAOYSA-N)	138369309054.0	136.076	24.0	0.403	7.136869324244536e+17	7.13686810655415e+17	
74	JVGVDSSUAVXRDY	sirius	C1=CC(=CC=C1CC(C(=O)O)O)O																																																																																												1.0	1.0	0.587	0.587	-54.956	0.736	0.5	69.796	C9H10O4	[M - H2O + H]+	C9H9O3+	InChI=1S/C9H10O4/c10-7-3-1-6(2-4-7)5-8(11)9(12)13/h1-4,8,10-11H,5H2,(H,12,13)	Hydroxyphenyllactic Acid	C1=CC(=CC=C1CC(C(=O)O)O)O	0.852	157010131;9548580;9548632;9920545;87425256;76973347;134742521;139025576;9378;440177	PUBCHEMANNOTATIONBIO:(null);HMDB:(HMDB0000755 HMDB0303993);MiMeDB:(MMDBc0000539 MMDBc0054045);PUBCHEMANNOTATIONSAFETYANDTOXIC:(null);BloodExposome:(9548580 9378);SUPERNATURAL:(SN0176238);MESH:(9378 9548580);FooDB:(FDB019021 FDB030152);PUBCHEM:(157010131 9548580 9548632 9920545 87425256 76973347 134742521 139025576 9378 440177);COCONUT:(CNP0177541);NORMAN:(NS00014787);METACYC:(CPD-2222);PLANTCYC:(CPD-2222);CHEBI:(36659 16003 10980 17385);KEGG:(C03964 C03672);DSSTox:(DTXSID10861861 DTXSID60432803);LOTUS:(Q27466783 Q26385943 Q27098335);YMDB:(YMDB00457);PUBCHEMANNOTATIONDRUG:(null);PUBMED:(null)	139443243374.0	165.055	24.0	0.405	7.136869241826451e+17	7.136868107812442e+17	
74	NGSWKAQJJWESNS	gnps|isdb	O=C(O)/C=C/c1ccc(O)cc1	CCMSLIB00013576669	spectra_filtered.mgf	CMMC-FOOD-BIOMARKERS.mgf	0.9418	87875600.0	0.0	3.42055	6.0	0.000564575	165.055	1.0	temp/spectra_filtered.mgf74	1.0	p-Coumaric acid (known structural isomers: 0; isobaric peaks in run: 4)	LC-ESI	Orbitrap	Crude	Pieter Dorrestein	Julius	[M+H]+	165.054	164.047	1.0			C1=CC(=CC=C1/C=C/C(=O)O)O	InChI=1S/C9H8O3/c10-8-4-1-7(2-5-8)3-6-9(11)12/h1-6,10H,(H,11,12)/b6-3+	InChI=1S/C9H8O3/c10-8-4-1-7(2-5-8)3-6-9(11)12/h1-6,10H,(H,11,12)/b6-3+ [M+H]+	1.0	Positive	CMMC-FOOD-BIOMARKERS	165.054	UPDATE-SINGLE-ANNOTATED-GOLD	Gold		C9H8O3	NGSWKAQJJWESNS-ZZXKWVIFSA-N	Phenylpropanoids and polyketides	Cinnamic acids and derivatives	Hydroxycinnamic acids and derivatives	Phenylpropanoids (C6-C3)	Cinnamic acids and derivatives	Shikimates and Phenylpropanoids	mzspec:GNPS:GNPS-LIBRARY:CCMSLIB00013576669	15.0	Shikimates and Phenylpropanoids	0.6666666666666666	Phenylpropanoids (C6-C3)	0.6666666666666666	Cinnamic acids and derivatives	0.6666666666666666	2.0	0.30910194	ISDB	http://www.wikidata.org/entity/Q99374	NGSWKAQJJWESNS-ZZXKWVIFSA-N	InChI=1S/C9H8O3/c10-8-4-1-7(2-5-8)3-6-9(11)12/h1-6,10H,(H,11,12)/b6-3+	O=C(O)/C=C/c1ccc(O)cc1	C9H8O3		164.047344116	4-Hydroxycinnamic acid	Shikimates and Phenylpropanoids	Phenylpropanoids (C6-C3)	Cinnamic acids and derivatives	http://www.wikidata.org/entity/Q221179	Streptococcus pneumoniae	699152.0	['Bacteria']	['Unknown']	['Firmicutes']	['Bacilli']	['Lactobacillales']	['Streptococcaceae']	['Unknown']	['Streptococcus']	['Streptococcus pneumoniae']		['Bacteria']									1.0	3.0	3.73640775680542	1.0																								
75	NGSWKAQJJWESNS	sirius	C1=CC(=CC=C1C=CC(=O)O)O																																																																																												1.0	1.0	0.277	0.556	-61.826	0.798	0.333	91.633	C9H8O3	[M + H3N + H]+	C9H12NO3+	InChI=1S/C9H8O3/c10-8-4-1-7(2-5-8)3-6-9(11)12/h1-6,10H,(H,11,12)	Coumaric Acid	C1=CC(=CC=C1C=CC(=O)O)O	1.393	16109932;124202750;637542;131708669;131871182;1549106;11116469;322;117064649;54708745;54721280;54729371;71310960	PUBCHEMANNOTATIONBIO:(null);HMDB:(HMDB0002035 HMDB0030677);MiMeDB:(MMDBc0000581 MMDBc0054083);PUBCHEMANNOTATIONSAFETYANDTOXIC:(null);BloodExposome:(322 637542 54708745);SUPERNATURAL:(SN0245076);MESH:(637542);FooDB:(FDB002592 FDB002593 FDB002594 FDB004146 FDB030490);PUBCHEM:(16109932 124202750 637542 131708669 131871182 1549106 11116469 322 117064649 54708745 54721280 54729371 71310960);GNPS:(CCMSLIB00003138651 CCMSLIB00000078887);COCONUT:(CNP0255341);NORMAN:(NS00004354 NS00068187 NS00082097);METACYC:(CIS-P-COUMARATE COUMARATE);PLANTCYC:(COUMARATE);CHEBI:(32373 12876 32374 58152 36090 17450);KEGG:(C00811 C06738);DSSTox:(DTXSID00746416 DTXSID30901076 DTXSID6064660 DTXSID901315564);LOTUS:(Q27104329 Q99374 Q27102404);YMDB:(YMDB00498);PUBCHEMANNOTATIONDRUG:(null);PUBMED:(null);KNAPSACK:(NGSWKAQJJWESNS-UHFFFAOYSA-N)	139443247486.0	182.081	24.0	0.404	7.136869216828397e+17	7.136868106889695e+17	
75	OUYCCCASQSFEME	gnps|isdb	N[C@@H](Cc1ccc(O)cc1)C(=O)O	CCMSLIB00005885094	spectra_filtered.mgf	GNPS-LIBRARY.mgf	0.957893	616087000.0	0.0	0.670418	6.0	0.00012207	182.081	1.0	temp/spectra_filtered.mgf75	1.0	Tyrosine - 50.00 eV	ESI	Orbitrap	Isolated	Madeleine Ernst	Anna Abrahamsson	M+H	182.081	0.0	1.0	60-18-4		N[C@@H](CC1=CC=C(O)C=C1)C(O)=O	InChI=1S/C9H11NO3/c10-8(9(12)13)5-6-1-3-7(11)4-2-6/h1-4,8,11H,5,10H2,(H,12,13)/t8-/m0/s1		1.0	Positive	GNPS-LIBRARY	182.081	UPDATE-SINGLE-ANNOTATED-GOLD	Gold		C9H11NO3	OUYCCCASQSFEME-QMMMGPOBSA-N	Organic acids and derivatives	Carboxylic acids and derivatives	Amino acids, peptides, and analogues	Small peptides	Aminoacids	Amino acids and Peptides|Shikimates and Phenylpropanoids	mzspec:GNPS:GNPS-LIBRARY:CCMSLIB00005885094	7.0	Amino acids and Peptides	0.4761904761904761	Small peptides	0.4642857142857143	Dipeptides	0.4285714285714285	1.0	0.8150046	ISDB	http://www.wikidata.org/entity/Q188017	OUYCCCASQSFEME-QMMMGPOBSA-N	InChI=1S/C9H11NO3/c10-8(9(12)13)5-6-1-3-7(11)4-2-6/h1-4,8,11H,5,10H2,(H,12,13)/t8-/m0/s1	N[C@@H](Cc1ccc(O)cc1)C(=O)O	C9H11NO3		181.073893212	(2S)-2-ammonio-3-(4-hydroxyphenyl)propanoate	Amino acids and Peptides	Small peptides	Aminoacids	http://www.wikidata.org/entity/Q31856	Pseudomonas aeruginosa	216671.0	['Bacteria']	['Unknown']	['Proteobacteria']	['Gammaproteobacteria']	['Pseudomonadales']	['Pseudomonadaceae']	['Unknown']	['Pseudomonas']	['Pseudomonas aeruginosa']		['Bacteria']		['Proteobacteria']	['Gammaproteobacteria']	['Pseudomonadales']	['Pseudomonadaceae']		['Pseudomonas']	['Pseudomonas aeruginosa']	7.0	2.0	11.260018348693848	1.0																								
76	OUYCCCASQSFEME	sirius	C1=CC(=CC=C1CC(C(=O)O)N)O																																																																																												1.0	1.0	0.75	0.848	-122.176	1.0	1.0	25.513	C9H11NO3	[M + Na]+	C9H11NNaO3+	InChI=1S/C9H11NO3/c10-8(9(12)13)5-6-1-3-7(11)4-2-6/h1-4,8,11H,5,10H2,(H,12,13)	L-Tyr	C1=CC(=CC=C1CC(C(=O)O)N)O	0.268	101207897;101397207;101397208;101473587;4300518;102601143;102601262;102602318;67616738;136695003;136901282;6919035;6942100;163322697;87528069;87206347;16057302;16121128;16121129;16213418;16213445;16213583;16217563;5460819;5460804;5460805;5460807;5460811;5460812;5460814;5460820;5460822;51038299;51038519;118264389;118404240;129691772;129718953;129827297;22525020;22525021;22525022;102122882;102134361;124202800;124202884;102176480;102352865;102352866;102352868;102352869;102352870;102445951;102467108;162642142;162642143;136235592;135889919;66995444;145705697;145705698;56613523;56615578;56846617;10035292;25033054;10081061;10176393;25240685;25240941;25241510;25241511;10261774;10285839;10419891;46198802;46198803;46200025;46200026;46200027;46200028;46200029;46200030;46200031;46200178;46200179;46200180;46200181;46200182;46200183;46200184;46200325;46200326;46200327;46200328;46200329;46200486;90695549;151393448;153693979;153694842;153697361;153713630;153713771;54170871;54170875;131708673;121232915;121232916;131869542;138986902;24209846;24209847;153284758;11344427;10513366;10657063;1153;6057;71098;134618;450407;450408;450409;450610;46932123;91056413;3741725;12144755;12209698;12209699;12209700;12209703;12209704;12209705;12209706;12209707;12209714;12209715;12209716;12209717;12209718;12209719;12209720;12209722;12209728;12209731;11819702;18761740;90471999;90472602;71308851;2724449	PUBCHEMANNOTATIONBIO;HMDB:(HMDB0000158 HMDB0250803);MiMeDB:(MMDBc0000047 MMDBc0030387);PUBCHEMANNOTATIONSAFETYANDTOXIC;BloodExposome:(71098 1153 6057);SUPERNATURAL:(SN0275914);HSDB:(60-18-4);MESH:(6057);FooDB:(FDB000446);PUBCHEM:(101207897 101397207 101397208 101473587 4300518 102601143 102601262 102602318 67616738 136695003 136901282 6919035 6942100 163322697 87528069 87206347 16057302 16121128 16121129 16213418 16213445 16213583 16217563 5460819 5460804 5460805 5460807 5460811 5460812 5460814 5460820 5460822 51038299 51038519 118264389 118404240 129691772 129718953 129827297 22525020 22525021 22525022 102122882 102134361 124202800 124202884 102176480 102352865 102352866 102352868 102352869 102352870 102445951 102467108 162642142 162642143 136235592 135889919 66995444 145705697 145705698 56613523 56615578 56846617 10035292 25033054 10081061 10176393 25240685 25240941 25241510 25241511 10261774 10285839 10419891 46198802 46198803 46200025 46200026 46200027 46200028 46200029 46200030 46200031 46200178 46200179 46200180 46200181 46200182 46200183 46200184 46200325 46200326 46200327 46200328 46200329 46200486 90695549 151393448 153693979 153694842 153697361 153713630 153713771 54170871 54170875 131708673 121232915 121232916 131869542 138986902 24209846 24209847 153284758 11344427 10513366 10657063 1153 6057 71098 134618 450407 450408 450409 450610 46932123 91056413 3741725 12144755 12209698 12209699 12209700 12209703 12209704 12209705 12209706 12209707 12209714 12209715 12209716 12209717 12209718 12209719 12209720 12209722 12209728 12209731 11819702 18761740 90471999 90472602 71308851 2724449);GNPS:(CCMSLIB00003139994 CCMSLIB00003134543);COCONUT:(CNP0116237);NORMAN:(NS00001880 NS00080446 NS00080506);METACYC:(D-TYROSINE SMA-0000164 SMA-0000202);PLANTCYC:(TYR);CHEBI:(32773 58570 32760 32784 192085 32775 28479 58315 32786 17895 32785 32774 32762 18186 53696 32761);KEGG:(C01536 C06420 C00082);DSSTox:(DTXSID00437458 DTXSID1023730 DTXSID10473726 DTXSID10480571 DTXSID10993136 DTXSID201310713 DTXSID20478520 DTXSID20952072 DTXSID30480573 DTXSID30583957 DTXSID30584444 DTXSID30890037 DTXSID40480569 DTXSID50153676 DTXSID50480570 DTXSID50859040 DTXSID50883441 DTXSID70439560 DTXSID70480572 DTXSID70583936 DTXSID80437754 DTXSID80584050 DTXSID90480574);LOTUS:(Q188017 Q16082044 Q27102882);YMDB:(YMDB00805 YMDB00364);PUBCHEMANNOTATIONDRUG;PUBCHEMANNOTATIONFOOD;PUBMED;KNAPSACK:(OUYCCCASQSFEME-UHFFFAOYSA-N)	139577465726.0	204.063	24.0	0.402	7.136869405278501e+17	7.136868107225239e+17	
78	DSKCOVBHIFAJRI	sirius	CC(C)(C)OC(=O)NC1(CC1)C(=O)O																																																																																												1.0	1.0	0.075	0.083	-173.859	0.8	0.333	71.316	C9H15NO4	[M + H3N + H]+	C9H19N2O4+	InChI=1S/C9H15NO4/c1-8(2,3)14-7(13)10-9(4-5-9)6(11)12/h4-5H2,1-3H3,(H,10,13)(H,11,12)	1-{[(tert-butoxy)carbonyl]amino}cyclopropane-1-carboxylic acid	CC(C)(C)OC(=O)NC1(CC1)C(=O)O	0.9	163530289;25272409;688396	COCONUT:(CNP0122009);PUBCHEMANNOTATIONSAFETYANDTOXIC:(null);PUBCHEM:(163530289 25272409 688396);DSSTox:(DTXSID80350893);PUBMED:(null)	137508159554.0	219.134	25.0	0.415	7.136869252521928e+17	7.136868108777132e+17	
78	XGDCYUQSFDQISZ	isdb	CC(C)C[C@H](N)C(=O)N[C@@H](CO)C(=O)O																																													-1.0							1.0	0.7271586	ISDB	http://www.wikidata.org/entity/Q27140605	XGDCYUQSFDQISZ-BQBZGAKWSA-N	InChI=1S/C9H18N2O4/c1-5(2)3-6(10)8(13)11-7(4-12)9(14)15/h5-7,12H,3-4,10H2,1-2H3,(H,11,13)(H,14,15)/t6-,7-/m0/s1	CC(C)C[C@H](N)C(=O)N[C@@H](CO)C(=O)O	C9H18N2O4		218.126657056	Leu-Ser	Amino acids and Peptides	Small peptides	Dipeptides	http://www.wikidata.org/entity/Q182881	Panax ginseng	524063.0	['Eukaryota']	['Archaeplastida']	['Streptophyta']	['Magnoliopsida']	['Apiales']	['Araliaceae']	['Unknown']	['Panax']	['Panax ginseng']											0.0	0.0	2.9086344242095947	1.0																								
79	WYECHKCBURNQCS	sirius	CC(C(=O)N1CCC(CC1)C(=O)NC(C)C(=O)O)NC(=O)OC(C)(C)C																																																																																												1.0	1.0	0.089	0.089	-401.891	0.802	0.333	70.207	C17H29N3O6	[M + H3N + H]+	C17H33N4O6+	InChI=1S/C17H29N3O6/c1-10(19-16(25)26-17(3,4)5)14(22)20-8-6-12(7-9-20)13(21)18-11(2)15(23)24/h10-12H,6-9H2,1-5H3,(H,18,21)(H,19,25)(H,23,24)	2-{[1-(2-{[(tert-butoxy)carbonyl]amino}propanoyl)piperidin-4-yl]formamido}propanoic acid	CC(C(=O)N1CCC(CC1)C(=O)NC(C)C(=O)O)NC(=O)OC(C)(C)C	0.6	6351711;5574127;3252627	COCONUT:(CNP0232265);SUPERNATURAL:(SN0423182);PUBCHEM:(6351711 5574127 3252627)	3145730.0	389.239	25.0	0.424	7.136869320092175e+17	7.136868109699878e+17	
80	UWHRBDRPOIGEGO	sirius	CC(C=O)NC(=O)C(C)NC(=O)C(C)NC(=O)C1CCCN1C(=O)C(C)N																																																																																												1.0	2.0	0.715	0.715	-188.681	0.2	0.333	97.929	C17H29N5O5	[M - H2O + H]+	C17H28N5O4+	InChI=1S/C17H29N5O5/c1-9(8-23)19-14(24)11(3)20-15(25)12(4)21-16(26)13-6-5-7-22(13)17(27)10(2)18/h8-13H,5-7,18H2,1-4H3,(H,19,24)(H,20,25)(H,21,26)	H-Ala-Pro-Ala-Ala-Ala-al	CC(C=O)NC(=O)C(C)NC(=O)C(C)NC(=O)C1CCCN1C(=O)C(C)N	-1.28	145704665	PUBCHEMANNOTATIONBIO:(null);PUBCHEM:(145704665)	16777218.0	366.213	25.0	0.419	7.136869421384631e+17	7.136868109070733e+17	
82	LALNXSXEYFUUDD	sirius	CC(C)CC(C(=O)O)NC(=O)C(CCC(=O)O)NC(=O)C(CO)N																																																																																												1.0	2.0	0.278	0.278	-191.398	0.307	0.333	39.585	C14H25N3O7	[M + H]+	C14H26N3O7+	InChI=1S/C14H25N3O7/c1-7(2)5-10(14(23)24)17-13(22)9(3-4-11(19)20)16-12(21)8(15)6-18/h7-10,18H,3-6,15H2,1-2H3,(H,16,21)(H,17,22)(H,19,20)(H,23,24)	2-[[2-[(2-Amino-3-hydroxypropanoyl)amino]-4-carboxybutanoyl]amino]-4-methylpentanoic acid	CC(C)CC(C(=O)O)NC(=O)C(CCC(=O)O)NC(=O)C(CO)N	-1.66	145457740;18223889	CHEBI:(163078);PUBCHEM:(145457740 18223889)	34.0	348.176	26.0	0.427	7.136869474987844e+17	7.136868110329024e+17	
83	PIBDLFSMWIKWTO	sirius	COC(=O)CCCCC1C(C(CS1)NC(=O)OC)NC(=O)OC																																																																																												1.0	1.0	0.027	0.027	-375.175	0.8	0.333	90.66	C14H24N2O6S	[M + H3N + H]+	C14H28N3O6S+	InChI=1S/C14H24N2O6S/c1-20-11(17)7-5-4-6-10-12(16-14(19)22-3)9(8-23-10)15-13(18)21-2/h9-10,12H,4-8H2,1-3H3,(H,15,18)(H,16,19)	methyl 5-{3,4-bis[(methoxycarbonyl)amino]thiolan-2-yl}pentanoate	COC(=O)CCCCC1C(C(CS1)NC(=O)OC)NC(=O)OC	1.2	7075010;7188588;7302193;7302194;645873;98170543;25716138	COCONUT:(CNP0361115);SUPERNATURAL:(SN0286008);PUBCHEM:(7075010 7188588 7302193 7302194 645873 98170543 25716138);PUBMED:(null)	3145794.0	366.169	26.0	0.432	7.136869470290222e+17	7.136868112258404e+17	
84	PZSJKNVICZHDIF	sirius	CCC(C)C(C(=O)O)NC(=O)CCS(=O)(=O)NCC(=O)NC(C)C																																																																																												1.0	1.0	0.012	0.012	-262.631	1.0	1.0	151.914	C14H27N3O6S	[M + Na]+	C14H27N3NaO6S+	InChI=1S/C14H27N3O6S/c1-5-10(4)13(14(20)21)17-11(18)6-7-24(22,23)15-8-12(19)16-9(2)3/h9-10,13,15H,5-8H2,1-4H3,(H,16,19)(H,17,18)(H,20,21)	(2S,3S)-3-methyl-2-[3-[[2-oxo-2-(propan-2-ylamino)ethyl]sulfamoyl]propanoylamino]pentanoic acid	CCC(C)C(C(=O)O)NC(=O)CCS(=O)(=O)NCC(=O)NC(C)C	0.0	120049016	PUBCHEM:(120049016)	2.0	388.15	25.0	0.421	7.136869499440639e+17	7.136868111587315e+17	
85	IJBDKIOLZUIJJH	sirius	C1CC(NC1)C(=O)NC(CCCCN)C(=O)NCC(=O)N																																																																																												1.0	1.0	0.118	0.118	-268.4	0.989	1.0	88.616	C13H25N5O3	[M + Na]+	C13H25N5NaO3+	InChI=1S/C13H25N5O3/c14-6-2-1-4-10(12(20)17-8-11(15)19)18-13(21)9-5-3-7-16-9/h9-10,16H,1-8,14H2,(H2,15,19)(H,17,20)(H,18,21)	Prolyl-lysyl-glycinamide	C1CC(NC1)C(=O)NC(CCCCN)C(=O)NCC(=O)N	-1.678	14332097;171431	MESH:(171431);PUBCHEM:(14332097 171431);DSSTox:(DTXSID80203815);PUBMED	137438953542.0	322.187	26.0	0.427	7.136869428724664e+17	7.136868110916227e+17	
85	OZILORBBPKKGRI	isdb	N=C(N)NCCC[C@H](NC(=O)[C@@H](N)Cc1ccccc1)C(=O)O																																													22.0	Amino acids and Peptides	0.4666666666666667	Small peptides	0.4666666666666667	Dipeptides	0.4666666666666667	1.0	0.5334843	ISDB	http://www.wikidata.org/entity/Q27142242	OZILORBBPKKGRI-RYUDHWBXSA-N	InChI=1S/C15H23N5O3/c16-11(9-10-5-2-1-3-6-10)13(21)20-12(14(22)23)7-4-8-19-15(17)18/h1-3,5-6,11-12H,4,7-9,16H2,(H,20,21)(H,22,23)(H4,17,18,19)/t11-,12-/m0/s1	N=C(N)NCCC[C@H](NC(=O)[C@@H](N)Cc1ccccc1)C(=O)O	C15H23N5O3		321.180089596	Phe-arg	Amino acids and Peptides	Small peptides	Dipeptides	http://www.wikidata.org/entity/Q4688339	Aeromonas veronii	704628.0	['Bacteria']	['Unknown']	['Proteobacteria']	['Gammaproteobacteria']	['Aeromonadales']	['Aeromonadaceae']	['Unknown']	['Aeromonas']	['Aeromonas veronii']											0.0	3.0	3.633937120437622	1.0																								
87	GVRKWABULJAONN	sirius	CC(C)C(C(=O)NC(C(C)O)C(=O)O)N																																																																																												1.0	2.0	0.858	0.858	-31.203	0.257	0.004	39.12	C9H18N2O4	[M + Na]+	C9H18N2NaO4+	InChI=1S/C9H18N2O4/c1-4(2)6(10)8(13)11-7(5(3)12)9(14)15/h4-7,12H,10H2,1-3H3,(H,11,13)(H,14,15)	Val-Thr	CC(C)C(C(=O)NC(C(C)O)C(=O)O)N	-0.997	4046492;9815826;124306824;124422925;156908028;92259306;92259307;104965309;61156961;79012809	PUBCHEMANNOTATIONBIO:(null);COCONUT:(CNP0292075);HMDB:(HMDB0029137);CHEBI:(90330 177280);SUPERNATURAL:(SN0116579);FooDB:(FDB112138);PUBCHEM:(4046492 9815826 124306824 124422925 156908028 92259306 92259307 104965309 61156961 79012809)	556793898.0	241.116	26.0	0.438	7.136869463789051e+17	7.136868114187785e+17	
88	KCXUCYYZNZFGLL	sirius	CC(C)CC(C(=O)O)NC(=O)C(C)NC(=O)C(CCCCN)N																																																																																												1.0	2.0	0.406	0.464	-138.205	0.27	0.333	28.842	C15H30N4O4	[M + H]+	C15H31N4O4+	InChI=1S/C15H30N4O4/c1-9(2)8-12(15(22)23)19-13(20)10(3)18-14(21)11(17)6-4-5-7-16/h9-12H,4-8,16-17H2,1-3H3,(H,18,21)(H,19,20)(H,22,23)	2-[2-(2,6-Diaminohexanoylamino)propanoylamino]-4-methylpentanoic acid	CC(C)CC(C(=O)O)NC(=O)C(C)NC(=O)C(CCCCN)N	-0.498	145456570;18222334	CHEBI:(159685);PUBCHEM:(145456570 18222334)	34.0	331.233	26.0	0.428	7.136869494155814e+17	7.136868111251771e+17	
89	SVZFKLBRCYCIIY	gnps	CC[C@H](C)[C@@H](C(=O)N1CCC[C@H]1C(=O)N[C@@H](CCCN=C(N)N)C(=O)O)N	CCMSLIB00003136414	spectra_filtered.mgf	GNPS-NIST14-MATCHES.mgf	0.800371	9343690.0	0.0	1.82192	7.0	0.000701904	385.255	1.0	temp/spectra_filtered.mgf89	1.0	Spectral Match to Ile-Pro-Arg from NIST14	ESI	qTof	Isolated	Data from Pieter Dorrestein	Data deposited by lfnothias	M+H	385.256	384.249	1.0			CC[C@H](C)[C@@H](C(=O)N1CCC[C@H]1C(=O)N[C@@H](CCCN=C(N)N)C(=O)O)N	InChI=1S/C17H32N6O4/c1-3-10(2)13(18)15(25)23-9-5-7-12(23)14(24)22-11(16(26)27)6-4-8-21-17(19)20/h10-13H,3-9,18H2,1-2H3,(H,22,24)(H,26,27)(H4,19,20,21)/t10-,11-,12-,13-/m0/s1		3.0	Positive	GNPS-NIST14-MATCHES	385.256	UPDATE-SINGLE-ANNOTATED-BRONZE	Bronze		C17H32N6O4	SVZFKLBRCYCIIY-CYDGBPFRSA-N	Organic acids and derivatives	Carboxylic acids and derivatives	Amino acids, peptides, and analogues	Small peptides	Dipeptides	Amino acids and Peptides	mzspec:GNPS:GNPS-LIBRARY:CCMSLIB00003136414																																																																							
89	VCYJKOLZYPYGJV	sirius	CC(C)CC(C(=O)O)NC(=O)C(CCCN=C(N)N)NC(=O)C1CCCN1																																																																																												1.0	2.0	0.244	0.244	-153.631	0.29	0.333	43.784	C17H32N6O4	[M + H]+	C17H33N6O4+	InChI=1S/C17H32N6O4/c1-10(2)9-13(16(26)27)23-15(25)12(6-4-8-21-17(18)19)22-14(24)11-5-3-7-20-11/h10-13,20H,3-9H2,1-2H3,(H,22,24)(H,23,25)(H,26,27)(H4,18,19,21)	H-DL-Pro-DL-Arg-DL-Leu-OH	CC(C)CC(C(=O)O)NC(=O)C(CCCN=C(N)N)NC(=O)C1CCCN1	-0.144	145457388;18223446	CHEBI:(162080);PUBCHEM:(145457388 18223446)	34.0	385.256	26.0	0.427	7.136869471548515e+17	7.136868112593948e+17	
90	CWYAQUMZIHGIEF	sirius	C(CCCN1C(=O)N(C(=O)OC1=O)CCCCCCN=C=O)CCN=C=O																																																																																												1.0	1.0	0.058	0.058	-248.686	0.993	0.333	101.525	C17H24N4O6	[M + H3N + H]+	C17H28N5O6+	InChI=1S/C17H24N4O6/c22-13-18-9-5-1-3-7-11-20-15(24)21(17(26)27-16(20)25)12-8-4-2-6-10-19-14-23/h1-12H2	2H-1,3,5-Oxadiazine-2,4,6(3H,5H)-trione, 3,5-bis(6-isocyanatohexyl)-	C(CCCN1C(=O)N(C(=O)OC1=O)CCCCCCN=C=O)CCN=C=O	4.2	170876	NORMAN:(NS00032107);PUBCHEMANNOTATIONSAFETYANDTOXIC:(null);PUBCHEM:(170876);DSSTox:(DTXSID1068566)	137506324482.0	398.203	26.0	0.436	7.136869572253764e+17	7.136868114523329e+17	
91	FSHURBQASBLAPO	isdb																																														-1.0							1.0	0.7538639	ISDB															['Unknown']	['Unknown']	['Unknown']	['Unknown']	['Unknown']	['Unknown']	['Unknown']	['Unknown']	['Unknown']											0.0	0.0	3.015455484390259	1.0																								
91	LKRAEHUDIUJBSF	sirius	CC(=O)NC(CSCC=C)C(=O)O																																																																																												1.0	2.0	0.097	0.097	-118.655	0.384	0.333	34.442	C8H13NO3S	[M + H3N + H]+	C8H17N2O3S+	InChI=1S/C8H13NO3S/c1-3-4-13-5-7(8(11)12)9-6(2)10/h3,7H,1,4-5H2,2H3,(H,9,10)(H,11,12)	N-Acetyl-S-allyl-L-cysteine	CC(=O)NC(CSCC=C)C(=O)O	0.5	118797103;21201338;10465488;152467;57369309	NORMAN:(NS00018054);HMDB:(HMDB0240543 HMDB0240556);BloodExposome:(152467);CHEBI:(189718);SUPERNATURAL:(SN0208125);MESH:(152467);FooDB:(FDB093738 FDB093754);PUBCHEM:(118797103 21201338 10465488 152467 57369309);DSSTox:(DTXSID20945803 DTXSID50724522);PUBMED	137981329518.0	221.095	25.0	0.421	7.136869237044943e+17	7.136868113600582e+17	
92	POXNHWXAJVBVFB	sirius	CCOC(=O)OCON=[N+](N(C)CC(=O)O)[O-]																																																																																												1.0	3.0	0.017	0.017	-159.226	0.099	0.331	21.375	C7H13N3O7	[M + H3N + H]+	C7H17N4O7+	InChI=1S/C7H13N3O7/c1-3-15-7(13)16-5-17-8-10(14)9(2)4-6(11)12/h3-5H2,1-2H3,(H,11,12)	(E)-[carboxymethyl(methyl)amino]-(ethoxycarbonyloxymethoxyimino)-oxidoazanium	CCOC(=O)OCON=[N+](N(C)CC(=O)O)[O-]	1.1	162326181;118237647	PUBCHEM:(162326181 118237647)	2.0	269.109	26.0	0.437	7.136869437658533e+17	7.136868113894184e+17	
93	ROVVUKFHORPDSM	sirius	CC(C)(C)OC(=O)NC1(CCC1)C(=O)O																																																																																												1.0	1.0	0.027	0.132	-166.213	0.8	0.333	34.886	C10H17NO4	[M + H3N + H]+	C10H21N2O4+	InChI=1S/C10H17NO4/c1-9(2,3)15-8(14)11-10(7(12)13)5-4-6-10/h4-6H2,1-3H3,(H,11,14)(H,12,13)	1-{[(tert-butoxy)carbonyl]amino}cyclobutane-1-carboxylic acid	CC(C)(C)OC(=O)NC1(CCC1)C(=O)O	1.2	6988000;1512646	COCONUT:(CNP0046079);SUPERNATURAL:(SN0331238);PUBCHEM:(6988000 1512646);DSSTox:(DTXSID00363748)	137442099202.0	233.149	26.0	0.435	7.136869229243538e+17	7.136868113265037e+17	
94	SITLTJHOQZFJGG	gnps|isdb	CC(C)[C@H](NC(=O)[C@@H](N)CCC(=O)O)C(=O)O	CCMSLIB00003135362	spectra_filtered.mgf	GNPS-NIST14-MATCHES.mgf	0.91206	42583800.0	0.0	13.8305	8.0	0.00341797	247.129	1.0	temp/spectra_filtered.mgf94	1.0	Spectral Match to Glu-Val from NIST14	ESI	qTof	Isolated	Data from Bernhard Palsson	Data deposited by mjmeehan	M+H	247.132	246.122	1.0			CC(C)[C@@H](C(=O)O)NC(=O)[C@H](CCC(=O)O)N	InChI=1S/C10H18N2O5/c1-5(2)8(10(16)17)12-9(15)6(11)3-4-7(13)14/h5-6,8H,3-4,11H2,1-2H3,(H,12,15)(H,13,14)(H,16,17)/t6-,8-/m0/s1		3.0	Positive	GNPS-NIST14-MATCHES	247.132	UPDATE-SINGLE-ANNOTATED-BRONZE	Bronze		C10H18N2O5	SITLTJHOQZFJGG-XPUUQOCRSA-N	Organic acids and derivatives	Carboxylic acids and derivatives	Amino acids, peptides, and analogues	Small peptides	Dipeptides	Amino acids and Peptides	mzspec:GNPS:GNPS-LIBRARY:CCMSLIB00003135362	-1.0							1.0	0.40011597	ISDB	http://www.wikidata.org/entity/Q27137211	SITLTJHOQZFJGG-XPUUQOCRSA-N	InChI=1S/C10H18N2O5/c1-5(2)8(10(16)17)12-9(15)6(11)3-4-7(13)14/h5-6,8H,3-4,11H2,1-2H3,(H,12,15)(H,13,14)(H,16,17)/t6-,8-/m0/s1	CC(C)[C@H](NC(=O)[C@@H](N)CCC(=O)O)C(=O)O	C10H18N2O5		246.121571676	(2S)-2-[[(2S)-2-azaniumyl-4-carboxybutanoyl]amino]-3-methylbutanoate	Amino acids and Peptides	Small peptides	Dipeptides	http://www.wikidata.org/entity/Q33244	Trypanosoma brucei	494245.0	['Eukaryota']	['Unknown']	['Unknown']	['Unknown']	['Kinetoplastea']	['Unknown']	['Unknown']	['Trypanosoma']	['Trypanosoma brucei']											0.0	0.0	1.6004638671875	1.0																								
94	UPJONISHZRADBH	sirius	CC(C)C(C(=O)NC(CCC(=O)O)C(=O)O)N																																																																																												1.0	2.0	0.604	0.604	-169.835	0.046	0.333	121.568	C10H18N2O5	[M + H]+	C10H19N2O5+	InChI=1S/C10H18N2O5/c1-5(2)8(11)9(15)12-6(10(16)17)3-4-7(13)14/h5-6,8H,3-4,11H2,1-2H3,(H,12,15)(H,13,14)(H,16,17)	2-(2-amino-3-methylbutanamido)pentanedioic acid	CC(C)C(C(=O)NC(CCC(=O)O)C(=O)O)N	-0.907	5058636;7009622;7009623;40520340;40520338;40520342;61159819;61160307;79013162	PUBCHEMANNOTATIONBIO:(null);COCONUT:(CNP0347264);HMDB:(HMDB0029126);METACYC:(CPD-20364);CHEBI:(75011);SUPERNATURAL:(SN0376571);FooDB:(FDB112128);PUBCHEM:(5058636 7009622 7009623 40520340 40520338 40520342 61159819 61160307 79013162);DSSTox:(DTXSID30654479);LOTUS:(Q27145070)	138264184874.0	247.129	24.0	0.401	7.136869259232817e+17	7.136868109406277e+17	
95	CLSAEXZTTQJZHA	isdb	C[C@@H](O)[C@H](NC(=O)[C@@H](N)Cc1ccc(O)c(C=O)c1)C(=O)O																																													7.0	Amino acids and Peptides	0.4761904761904761	Small peptides	0.4642857142857143	Dipeptides	0.4285714285714285	4.0	0.28443572	ISDB	http://www.wikidata.org/entity/Q77371242	CLSAEXZTTQJZHA-VHRDEZTHSA-N	InChI=1S/C14H18N2O6/c1-7(18)12(14(21)22)16-13(20)10(15)5-8-2-3-11(19)9(4-8)6-17/h2-4,6-7,10,12,18-19H,5,15H2,1H3,(H,16,20)(H,21,22)/t7-,10+,12+/m1/s1	C[C@@H](O)[C@H](NC(=O)[C@@H](N)Cc1ccc(O)c(C=O)c1)C(=O)O	C14H18N2O6		310.116486296	3-formyl-L-tyrosinyl-L-threonine	Amino acids and Peptides	Small peptides	Dipeptides	http://www.wikidata.org/entity/Q7254503	Pseudoalteromonas tunicata	962415.0	['Bacteria']	['Unknown']	['Proteobacteria']	['Gammaproteobacteria']	['Alteromonadales']	['Pseudoalteromonadaceae']	['Unknown']	['Pseudoalteromonas']	['Pseudoalteromonas tunicata']		['Bacteria']		['Proteobacteria']	['Gammaproteobacteria']						3.0	3.0	5.637742877006531	1.0																								
95	PDSLRCZINIDLMU	sirius	C1=CC(=CC=C1CC(C(=O)NC(CCC(=O)O)C(=O)O)N)O																																																																																												1.0	3.0	0.964	0.99	-128.974	0.048	0.333	43.791	C14H18N2O6	[M + H]+	C14H19N2O6+	InChI=1S/C14H18N2O6/c15-10(7-8-1-3-9(17)4-2-8)13(20)16-11(14(21)22)5-6-12(18)19/h1-4,10-11,17H,5-7,15H2,(H,16,20)(H,18,19)(H,21,22)	Tyrosylglutamic acid	C1=CC(=CC=C1CC(C(=O)NC(CCC(=O)O)C(=O)O)N)O	-0.393	19816750;7009627;7009628;10149652	PUBCHEMANNOTATIONBIO:(null);HMDB:(HMDB0029104);BloodExposome:(19816750);CHEBI:(74883);SUPERNATURAL:(SN0282677);FooDB:(FDB112108);PUBCHEM:(19816750 7009627 7009628 10149652);DSSTox:(DTXSID00600266 DTXSID201311892);PUBMED:(null)	137997844586.0	311.123	25.0	0.425	7.13686942440453e+17	7.136868110035423e+17	
96	MFPVJZYQYCDQAD	isdb	O=C1NC(CC2CN=CN2)C(=O)N2CCCC12																																													4.0	Alkaloids	0.6	Histidine alkaloids	0.2	Imidazole alkaloids	0.2	1.0	0.7501926	ISDB	http://www.wikidata.org/entity/Q105162945	MFPVJZYQYCDQAD-UHFFFAOYSA-N	InChI=1S/C11H16N4O2/c16-10-9-2-1-3-15(9)11(17)8(14-10)4-7-5-12-6-13-7/h6-9H,1-5H2,(H,12,13)(H,14,16)	O=C1NC(CC2CN=CN2)C(=O)N2CCCC12	C11H16N4O2		236.127325752	3-(4,5-dihydro-1H-imidazol-5-ylmethyl)-2,3,6,7,8,8a-hexahydropyrrolo[1,2-a]pyrazine-1,4-dione	Alkaloids	Lysine alkaloids		http://www.wikidata.org/entity/Q104838133	Streptomyces nigra	5883224.0	['Bacteria']	['Unknown']	['Actinobacteria']	['Unknown']	['Streptomycetales']	['Streptomycetaceae']	['Unknown']	['Streptomyces']	['Streptomyces nigra']		['Bacteria']									1.0	1.0	4.500770330429077	1.0																								
96	VLDVBZICYBVQHB	sirius	CC(C)C(C(=O)O)NC(=O)C(CC1=CN=CN1)N																																																																																												1.0	1.0	0.659	0.659	-108.312	0.804	0.333	46.565	C11H18N4O3	[M - H2O + H]+	C11H17N4O2+	InChI=1S/C11H18N4O3/c1-6(2)9(11(17)18)15-10(16)8(12)3-7-4-13-5-14-7/h4-6,8-9H,3,12H2,1-2H3,(H,13,14)(H,15,16)(H,17,18)		CC(C)C(C(=O)O)NC(=O)C(CC1=CN=CN1)N	-2.5	7021870;7021871;18218216	COCONUT:(CNP0471068);HMDB:(HMDB0028898);PUBCHEMANNOTATIONSAFETYANDTOXIC:(null);BloodExposome:(7021871);CHEBI:(74060);SUPERNATURAL:(SN0393232);FooDB:(FDB111927);PUBCHEM:(7021870 7021871 18218216);DSSTox:(DTXSID701315425);LOTUS:(Q27144373)	138318708778.0	237.135	26.0	0.441	7.136869331710399e+17	7.136868112929492e+17	
97	ALZVPLKYDKJKQU	isdb	C[C@H](N)C(=O)N[C@@H](Cc1ccc(O)cc1)C(=O)O																																													7.0	Amino acids and Peptides	0.4761904761904761	Small peptides	0.4642857142857143	Dipeptides	0.4285714285714285	1.0	0.77015823	ISDB	http://www.wikidata.org/entity/Q27140488	ALZVPLKYDKJKQU-XVKPBYJWSA-N	InChI=1S/C12H16N2O4/c1-7(13)11(16)14-10(12(17)18)6-8-2-4-9(15)5-3-8/h2-5,7,10,15H,6,13H2,1H3,(H,14,16)(H,17,18)/t7-,10-/m0/s1	C[C@H](N)C(=O)N[C@@H](Cc1ccc(O)cc1)C(=O)O	C12H16N2O4		252.111006992	CID 7010480	Amino acids and Peptides	Small peptides	Dipeptides	http://www.wikidata.org/entity/Q33244	Trypanosoma brucei	494245.0	['Eukaryota']	['Unknown']	['Unknown']	['Unknown']	['Kinetoplastea']	['Unknown']	['Unknown']	['Trypanosoma']	['Trypanosoma brucei']											0.0	3.0	4.580632925033569	1.0																								
97	JYKQZYMZPYYHLX	sirius	C=COC(=O)CNC(=O)OCC1=CC=CC=C1																																																																																												1.0	2.0	0.12	0.12	-162.926	0.078	0.332	14.487	C12H13NO4	[M + H3N + H]+	C12H17N2O4+	InChI=1S/C12H13NO4/c1-2-16-11(14)8-13-12(15)17-9-10-6-4-3-5-7-10/h2-7H,1,8-9H2,(H,13,15)	N-Carbobenzoxyglycine vinyl ester	C=COC(=O)CNC(=O)OCC1=CC=CC=C1	1.8	47309	PUBCHEMANNOTATIONSAFETYANDTOXIC:(null);PUBCHEM:(47309);DSSTox:(DTXSID40214386);PUBMED:(null)	137506062402.0	253.118	28.0	0.461	7.136869291361188e+17	7.136868116117165e+17	
97	NLKUJNGEGZDXGO	gnps	C[C@@H](C(=O)O)NC(=O)[C@H](CC1=CC=C(C=C1)O)N	CCMSLIB00003135280	spectra_filtered.mgf	GNPS-NIST14-MATCHES.mgf	0.904559	25011700.0	0.0	0.120567	6.0	3.05176e-05	253.118	1.0	temp/spectra_filtered.mgf97	1.0	Spectral Match to Tyr-Ala from NIST14	ESI	qTof	Isolated	Data from Pieter C. Dorrestein	Data deposited by daniel	M+H	253.118	252.111	1.0	730085		C[C@@H](C(=O)O)NC(=O)[C@H](CC1=CC=C(C=C1)O)N	InChI=1S/C12H16N2O4/c1-7(12(17)18)14-11(16)10(13)6-8-2-4-9(15)5-3-8/h2-5,7,10,15H,6,13H2,1H3,(H,14,16)(H,17,18)/t7-,10-/m0/s1		3.0	Positive	GNPS-NIST14-MATCHES	253.118	UPDATE-SINGLE-ANNOTATED-BRONZE	Bronze		C12H16N2O4	NLKUJNGEGZDXGO-XVKPBYJWSA-N	Organic acids and derivatives	Carboxylic acids and derivatives	Amino acids, peptides, and analogues	Small peptides	Dipeptides	Amino acids and Peptides	mzspec:GNPS:GNPS-LIBRARY:CCMSLIB00003135280																																																																							
98	HDXYLJVWTXFAMK	isdb																																														21.0	Amino acids and Peptides	0.6666666666666666	Small peptides	0.3333333333333333	Dipeptides	0.3333333333333333	1.0	0.23201917	ISDB															['Unknown']	['Unknown']	['Unknown']	['Unknown']	['Unknown']	['Unknown']	['Unknown']	['Unknown']	['Unknown']											0.0	0.0	0.9280766844749452	1.0																								
98	KFKWRHQBZQICHA	gnps	CC(C)C[C@@H](C(=O)N[C@@H](CC1=CC=CC=C1)C(=O)O)N	CCMSLIB00003137982	spectra_filtered.mgf	GNPS-NIST14-MATCHES.mgf	0.618423	20591200.0	0.0	117.951	6.0	0.0329285	279.137	1.0	temp/spectra_filtered.mgf98	1.0	Spectral Match to Leu-Phe from NIST14	ESI	qTof	Isolated	Data from Joshua Wollam	Data deposited by fevargas	M+H	279.17	278.163	1.0			CC(C)C[C@@H](C(=O)N[C@@H](CC1=CC=CC=C1)C(=O)O)N	InChI=1S/C15H22N2O3/c1-10(2)8-12(16)14(18)17-13(15(19)20)9-11-6-4-3-5-7-11/h3-7,10,12-13H,8-9,16H2,1-2H3,(H,17,18)(H,19,20)/t12-,13-/m0/s1		3.0	Positive	GNPS-NIST14-MATCHES	279.17	UPDATE-SINGLE-ANNOTATED-BRONZE	Bronze		C15H22N2O3	KFKWRHQBZQICHA-STQMWFEESA-N	Organic acids and derivatives	Carboxylic acids and derivatives	Amino acids, peptides, and analogues	Small peptides	Dipeptides	Amino acids and Peptides	mzspec:GNPS:GNPS-LIBRARY:CCMSLIB00003137982																																																																							
98	ZJCJPLRZNWJTBK	sirius	CC(=O)NC(CCSCOCC1CC1)C(=O)O																																																																																												1.0	1.0	0.111	0.111	-177.037	1.0	0.333	73.044	C11H19NO4S	[M + H3N + H]+	C11H23N2O4S+	InChI=1S/C11H19NO4S/c1-8(13)12-10(11(14)15)4-5-17-7-16-6-9-2-3-9/h9-10H,2-7H2,1H3,(H,12,13)(H,14,15)	2-Acetamido-4-(cyclopropylmethoxymethylsulfanyl)butanoic acid	CC(=O)NC(CCSCOCC1CC1)C(=O)O	0.9	106929677	PUBCHEM:(106929677)	2.0	279.137	28.0	0.466	7.136869361741619e+17	7.136868115823564e+17	
99	FUCISFGNDJIQEK	sirius	CC1=CC2=C(C=C1)OC=C(C2=O)C3C4=C(CC(CC4=O)(C)C)NC(=C3C(=O)OC5CCCC5)C																																																																																												1.0	1.0	0.203	0.203	-337.027	0.514	0.21	63.723	C28H31NO5	[M + H3N + H]+	C28H35N2O5+	InChI=1S/C28H31NO5/c1-15-9-10-22-18(11-15)26(31)19(14-33-22)24-23(27(32)34-17-7-5-6-8-17)16(2)29-20-12-28(3,4)13-21(30)25(20)24/h9-11,14,17,24,29H,5-8,12-13H2,1-4H3	cyclopentyl (4R)-2,7,7-trimethyl-4-(6-methyl-4-oxochromen-3-yl)-5-oxo-1,4,6,8-tetrahydroquinoline-3-carboxylate	CC1=CC2=C(C=C1)OC=C(C2=O)C3C4=C(CC(CC4=O)(C)C)NC(=C3C(=O)OC5CCCC5)C	4.5	1084629;1084630;2874792	SUPERNATURAL:(SN0095584);PUBCHEM:(1084629 1084630 2874792)	1048578.0	479.253	28.0	0.46	7.136869414841516e+17	7.136868115446076e+17	
100	GHOKWGTUZJEAQD	isdb	CC(C)(CO)C(O)C(=O)NCCC(=O)O																																													7.0	Amino acids and Peptides	0.4761904761904761	Small peptides	0.4642857142857143	Dipeptides	0.4285714285714285	2.0	0.0	MS1_match	http://www.wikidata.org/entity/Q179894	GHOKWGTUZJEAQD-UHFFFAOYSA-N	InChI=1S/C9H17NO5/c1-9(2,5-11)7(14)8(15)10-4-3-6(12)13/h7,11,14H,3-5H2,1-2H3,(H,10,15)(H,12,13)	CC(C)(CO)C(O)C(=O)NCCC(=O)O	C9H17NO5	pos_1_1proton1acetonitrile	219.110672644	DL-Pantothenic acid	Amino acids and Peptides	Small peptides	Dipeptides	http://www.wikidata.org/entity/Q31856	Pseudomonas aeruginosa	216671.0	['Bacteria']	['Unknown']	['Proteobacteria']	['Gammaproteobacteria']	['Pseudomonadales']	['Pseudomonadaceae']	['Unknown']	['Pseudomonas']	['Pseudomonas aeruginosa']		['Bacteria']		['Proteobacteria']	['Gammaproteobacteria']	['Pseudomonadales']	['Pseudomonadaceae']		['Pseudomonas']	['Pseudomonas aeruginosa']	7.0	3.0	8.5	1.0																								
100	IYALAKSHMIFMBF	sirius	CCCC=CC(=O)NC(CCC(=O)O)C(=O)O																																																																																												1.0	1.0	0.327	0.327	-183.808	0.8	0.333	69.362	C11H17NO5	[M + H3N + H]+	C11H21N2O5+	InChI=1S/C11H17NO5/c1-2-3-4-5-9(13)12-8(11(16)17)6-7-10(14)15/h4-5,8H,2-3,6-7H2,1H3,(H,12,13)(H,14,15)(H,16,17)	2-[[(E)-hex-2-enoyl]amino]pentanedioic acid	CCCC=CC(=O)NC(CCC(=O)O)C(=O)O	0.8	90258399;90258400	PUBCHEM:(90258399 90258400)	2.0	261.144	33.0	0.557	7.136869447892635e+17	7.13686812156976e+17	
100	KTGFOCFYOZQVRJ	gnps	CC[C@H](C)[C@@H](C(=O)N[C@@H](CCC(=O)O)C(=O)O)N	CCMSLIB00003134776	spectra_filtered.mgf	GNPS-NIST14-MATCHES.mgf	0.935758	177900000.0	0.0	14.14	7.0	0.00369263	261.144	1.0	temp/spectra_filtered.mgf100	1.0	Spectral Match to Ile-Glu from NIST14	ESI	qTof	Isolated	Data from Bernhard Palsson	Data deposited by mjmeehan	M+H	261.148	260.137	1.0			CC[C@H](C)[C@@H](C(=O)N[C@@H](CCC(=O)O)C(=O)O)N	InChI=1S/C11H20N2O5/c1-3-6(2)9(12)10(16)13-7(11(17)18)4-5-8(14)15/h6-7,9H,3-5,12H2,1-2H3,(H,13,16)(H,14,15)(H,17,18)/t6-,7-,9-/m0/s1		3.0	Positive	GNPS-NIST14-MATCHES	261.148	UPDATE-SINGLE-ANNOTATED-BRONZE	Bronze		C11H20N2O5	KTGFOCFYOZQVRJ-ZKWXMUAHSA-N	Organic acids and derivatives	Carboxylic acids and derivatives	Amino acids, peptides, and analogues	Small peptides	Dipeptides	Amino acids and Peptides	mzspec:GNPS:GNPS-LIBRARY:CCMSLIB00003134776																																																																							
103	AYIZHKDZYOSOGY	sirius	CSCCC(C(=O)O)NC(=O)C(CC1=CN=CN1)N																																																																																												1.0	1.0	0.826	0.826	-142.164	0.607	0.333	54.842	C11H18N4O3S	[M - H2O + H]+	C11H17N4O2S+	InChI=1S/C11H18N4O3S/c1-19-3-2-9(11(17)18)15-10(16)8(12)4-7-5-13-6-14-7/h5-6,8-9H,2-4,12H2,1H3,(H,13,14)(H,15,16)(H,17,18)	2-[[2-amino-3-(1H-imidazol-5-yl)propanoyl]amino]-4-methylsulfanylbutanoic acid	CSCCC(C(=O)O)NC(=O)C(CC1=CN=CN1)N	-2.8	9795880;69971153;7408103;7408104	PUBCHEMANNOTATIONBIO;HMDB:(HMDB0028891);CHEBI:(74053);SUPERNATURAL:(SN0018691);FooDB:(FDB111920);PUBCHEM:(9795880 69971153 7408103 7408104);DSSTox:(DTXSID90428577);PUBCHEMANNOTATIONDRUG;PUBMED	138027204714.0	269.107	28.0	0.459	7.136869312122995e+17	7.136868115194418e+17	
105	QYLJIYOGHRGUIH	gnps|isdb	CC[C@H](C)[C@H](NC(=O)[C@@H](N)CCCNC(=N)N)C(=O)O	CCMSLIB00003140066	spectra_filtered.mgf	GNPS-NIST14-MATCHES.mgf	0.897321	176014000.0	0.0	2.54135	12.0	0.000732422	288.203	1.0	temp/spectra_filtered.mgf105	1.0	Spectral Match to Arg-Ile from NIST14	ESI	qTof	Isolated	Data from Julia Gauglitz	Data deposited by fevargas	M+H	288.202	287.196	1.0			CC[C@H](C)[C@@H](C(=O)O)NC(=O)[C@H](CCCN=C(N)N)N	InChI=1S/C12H25N5O3/c1-3-7(2)9(11(19)20)17-10(18)8(13)5-4-6-16-12(14)15/h7-9H,3-6,13H2,1-2H3,(H,17,18)(H,19,20)(H4,14,15,16)/t7-,8-,9-/m0/s1		3.0	Positive	GNPS-NIST14-MATCHES	288.202	UPDATE-SINGLE-ANNOTATED-BRONZE	Bronze		C12H25N5O3	QYLJIYOGHRGUIH-CIUDSAMLSA-N	Organic acids and derivatives	Carboxylic acids and derivatives	Amino acids, peptides, and analogues	Small peptides	Dipeptides	Amino acids and Peptides	mzspec:GNPS:GNPS-LIBRARY:CCMSLIB00003140066	22.0	Amino acids and Peptides	0.4666666666666667	Small peptides	0.4666666666666667	Dipeptides	0.4666666666666667	1.0	0.70485026	ISDB	http://www.wikidata.org/entity/Q27144130	QYLJIYOGHRGUIH-CIUDSAMLSA-N	InChI=1S/C12H25N5O3/c1-3-7(2)9(11(19)20)17-10(18)8(13)5-4-6-16-12(14)15/h7-9H,3-6,13H2,1-2H3,(H,17,18)(H,19,20)(H4,14,15,16)/t7-,8-,9-/m0/s1	CC[C@H](C)[C@H](NC(=O)[C@@H](N)CCCNC(=N)N)C(=O)O	C12H25N5O3		287.19573966	Arg-Ile	Amino acids and Peptides	Small peptides	Dipeptides	http://www.wikidata.org/entity/Q15978631	Homo sapiens	770315.0	['Eukaryota']	['Metazoa']	['Chordata']	['Mammalia']	['Primates']	['Hominidae']	['Unknown']	['Homo']	['Homo sapiens']											0.0	3.0	4.319401025772095	1.0																								
105	YIXAEVIJRAJICT	sirius	C1CCC(C1)C(=O)NC(CCCN=C(N)N)C(=O)O																																																																																												1.0	1.0	0.448	0.448	-263.721	0.8	0.333	84.571	C12H22N4O3	[M + H3N + H]+	C12H26N5O3+	InChI=1S/C12H22N4O3/c13-12(14)15-7-3-6-9(11(18)19)16-10(17)8-4-1-2-5-8/h8-9H,1-7H2,(H,16,17)(H,18,19)(H4,13,14,15)	N-cyclopentanoyl-(L)-arginine	C1CCC(C1)C(=O)NC(CCCN=C(N)N)C(=O)O	-0.1	15432051	PUBCHEM:(15432051)	2.0	288.203	30.0	0.503	7.136869343915825e+17	7.136868118130431e+17	
106	IWVIMZWOKNCJOY	sirius	CC(C)C(C(=O)NC(CCS(=O)C)C(=O)O)N																																																																																												1.0	1.0	0.34	0.34	-253.63	0.987	0.452	14.733	C10H20N2O4S	[M + Na]+	C10H20N2NaO4S+	InChI=1S/C10H20N2O4S/c1-6(2)8(11)9(13)12-7(10(14)15)4-5-17(3)16/h6-8H,4-5,11H2,1-3H3,(H,12,13)(H,14,15)	2-(2-amino-3-methylbutanamido)-4-methanesulfinylbutanoic acid	CC(C)C(C(=O)NC(CCS(=O)C)C(=O)O)N	-1.31	91746311	COCONUT:(CNP0347436);SUPERNATURAL:(SN0157389);PUBCHEM:(91746311)	3145730.0	287.103	28.0	0.473	7.136869343076963e+17	7.136868116410766e+17	
107	BOUVNAQZJMDMLE	sirius	CC(C)(C)OC(=O)NC1(CCSC1)C(=O)O																																																																																												1.0	1.0	0.058	0.058	-219.145	0.969	0.333	147.372	C10H17NO4S	[M + H3N + H]+	C10H21N2O4S+	InChI=1S/C10H17NO4S/c1-9(2,3)15-8(14)11-10(7(12)13)4-5-16-6-10/h4-6H2,1-3H3,(H,11,14)(H,12,13)	3-{[(Tert-butoxy)carbonyl]amino}thiolane-3-carboxylic acid	CC(C)(C)OC(=O)NC1(CCSC1)C(=O)O	1.2	124425566;124425567;61685270	PUBCHEMANNOTATIONSAFETYANDTOXIC:(null);PUBCHEM:(124425566 124425567 61685270)	67108866.0	265.122	29.0	0.484	7.136869359392809e+17	7.136868117249627e+17	
109	LLOPSLUNSGBASE	sirius	CCC(C(=O)O)NCCNC(CC)C(=O)O																																																																																												1.0	1.0	0.231	0.231	-164.914	0.996	0.333	23.818	C10H20N2O4	[M - H2O + H]+	C10H19N2O3+	InChI=1S/C10H20N2O4/c1-3-7(9(13)14)11-5-6-12-8(4-2)10(15)16/h7-8,11-12H,3-6H2,1-2H3,(H,13,14)(H,15,16)	(2R)-2-[2-[[(1R)-1-carboxypropyl]amino]ethylamino]butanoic acid	CCC(C(=O)O)NCCNC(CC)C(=O)O	-4.1	92752896;92759183;92759184;164632	BloodExposome:(164632);CHEBI:(190044);MESH:(164632);PUBCHEM:(92752896 92759183 92759184 164632);DSSTox:(DTXSID60964412);PUBMED:(null)	137443147878.0	215.139	31.0	0.509	7.136869321056865e+17	7.136868119053178e+17	
110	YBAFDPFAUTYYRW	sirius	CC(C)CC(C(=O)O)NC(=O)C(CCC(=O)O)N																																																																																												1.0	1.0	0.621	0.748	-150.911	1.0	1.0	27.251	C11H20N2O5	[M + K]+	C11H20KN2O5+	InChI=1S/C11H20N2O5/c1-6(2)5-8(11(17)18)13-10(16)7(12)3-4-9(14)15/h6-8H,3-5,12H2,1-2H3,(H,13,16)(H,14,15)(H,17,18)	2-(2-amino-4-carboxybutanamido)-4-methylpentanoic acid	CC(C)CC(C(=O)O)NC(=O)C(CCC(=O)O)N	-0.457	64887981;64888761;9856500;124433150;91974018;79001418;122173491	PUBCHEMANNOTATIONBIO:(null);COCONUT:(CNP0128313);HMDB:(HMDB0028823);CHEBI:(73506);SUPERNATURAL:(SN0445471);FooDB:(FDB111867);PUBCHEM:(64887981 64888761 9856500 124433150 91974018 79001418 122173491);DSSTox:(DTXSID201315070);LOTUS:(Q27140586);PUBMED:(null)	138264182890.0	299.1	28.0	0.466	7.136869404397696e+17	7.136868114900817e+17	
113	ATIPDCIQTUXABX	gnps|isdb	CC(C)C[C@H](NC(=O)[C@@H](N)CCCCN)C(=O)O	CCMSLIB00003136698	spectra_filtered.mgf	GNPS-NIST14-MATCHES.mgf	0.954863	739536000.0	0.0	1.29015	9.0	0.000335693	260.197	1.0	temp/spectra_filtered.mgf113	1.0	Spectral Match to Lys-Leu from NIST14	ESI	qTof	Isolated	Data from Pieter Dorrestein	Data deposited by lfnothias	M+H	260.197	259.19	1.0			CC(C)C[C@@H](C(=O)O)NC(=O)[C@H](CCCCN)N	InChI=1S/C12H25N3O3/c1-8(2)7-10(12(17)18)15-11(16)9(14)5-3-4-6-13/h8-10H,3-7,13-14H2,1-2H3,(H,15,16)(H,17,18)/t9-,10-/m0/s1		3.0	Positive	GNPS-NIST14-MATCHES	260.197	UPDATE-SINGLE-ANNOTATED-BRONZE	Bronze		C12H25N3O3	ATIPDCIQTUXABX-UWVGGRQHSA-N	Organic acids and derivatives	Carboxylic acids and derivatives	Amino acids, peptides, and analogues	Small peptides	Dipeptides	Amino acids and Peptides	mzspec:GNPS:GNPS-LIBRARY:CCMSLIB00003136698	16.0	Amino acids and Peptides	0.2142857142857142	Small peptides	0.2142857142857142	Dipeptides	0.2142857142857142	1.0	0.58627766	ISDB	http://www.wikidata.org/entity/Q27144738	ATIPDCIQTUXABX-UWVGGRQHSA-N	InChI=1S/C12H25N3O3/c1-8(2)7-10(12(17)18)15-11(16)9(14)5-3-4-6-13/h8-10H,3-7,13-14H2,1-2H3,(H,15,16)(H,17,18)/t9-,10-/m0/s1	CC(C)C[C@H](NC(=O)[C@@H](N)CCCCN)C(=O)O	C12H25N3O3		259.18959166	Lys-Leu	Amino acids and Peptides	Small peptides	Dipeptides	http://www.wikidata.org/entity/Q221179	Streptococcus pneumoniae	699152.0	['Bacteria']	['Unknown']	['Firmicutes']	['Bacilli']	['Lactobacillales']	['Streptococcaceae']	['Unknown']	['Streptococcus']	['Streptococcus pneumoniae']											0.0	3.0	3.8451106548309326	1.0																								
113	MMHFDPOBJWIMIH	sirius	CC(C)CC(C(=O)O)NC(=O)NC1CCCC1																																																																																												1.0	1.0	0.201	0.604	-218.614	0.799	0.333	72.268	C12H22N2O3	[M + H3N + H]+	C12H26N3O3+	InChI=1S/C12H22N2O3/c1-8(2)7-10(11(15)16)14-12(17)13-9-5-3-4-6-9/h8-10H,3-7H2,1-2H3,(H,15,16)(H2,13,14,17)	2-[(cyclopentylcarbamoyl)amino]-4-methylpentanoic acid	CC(C)CC(C(=O)O)NC(=O)NC1CCCC1	2.0	6956773;3480390;946421;78976257	COCONUT:(CNP0280066);SUPERNATURAL:(SN0229444);PUBCHEM:(6956773 3480390 946421 78976257)	3145730.0	260.197	26.0	0.431	7.136869374953678e+17	7.136868111964803e+17	
115	KRIMGIWOIXHVDE	sirius	CCCCC(C(O)(O)O)N																																																																																												1.0	1.0	0.061	0.061	-293.618	0.975	0.333	28.893	C6H15NO3	[M - H2O + H]+	C6H14NO2+	InChI=1S/C6H15NO3/c1-2-3-4-5(7)6(8,9)10/h5,8-10H,2-4,7H2,1H3	2-Aminohexane-1,1,1-triol	CCCCC(C(O)(O)O)N	-0.8	90384333	PUBCHEM:(90384333)	2.0	132.102	30.0	0.499	7.136869316778674e+17	7.136868117585171e+17	
117	APIDTRXFGYOLLH	gnps	C[C@H]([C@@H](C(=O)N[C@@H](CCSC)C(=O)O)N)O	CCMSLIB00003140072	spectra_filtered.mgf	GNPS-NIST14-MATCHES.mgf	0.933195	4188030.0	0.0	0.789962	9.0	0.000198364	251.106	1.0	temp/spectra_filtered.mgf117	1.0	Spectral Match to Thr-Met from NIST14	ESI	qTof	Isolated	Data from Julia Gauglitz	Data deposited by fevargas	M+H	251.106	250.099	1.0	90729285		C[C@H]([C@@H](C(=O)N[C@@H](CCSC)C(=O)O)N)O	InChI=1S/C9H18N2O4S/c1-5(12)7(10)8(13)11-6(9(14)15)3-4-16-2/h5-7,12H,3-4,10H2,1-2H3,(H,11,13)(H,14,15)/t5-,6+,7+/m1/s1		3.0	Positive	GNPS-NIST14-MATCHES	251.106	UPDATE-SINGLE-ANNOTATED-BRONZE	Bronze		C9H18N2O4S	APIDTRXFGYOLLH-VQVTYTSYSA-N	Organic acids and derivatives	Carboxylic acids and derivatives	Amino acids, peptides, and analogues	Small peptides	Dipeptides	Amino acids and Peptides	mzspec:GNPS:GNPS-LIBRARY:CCMSLIB00003140072																																																																							
117	CVFXMLXLNNEEJM	sirius	CC(=O)NC(CSC(CO)C=C)C(=O)O																																																																																												1.0	3.0	0.006	0.047	-150.941	0.094	0.304	8.769	C9H15NO4S	[M + H3N + H]+	C9H19N2O4S+	InChI=1S/C9H15NO4S/c1-3-7(4-11)15-5-8(9(13)14)10-6(2)12/h3,7-8,11H,1,4-5H2,2H3,(H,10,12)(H,13,14)	(2R)-2-acetamido-3-(1,1,2,3,4,4-hexadeuterio-1-hydroxybut-3-en-2-yl)sulfanylpropanoic acid	CC(=O)NC(CSC(CO)C=C)C(=O)O	-0.2	3081303;29970881;46780008;3547512;71312920;71312924	PUBCHEMANNOTATIONBIO;HMDB:(HMDB0244631);BloodExposome:(3081303);CHEBI:(165875);MESH:(3081303);PUBCHEM:(3081303 29970881 46780008 3547512 71312920 71312924);DSSTox:(DTXSID70932440);PUBMED	137459925102.0	251.106	29.0	0.48	7.136869251515295e+17	7.136868118424032e+17	
117	KAKJTZWHIUWTTD	isdb	CSCC[C@H](N)C(=O)N[C@H](C(=O)O)[C@@H](C)O																																													7.0	Amino acids and Peptides	0.4761904761904761	Small peptides	0.4642857142857143	Dipeptides	0.4285714285714285	2.0	0.35912192	ISDB	http://www.wikidata.org/entity/Q27141931	KAKJTZWHIUWTTD-VQVTYTSYSA-N	InChI=1S/C9H18N2O4S/c1-5(12)7(9(14)15)11-8(13)6(10)3-4-16-2/h5-7,12H,3-4,10H2,1-2H3,(H,11,13)(H,14,15)/t5-,6+,7+/m1/s1	CSCC[C@H](N)C(=O)N[C@H](C(=O)O)[C@@H](C)O	C9H18N2O4S		250.098728056	Met-Thr	Amino acids and Peptides	Small peptides	Dipeptides	http://www.wikidata.org/entity/Q33244	Trypanosoma brucei	494245.0	['Eukaryota']	['Unknown']	['Unknown']	['Unknown']	['Kinetoplastea']	['Unknown']	['Unknown']	['Trypanosoma']	['Trypanosoma brucei']											0.0	3.0	2.9364876747131348	1.0																								
118	GKUSWHCXMZJRRT	sirius	CC1=C(NC(=O)C(=C1C)C(=O)NC(CC2=CN=CN2)C(=O)O)C																																																																																												1.0	4.0	0.263	0.263	-190.046	0.012	0.011	14.625	C15H18N4O4	[M - H2O + H]+	C15H17N4O3+	InChI=1S/C15H18N4O4/c1-7-8(2)12(13(20)18-9(7)3)14(21)19-11(15(22)23)4-10-5-16-6-17-10/h5-6,11H,4H2,1-3H3,(H,16,17)(H,18,20)(H,19,21)(H,22,23)	(2S)-3-(1H-imidazol-5-yl)-2-[(4,5,6-trimethyl-2-oxo-1H-pyridine-3-carbonyl)amino]propanoic acid	CC1=C(NC(=O)C(=C1C)C(=O)NC(CC2=CN=CN2)C(=O)O)C	0.2	121501994	PUBCHEM:(121501994)	2.0	301.13	32.0	0.528	7.136869346012977e+17	7.13686811964038e+17	
118	IUQZLPOODRVXJP	isdb	COc1cc(C(N)=O)nc2c(O)cccc12																																													4.0	Alkaloids	0.6	Histidine alkaloids	0.2	Imidazole alkaloids	0.2	1.0	0.0	MS1_match	http://www.wikidata.org/entity/Q105120784	IUQZLPOODRVXJP-UHFFFAOYSA-N	InChI=1S/C11H10N2O3/c1-16-9-5-7(11(12)15)13-10-6(9)3-2-4-8(10)14/h2-5,14H,1H3,(H2,12,15)	COc1cc(C(N)=O)nc2c(O)cccc12	C11H10N2O3	pos_1_1proton2acetonitrile	218.06914218	8-Hydroxy-4-methoxyquinoline-2-carboxamide	Alkaloids	Anthranilic acid alkaloids		http://www.wikidata.org/entity/Q135292	Pseudomonas fluorescens	22658.0	['Bacteria']	['Unknown']	['Proteobacteria']	['Gammaproteobacteria']	['Pseudomonadales']	['Pseudomonadaceae']	['Unknown']	['Pseudomonas']	['Pseudomonas fluorescens']		['Bacteria']		['Proteobacteria']	['Gammaproteobacteria']	['Pseudomonadales']	['Pseudomonadaceae']		['Pseudomonas']		6.0	1.0	6.5	1.0																								
121	OZILORBBPKKGRI	isdb	N=C(N)NCCC[C@H](NC(=O)[C@@H](N)Cc1ccccc1)C(=O)O																																													22.0	Amino acids and Peptides	0.4666666666666667	Small peptides	0.4666666666666667	Dipeptides	0.4666666666666667	1.0	0.5166119	ISDB	http://www.wikidata.org/entity/Q27142242	OZILORBBPKKGRI-RYUDHWBXSA-N	InChI=1S/C15H23N5O3/c16-11(9-10-5-2-1-3-6-10)13(21)20-12(14(22)23)7-4-8-19-15(17)18/h1-3,5-6,11-12H,4,7-9,16H2,(H,20,21)(H,22,23)(H4,17,18,19)/t11-,12-/m0/s1	N=C(N)NCCC[C@H](NC(=O)[C@@H](N)Cc1ccccc1)C(=O)O	C15H23N5O3		321.180089596	Phe-arg	Amino acids and Peptides	Small peptides	Dipeptides	http://www.wikidata.org/entity/Q4688339	Aeromonas veronii	704628.0	['Bacteria']	['Unknown']	['Proteobacteria']	['Gammaproteobacteria']	['Aeromonadales']	['Aeromonadaceae']	['Unknown']	['Aeromonas']	['Aeromonas veronii']											0.0	3.0	3.566447496414185	1.0																								
122	ULSRTULZEWKAHA	sirius	C1CC(C1)N2CC(=O)N3CCCC3C2=O																																																																																												1.0	1.0	0.054	0.054	-127.524	1.0	0.333	86.021	C11H16N2O2	[M + H3N + H]+	C11H20N3O2+	InChI=1S/C11H16N2O2/c14-10-7-13(8-3-1-4-8)11(15)9-5-2-6-12(9)10/h8-9H,1-7H2	2-cyclobutyl-6,7,8,8a-tetrahydro-3H-pyrrolo[1,2-a]pyrazine-1,4-dione	C1CC(C1)N2CC(=O)N3CCCC3C2=O	0.5	79944354	PUBCHEM:(79944354)	2.0	226.155	32.0	0.531	7.136869461020809e+17	7.136868119933981e+17	
122	VBSSYYRKWADWMM	isdb	CC(C)CC1=CNC(CCC(N)=O)C(=O)N1																																													3.0	Amino acids and Peptides	0.1666666666666666	Small peptides	0.1666666666666666	Dipeptides	0.1666666666666666	1.0	0.65535533	ISDB	http://www.wikidata.org/entity/Q104199204	VBSSYYRKWADWMM-UHFFFAOYSA-N	InChI=1S/C11H19N3O2/c1-7(2)5-8-6-13-9(11(16)14-8)3-4-10(12)15/h6-7,9,13H,3-5H2,1-2H3,(H2,12,15)(H,14,16)	CC(C)CC1=CNC(CCC(N)=O)C(=O)N1	C11H19N3O2		225.147726848	Glulisine A	Alkaloids	Peptide alkaloids		http://www.wikidata.org/entity/Q683881	Aspergillus nidulans	117339.0	['Eukaryota']	['Fungi']	['Ascomycota']	['Eurotiomycetes']	['Eurotiales']	['Trichocomaceae']	['Unknown']	['Aspergillus']	['Aspergillus nidulans']											0.0	0.0	2.621421337127685	1.0																								
123	IXXXSPXHTGEIQP	sirius	CCCCCC1(C(=O)NC(=O)NC1=O)C2=CC=CC=C2																																																																																												1.0	1.0	0.08	0.089	-300.082	0.999	0.333	104.409	C15H18N2O3	[M + H3N + H]+	C15H22N3O3+	InChI=1S/C15H18N2O3/c1-2-3-7-10-15(11-8-5-4-6-9-11)12(18)16-14(20)17-13(15)19/h4-6,8-9H,2-3,7,10H2,1H3,(H2,16,17,18,19,20)	5-Pentyl-5-phenylbarbituric acid	CCCCCC1(C(=O)NC(=O)NC1=O)C2=CC=CC=C2	2.287	48165	PUBCHEMANNOTATIONSAFETYANDTOXIC:(null);PUBCHEM:(48165);DSSTox:(DTXSID30216970)	137506062338.0	292.165	32.0	0.532	7.13686939412165e+17	7.136868120479241e+17	
124	PPUFQCCFKPWGHM	sirius	CC(C)CC1C(=O)NCC(=O)NCC(=O)NC(C(=O)NCC(=O)NCC(=O)N1)CC(C)C																																																																																												1.0	1.0	0.158	0.158	-205.051	0.523	0.333	26.262	C20H34N6O6	[M - H2O + H]+	C20H33N6O5+	InChI=1S/C20H34N6O6/c1-11(2)5-13-19(31)23-7-15(27)22-10-18(30)26-14(6-12(3)4)20(32)24-8-16(28)21-9-17(29)25-13/h11-14H,5-10H2,1-4H3,(H,21,28)(H,22,27)(H,23,31)(H,24,32)(H,25,29)(H,26,30)	Cyclo(Gly-Gly-Leu-Gly-Gly-Leu-)	CC(C)CC1C(=O)NCC(=O)NCC(=O)NC(C(=O)NCC(=O)NCC(=O)N1)CC(C)C	-0.5	15725920	PUBCHEM:(15725920)	2.0	437.251	32.0	0.531	7.136869576783613e+17	7.136868120227583e+17	
125	GVRKWABULJAONN	isdb																																														7.0	Amino acids and Peptides	0.4761904761904761	Small peptides	0.4642857142857143	Dipeptides	0.4285714285714285	1.0	0.7940681	ISDB															['Unknown']	['Unknown']	['Unknown']	['Unknown']	['Unknown']	['Unknown']	['Unknown']	['Unknown']	['Unknown']											0.0	0.0	3.176272392272949	1.0																								
125	QOMCIWUKYNTXFH	sirius	CC(C)CC(C(=O)O)NC(=O)OC=C																																																																																												1.0	2.0	0.108	0.108	-169.515	0.011	0.333	28.995	C9H15NO4	[M + H3N + H]+	C9H19N2O4+	InChI=1S/C9H15NO4/c1-4-14-9(13)10-7(8(11)12)5-6(2)3/h4,6-7H,1,5H2,2-3H3,(H,10,13)(H,11,12)	2-(Ethenoxycarbonylamino)-4-methylpentanoic acid	CC(C)CC(C(=O)O)NC(=O)OC=C	1.8	139687778;280921	PUBCHEM:(139687778 280921)	2.0	219.134	31.0	0.52	7.136869216115364e+17	7.136868123121654e+17	
127	AZDCVMCXGLWYHN	sirius	C1C(CNC1C(=O)NC(CCCN=C(N)N)C(=O)O)O																																																																																												1.0	3.0	0.478	0.478	-258.165	0.038	0.333	63.326	C11H21N5O4	[M - H2O + H]+	C11H20N5O3+	InChI=1S/C11H21N5O4/c12-11(13)14-3-1-2-7(10(19)20)16-9(18)8-4-6(17)5-15-8/h6-8,15,17H,1-5H2,(H,16,18)(H,19,20)(H4,12,13,14)	Hydroxyprolyl-Arginine	C1C(CNC1C(=O)NC(CCCN=C(N)N)C(=O)O)O	-4.8	131750764	HMDB:(HMDB0028857);CHEBI:(193861);SUPERNATURAL:(SN0019257);FooDB:(FDB111889);PUBCHEM:(131750764)	537919530.0	270.156	33.0	0.543	7.136869426124196e+17	7.136868121276159e+17	
128	FAIDFZQENXZKAI	sirius	CCCNC(=O)C1C(O1)C(=O)NC(C(C)C)C(=O)O																																																																																												1.0	1.0	0.12	0.12	-174.59	0.8	0.333	87.846	C12H20N2O5	[M + H3N + H]+	C12H24N3O5+	InChI=1S/C12H20N2O5/c1-4-5-13-10(15)8-9(19-8)11(16)14-7(6(2)3)12(17)18/h6-9H,4-5H2,1-3H3,(H,13,15)(H,14,16)(H,17,18)	3-methyl-2-[[(2S,3S)-3-(propylcarbamoyl)oxirane-2-carbonyl]amino]butanoic acid	CCCNC(=O)C1C(O1)C(=O)NC(C(C)C)C(=O)O	0.5	59114276	PUBCHEM:(59114276)	2.0	290.171	33.0	0.544	7.136869357924803e+17	7.1368681210245e+17	
129	VPIAUJHNRCATCT	sirius	CCC(C)C(C(=O)N1CCCC1C(=O)NC(CO)C(=O)NC(C(C)CC)C(=O)O)N																																																																																												1.0	1.0	0.319	0.319	-181.547	0.524	0.333	26.836	C20H36N4O6	[M + H]+	C20H37N4O6+	InChI=1S/C20H36N4O6/c1-5-11(3)15(21)19(28)24-9-7-8-14(24)18(27)22-13(10-25)17(26)23-16(20(29)30)12(4)6-2/h11-16,25H,5-10,21H2,1-4H3,(H,22,27)(H,23,26)(H,29,30)	H-DL-xiIle-DL-Pro-DL-Ser-DL-xiIle-OH	CCC(C)C(C(=O)N1CCCC1C(=O)NC(CO)C(=O)NC(C(C)CC)C(=O)O)N	0.04	18297306	PUBCHEM:(18297306)	2.0	429.27	30.0	0.507	7.136869207139552e+17	7.136868118759576e+17	
130	XBGGUPMXALFZOT	isdb	NCC(=O)N[C@@H](Cc1ccc(O)cc1)C(=O)O																																													7.0	Amino acids and Peptides	0.4761904761904761	Small peptides	0.4642857142857143	Dipeptides	0.4285714285714285	1.0	0.9061458	ISDB	http://www.wikidata.org/entity/Q27140599	XBGGUPMXALFZOT-VIFPVBQESA-N	InChI=1S/C11H14N2O4/c12-6-10(15)13-9(11(16)17)5-7-1-3-8(14)4-2-7/h1-4,9,14H,5-6,12H2,(H,13,15)(H,16,17)/t9-/m0/s1	NCC(=O)N[C@@H](Cc1ccc(O)cc1)C(=O)O	C11H14N2O4		238.095356928	CID 6994980	Amino acids and Peptides	Small peptides	Dipeptides	http://www.wikidata.org/entity/Q33244	Trypanosoma brucei	494245.0	['Eukaryota']	['Unknown']	['Unknown']	['Unknown']	['Kinetoplastea']	['Unknown']	['Unknown']	['Trypanosoma']	['Trypanosoma brucei']											0.0	3.0	5.1245832443237305	1.0																								
131	OHGJMPDANPWMKQ	sirius	CC(C(C(=O)NC(CCCCN)C(=O)N1CC=CC1C(=O)NC(CCCN=C(N)N)C(=O)O)N)O																																																																																												1.0	4.0	0.152	0.152	-344.478	0.012	0.011	25.32	C21H38N8O6	[M + Na]+	C21H38N8NaO6+	InChI=1S/C21H38N8O6/c1-12(30)16(23)18(32)27-13(6-2-3-9-22)19(33)29-11-5-8-15(29)17(31)28-14(20(34)35)7-4-10-26-21(24)25/h5,8,12-16,30H,2-4,6-7,9-11,22-23H2,1H3,(H,27,32)(H,28,31)(H,34,35)(H4,24,25,26)	Tuftsin, (3,4-dehydro-pro)(3)-	CC(C(C(=O)NC(CCCCN)C(=O)N1CC=CC1C(=O)NC(CCCN=C(N)N)C(=O)O)N)O	-5.6	53461943;129606519;129606520;129606521;129606522;21120393;124648;24983848	MESH:(124648);PUBCHEM:(53461943 129606519 129606520 129606521 129606522 21120393 124648 24983848);DSSTox:(DTXSID30919691);PUBMED	137438953542.0	521.282	34.0	0.559	7.136869385020009e+17	7.136868122073076e+17	
133	BJOVPICCZZFNCS	sirius	CCCCCC(C(CCO)SCC(C(=O)O)N)O																																																																																												1.0	1.0	0.034	0.034	-305.301	0.998	0.332	11.385	C12H25NO4S	[M - H2O + H]+	C12H24NO3S+	InChI=1S/C12H25NO4S/c1-2-3-4-5-10(15)11(6-7-14)18-8-9(13)12(16)17/h9-11,14-15H,2-8,13H2,1H3,(H,16,17)	S-(1,4-dihydroxynonan-3-yl)-L-cysteine	CCCCCC(C(CCO)SCC(C(=O)O)N)O	-1.3	118987329	CHEBI:(131664);PUBCHEM:(118987329)	34.0	262.148	33.0	0.557	7.136869410269723e+17	7.136868121821418e+17	
134	MALNXHYEPCSPPU	gnps|isdb	N[C@@H](CO)C(=O)N[C@@H](Cc1ccc(O)cc1)C(=O)O	CCMSLIB00013639058	spectra_filtered.mgf	WINE-DB-ORBITRAP.mgf	0.807953	15297500.0	0.0	0.0	6.0	0.0	269.113	0.0	temp/spectra_filtered.mgf134	1.0	Ser-Tyr	ESI	Orbitrap	Commercial	Axel_Marchal	TE_MLS	M+H	269.113	268.27	1.0	21435-27-8		C1=CC(=CC=C1C[C@@H](C(=O)O)NC(=O)[C@H](CO)N)O	InChI=1S/C12H16N2O5/c13-9(6-15)11(17)14-10(12(18)19)5-7-1-3-8(16)4-2-7/h1-4,9-10,15-16H,5-6,13H2,(H,14,17)(H,18,19)/t9-,10-/m0/s1		1.0	Positive	WINE-DB-ORBITRAP	269.113	UPDATE-SINGLE-ANNOTATED-GOLD	Gold		C12H16N2O5	MALNXHYEPCSPPU-UWVGGRQHSA-N	Organic acids and derivatives	Carboxylic acids and derivatives	Amino acids, peptides, and analogues	Small peptides	Dipeptides	Amino acids and Peptides	mzspec:GNPS:GNPS-LIBRARY:CCMSLIB00013639058	-1.0							1.0	0.5509491	ISDB	http://www.wikidata.org/entity/Q27143824	MALNXHYEPCSPPU-UWVGGRQHSA-N	InChI=1S/C12H16N2O5/c13-9(6-15)11(17)14-10(12(18)19)5-7-1-3-8(16)4-2-7/h1-4,9-10,15-16H,5-6,13H2,(H,14,17)(H,18,19)/t9-,10-/m0/s1	N[C@@H](CO)C(=O)N[C@@H](Cc1ccc(O)cc1)C(=O)O	C12H16N2O5		268.105921612	Ser-Tyr	Amino acids and Peptides	Small peptides	Dipeptides	http://www.wikidata.org/entity/Q177932	Brassica napus	309234.0	['Eukaryota']	['Archaeplastida']	['Streptophyta']	['Magnoliopsida']	['Brassicales']	['Brassicaceae']	['Brassiceae']	['Brassica']	['Brassica napus']											0.0	0.0	2.20379638671875	1.0																								
134	QOXGDQIXNKKWHC	sirius	C=CCOC(=O)NC(C1=CC=C(C=C1)O)C(=O)O																																																																																												1.0	1.0	0.231	0.231	-177.149	0.742	0.033	52.625	C12H13NO5	[M + H3N + H]+	C12H17N2O5+	InChI=1S/C12H13NO5/c1-2-7-18-12(17)13-10(11(15)16)8-3-5-9(14)6-4-8/h2-6,10,14H,1,7H2,(H,13,17)(H,15,16)	(R)-((Allyloxy)carbonylamino)(4-hydroxyphenyl)acetic acid	C=CCOC(=O)NC(C1=CC=C(C=C1)O)C(=O)O	1.5	3020131;11357171;13060652	NORMAN:(NS00038654);PUBCHEM:(3020131 11357171 13060652);DSSTox:(DTXSID60233832)	137439215618.0	269.113	34.0	0.565	7.136869404859071e+17	7.136868122618337e+17	
135	PNDMHTTXXPUQJH	sirius	CCC(C)C(C(=O)NC(CCC(=O)O)C(=O)NC(C(C)O)C(=O)O)N																																																																																												1.0	2.0	0.419	0.419	-233.05	0.201	0.333	56.395	C15H27N3O7	[M - H2O + H]+	C15H26N3O6+	InChI=1S/C15H27N3O7/c1-4-7(2)11(16)14(23)17-9(5-6-10(20)21)13(22)18-12(8(3)19)15(24)25/h7-9,11-12,19H,4-6,16H2,1-3H3,(H,17,23)(H,18,22)(H,20,21)(H,24,25)	4-[(2-Amino-3-methylpentanoyl)amino]-5-[(1-carboxy-2-hydroxypropyl)amino]-5-oxopentanoic acid	CCC(C)C(C(=O)NC(CCC(=O)O)C(=O)NC(C(C)O)C(=O)O)N	-1.208	145456140;18221713	CHEBI:(158402);PUBCHEM:(145456140 18221713)	34.0	344.181	34.0	0.564	7.13686937180795e+17	7.136868122324735e+17	
136	QXMNNNAFUOZTQZ	sirius	CC(C)CC(C(=O)O)NC(=O)CNC(=O)C																																																																																												1.0	1.0	0.069	0.069	-233.383	1.0	0.333	23.336	C10H18N2O4	[M - H2O + H]+	C10H17N2O3+	InChI=1S/C10H18N2O4/c1-6(2)4-8(10(15)16)12-9(14)5-11-7(3)13/h6,8H,4-5H2,1-3H3,(H,11,13)(H,12,14)(H,15,16)	N-Acetylglycyl-L-leucine	CC(C)CC(C(=O)O)NC(=O)CNC(=O)C	-0.131	4098449;7010526;7010527;12831080	PUBCHEMANNOTATIONSAFETYANDTOXIC:(null);PUBCHEM:(4098449 7010526 7010527 12831080);PUBMED:(null)	67108930.0	213.123	34.0	0.563	7.136869459259201e+17	7.136868122869996e+17	
137	XMLFIOJWWQQWAH	sirius	CC(C)C(C(=O)O)NC(C(C)C)C(=O)O																																																																																												1.0	1.0	0.144	0.144	-214.96	0.99	0.333	23.201	C10H19NO4	[M - H2O + H]+	C10H18NO3+	InChI=1S/C10H19NO4/c1-5(2)7(9(12)13)11-8(6(3)4)10(14)15/h5-8,11H,1-4H3,(H,12,13)(H,14,15)	Diisopropyl iminodiacetic acid	CC(C)C(C(=O)O)NC(C(C)C)C(=O)O	-0.6	85540019;161751578	BloodExposome:(85540019);PUBCHEM:(85540019 161751578)	4194306.0	200.128	34.0	0.569	7.136869324663967e+17	7.13686812362497e+17	
139	QFNMSDIRMFONHR	sirius	CC(=O)NC(CC1=CC=C(C=C1)O)C(=O)OC(=O)C																																																																																												1.0	1.0	0.373	0.748	-208.777	0.801	0.267	60.942	C13H15NO5	[M + H3N + H]+	C13H19N2O5+	InChI=1S/C13H15NO5/c1-8(15)14-12(13(18)19-9(2)16)7-10-3-5-11(17)6-4-10/h3-6,12,17H,7H2,1-2H3,(H,14,15)	Acetyl 2-acetamido-3-(4-hydroxyphenyl)propanoate	CC(=O)NC(CC1=CC=C(C=C1)O)C(=O)OC(=O)C	0.995	21116289;73743562	NORMAN:(NS00051640);PUBCHEM:(21116289 73743562)	262146.0	283.126	32.0	0.536	7.136869355030732e+17	7.136868120772842e+17	
140	KUWNGKYAKRWUKJ	isdb																																														-1.0							1.0	0.49622875	ISDB															['Unknown']	['Unknown']	['Unknown']	['Unknown']	['Unknown']	['Unknown']	['Unknown']	['Unknown']	['Unknown']											0.0	0.0	1.984915018081665	1.0																								
140	SZJNCZMRZAUNQT	gnps	CC(C)CC1N=C(O)C2CCCN2C1=O	CCMSLIB00005739602	spectra_filtered.mgf	MASSBANK.mgf	0.777355	1984050.0	0.0	184.426	7.0	0.0389404	211.105	1.0	temp/spectra_filtered.mgf140	1.0	Massbank:PR300771 Cyclo(proline-leucine)	ESI	qTof	Isolated	Massbank	Massbank	M+H	211.144	0.0	1.0			CC(C)CC1N=C(O)C2CCCN2C1=O	1S/C11H18N2O2/c1-7(2)6-8-11(15)13-5-3-4-9(13)10(14)12-8/h7-9H,3-6H2,1-2H3,(H,12,14)		3.0	Positive	MASSBANK	211.144	UPDATE-SINGLE-ANNOTATED-BRONZE	Bronze		C11H18N2O2	SZJNCZMRZAUNQT-UHFFFAOYSA-N	Organic acids and derivatives	Carboxylic acids and derivatives	Amino acids, peptides, and analogues			Amino acids and Peptides	mzspec:GNPS:GNPS-LIBRARY:CCMSLIB00005739602																																																																							
142	KTOATHAWJJYSMD	sirius	CNCC(=O)NC1CC2C(=O)NC3=CC=CC=C3C(=O)N2C1																																																																																												1.0	1.0	0.075	0.075	-411.9	0.998	0.333	68.951	C15H18N4O3	[M + H3N + H]+	C15H22N5O3+	InChI=1S/C15H18N4O3/c1-16-7-13(20)17-9-6-12-14(21)18-11-5-3-2-4-10(11)15(22)19(12)8-9/h2-5,9,12,16H,6-8H2,1H3,(H,17,20)(H,18,21)		CNCC(=O)NC1CC2C(=O)NC3=CC=CC=C3C(=O)N2C1	-0.5	163143776;85006393;9421109;9421110	COCONUT:(CNP0453968);SUPERNATURAL:(SN0195040);PUBCHEM:(163143776 85006393 9421109 9421110)	3145730.0	320.171	35.0	0.58	7.136869436903557e+17	7.136868123876628e+17	
144	QRJMLIPXTTYRMQ	sirius	CNC1C(C(C(C(C1O)O)O)NC)O																																																																																												1.0	2.0	0.017	0.017	-318.996	0.463	0.333	21.687	C8H18N2O4	[M - H2O + H]+	C8H17N2O3+	InChI=1S/C8H18N2O4/c1-9-3-5(11)4(10-2)7(13)8(14)6(3)12/h3-14H,1-2H3	Actinamine	CNC1C(C(C(C(C1O)O)O)NC)O	-3.2	140565917;46173945;132067301;165422	COCONUT:(CNP0343680);BloodExposome:(46173945);CHEBI:(81195);SUPERNATURAL:(SN0313160);KEGG:(C17575);PUBCHEM:(140565917 46173945 132067301 165422);DSSTox:(DTXSID30977751);LOTUS:(Q105226428)	137714729250.0	189.123	35.0	0.591	7.136869257009834e+17	7.13686812513492e+17	
145	QYLJIYOGHRGUIH	gnps|isdb	CC[C@H](C)[C@H](NC(=O)[C@@H](N)CCCNC(=N)N)C(=O)O	CCMSLIB00003140066	spectra_filtered.mgf	GNPS-NIST14-MATCHES.mgf	0.905514	48496000.0	0.0	2.96491	12.0	0.000854492	288.203	1.0	temp/spectra_filtered.mgf145	1.0	Spectral Match to Arg-Ile from NIST14	ESI	qTof	Isolated	Data from Julia Gauglitz	Data deposited by fevargas	M+H	288.202	287.196	1.0			CC[C@H](C)[C@@H](C(=O)O)NC(=O)[C@H](CCCN=C(N)N)N	InChI=1S/C12H25N5O3/c1-3-7(2)9(11(19)20)17-10(18)8(13)5-4-6-16-12(14)15/h7-9H,3-6,13H2,1-2H3,(H,17,18)(H,19,20)(H4,14,15,16)/t7-,8-,9-/m0/s1		3.0	Positive	GNPS-NIST14-MATCHES	288.202	UPDATE-SINGLE-ANNOTATED-BRONZE	Bronze		C12H25N5O3	QYLJIYOGHRGUIH-CIUDSAMLSA-N	Organic acids and derivatives	Carboxylic acids and derivatives	Amino acids, peptides, and analogues	Small peptides	Dipeptides	Amino acids and Peptides	mzspec:GNPS:GNPS-LIBRARY:CCMSLIB00003140066	22.0	Amino acids and Peptides	0.4666666666666667	Small peptides	0.4666666666666667	Dipeptides	0.4666666666666667	2.0	0.7125341	ISDB	http://www.wikidata.org/entity/Q27144130	QYLJIYOGHRGUIH-CIUDSAMLSA-N	InChI=1S/C12H25N5O3/c1-3-7(2)9(11(19)20)17-10(18)8(13)5-4-6-16-12(14)15/h7-9H,3-6,13H2,1-2H3,(H,17,18)(H,19,20)(H4,14,15,16)/t7-,8-,9-/m0/s1	CC[C@H](C)[C@H](NC(=O)[C@@H](N)CCCNC(=N)N)C(=O)O	C12H25N5O3		287.19573966	Arg-Ile	Amino acids and Peptides	Small peptides	Dipeptides	http://www.wikidata.org/entity/Q15978631	Homo sapiens	770315.0	['Eukaryota']	['Metazoa']	['Chordata']	['Mammalia']	['Primates']	['Hominidae']	['Unknown']	['Homo']	['Homo sapiens']											0.0	3.0	4.3501365184783936	1.0																								
145	YIXAEVIJRAJICT	sirius	C1CCC(C1)C(=O)NC(CCCN=C(N)N)C(=O)O																																																																																												1.0	1.0	0.649	0.649	-224.341	0.8	0.333	89.528	C12H22N4O3	[M + H3N + H]+	C12H26N5O3+	InChI=1S/C12H22N4O3/c13-12(14)15-7-3-6-9(11(18)19)16-10(17)8-4-1-2-5-8/h8-9H,1-7H2,(H,16,17)(H,18,19)(H4,13,14,15)	N-cyclopentanoyl-(L)-arginine	C1CCC(C1)C(=O)NC(CCCN=C(N)N)C(=O)O	-0.1	15432051	PUBCHEM:(15432051)	2.0	288.203	35.0	0.586	7.136869283979213e+17	7.136868124757432e+17	
147	DPJLQTWQGJDAPI	sirius	CC(=O)CC(C)(C)NC(=O)C1CO1																																																																																												1.0	2.0	0.071	0.071	-250.904	0.031	0.333	20.757	C9H15NO3	[M + H3N + H]+	C9H19N2O3+	InChI=1S/C9H15NO3/c1-6(11)4-9(2,3)10-8(12)7-5-13-7/h7H,4-5H2,1-3H3,(H,10,12)	N-(1,1-Dimethyl-3-oxobutyl)oxirane-2-carboxamide	CC(=O)CC(C)(C)NC(=O)C1CO1	-0.5	5743437	NORMAN:(NS00054586);PUBCHEM:(5743437);DSSTox:(DTXSID60956074)	137439215618.0	203.139	35.0	0.581	7.136869246733788e+17	7.136868124379945e+17	
148	ZDACRNZBFJOLTC	sirius	CCC(C)C1C(=O)N2CCCC2C(=O)N1																																																																																												1.0	1.0	0.666	0.873	-107.924	0.998	0.333	118.446	C11H18N2O2	[M + H3N + H]+	C11H22N3O2+	InChI=1S/C11H18N2O2/c1-3-7(2)9-11(15)13-6-4-5-8(13)10(14)12-9/h7-9H,3-6H2,1-2H3,(H,12,14)	Cyclo(Isoleucylprolyl)	CCC(C)C1C(=O)N2CCCC2C(=O)N1	1.1	51521687;9990707;6428988;66523200;44566897;44566903;13654638;13654639;13654640;26316343;26316340	PUBCHEMANNOTATIONBIO:(null);COCONUT:(CNP0139884);CHEBI:(182600);SUPERNATURAL:(SN0467107);PUBCHEM:(51521687 9990707 6428988 66523200 44566897 44566903 13654638 13654639 13654640 26316343 26316340);DSSTox:(DTXSID801334846);LOTUS:(Q105371922 Q105371919 Q77310819 Q105371924);GNPS:(CCMSLIB00000846841);PUBMED:(null)	137727316066.0	228.171	36.0	0.595	7.13686925529017e+17	7.136868125722122e+17	
149	HTQXOOAPDDHDGY	sirius	CCC(C)C(C(=O)NC(C)C=O)NC(=O)C1CCCN1C(=O)C(C(C)C)NC(=O)C(C)N																																																																																												1.0	2.0	0.1	0.1	-318.423	0.298	0.333	39.144	C22H39N5O5	[M + H]+	C22H40N5O5+	InChI=1S/C22H39N5O5/c1-7-13(4)18(21(31)24-14(5)11-28)26-20(30)16-9-8-10-27(16)22(32)17(12(2)3)25-19(29)15(6)23/h11-18H,7-10,23H2,1-6H3,(H,24,31)(H,25,29)(H,26,30)	H-Ala-Val-Pro-Ile-Ala-al	CCC(C)C(C(=O)NC(C)C=O)NC(=O)C1CCCN1C(=O)C(C(C)C)NC(=O)C(C)N	0.527	5478885	PUBCHEMANNOTATIONBIO;PUBCHEM:(5478885)	16777218.0	454.303	36.0	0.594	7.13686925625486e+17	7.136868125386578e+17	
150	GTGSLOUHEKUPLU	sirius	CC(C=O)NC(=O)C(C)NC(=O)C(C)NC(=O)C(C)NC(=O)C(C)N																																																																																												1.0	2.0	0.263	0.263	-272.813	0.192	0.333	88.257	C15H27N5O5	[M - H2O + H]+	C15H26N5O4+	InChI=1S/C15H27N5O5/c1-7(6-21)17-13(23)9(3)19-15(25)11(5)20-14(24)10(4)18-12(22)8(2)16/h6-11H,16H2,1-5H3,(H,17,23)(H,18,22)(H,19,25)(H,20,24)	H-Ala-Ala-Ala-Ala-Ala-al	CC(C=O)NC(=O)C(C)NC(=O)C(C)NC(=O)C(C)NC(=O)C(C)N	-1.8	46907788	PUBCHEMANNOTATIONBIO;PUBCHEM:(46907788)	16777218.0	340.198	36.0	0.599	7.13686931312963e+17	7.136868126602926e+17	
151	MTWJTFBVRDGROD	sirius	CSCCC(C(=O)O)NC(=O)C1CCCN1																																																																																												1.0	3.0	0.995	0.995	-95.297	0.191	0.333	25.832	C10H18N2O3S	[M + H]+	C10H19N2O3S+	InChI=1S/C10H18N2O3S/c1-16-6-4-8(10(14)15)12-9(13)7-3-2-5-11-7/h7-8,11H,2-6H2,1H3,(H,12,13)(H,14,15)	4-methylsulfanyl-2-[[(2R)-pyrrolidine-2-carbonyl]amino]butanoic acid	CSCCC(C(=O)O)NC(=O)C1CCCN1	0.244	5233577;5250073;7408172;7408173;92177205;92450007;92450008;104901021;104909311;61159178;61161144	PUBCHEMANNOTATIONBIO;HMDB:(HMDB0029023);METACYC:(CPD-23019);CHEBI:(174275 141444);SUPERNATURAL:(SN0235215);FooDB:(FDB112033);PUBCHEM:(5233577 5250073 7408172 7408173 92177205 92450007 92450008 104901021 104909311 61159178 61161144);DSSTox:(DTXSID30413245 DTXSID40428582)	137993652266.0	247.111	36.0	0.598	7.136869271564072e+17	7.136868126351268e+17	
153	AOKPJIGYKRAPCQ	sirius	CC(=O)C1=CC(=C(C=C1)N2CCCCC2)F																																																																																												1.0	2.0	0.026	0.026	-173.191	0.264	0.266	1.317	C13H16FNO	[M - H2O + H]+	C13H15FN+	InChI=1S/C13H16FNO/c1-10(16)11-5-6-13(12(14)9-11)15-7-3-2-4-8-15/h5-6,9H,2-4,7-8H2,1H3	1-(3-Fluoro-4-piperidin-1-ylphenyl)ethanone	CC(=O)C1=CC(=C(C=C1)N2CCCCC2)F	2.7	775592	PUBCHEMANNOTATIONSAFETYANDTOXIC;PUBCHEM:(775592);DSSTox:(DTXSID101320597);PUBMED	137506062402.0	204.118	36.0	0.598	7.13686920558766e+17	7.136868127399844e+17	
153	XTJMNWQRGOWLAL	isdb																																														-1.0							1.0	0.4593783	ISDB															['Unknown']	['Unknown']	['Unknown']	['Unknown']	['Unknown']	['Unknown']	['Unknown']	['Unknown']	['Unknown']											0.0	0.0	1.8375132083892824	1.0																								
154	UFZIVSHRKUQHPP	sirius	CN=C(NCC1=CC=C(O1)C(=O)N)NC2CC2																																																																																												1.0	1.0	0.024	0.024	-179.459	0.996	0.333	36.195	C11H16N4O2	[M + H3N + H]+	C11H20N5O2+	InChI=1S/C11H16N4O2/c1-13-11(15-7-2-3-7)14-6-8-4-5-9(17-8)10(12)16/h4-5,7H,2-3,6H2,1H3,(H2,12,16)(H2,13,14,15)	5-[[(N-cyclopropyl-N'-methylcarbamimidoyl)amino]methyl]furan-2-carboxamide	CN=C(NCC1=CC=C(O1)C(=O)N)NC2CC2	-0.1	111601272	PUBCHEM:(111601272)	2.0	254.161	37.0	0.612	7.136869286495795e+17	7.136868127945103e+17	
154	ZRJHYOXNWCMGMW	isdb	N=C(N)NCCC[C@@H]1NC(=O)[C@@H]2CCCN2C1=O																																													2.0	Amino acids and Peptides	0.5	Small peptides	0.5	Dipeptides	0.5	1.0	0.85005033	ISDB	http://www.wikidata.org/entity/Q27457463	ZRJHYOXNWCMGMW-YUMQZZPRSA-N	InChI=1S/C11H19N5O2/c12-11(13)14-5-1-3-7-10(18)16-6-2-4-8(16)9(17)15-7/h7-8H,1-6H2,(H,15,17)(H4,12,13,14)/t7-,8-/m0/s1	N=C(N)NCCC[C@@H]1NC(=O)[C@@H]2CCCN2C1=O	C11H19N5O2		253.153874848	Cyclo-(L-arginine-L-proline) inhibitor	Amino acids and Peptides	Small peptides	Dipeptides	http://www.wikidata.org/entity/Q104838133	Streptomyces nigra	5883224.0	['Bacteria']	['Unknown']	['Actinobacteria']	['Unknown']	['Streptomycetales']	['Streptomycetaceae']	['Unknown']	['Streptomyces']	['Streptomyces nigra']											0.0	3.0	4.900201320648193	1.0																								
155	XCORHWCLHJSFPU	sirius	CC1C(=O)NC(C(=O)N2CCCC2C(=O)NC(C(=O)N1)C)CCCCCC(C3CO3)(O)O																																																																																												1.0	1.0	0.115	0.115	-354.105	0.752	0.333	60.985	C21H34N4O7	[M + H3N + H]+	C21H38N5O7+	InChI=1S/C21H34N4O7/c1-12-17(26)22-13(2)18(27)24-14(7-4-3-5-9-21(30,31)16-11-32-16)20(29)25-10-6-8-15(25)19(28)23-12/h12-16,30-31H,3-11H2,1-2H3,(H,22,26)(H,23,28)(H,24,27)	(3S,6R,9S,12R)-3-[6,6-dihydroxy-6-[(2S)-oxiran-2-yl]hexyl]-6,9-dimethyl-1,4,7,10-tetrazabicyclo[10.3.0]pentadecane-2,5,8,11-tetrone	CC1C(=O)NC(C(=O)N2CCCC2C(=O)NC(C(=O)N1)C)CCCCCC(C3CO3)(O)O	-0.8	121232391	PUBCHEMANNOTATIONBIO:(null);PUBCHEM:(121232391)	16777218.0	472.276	37.0	0.612	7.136869380657933e+17	7.136868128196762e+17	
156	ISPFRDAWONQRSH	sirius	C=CC(=O)NC(CC1=CC=C(C=C1)O)C(=O)O																																																																																												1.0	1.0	0.639	0.639	-161.639	0.799	0.333	49.625	C12H13NO4	[M + H3N + H]+	C12H17N2O4+	InChI=1S/C12H13NO4/c1-2-11(15)13-10(12(16)17)7-8-3-5-9(14)6-4-8/h2-6,10,14H,1,7H2,(H,13,15)(H,16,17)	(2s)-3-(4-Hydroxyphenyl)-2-(prop-2-enamido)propanoic acid	C=CC(=O)NC(CC1=CC=C(C=C1)O)C(=O)O	1.215	28210781;10198573;10400206	PUBCHEMANNOTATIONSAFETYANDTOXIC:(null);PUBCHEM:(28210781 10198573 10400206)	67108866.0	253.118	36.0	0.605	7.136869280497939e+17	7.136868127148186e+17	
157	AOTZOTKLTMITMM	sirius	C1CCNC(C1)C(=O)NC(CC2=CC=CC=C2)C(=O)O																																																																																												1.0	1.0	0.69	0.69	-195.507	0.798	0.333	64.213	C15H20N2O3	[M + H3N + H]+	C15H24N3O3+	InChI=1S/C15H20N2O3/c18-14(12-8-4-5-9-16-12)17-13(15(19)20)10-11-6-2-1-3-7-11/h1-3,6-7,12-13,16H,4-5,8-10H2,(H,17,18)(H,19,20)	3-phenyl-2-[[(2R)-piperidine-2-carbonyl]amino]propanoic acid	C1CCNC(C1)C(=O)NC(CC2=CC=CC=C2)C(=O)O	1.764	103868979;103869018;103869027;103869057;104913529;104913635;104914862;61157509;61174717	PUBCHEM:(103868979 103869018 103869027 103869057 104913529 104913635 104914862 61157509 61174717)	2.0	294.181	37.0	0.614	7.136869375415053e+17	7.136868128490363e+17	
158	LLJLBRRXKZTTRD	sirius	CC(C)C(C(=O)NC(C(C)C)C(=O)NC(CO)C(=O)O)N																																																																																												1.0	2.0	0.46	0.46	-228.679	0.2	0.333	38.272	C13H25N3O5	[M - H2O + H]+	C13H24N3O4+	InChI=1S/C13H25N3O5/c1-6(2)9(14)11(18)16-10(7(3)4)12(19)15-8(5-17)13(20)21/h6-10,17H,5,14H2,1-4H3,(H,15,19)(H,16,18)(H,20,21)	2-[[2-[(2-Amino-3-methylbutanoyl)amino]-3-methylbutanoyl]amino]-3-hydroxypropanoic acid	CC(C)C(C(=O)NC(C(C)C)C(=O)NC(CO)C(=O)O)N	-1.032	145459087;18232582	CHEBI:(166447);PUBCHEM:(145459087 18232582)	34.0	286.176	37.0	0.614	7.136869346264635e+17	7.136868128783964e+17	
159	IOVKUWSDSWMTCT	sirius	CCNC(=NCC1CCCS1)NCCNC(=O)C																																																																																												1.0	1.0	0.02	0.02	-273.173	0.368	0.279	2.028	C12H24N4OS	[M - H2O + H]+	C12H23N4S+	InChI=1S/C12H24N4OS/c1-3-13-12(15-7-6-14-10(2)17)16-9-11-5-4-8-18-11/h11H,3-9H2,1-2H3,(H,14,17)(H2,13,15,16)	N-[2-[[N-ethyl-N'-(thiolan-2-ylmethyl)carbamimidoyl]amino]ethyl]acetamide	CCNC(=NCC1CCCS1)NCCNC(=O)C	0.4	109666637	PUBCHEM:(109666637)	2.0	255.165	36.0	0.604	7.136869210075566e+17	7.136868127651502e+17	
160	KQOTZCMTYZMKDE	isdb	O=C1C[C@]23C[C@]14CCCN1CC[C@H]([C@H]2c2ccccc2N3)[C@@H]14																																													54.0	Alkaloids	0.5	Tryptophan alkaloids	0.5	Aspidosperma type	0.5	1.0	0.48770714	ISDB	http://www.wikidata.org/entity/Q105144676	KQOTZCMTYZMKDE-PYJZQUQOSA-N	InChI=1S/C19H22N2O/c22-15-10-19-11-18(15)7-3-8-21-9-6-13(17(18)21)16(19)12-4-1-2-5-14(12)20-19/h1-2,4-5,13,16-17,20H,3,6-11H2/t13-,16-,17-,18-,19+/m1/s1	O=C1C[C@]23C[C@]14CCCN1CC[C@H]([C@H]2c2ccccc2N3)[C@@H]14	C19H22N2O		294.173213324	(1S,4R,12S,13R,20R)-5,16-diazahexacyclo[11.6.1.11,4.04,12.06,11.016,20]henicosa-6,8,10-trien-2-one	Alkaloids	Tryptophan alkaloids	Aspidosperma type	http://www.wikidata.org/entity/Q15358625	Kopsia teoi	6068090.0	['Eukaryota']	['Archaeplastida']	['Streptophyta']	['Magnoliopsida']	['Gentianales']	['Apocynaceae']	['Vinceae']	['Kopsia']	['Kopsia teoi']											0.0	3.0	3.4508285522460938	1.0																								
160	ZKEHPXDIQKWNOW	sirius	CCC1(C(=O)NC(=O)NC1=O)CC#CCN2CCCC2																																																																																												1.0	1.0	0.038	0.038	-270.09	0.982	0.333	107.224	C14H19N3O3	[M + H3N + H]+	C14H23N4O3+	InChI=1S/C14H19N3O3/c1-2-14(11(18)15-13(20)16-12(14)19)7-3-4-8-17-9-5-6-10-17/h2,5-10H2,1H3,(H2,15,16,18,19,20)	Barbituric acid, 5-ethyl-5-(4-(1-pyrrolidinyl)-2-butynyl)-	CCC1(C(=O)NC(=O)NC1=O)CC#CCN2CCCC2	0.6	14384	PUBCHEMANNOTATIONSAFETYANDTOXIC;PUBCHEM:(14384);DSSTox:(DTXSID30151039)	137506062338.0	295.176	37.0	0.622	7.136869329403532e+17	7.13686812928728e+17	
161	DWQZFQQXYUSHFY	sirius	C=COCCNC(=O)C(=O)NCCOC=C																																																																																												1.0	2.0	0.044	0.044	-107.479	0.012	0.333	34.025	C10H16N2O4	[M + H]+	C10H17N2O4+	InChI=1S/C10H16N2O4/c1-3-15-7-5-11-9(13)10(14)12-6-8-16-4-2/h3-4H,1-2,5-8H2,(H,11,13)(H,12,14)	N,N'-bis(2-ethenoxyethyl)oxamide	C=COCCNC(=O)C(=O)NCCOC=C	0.4	3126747	PUBCHEM:(3126747)	2.0	229.118	37.0	0.623	7.136869454267978e+17	7.136868129035622e+17	
161	YJVOWRAWFXRESP	isdb	CC[C@@](C)(O)C(=O)C(=O)O																																													79.0	Fatty acids	0.5	Fatty Acids and Conjugates	0.5	Branched fatty acids	0.5	6.0	0.0	MS1_match	http://www.wikidata.org/entity/Q27115748	YJVOWRAWFXRESP-ZCFIWIBFSA-N	InChI=1S/C6H10O4/c1-3-6(2,10)4(7)5(8)9/h10H,3H2,1-2H3,(H,8,9)/t6-/m1/s1	CC[C@@](C)(O)C(=O)C(=O)O	C6H10O4	pos_1_1proton2acetonitrile	146.0579088	(R)-3-hydroxy-3-methyl-2-oxopentanoic acid	Fatty acids	Fatty Acids and Conjugates	Branched fatty acids	http://www.wikidata.org/entity/Q31856	Pseudomonas aeruginosa	216671.0	['Bacteria']	['Unknown']	['Proteobacteria']	['Gammaproteobacteria']	['Pseudomonadales']	['Pseudomonadaceae']	['Unknown']	['Pseudomonas']	['Pseudomonas aeruginosa']		['Bacteria']		['Proteobacteria']	['Gammaproteobacteria']	['Pseudomonadales']	['Pseudomonadaceae']		['Pseudomonas']	['Pseudomonas aeruginosa']	7.0	3.0	8.5	1.0																								
162	OUYCCCASQSFEME	isdb	N[C@@H](Cc1ccc(O)cc1)C(=O)O																																													7.0	Amino acids and Peptides	0.4761904761904761	Small peptides	0.4642857142857143	Dipeptides	0.4285714285714285	1.0	0.870545	ISDB	http://www.wikidata.org/entity/Q188017	OUYCCCASQSFEME-QMMMGPOBSA-N	InChI=1S/C9H11NO3/c10-8(9(12)13)5-6-1-3-7(11)4-2-6/h1-4,8,11H,5,10H2,(H,12,13)/t8-/m0/s1	N[C@@H](Cc1ccc(O)cc1)C(=O)O	C9H11NO3		181.073893212	(2S)-2-ammonio-3-(4-hydroxyphenyl)propanoate	Amino acids and Peptides	Small peptides	Aminoacids	http://www.wikidata.org/entity/Q31856	Pseudomonas aeruginosa	216671.0	['Bacteria']	['Unknown']	['Proteobacteria']	['Gammaproteobacteria']	['Pseudomonadales']	['Pseudomonadaceae']	['Unknown']	['Pseudomonas']	['Pseudomonas aeruginosa']		['Bacteria']		['Proteobacteria']	['Gammaproteobacteria']	['Pseudomonadales']	['Pseudomonadaceae']		['Pseudomonas']	['Pseudomonas aeruginosa']	7.0	2.0	11.482180118560793	1.0																								
162	PMOWTIHVNWZYFI	sirius	C1=CC=C(C(=C1)C=CC(=O)O)O																																																																																												1.0	2.0	0.427	0.701	-33.671	0.246	0.333	55.235	C9H8O3	[M + H3N + H]+	C9H12NO3+	InChI=1S/C9H8O3/c10-8-4-2-1-3-7(8)5-6-9(11)12/h1-6,10H,(H,11,12)	Coumaric Acid	C1=CC=C(C(=C1)C=CC(=O)O)O	1.393	5280841;637540;11968;54690158;54693535;54714352	PUBCHEMANNOTATIONBIO:(null);HMDB:(HMDB0002641 HMDB0041592 HMDB0304296);PUBCHEMANNOTATIONSAFETYANDTOXIC:(null);BloodExposome:(11968 637540);SUPERNATURAL:(SN0289541);MESH:(11968 637540);FooDB:(FDB011258 FDB021703 FDB030743);PUBCHEM:(5280841 637540 11968 54690158 54693535 54714352);COCONUT:(CNP0207361);NORMAN:(NS00014689);METACYC:(2-COUMARATE CPD-7418);PLANTCYC:(2-COUMARATE CPD-7418);CHEBI:(11594 18125 18176 12875 28873 47921);KEGG:(C05838 C01772);DSSTox:(DTXSID10883240 DTXSID70862233);LOTUS:(Q7072006 Q27102874 Q27103936);PUBCHEMANNOTATIONDRUG:(null);PUBCHEMANNOTATIONFOOD:(null);PUBMED:(null);KNAPSACK:(PMOWTIHVNWZYFI-UHFFFAOYSA-N)	138503653758.0	182.081	38.0	0.633	7.13686926439181e+17	7.13686812983254e+17	
164	WAQDSUZUMBUFAP	sirius	C1COCCOCCN(CCOCCOCCN1C(=O)CCCN)C(=O)CCCN																																																																																												1.0	2.0	0.045	0.045	-361.806	0.313	0.333	36.531	C20H40N4O6	[M + H]+	C20H41N4O6+	InChI=1S/C20H40N4O6/c21-5-1-3-19(25)23-7-11-27-15-17-29-13-9-24(20(26)4-2-6-22)10-14-30-18-16-28-12-8-23/h1-18,21-22H2	7,16-Bis(4-amino-1-oxobutyl)-1,4,10,13-tetraoxa-7,16-diazacyclooctadecane	C1COCCOCCN(CCOCCOCCN1C(=O)CCCN)C(=O)CCCN	-2.9	7312668;3680242	PUBCHEMANNOTATIONSAFETYANDTOXIC;PUBCHEM:(7312668 3680242);DSSTox:(DTXSID40918135)	137506062338.0	433.302	38.0	0.635	7.136869315688155e+17	7.136868130084198e+17	
165	MMFKFJORZBJVNF	sirius	CC(C)CC(C(=O)O)NC(=O)C(CC1=CN=CN1)N																																																																																												1.0	1.0	0.865	0.865	-69.112	0.994	0.333	65.197	C12H20N4O3	[M - H2O + H]+	C12H19N4O2+	InChI=1S/C12H20N4O3/c1-7(2)3-10(12(18)19)16-11(17)9(13)4-8-5-14-6-15-8/h5-7,9-10H,3-4,13H2,1-2H3,(H,14,15)(H,16,17)(H,18,19)		CC(C)CC(C(=O)O)NC(=O)C(CC1=CN=CN1)N	-2.2	6992010;28054378;28054380;40739820;189008;440549	PUBCHEMANNOTATIONBIO:(null);HMDB:(HMDB0028889 HMDB0253179);BloodExposome:(189008 440549);SUPERNATURAL:(SN0229394);MESH:(189008);FooDB:(FDB111918);PUBCHEM:(6992010 28054378 28054380 40739820 189008 440549);GNPS:(CCMSLIB00003136317);COCONUT:(CNP0456933);METACYC:(CPD-21539);CHEBI:(174536 147392 5729);KEGG:(C05010);DSSTox:(DTXSID50998847);LOTUS:(Q27106873);PUBCHEMANNOTATIONDRUG:(null);PUBMED:(null)	138301938030.0	251.15	38.0	0.638	7.136869223035967e+17	7.136868130629458e+17	
165	QYFSHTYKVAOVJM	isdb	CC(C)C[C@@H]1NC(=O)[C@H](Cc2cnc[nH]2)NC1=O																																													4.0	Alkaloids	0.6	Histidine alkaloids	0.2	Imidazole alkaloids	0.2	1.0	0.71457076	ISDB	http://www.wikidata.org/entity/Q83077184	QYFSHTYKVAOVJM-UWVGGRQHSA-N	InChI=1S/C12H18N4O2/c1-7(2)3-9-11(17)16-10(12(18)15-9)4-8-5-13-6-14-8/h5-7,9-10H,3-4H2,1-2H3,(H,13,14)(H,15,18)(H,16,17)/t9-,10-/m0/s1	CC(C)C[C@@H]1NC(=O)[C@H](Cc2cnc[nH]2)NC1=O	C12H18N4O2		250.142975816	Cyclo(histidyl-leucyl)				http://www.wikidata.org/entity/Q131238	Bacillus subtilis	1084928.0	['Bacteria']	['Unknown']	['Firmicutes']	['Bacilli']	['Bacillales']	['Bacillaceae']	['Unknown']	['Bacillus']	['Bacillus subtilis']											0.0	0.0	2.858283042907715	1.0																								
166	KRNYOVHEKOBTEF	sirius	CC(C)C(C(=O)NC(C(C)C)C(=O)O)N																																																																																												1.0	1.0	0.874	0.889	-94.246	0.999	1.0	27.115	C10H20N2O3	[M + Na]+	C10H20N2NaO3+	InChI=1S/C10H20N2O3/c1-5(2)7(11)9(13)12-8(6(3)4)10(14)15/h5-8H,11H2,1-4H3,(H,12,13)(H,14,15)	Val-Val	CC(C)C(C(=O)NC(C(C)C)C(=O)O)N	0.171	4280382;6997289;6997290;6997291;6997292;6997293;6997294;154464198;129639406;129643457;6427011;148549526;61157157;61172248;107475;79009906;79012985;409682	PUBCHEMANNOTATIONBIO:(null);HMDB:(HMDB0029140);BloodExposome:(107475 409682);SUPERNATURAL:(SN0193506);MESH:(107475 409682);FooDB:(FDB112141);PUBCHEM:(4280382 6997289 6997290 6997291 6997292 6997293 6997294 154464198 129639406 129643457 6427011 148549526 61157157 61172248 107475 79009906 79012985 409682);GNPS:(CCMSLIB00003138336 CCMSLIB00003136667);COCONUT:(CNP0082603);CHEBI:(176461 73704);DSSTox:(DTXSID40423794 DTXSID40959967 DTXSID80426421);LOTUS:(Q27143934);PUBCHEMANNOTATIONDRUG:(null);PUBMED:(null)	138301935726.0	239.136	39.0	0.647	7.136869318120851e+17	7.136868131174717e+17	
168	LJSZGHYBHHBKJA	sirius	CC(C)C(C(=O)NC(CCC(=O)O)C(=O)NC(CC1=CC=C(C=C1)O)C(=O)NC(CC2=CC=CC=C2)C(=O)O)N																																																																																												1.0	2.0	0.038	0.038	-435.18	0.24	0.271	33.673	C28H36N4O8	[M + H]+	C28H37N4O8+	InChI=1S/C28H36N4O8/c1-16(2)24(29)27(38)30-20(12-13-23(34)35)25(36)31-21(14-18-8-10-19(33)11-9-18)26(37)32-22(28(39)40)15-17-6-4-3-5-7-17/h3-11,16,20-22,24,33H,12-15,29H2,1-2H3,(H,30,38)(H,31,36)(H,32,37)(H,34,35)(H,39,40)	4-(2-amino-3-methylbutanamido)-4-({1-[(1-carboxy-2-phenylethyl)carbamoyl]-2-(4-hydroxyphenyl)ethyl}carbamoyl)butanoic acid	CC(C)C(C(=O)NC(CCC(=O)O)C(=O)NC(CC1=CC=C(C=C1)O)C(=O)NC(CC2=CC=CC=C2)C(=O)O)N	1.379	162850990;20049226	COCONUT:(CNP0113221);SUPERNATURAL:(SN0207362);PUBCHEM:(162850990 20049226)	3145730.0	557.261	39.0	0.642	7.13686942935381e+17	7.136868130923059e+17	
169	FYBUZWNUWAWTTI	sirius	CC(C(=O)O)NC(=O)CN(CCOC)CCOC																																																																																												1.0	1.0	0.034	0.034	-189.903	0.999	1.0	33.212	C11H22N2O5	[M + K]+	C11H22KN2O5+	InChI=1S/C11H22N2O5/c1-9(11(15)16)12-10(14)8-13(4-6-17-2)5-7-18-3/h9H,4-8H2,1-3H3,(H,12,14)(H,15,16)	2-[[2-[Bis(2-methoxyethyl)amino]acetyl]amino]propanoic acid	CC(C(=O)O)NC(=O)CN(CCOC)CCOC	-3.0	82042491	PUBCHEM:(82042491)	2.0	301.116	39.0	0.648	7.136869354275757e+17	7.136868131678035e+17	
170	DRCKHKZYDLJYFQ	sirius	CCC(C)C(C(=O)NC(C(C)O)C(=O)O)N																																																																																												1.0	2.0	0.265	0.265	-145.661	0.2	0.333	47.522	C10H20N2O4	[M - H2O + H]+	C10H19N2O3+	InChI=1S/C10H20N2O4/c1-4-5(2)7(11)9(14)12-8(6(3)13)10(15)16/h5-8,13H,4,11H2,1-3H3,(H,12,14)(H,15,16)		CCC(C)C(C(=O)NC(C(C)O)C(=O)O)N	-0.547	145453494;16122515;104965204;104965360;61156963;61173760;18218220;44298493	COCONUT:(CNP0443318);HMDB:(HMDB0028917);BloodExposome:(18218220);CHEBI:(141441 177257);SUPERNATURAL:(SN0073202);FooDB:(FDB111945);PUBCHEM:(145453494 16122515 104965204 104965360 61156963 61173760 18218220 44298493);DSSTox:(DTXSID90658216);GNPS:(CCMSLIB00003136209 CCMSLIB00003138442);PUBCHEMANNOTATIONDRUG:(null);PUBMED:(null)	138016723050.0	215.139	38.0	0.628	7.136869389340143e+17	7.136868129580882e+17	
171	NHMVYDBYLCIVPA	sirius	CC(C)C(C(=O)O)NC(=O)C=C(C)C																																																																																												1.0	1.0	0.476	0.476	-111.083	0.733	0.333	30.931	C10H17NO3	[M + H3N + H]+	C10H21N2O3+	InChI=1S/C10H17NO3/c1-6(2)5-8(12)11-9(7(3)4)10(13)14/h5,7,9H,1-4H3,(H,11,12)(H,13,14)	(2R)-3-methyl-2-(3-methylbut-2-enoylamino)butanoic acid	CC(C)C(C(=O)O)NC(=O)C=C(C)C	1.9	33789532;33789535;43149201	PUBCHEM:(33789532 33789535 43149201)	2.0	217.155	39.0	0.65	7.136869324747853e+17	7.136868131426376e+17	
172	ZPLJVJMVGIIOGH	sirius	C1CC(N(C1)C(=O)C=CC2=CC=C(C=C2)O)C(=O)O																																																																																												1.0	1.0	0.103	0.103	-282.812	0.794	0.333	27.149	C14H15NO4	[M + H3N + H]+	C14H19N2O4+	InChI=1S/C14H15NO4/c16-11-6-3-10(4-7-11)5-8-13(17)15-9-1-2-12(15)14(18)19/h3-8,12,16H,1-2,9H2,(H,18,19)	(2S)-1-[(E)-3-(4-hydroxyphenyl)prop-2-enoyl]pyrrolidine-2-carboxylic acid	C1CC(N(C1)C(=O)C=CC2=CC=C(C=C2)O)C(=O)O	1.567	112496487;43170897;78921981	PUBCHEM:(112496487 43170897 78921981)	2.0	279.134	39.0	0.655	7.136869288257403e+17	7.136868132181352e+17	
173	GVUVRRPYYDHHGK	sirius	CC(C(C(=O)O)NC(=O)C1CCCN1)O																																																																																												1.0	1.0	0.348	0.348	-191.328	0.995	0.333	118.438	C9H16N2O4	[M - H2O + H]+	C9H15N2O3+	InChI=1S/C9H16N2O4/c1-5(12)7(9(14)15)11-8(13)6-3-2-4-10-6/h5-7,10,12H,2-4H2,1H3,(H,11,13)(H,14,15)	3-hydroxy-2-[[(2R)-pyrrolidine-2-carbonyl]amino]butanoic acid	CC(C(C(=O)O)NC(=O)C1CCCN1)O	-0.79	145453499;16122519;53860028;104901020;104965220;104965322;61156962;18218237	PUBCHEMANNOTATIONBIO:(null);HMDB:(HMDB0029027);CHEBI:(173620 141395);SUPERNATURAL:(SN0116673);FooDB:(FDB112035);PUBCHEM:(145453499 16122519 53860028 104901020 104965220 104965322 61156962 18218237);PUBMED:(null)	554696810.0	199.107	40.0	0.659	7.136869243965546e+17	7.13686813243301e+17	
173	UBLWFFBGMBRBMC	isdb	C[C@@H](O)[C@@H]1NC(=O)[C@@H]2CCCN2C1=O																																													52.0	Amino acids and Peptides	0.5	Peptide alkaloids	0.5			1.0	0.7042333	ISDB	http://www.wikidata.org/entity/Q105269475	UBLWFFBGMBRBMC-VQVTYTSYSA-N	InChI=1S/C9H14N2O3/c1-5(12)7-9(14)11-4-2-3-6(11)8(13)10-7/h5-7,12H,2-4H2,1H3,(H,10,13)/t5-,6+,7+/m1/s1	C[C@@H](O)[C@@H]1NC(=O)[C@@H]2CCCN2C1=O	C9H14N2O3		198.100442308	Cyclo(-Pro-Thr)	Amino acids and Peptides			http://www.wikidata.org/entity/Q104838133	Streptomyces nigra	5883224.0	['Bacteria']	['Unknown']	['Actinobacteria']	['Unknown']	['Streptomycetales']	['Streptomycetaceae']	['Unknown']	['Streptomyces']	['Streptomyces nigra']											0.0	1.0	3.3169331550598145	1.0																								
174	IQHUITKNHOKGFC	isdb	C[C@@H](O)[C@H](N)C(=O)N[C@@H](Cc1ccccc1)C(=O)O																																													7.0	Amino acids and Peptides	0.4761904761904761	Small peptides	0.4642857142857143	Dipeptides	0.4285714285714285	1.0	0.83041024	ISDB	http://www.wikidata.org/entity/Q27144972	IQHUITKNHOKGFC-MIMYLULJSA-N	InChI=1S/C13H18N2O4/c1-8(16)11(14)12(17)15-10(13(18)19)7-9-5-3-2-4-6-9/h2-6,8,10-11,16H,7,14H2,1H3,(H,15,17)(H,18,19)/t8-,10+,11+/m1/s1	C[C@@H](O)[C@H](N)C(=O)N[C@@H](Cc1ccccc1)C(=O)O	C13H18N2O4		266.126657056	Threonylphenylalanine	Amino acids and Peptides	Small peptides	Dipeptides	http://www.wikidata.org/entity/Q221179	Streptococcus pneumoniae	699152.0	['Bacteria']	['Unknown']	['Firmicutes']	['Bacilli']	['Lactobacillales']	['Streptococcaceae']	['Unknown']	['Streptococcus']	['Streptococcus pneumoniae']											0.0	3.0	4.821640968322754	1.0																								
174	NYQBYASWHVRESG	gnps	C[C@H]([C@@H](C(=O)O)NC(=O)[C@H](CC1=CC=CC=C1)N)O	CCMSLIB00003137162	spectra_filtered.mgf	GNPS-NIST14-MATCHES.mgf	0.952858	71790400.0	0.0	1.37089	7.0	0.000366211	267.134	1.0	temp/spectra_filtered.mgf174	1.0	Spectral Match to Phe-Thr from NIST14	ESI	qTof	Isolated	Data from Joshua Wollam	Data deposited by fevargas	M+H	267.134	266.127	1.0			C[C@H]([C@@H](C(=O)O)NC(=O)[C@H](CC1=CC=CC=C1)N)O	InChI=1S/C13H18N2O4/c1-8(16)11(13(18)19)15-12(17)10(14)7-9-5-3-2-4-6-9/h2-6,8,10-11,16H,7,14H2,1H3,(H,15,17)(H,18,19)/t8-,10+,11+/m1/s1		3.0	Positive	GNPS-NIST14-MATCHES	267.134	UPDATE-SINGLE-ANNOTATED-BRONZE	Bronze		C13H18N2O4	NYQBYASWHVRESG-MIMYLULJSA-N	Organic acids and derivatives	Carboxylic acids and derivatives	Amino acids, peptides, and analogues	Small peptides	Dipeptides	Amino acids and Peptides	mzspec:GNPS:GNPS-LIBRARY:CCMSLIB00003137162																																																																							
175	DAQIJMOLTMGJLO	sirius	CC(C)C(C(=O)O)NC(=O)C(CCCN=C(N)N)N																																																																																												1.0	2.0	0.88	0.88	-70.843	0.146	0.333	58.81	C11H23N5O3	[M - H2O + H]+	C11H22N5O2+	InChI=1S/C11H23N5O3/c1-6(2)8(10(18)19)16-9(17)7(12)4-3-5-15-11(13)14/h6-8H,3-5,12H2,1-2H3,(H,16,17)(H,18,19)(H4,13,14,15)	2-{2-amino-5-[(diaminomethylidene)amino]pentanamido}-3-methylbutanoic acid	CC(C)C(C(=O)O)NC(=O)C(CCCN=C(N)N)N	-1.217	4278572;6992653;6992654;154470066;140711172;92147109;92147110;92147111;335257	COCONUT:(CNP0347645);HMDB:(HMDB0028722);BloodExposome:(335257);CHEBI:(73823);SUPERNATURAL:(SN0060657);MESH:(335257 6992654);FooDB:(FDB111779);PUBCHEM:(4278572 6992653 6992654 154470066 140711172 92147109 92147110 92147111 335257);DSSTox:(DTXSID20426329);LOTUS:(Q27144140);PUBMED:(null)	138251599982.0	256.177	40.0	0.662	7.136869276387521e+17	7.136868132726611e+17	
176	YQAQQKPWFOBSMU	sirius	CC(C)CC(C(=O)O)NC(=O)C(C(C)O)NC(=O)C(CCC(=O)O)N																																																																																												1.0	1.0	0.237	0.237	-221.698	0.757	0.333	42.633	C15H27N3O7	[M - H2O + H]+	C15H26N3O6+	InChI=1S/C15H27N3O7/c1-7(2)6-10(15(24)25)17-14(23)12(8(3)19)18-13(22)9(16)4-5-11(20)21/h7-10,12,19H,4-6,16H2,1-3H3,(H,17,23)(H,18,22)(H,20,21)(H,24,25)	2-[[2-[(2-Amino-4-carboxybutanoyl)amino]-3-hydroxybutanoyl]amino]-4-methylpentanoic acid	CC(C)CC(C(=O)O)NC(=O)C(C(C)O)NC(=O)C(CCC(=O)O)N	-1.208	145455512;18220441	CHEBI:(163271);PUBCHEM:(145455512 18220441)	34.0	344.182	39.0	0.655	7.136869366523127e+17	7.136868133565472e+17	
177	KMJMUFMAMDFUQZ	isdb	C=C(C)C[C@H](NC(=O)[C@H](C)NC)C(=O)N(CC=O)C(=O)[C@@H](Cc1ccccc1)NC																																													94.0	Amino acids and Peptides	0.25	Small peptides	0.25	Linear sesterterpenoids	0.25	1.0	0.2555761	ISDB	http://www.wikidata.org/entity/Q83076918	KMJMUFMAMDFUQZ-UHOSZYNNSA-N	InChI=1S/C22H32N4O4/c1-15(2)13-19(25-20(28)16(3)23-4)22(30)26(11-12-27)21(29)18(24-5)14-17-9-7-6-8-10-17/h6-10,12,16,18-19,23-24H,1,11,13-14H2,2-5H3,(H,25,28)/t16-,18+,19-/m0/s1	C=C(C)C[C@H](NC(=O)[C@H](C)NC)C(=O)N(CC=O)C(=O)[C@@H](Cc1ccccc1)NC	C22H32N4O4		416.242355504	Dihydrotentoxin	Amino acids and Peptides	Small peptides	Tripeptides	http://www.wikidata.org/entity/Q2704244	Alternaria alternata	464784.0	['Eukaryota']	['Fungi']	['Ascomycota']	['Dothideomycetes']	['Pleosporales']	['Pleosporaceae']	['Unknown']	['Alternaria']	['Alternaria alternata']											0.0	2.0	2.02230441570282	1.0																								
177	UDOMJAZYGSQJCG	sirius	CC(C1CCC(C(O1)OC2C(C(C(C(C2O)NC)O)O)NC(=O)CNC(=O)N)N)N																																																																																												1.0	2.0	0.033	0.033	-983.541	0.2	0.333	119.18	C17H34N6O7	[M - H2O + H]+	C17H33N6O6+	InChI=1S/C17H34N6O7/c1-6(18)8-4-3-7(19)16(29-8)30-15-11(23-9(24)5-22-17(20)28)13(26)12(25)10(21-2)14(15)27/h6-8,10-16,21,25-27H,3-5,18-19H2,1-2H3,(H,23,24)(H3,20,22,28)	N-(2-{[3-amino-6-(1-aminoethyl)oxan-2-yl]oxy}-3,5,6-trihydroxy-4-(methylamino)cyclohexyl)-2-[(C-hydroxycarbonimidoyl)amino]ethanimidic acid	CC(C1CCC(C(O1)OC2C(C(C(C(C2O)NC)O)O)NC(=O)CNC(=O)N)N)N	-5.0	163054627;163054628	COCONUT:(CNP0339946);SUPERNATURAL:(SN0367567);PUBCHEM:(163054627 163054628)	3145730.0	417.245	41.0	0.682	7.136869458084795e+17	7.136868134110732e+17	
178	WUVXPLRYCUOGTJ	sirius	CC(C)(C)OC(=O)N1CCN(CC1)C(=O)C(=O)O																																																																																												1.0	2.0	0.01	0.01	-210.163	0.011	0.333	83.423	C11H18N2O5	[M + H3N + H]+	C11H22N3O5+	InChI=1S/C11H18N2O5/c1-11(2,3)18-10(17)13-6-4-12(5-7-13)8(14)9(15)16/h4-7H2,1-3H3,(H,15,16)	(4-Boc-piperazin-1-yl)-oxo-acetic acid	CC(C)(C)OC(=O)N1CCN(CC1)C(=O)C(=O)O	0.3	17750355;26597315	PUBCHEMANNOTATIONSAFETYANDTOXIC:(null);PUBCHEM:(17750355 26597315);DSSTox:(DTXSID00590456)	137506062338.0	276.155	40.0	0.664	7.136869446844059e+17	7.136868133859073e+17	
179	PQBHGSGQZSOLIR	gnps|isdb	N=C(N)NCCC[C@H](N)C(=O)N[C@@H](Cc1ccccc1)C(=O)O	CCMSLIB00003139461	spectra_filtered.mgf	GNPS-NIST14-MATCHES.mgf	0.916861	46182900.0	0.0	0.0947201	12.0	3.05176e-05	322.187	1.0	temp/spectra_filtered.mgf179	1.0	Spectral Match to Arg-Phe from NIST14	ESI	qTof	Isolated	Data from Pieter Dorrestein	Data deposited by lfnothias	M+H	322.187	321.18	1.0			C1=CC=C(C=C1)C[C@@H](C(=O)O)NC(=O)[C@H](CCCN=C(N)N)N	InChI=1S/C15H23N5O3/c16-11(7-4-8-19-15(17)18)13(21)20-12(14(22)23)9-10-5-2-1-3-6-10/h1-3,5-6,11-12H,4,7-9,16H2,(H,20,21)(H,22,23)(H4,17,18,19)/t11-,12-/m0/s1		3.0	Positive	GNPS-NIST14-MATCHES	322.187	UPDATE-SINGLE-ANNOTATED-BRONZE	Bronze		C15H23N5O3	PQBHGSGQZSOLIR-RYUDHWBXSA-N	Organic acids and derivatives	Carboxylic acids and derivatives	Amino acids, peptides, and analogues	Small peptides	Dipeptides	Amino acids and Peptides	mzspec:GNPS:GNPS-LIBRARY:CCMSLIB00003139461	22.0	Amino acids and Peptides	0.4666666666666667	Small peptides	0.4666666666666667	Dipeptides	0.4666666666666667	1.0	0.6672224	ISDB	http://www.wikidata.org/entity/Q27144134	PQBHGSGQZSOLIR-RYUDHWBXSA-N	InChI=1S/C15H23N5O3/c16-11(7-4-8-19-15(17)18)13(21)20-12(14(22)23)9-10-5-2-1-3-6-10/h1-3,5-6,11-12H,4,7-9,16H2,(H,20,21)(H,22,23)(H4,17,18,19)/t11-,12-/m0/s1	N=C(N)NCCC[C@H](N)C(=O)N[C@@H](Cc1ccccc1)C(=O)O	C15H23N5O3		321.180089596	Arginylphenylalanine	Amino acids and Peptides	Small peptides	Dipeptides	http://www.wikidata.org/entity/Q309852	Euglena gracilis	1073327.0	['Eukaryota']	['Unknown']	['Euglenida']	['Euglenophyceae']	['Unknown']	['Euglenaceae']	['Unknown']	['Euglena']	['Euglena gracilis']											0.0	3.0	4.16888952255249	1.0																								
179	XURGXFHXZOAMFK	sirius	C1=CC=C(C=C1)C=CC(=O)NC(CCCN=C(N)N)C(=O)O																																																																																												1.0	1.0	0.497	0.497	-444.066	0.8	0.333	87.077	C15H20N4O3	[M + H3N + H]+	C15H24N5O3+	InChI=1S/C15H20N4O3/c16-15(17)18-10-4-7-12(14(21)22)19-13(20)9-8-11-5-2-1-3-6-11/h1-3,5-6,8-9,12H,4,7,10H2,(H,19,20)(H,21,22)(H4,16,17,18)	5-carbamimidamido-2-(3-phenylprop-2-enamido)pentanoic acid	C1=CC=C(C=C1)C=CC(=O)NC(CCCN=C(N)N)C(=O)O	0.4	85542704;156080329;163189478;141036306	COCONUT:(CNP0134092);SUPERNATURAL:(SN0440612);PUBCHEM:(85542704 156080329 163189478 141036306);LOTUS:(Q105342536 Q105342535)	271581186.0	322.187	41.0	0.685	7.136869478553002e+17	7.136868134655991e+17	
180	YFLXTXBCOLZEHM	sirius	[B]C(C(C)O)OC(CC)(COC)N=[N+]=[N-]																																																																																												1.0	1.0	0.002	0.002	-170.28	0.995	0.325	31.006	C8H16BN3O3	[M - H2O + H]+	C8H15BN3O2+	InChI=1S/C8H16BN3O3/c1-4-8(5-14-3,11-12-10)15-7(9)6(2)13/h6-7,13H,4-5H2,1-3H3		[B]C(C(C)O)OC(CC)(COC)N=[N+]=[N-]	0.699	163705109	PUBCHEM:(163705109)	2.0	195.129	41.0	0.675	7.136869399532303e+17	7.13686813436239e+17	
181	AHOLTQCAVBSUDP	sirius	CCC(C)C(C(=O)NC(CCCCN)C(=O)O)NC(=O)C(C(C)O)N																																																																																												1.0	3.0	0.638	0.638	-88.148	0.026	0.333	86.756	C16H32N4O5	[M + H]+	C16H33N4O5+	InChI=1S/C16H32N4O5/c1-4-9(2)13(20-14(22)12(18)10(3)21)15(23)19-11(16(24)25)7-5-6-8-17/h9-13,21H,4-8,17-18H2,1-3H3,(H,19,23)(H,20,22)(H,24,25)	Threonylisoleucyllysine	CCC(C)C(C(=O)NC(CCCCN)C(=O)O)NC(=O)C(C(C)O)N	-0.987	18224357;132495623;132495624	CHEBI:(163990);SUPERNATURAL:(SN0005851);PUBCHEM:(18224357 132495623 132495624)	1048610.0	361.244	41.0	0.687	7.136869444159704e+17	7.136868134907649e+17	
182	IUYNURKABKZJLU	sirius	CC(C)CC(C(=O)NC(C)C(=O)NCC=O)NC(=O)C(C)NC(=O)CN																																																																																												1.0	1.0	0.088	0.088	-210.787	0.823	0.333	139.01	C16H29N5O5	[M + H3N + H]+	C16H33N6O5+	InChI=1S/C16H29N5O5/c1-9(2)7-12(21-15(25)11(4)19-13(23)8-17)16(26)20-10(3)14(24)18-5-6-22/h6,9-12H,5,7-8,17H2,1-4H3,(H,18,24)(H,19,23)(H,20,26)(H,21,25)	H-Gly-Ala-Leu-Ala-Gly-al	CC(C)CC(C(=O)NC(C)C(=O)NCC=O)NC(=O)C(C)NC(=O)CN	-1.3	16122618	PUBCHEMANNOTATIONBIO:(null);PUBCHEM:(16122618)	16777218.0	389.25	42.0	0.693	7.136869522719028e+17	7.136868136585371e+17	
182	SZQNZZPMXSFUDT	isdb	COc1ccc(/C=C/C(=O)NCCCCNC(=N)NCC=C(C)C)cc1OC																																													-1.0							1.0	0.42971823	ISDB	http://www.wikidata.org/entity/Q105264328	SZQNZZPMXSFUDT-CSKARUKUSA-N	InChI=1S/C21H32N4O3/c1-16(2)11-14-25-21(22)24-13-6-5-12-23-20(26)10-8-17-7-9-18(27-3)19(15-17)28-4/h7-11,15H,5-6,12-14H2,1-4H3,(H,23,26)(H3,22,24,25)/b10-8+	COc1ccc(/C=C/C(=O)NCCCCNC(=N)NCC=C(C)C)cc1OC	C21H32N4O3		388.24744088400007	Caracasanamide	Alkaloids	Ornithine alkaloids	Polyamines	http://www.wikidata.org/entity/Q104884495	Verbesina caracasana	7605747.0	['Eukaryota']	['Archaeplastida']	['Streptophyta']	['Magnoliopsida']	['Asterales']	['Asteraceae']	['Heliantheae']	['Verbesina']	['Verbesina caracasana']											0.0	0.0	1.7188729047775269	1.0																								
183	DCMKACHZOPSUHN	sirius	CC(=O)SCC(CC1=CC=CC=C1)C(=O)NCC(=O)O																																																																																												1.0	1.0	0.108	0.108	-292.334	0.92	0.333	39.454	C14H17NO4S	[M + H3N + H]+	C14H21N2O4S+	InChI=1S/C14H17NO4S/c1-10(16)20-9-12(14(19)15-8-13(17)18)7-11-5-3-2-4-6-11/h2-6,12H,7-9H2,1H3,(H,15,19)(H,17,18)	N-[(S)-2-(Acetylthiomethyl)-3-phenylpropionyl]glycine	CC(=O)SCC(CC1=CC=CC=C1)C(=O)NCC(=O)O	1.5	11254912;11289427;130242	PUBCHEMANNOTATIONSAFETYANDTOXIC:(null);MESH:(130242);PUBCHEM:(11254912 11289427 130242);DSSTox:(DTXSID00924919);PUBMED:(null)	137506062406.0	313.122	41.0	0.69	7.136869344586913e+17	7.13686813616594e+17	
183	KYPMKDGKAYQCHO	isdb	CSCC[C@H](NC(=O)[C@@H](N)Cc1ccc(O)cc1)C(=O)O																																													21.0	Amino acids and Peptides	0.6666666666666666	Small peptides	0.3333333333333333	Dipeptides	0.3333333333333333	1.0	0.20979561	ISDB	http://www.wikidata.org/entity/Q106026383	KYPMKDGKAYQCHO-RYUDHWBXSA-N	InChI=1S/C14H20N2O4S/c1-21-7-6-12(14(19)20)16-13(18)11(15)8-9-2-4-10(17)5-3-9/h2-5,11-12,17H,6-8,15H2,1H3,(H,16,18)(H,19,20)/t11-,12-/m0/s1	CSCC[C@H](NC(=O)[C@@H](N)Cc1ccc(O)cc1)C(=O)O	C14H20N2O4S		312.11437812	Tyrosyl-Methionine	Amino acids and Peptides	Small peptides	Dipeptides	http://www.wikidata.org/entity/Q4688339	Aeromonas veronii	704628.0	['Bacteria']	['Unknown']	['Proteobacteria']	['Gammaproteobacteria']	['Aeromonadales']	['Aeromonadaceae']	['Unknown']	['Aeromonas']	['Aeromonas veronii']											0.0	3.0	2.339182436466217	1.0																								
184	FCCIQOJEDMDETP	sirius	CCC(C)C(C(=O)NC(C)C(=O)O)NC(=O)C1C(O1)C(=O)OCC																																																																																												1.0	3.0	0.034	0.034	-267.846	0.085	0.333	54.454	C15H24N2O7	[M + H3N + H]+	C15H28N3O7+	InChI=1S/C15H24N2O7/c1-5-7(3)9(12(18)16-8(4)14(20)21)17-13(19)10-11(24-10)15(22)23-6-2/h7-11H,5-6H2,1-4H3,(H,16,18)(H,17,19)(H,20,21)	(2R)-2-[[(2S,3S)-2-[[(2S,3S)-3-ethoxycarbonyloxirane-2-carbonyl]amino]-3-methylpentanoyl]amino]propanoic acid	CCC(C)C(C(=O)NC(C)C(=O)O)NC(=O)C1C(O1)C(=O)OCC	0.6	23647358;12000613	PUBCHEMANNOTATIONBIO:(null);NORMAN:(NS00071197);PUBCHEM:(23647358 12000613)	17039362.0	362.192	41.0	0.681	7.1368696022011e+17	7.136868135159308e+17	
185	UWHRBDRPOIGEGO	sirius	CC(C=O)NC(=O)C(C)NC(=O)C(C)NC(=O)C1CCCN1C(=O)C(C)N																																																																																												1.0	2.0	0.554	0.554	-279.733	0.2	0.333	136.615	C17H29N5O5	[M - H2O + H]+	C17H28N5O4+	InChI=1S/C17H29N5O5/c1-9(8-23)19-14(24)11(3)20-15(25)12(4)21-16(26)13-6-5-7-22(13)17(27)10(2)18/h8-13H,5-7,18H2,1-4H3,(H,19,24)(H,20,25)(H,21,26)	H-Ala-Pro-Ala-Ala-Ala-al	CC(C=O)NC(=O)C(C)NC(=O)C(C)NC(=O)C1CCCN1C(=O)C(C)N	-1.28	145704665	PUBCHEMANNOTATIONBIO:(null);PUBCHEM:(145704665)	16777218.0	366.213	41.0	0.691	7.136869539957619e+17	7.136868135494852e+17	
186	BSDNZCQPDVTDET	isdb	O=C/C=C/c1ccccc1O																																													15.0	Shikimates and Phenylpropanoids	0.6666666666666666	Phenylpropanoids (C6-C3)	0.6666666666666666	Cinnamic acids and derivatives	0.6666666666666666	1.0	0.72714424	ISDB	http://www.wikidata.org/entity/Q76303514	BSDNZCQPDVTDET-HWKANZROSA-N	InChI=1S/C9H8O2/c10-7-3-5-8-4-1-2-6-9(8)11/h1-7,11H/b5-3+	O=C/C=C/c1ccccc1O	C9H8O2		148.052429496	2-Hydroxycinnamaldehyde	Shikimates and Phenylpropanoids	Phenylpropanoids (C6-C3)	Cinnamic acids and derivatives	http://www.wikidata.org/entity/Q204148	Cinnamomum cassia	130606.0	['Eukaryota']	['Archaeplastida']	['Streptophyta']	['Magnoliopsida']	['Laurales']	['Lauraceae']	['Unknown']	['Cinnamomum']	['Cinnamomum aromaticum']											0.0	3.0	4.408576965332031	1.0																								
186	CJBDUOMQLFKVQC	gnps	O=C(O)CCc1ccccc1O	CCMSLIB00010122304	spectra_filtered.mgf	BERKELEY-LAB.mgf	0.76314	31430700.0	0.0	2.4568	6.0	0.000366211	149.06	1.0	temp/spectra_filtered.mgf186	1.0	3-(2-Hydroxyphenyl)propionic acid CollisionEnergy:205060	LC-ESI	Orbitrap	Commercial	Trent Northen	JGI	M+H-H2O	149.06	0.0	1.0			O=C(O)CCc1ccccc1O	"""InChI=1S/C9H10O3/c10-8-4-2-1-3-7(8)5-6-9(11)12/h1-4,10H,5-6H2,(H,11,12)"""		3.0	Positive	BERKELEY-LAB	149.06	UPDATE-SINGLE-ANNOTATED-BRONZE	Bronze		C9H10O3	CJBDUOMQLFKVQC-UHFFFAOYSA-N						Shikimates and Phenylpropanoids	mzspec:GNPS:GNPS-LIBRARY:CCMSLIB00010122304																																																																							
186	FWZBPBKAANKOJQ	sirius	C1=CC(=CC=C1CC(=O)O)CO																																																																																												1.0	1.0	0.121	0.127	-72.877	0.998	0.5	41.37	C9H10O3	[M - H2O + H]+	C9H9O2+	InChI=1S/C9H10O3/c10-6-8-3-1-7(2-4-8)5-9(11)12/h1-4,10H,5-6H2,(H,11,12)	2-[4-(Hydroxymethyl)phenyl]acetate	C1=CC(=CC=C1CC(=O)O)CO	1.024	40426964;156630389;3283498	PUBCHEMANNOTATIONSAFETYANDTOXIC:(null);PUBCHEM:(40426964 156630389 3283498);DSSTox:(DTXSID20391028)	137506062338.0	149.06	42.0	0.692	7.136869438539337e+17	7.136868137424232e+17	
187	DLISPGXMKZTWQG	sirius	CC(C)C(C(=O)O)NC(=O)C(C(C)O)NC(=O)C(CCC(=O)O)N																																																																																												1.0	3.0	0.279	0.279	-85.392	0.086	0.333	132.295	C14H25N3O7	[M + H]+	C14H26N3O7+	InChI=1S/C14H25N3O7/c1-6(2)10(14(23)24)16-13(22)11(7(3)18)17-12(21)8(15)4-5-9(19)20/h6-8,10-11,18H,4-5,15H2,1-3H3,(H,16,22)(H,17,21)(H,19,20)(H,23,24)	H-DL-Glu-DL-xiThr-DL-Val-OH	CC(C)C(C(=O)O)NC(=O)C(C(C)O)NC(=O)C(CCC(=O)O)N	-1.657	145455520;18220449	CHEBI:(163289);PUBCHEM:(145455520 18220449)	34.0	348.176	41.0	0.691	7.136869486438295e+17	7.136868135788453e+17	
187	FXJIAFNALAAWRV	isdb																																														18.0	Polyketides	0.1					1.0	0.45778036	ISDB															['Unknown']	['Unknown']	['Unknown']	['Unknown']	['Unknown']	['Unknown']	['Unknown']	['Unknown']	['Unknown']											0.0	0.0	1.8311214447021484	1.0																								
188	ZZWABYQKBLDNHJ	sirius	[C]=CC1=CC=CC=C1																																																																																												1.0	1.0	0.122	0.122	-20.242	0.927	0.333	46.935	C8H6	[M + H3N + H]+	C8H10N+	InChI=1S/C8H6/c1-2-8-6-4-3-5-7-8/h2-7H	Benzylidenecarbene	[C]=CC1=CC=CC=C1	2.466	100930433	MESH:(100930433);PUBCHEM:(100930433);PUBMED:(null)	70.0	120.081	42.0	0.699	7.136869361867448e+17	7.136868137843662e+17	
189	PPGBXYKMUMHFBF	sirius	CC(C)CC(C(=O)NC(CO)C(=O)NC(C(C)O)C(=O)O)N																																																																																												1.0	2.0	0.724	0.73	-44.284	0.156	0.333	56.463	C13H25N3O6	[M + H]+	C13H26N3O6+	InChI=1S/C13H25N3O6/c1-6(2)4-8(14)11(19)15-9(5-17)12(20)16-10(7(3)18)13(21)22/h6-10,17-18H,4-5,14H2,1-3H3,(H,15,19)(H,16,20)(H,21,22)	2-[[2-[(2-Amino-4-methylpentanoyl)amino]-3-hydroxypropanoyl]amino]-3-hydroxybutanoic acid	CC(C)CC(C(=O)NC(CO)C(=O)NC(C(C)O)C(=O)O)N	-1.75	145456519;18222252	CHEBI:(159512);PUBCHEM:(145456519 18222252)	34.0	320.181	42.0	0.708	7.136869412828248e+17	7.136868139185839e+17	
190	FUBCSJDRLNLCGO	sirius	CCCCN=C(N(CCCC)C(=O)Cl)Cl																																																																																												1.0	1.0	0.132	0.132	-113.281	0.421	0.605	15.312	C10H18Cl2N2O	[M + K]+	C10H18Cl2KN2O+	InChI=1S/C10H18Cl2N2O/c1-3-5-7-13-9(11)14(10(12)15)8-6-4-2/h3-8H2,1-2H3	N-butyl-N-(N-butyl-C-chlorocarbonimidoyl)carbamoyl chloride	CCCCN=C(N(CCCC)C(=O)Cl)Cl	4.2	163564518	PUBCHEM:(163564518)	2.0	291.043	42.0	0.695	7.136869449528415e+17	7.136868137004801e+17	
191	GXUWHVZYDAHFSV	sirius	CCC(C)C(C(=O)NC(C(C)O)C(=O)O)NC(=O)C(C(C)O)N																																																																																												1.0	2.0	0.507	0.507	-136.543	0.199	0.333	83.104	C14H27N3O6	[M - H2O + H]+	C14H26N3O5+	InChI=1S/C14H27N3O6/c1-5-6(2)10(16-12(20)9(15)7(3)18)13(21)17-11(8(4)19)14(22)23/h6-11,18-19H,5,15H2,1-4H3,(H,16,20)(H,17,21)(H,22,23)	2-[[2-[(2-Amino-3-hydroxybutanoyl)amino]-3-methylpentanoyl]amino]-3-hydroxybutanoic acid	CCC(C)C(C(=O)NC(C(C)O)C(=O)O)NC(=O)C(C(C)O)N	-1.298	145458105;18224362	CHEBI:(164000);PUBCHEM:(145458105 18224362)	34.0	316.186	46.0	0.772	7.136869258687556e+17	7.13686815353036e+17	
191	LOOAMPJDSIVZQC	isdb	CCC1=CC(=O)[C@]2(C)C1=CC=C(C)C[C@@H]2OC(=O)[C@@H]1CCCN1																																													1.0	Amino acids and Peptides	0.1219512195121951	Small peptides	0.1097560975609756	Tripeptides	0.073170731707317	1.0	0.60102576	ISDB	http://www.wikidata.org/entity/Q77419757	LOOAMPJDSIVZQC-IEZWGBDMSA-N	InChI=1S/C19H25NO3/c1-4-13-11-16(21)19(3)14(13)8-7-12(2)10-17(19)23-18(22)15-6-5-9-20-15/h7-8,11,15,17,20H,4-6,9-10H2,1-3H3/t15-,17-,19-/m0/s1	CCC1=CC(=O)[C@]2(C)C1=CC=C(C)C[C@@H]2OC(=O)[C@@H]1CCCN1	C19H25NO3		315.18344366	Aculene A	Terpenoids	Sesquiterpenoids	Daucane sesquiterpenoids	http://www.wikidata.org/entity/Q4807886	Aspergillus aculeatus	277140.0	['Eukaryota']	['Fungi']	['Ascomycota']	['Eurotiomycetes']	['Eurotiales']	['Trichocomaceae']	['Unknown']	['Aspergillus']	['Aspergillus aculeatus']											0.0	0.0	2.4041030406951904	1.0																								
192	COLNVLDHVKWLRT	gnps	C1=CC=C(C=C1)CC(C(=O)O)N	CCMSLIB00003135371	spectra_filtered.mgf	GNPS-NIST14-MATCHES.mgf	0.993759	3295160000.0	0.0	19.3855	6.0	0.0032196	166.086	1.0	temp/spectra_filtered.mgf192	1.0	Spectral Match to DL-Phenylalanine from NIST14	ESI	QQQ	Isolated	Data from Pieter Dorrestein	Data deposited by lfnothias	M+H	166.083	165.079	1.0	150301		C1=CC=C(C=C1)CC(C(=O)O)N	InChI=1S/C9H11NO2/c10-8(9(11)12)6-7-4-2-1-3-5-7/h1-5,8H,6,10H2,(H,11,12)		3.0	Positive	GNPS-NIST14-MATCHES	166.083	UPDATE-SINGLE-ANNOTATED-BRONZE	Bronze		C9H11NO2	COLNVLDHVKWLRT-UHFFFAOYSA-N	Organic acids and derivatives	Carboxylic acids and derivatives	Amino acids, peptides, and analogues	Small peptides	Aminoacids	Amino acids and Peptides|Shikimates and Phenylpropanoids	mzspec:GNPS:GNPS-LIBRARY:CCMSLIB00003135371																																																																							
192	WBYWAXJHAXSJNI	sirius	C1=CC=C(C=C1)C=CC(=O)O																																																																																												1.0	1.0	0.225	0.345	-56.925	0.799	0.333	54.529	C9H8O2	[M + H3N + H]+	C9H12NO2+	InChI=1S/C9H8O2/c10-9(11)7-6-8-4-2-1-3-5-8/h1-7H,(H,10,11)	Cinnamate	C1=CC=C(C=C1)C=CC(=O)O	1.816	118797106;101086315;101086316;101086317;101086318;101108447;101188533;101249583;101249582;21677327;21677329;6857483;87138530;16213746;16213747;5372954;135121404;129848421;129849789;129883117;102009729;101636136;5957728;100943778;100943781;165358529;131854032;11008079;11298058;139025096;10773127;123151745;8784;444539;12206115;12206117;3920069	PUBCHEMANNOTATIONBIO:(null);HMDB:(HMDB0000567 HMDB0000930);MiMeDB:(MMDBc0029516 MMDBc0048010);PUBCHEMANNOTATIONSAFETYANDTOXIC:(null);BloodExposome:(23675459 8784 444539 126960137 5957728 5462638);SUPERNATURAL:(SN0406189);MESH:(8784 444539 5372954 5957728);FooDB:(FDB012052 FDB012698 FDB031209);PUBCHEM:(118797106 101086315 101086316 101086317 101086318 101108447 101188533 101249583 101249582 21677327 21677329 6857483 87138530 16213746 16213747 5372954 135121404 129848421 129849789 129883117 102009729 101636136 5957728 100943778 100943781 165358529 131854032 11008079 11298058 139025096 10773127 123151745 8784 444539 12206115 12206117 3920069);COCONUT:(CNP0390407);NORMAN:(NS00001286 NS00080493 NS00086867);METACYC:(CPD-674);PLANTCYC:(CPD-674);CHEBI:(15669 27386 35697 23248 35700 35699);KEGG:(C10438 C00423);DSSTox:(DTXSID001019000 DTXSID10584104 DTXSID40110056 DTXSID5022489 DTXSID50584103 DTXSID5060223 DTXSID60424081 DTXSID8066008 DTXSID901299691);LOTUS:(Q4062664 Q57826855 Q164785);YMDB:(YMDB01324);PUBCHEMANNOTATIONDRUG:(null);PUBCHEMANNOTATIONFOOD:(null);PUBMED:(null);KNAPSACK:(WBYWAXJHAXSJNI-UHFFFAOYSA-N)	139577461118.0	166.086	42.0	0.701	7.1368692970235e+17	7.136868138305036e+17	
193	XGDCYUQSFDQISZ	sirius	CC(C)CC(C(=O)NC(CO)C(=O)O)N																																																																																												1.0	1.0	0.755	0.755	-76.684	0.507	0.318	14.329	C9H18N2O4	[M + Na]+	C9H18N2NaO4+	InChI=1S/C9H18N2O4/c1-5(2)3-6(10)8(13)11-7(4-12)9(14)15/h5-7,12H,3-4,10H2,1-2H3,(H,11,13)(H,14,15)		CC(C)CC(C(=O)NC(CO)C(=O)O)N	-1.0	6992129;6992130;40428368;40489070;40489072;104903194;61157919;61161727;3621685;80751027	PUBCHEMANNOTATIONBIO:(null);COCONUT:(CNP0474086);HMDB:(HMDB0028938);BloodExposome:(3621685);METACYC:(CPD-23028);CHEBI:(73523);SUPERNATURAL:(SN0429288);FooDB:(FDB098212);PUBCHEM:(6992129 6992130 40428368 40489070 40489072 104903194 61157919 61161727 3621685 80751027);DSSTox:(DTXSID10394386);LOTUS:(Q27140605);PUBMED:(null)	138268379242.0	241.116	42.0	0.703	7.136869474903958e+17	7.136868138724466e+17	
194	CSAOCMUOVPYZFQ	sirius	CCC(C)C1C(=O)N(C(C(=O)N(C(C(=O)NCCC(=O)OC(C(=O)N2CCC(C2C(=O)N1)C)CC(C)C(=O)O)C)C)C(C)C)C																																																																																												1.0	2.0	0.062	0.062	-476.412	0.289	0.864	92.247	C31H51N5O9	[M + K]+	C31H51KN5O9+	InChI=1S/C31H51N5O9/c1-10-17(4)23-29(41)35(9)24(16(2)3)30(42)34(8)20(7)26(38)32-13-11-22(37)45-21(15-19(6)31(43)44)28(40)36-14-12-18(5)25(36)27(39)33-23/h16-21,23-25H,10-15H2,1-9H3,(H,32,38)(H,33,39)(H,43,44)		CCC(C)C1C(=O)N(C(C(=O)N(C(C(=O)NCCC(=O)OC(C(=O)N2CCC(C2C(=O)N1)C)CC(C)C(=O)O)C)C)C(C)C)C	2.0	95224141;95224142;95224143;95224144;45782832	COCONUT:(CNP0441676);SUPERNATURAL:(SN0054053);PUBCHEM:(95224141 95224142 95224143 95224144 45782832)	3145730.0	676.333	43.0	0.71	7.136869902513303e+17	7.136868139647213e+17	
195	UXEVFTFWWUXKCP	isdb	COc1ccc(C(=O)OCC=C(C)C(=O)NCCCCNC(=O)C=Cc2ccccc2)cc1																																													-1.0							1.0	0.2252547	ISDB	http://www.wikidata.org/entity/Q105280741	UXEVFTFWWUXKCP-UHFFFAOYSA-N	InChI=1S/C26H30N2O5/c1-20(16-19-33-26(31)22-11-13-23(32-2)14-12-22)25(30)28-18-7-6-17-27-24(29)15-10-21-8-4-3-5-9-21/h3-5,8-16H,6-7,17-19H2,1-2H3,(H,27,29)(H,28,30)	COc1ccc(C(=O)OCC=C(C)C(=O)NCCCCNC(=O)C=Cc2ccccc2)cc1	C26H30N2O5		450.21547206	[3-Methyl-4-oxo-4-[4-(3-phenylprop-2-enoylamino)butylamino]but-2-enyl] 4-methoxybenzoate	Alkaloids	Ornithine alkaloids	Polyamines	http://www.wikidata.org/entity/Q4692765	Aglaia cucullata	978997.0	['Eukaryota']	['Archaeplastida']	['Streptophyta']	['Magnoliopsida']	['Sapindales']	['Meliaceae']	['Unknown']	['Aglaia']	['Aglaia cucullata']											0.0	0.0	0.9010187983512878	1.0																								
195	WKFSKDNTWBRHQR	sirius	CC(=CCOC1=CC=C(C=C1)CCN(C)C(=O)C=CS(=O)(=O)C)CCC=C(C)C=O																																																																																												1.0	4.0	0.009	0.009	-426.667	0.077	0.069	83.561	C23H31NO5S	[M + H3N + H]+	C23H35N2O5S+	InChI=1S/C23H31NO5S/c1-19(6-5-7-20(2)18-25)13-16-29-22-10-8-21(9-11-22)12-15-24(3)23(26)14-17-30(4,27)28/h7-11,13-14,17-18H,5-6,12,15-16H2,1-4H3	N-(2-{4-[(3,7-dimethyl-8-oxoocta-2,6-dien-1-yl)oxy]phenyl}ethyl)-3-methanesulfonyl-N-methylprop-2-enamide	CC(=CCOC1=CC=C(C=C1)CCN(C)C(=O)C=CS(=O)(=O)C)CCC=C(C)C=O	3.1	163035432;101929572	COCONUT:(CNP0314942);SUPERNATURAL:(SN0412542);PUBCHEM:(163035432 101929572);LOTUS:(Q105307298 Q105307299)	271581186.0	451.224	43.0	0.71	7.136869484802516e+17	7.136868140108586e+17	
196	APYLGUGGCARYFQ	sirius	CC(=O)NC1(CCCCC1)C(=O)O																																																																																												1.0	1.0	0.33	0.551	-144.235	0.798	0.333	37.238	C9H15NO3	[M + H3N + H]+	C9H19N2O3+	InChI=1S/C9H15NO3/c1-7(11)10-9(8(12)13)5-3-2-4-6-9/h2-6H2,1H3,(H,10,11)(H,12,13)	1-acetamidocyclohexane-1-carboxylic Acid	CC(=O)NC1(CCCCC1)C(=O)O	0.7	11672793	SUPERNATURAL:(SN0012222);PUBCHEM:(11672793)	1048578.0	203.139	43.0	0.723	7.136869434974177e+17	7.136868142750998e+17	
197	NCZRNQKQWDIBGG	sirius	CS(=O)CCC1C(=O)N2CCCC2C(=O)N1																																																																																												1.0	3.0	0.716	0.716	-151.383	0.095	0.333	28.339	C10H16N2O3S	[M + H]+	C10H17N2O3S+	InChI=1S/C10H16N2O3S/c1-16(15)6-4-7-10(14)12-5-2-3-8(12)9(13)11-7/h7-8H,2-6H2,1H3,(H,11,13)	Cyclo(L-Pro-L-Omet)	CS(=O)CCC1C(=O)N2CCCC2C(=O)N1	-1.1	163049501;163049502;102224092	COCONUT:(CNP0332636);SUPERNATURAL:(SN0242159);PUBCHEM:(163049501 163049502 102224092);LOTUS:(Q77567464)	271581186.0	245.095	43.0	0.714	7.136869412870193e+17	7.13686814056996e+17	
198	CDTJVPQETGXMJI	sirius	C1CC(CCC1C(=O)NC(=CS)N)C(=O)O																																																																																												1.0	1.0	0.086	0.086	-300.754	0.823	0.917	21.002	C10H16N2O3S	[M + Na]+	C10H16N2NaO3S+	InChI=1S/C10H16N2O3S/c11-8(5-16)12-9(13)6-1-3-7(4-2-6)10(14)15/h5-7,16H,1-4,11H2,(H,12,13)(H,14,15)	trans-4-{[(E)-1-amino-2-sulfanylethenyl]carbamoyl}cyclohexanecarboxylic acid	C1CC(CCC1C(=O)NC(=CS)N)C(=O)O	0.6	137348698	PUBCHEMANNOTATIONBIO:(null);PUBCHEM:(137348698)	16777218.0	267.077	43.0	0.714	7.136869465760374e+17	7.13686814098939e+17	
199	DAAUVFZUXIGOCK	sirius	CC(C1C(=O)NC(C(=O)NCCCCC(C(=O)NC(C(=O)N1)CCCN(C=O)O)NC(=O)C(CCCN(C=O)O)NC(=O)C(CO)NC(=O)C(CCCN=C(N)N)NC(=O)C(CO)NC(=O)C2CCNC3=C(C=C4C=C(C(=O)C=C4N23)O)NC(=O)CCC(=O)N)C(C)O)O																																																																																												1.0	2.0	-inf	-inf	-552.884	0.243	0.333	26.77	C55H84N18O21	[M + H]+	C55H85N18O21+	InChI=1S/C55H84N18O21/c1-27(78)43-53(91)60-15-4-3-8-30(46(84)64-33(11-7-19-72(94)26-77)49(87)69-44(28(2)79)54(92)70-43)63-47(85)32(10-6-18-71(93)25-76)66-50(88)35(23-74)67-48(86)31(9-5-16-61-55(57)58)65-51(89)36(24-75)68-52(90)37-14-17-59-45-34(62-42(83)13-12-41(56)82)20-29-21-39(80)40(81)22-38(29)73(37)45/h20-22,25-28,30-33,35-37,43-44,59,74-75,78-80,93-94H,3-19,23-24H2,1-2H3,(H2,56,82)(H,60,91)(H,62,83)(H,63,85)(H,64,84)(H,65,89)(H,66,88)(H,67,86)(H,68,90)(H,69,87)(H,70,92)(H4,57,58,61)		CC(C1C(=O)NC(C(=O)NCCCCC(C(=O)NC(C(=O)N1)CCCN(C=O)O)NC(=O)C(CCCN(C=O)O)NC(=O)C(CO)NC(=O)C(CCCN=C(N)N)NC(=O)C(CO)NC(=O)C2CCNC3=C(C=C4C=C(C(=O)C=C4N23)O)NC(=O)CCC(=O)N)C(C)O)O	-7.9	163125171;133053376	COCONUT:(CNP0438467 CNP0442213);SUPERNATURAL:(SN0017802 SN0060226);PUBCHEM:(163125171 133053376)	3145730.0	1333.612	43.0	0.716	7.136870683660541e+17	7.13686814140882e+17	
200	BQSLGJHIAGOZCD	sirius	CC(C)CC(C(=O)NC(C)C(=O)NC(CO)C(=O)O)N																																																																																												1.0	1.0	0.512	0.512	-158.406	0.574	0.333	37.978	C12H23N3O5	[M - H2O + H]+	C12H22N3O4+	InChI=1S/C12H23N3O5/c1-6(2)4-8(13)11(18)14-7(3)10(17)15-9(5-16)12(19)20/h6-9,16H,4-5,13H2,1-3H3,(H,14,18)(H,15,17)(H,19,20)	2-[2-[(2-Amino-4-methylpentanoyl)amino]propanoylamino]-3-hydroxypropanoic acid	CC(C)CC(C(=O)NC(C)C(=O)NC(CO)C(=O)O)N	-1.261	23650514;18221988	CHEBI:(73525);PUBCHEM:(23650514 18221988)	34.0	272.16	43.0	0.718	7.136869317617535e+17	7.136868141828251e+17	
200	OWRDBHAORITUMQ	isdb	CC(C)[C@H](N)C(=O)NC(C(=O)O)C1CC(O)C2CN21																																													1.0	Amino acids and Peptides	0.1219512195121951	Small peptides	0.1097560975609756	Tripeptides	0.073170731707317	1.0	0.24169996	ISDB	http://www.wikidata.org/entity/Q77511151	OWRDBHAORITUMQ-NUPLKXSGSA-N	InChI=1S/C12H21N3O4/c1-5(2)9(13)11(17)14-10(12(18)19)6-3-8(16)7-4-15(6)7/h5-10,16H,3-4,13H2,1-2H3,(H,14,17)(H,18,19)/t6?,7?,8?,9-,10?,15?/m0/s1	CC(C)[C@H](N)C(=O)NC(C(=O)O)C1CC(O)C2CN21	C12H21N3O4		271.153206152	Vazabitide A	Amino acids and Peptides	Small peptides	Dipeptides	http://www.wikidata.org/entity/Q1144013	Streptomyces	772892.0	['Bacteria']	['Unknown']	['Actinobacteria']	['Unknown']	['Streptomycetales']	['Streptomycetaceae']	['Unknown']	['Streptomyces']	['Unknown']											0.0	2.0	1.9667998552322388	1.0																								
201	GCVNQDGAJHEDJP	sirius	CCOC(=O)NC1CC(OC1=O)(C)C																																																																																												1.0	1.0	0.127	0.127	-185.818	0.8	0.333	86.703	C9H15NO4	[M + H3N + H]+	C9H19N2O4+	InChI=1S/C9H15NO4/c1-4-13-8(12)10-6-5-9(2,3)14-7(6)11/h6H,4-5H2,1-3H3,(H,10,12)	(S)-3-(Ethoxycarbonylamino)-5,5-dimethyl-4,5-dihydrofuran-2(3H)-one	CCOC(=O)NC1CC(OC1=O)(C)C	1.0	11148348;53715	PUBCHEMANNOTATIONSAFETYANDTOXIC:(null);PUBCHEM:(11148348 53715);DSSTox:(DTXSID80998890)	137506062338.0	219.134	45.0	0.742	7.136869240693989e+17	7.136868147532506e+17	
201	NFDYGNFETJVMSE	gnps|isdb	CC(C)C[C@H](NC(=O)[C@@H](N)CO)C(=O)O	CCMSLIB00003139078	spectra_filtered.mgf	GNPS-NIST14-MATCHES.mgf	0.962365	526428000.0	0.0	1.11412	6.0	0.000244141	219.134	1.0	temp/spectra_filtered.mgf201	1.0	Spectral Match to Ser-Leu from NIST14	ESI	qTof	Isolated	Data from Chris Turck	Data deposited by fevargas	M+H	219.134	218.127	1.0	6665163		CC(C)C[C@@H](C(=O)O)NC(=O)[C@H](CO)N	InChI=1S/C9H18N2O4/c1-5(2)3-7(9(14)15)11-8(13)6(10)4-12/h5-7,12H,3-4,10H2,1-2H3,(H,11,13)(H,14,15)/t6-,7-/m0/s1		3.0	Positive	GNPS-NIST14-MATCHES	219.134	UPDATE-SINGLE-ANNOTATED-BRONZE	Bronze		C9H18N2O4	NFDYGNFETJVMSE-BQBZGAKWSA-N	Organic acids and derivatives	Carboxylic acids and derivatives	Amino acids, peptides, and analogues	Small peptides	Dipeptides	Amino acids and Peptides	mzspec:GNPS:GNPS-LIBRARY:CCMSLIB00003139078	7.0	Amino acids and Peptides	0.4761904761904761	Small peptides	0.4642857142857143	Dipeptides	0.4285714285714285	1.0	0.8534807	ISDB	http://www.wikidata.org/entity/Q27144925	NFDYGNFETJVMSE-BQBZGAKWSA-N	InChI=1S/C9H18N2O4/c1-5(2)3-7(9(14)15)11-8(13)6(10)4-12/h5-7,12H,3-4,10H2,1-2H3,(H,11,13)(H,14,15)/t6-,7-/m0/s1	CC(C)C[C@H](NC(=O)[C@@H](N)CO)C(=O)O	C9H18N2O4		218.126657056	Ser-Leu	Amino acids and Peptides	Small peptides	Dipeptides	http://www.wikidata.org/entity/Q4688339	Aeromonas veronii	704628.0	['Bacteria']	['Unknown']	['Proteobacteria']	['Gammaproteobacteria']	['Aeromonadales']	['Aeromonadaceae']	['Unknown']	['Aeromonas']	['Aeromonas veronii']											0.0	3.0	4.913922786712647	1.0																								
202	KWTSJEOQYCBHON	sirius	CC(C(=O)NC(CC1=CC=CC=C1)C(=O)NC(CO)C(=O)O)NC(=O)CNC(=O)C(CC2=CC=CC=C2)NC(=O)C(CC(=O)N)N																																																																																												1.0	1.0	0.033	0.033	-606.908	0.934	0.333	75.111	C30H39N7O9	[M + H3N + H]+	C30H43N8O9+	InChI=1S/C30H39N7O9/c1-17(26(41)35-22(13-19-10-6-3-7-11-19)29(44)37-23(16-38)30(45)46)34-25(40)15-33-28(43)21(12-18-8-4-2-5-9-18)36-27(42)20(31)14-24(32)39/h2-11,17,20-23,38H,12-16,31H2,1H3,(H2,32,39)(H,33,43)(H,34,40)(H,35,41)(H,36,42)(H,37,44)(H,45,46)	H-Asn-Phe-Gly-Ala-Phe-Ser-OH	CC(C(=O)NC(CC1=CC=CC=C1)C(=O)NC(CO)C(=O)O)NC(=O)CNC(=O)C(CC2=CC=CC=C2)NC(=O)C(CC(=O)N)N	-1.728	133053534	PUBCHEMANNOTATIONBIO;PUBCHEM:(133053534)	16777218.0	659.312	43.0	0.723	7.136869483376452e+17	7.136868143631803e+17	
203	QTMYWFVUWFOVNT	sirius	CC(C(C(=O)NC(CCCN=C(N)N)C(=O)N1CCCC1C(=O)NC(C)C(=O)N2CCCC2C=O)NC(=O)C(CC(=O)O)N)O																																																																																												1.0	4.0	0.045	0.082	-385.582	0.018	0.014	67.407	C27H45N9O9	[M + K]+	C27H45KN9O9+	InChI=1S/C27H45N9O9/c1-14(25(44)35-10-4-6-16(35)13-37)32-23(42)19-8-5-11-36(19)26(45)18(7-3-9-31-27(29)30)33-24(43)21(15(2)38)34-22(41)17(28)12-20(39)40/h13-19,21,38H,3-12,28H2,1-2H3,(H,32,42)(H,33,43)(H,34,41)(H,39,40)(H4,29,30,31)	H-Asp-Thr-Arg-Pro-Ala-Pro-al	CC(C(C(=O)NC(CCCN=C(N)N)C(=O)N1CCCC1C(=O)NC(C)C(=O)N2CCCC2C=O)NC(=O)C(CC(=O)O)N)O	-6.4	123132908;123132909	PUBCHEMANNOTATIONBIO:(null);PUBCHEM:(123132908 123132909)	16777218.0	678.299	43.0	0.723	7.136871813815756e+17	7.136868144051233e+17	
204	FWULQXYJOANGSS	gnps	O=C(O)C(NC(CCC)=O)CCO	CCMSLIB00010013036	spectra_filtered.mgf	GNPS-LIBRARY.mgf	0.973561	33954100.0	0.0	1.20396	9.0	0.000228882	190.107	1.0	temp/spectra_filtered.mgf204	1.0	butyrylhomoserine	LC-ESI	Orbitrap	Lysate	ALICE RODRIGUES	ALICE RODRIGUES	M+H	190.107	189.1	1.0	 	 	O=C(O)C(NC(CCC)=O)CCO	InChI=1S/C8H15NO4/c1-2-3-7(11)9-6(4-5-10)8(12)13/h6,10H,2-5H2,1H3,(H,9,11)(H,12,13)	 	3.0	Positive	GNPS-LIBRARY	190.107	UPDATE-SINGLE-ANNOTATED-BRONZE	Bronze		C8H15NO4	FWULQXYJOANGSS-UHFFFAOYSA-N	Organic acids and derivatives	Carboxylic acids and derivatives	Amino acids, peptides, and analogues	Small peptides	Dipeptides	Amino acids and Peptides	mzspec:GNPS:GNPS-LIBRARY:CCMSLIB00010013036																																																																							
204	MZNNPGRTALKBID	sirius	CC=CC(CC(=O)O)CC(=O)O																																																																																												1.0	1.0	0.178	0.206	-73.4	0.551	0.333	48.47	C8H12O4	[M + H3N + H]+	C8H16NO4+	InChI=1S/C8H12O4/c1-2-3-6(4-7(9)10)5-8(11)12/h2-3,6H,4-5H2,1H3,(H,9,10)(H,11,12)	3-(prop-1-en-1-yl)pentanedioic acid	CC=CC(CC(=O)O)CC(=O)O	0.4	77987045;71480945;71480946	COCONUT:(CNP0125738);CHEBI:(181520);SUPERNATURAL:(SN0239535);PUBCHEM:(77987045 71480945 71480946)	3145762.0	190.107	43.0	0.724	7.136869448186237e+17	7.13686814317043e+17	
204	ODHCTXKNWHHXJC	isdb	O=C1CCC(C(=O)O)N1																																													69.0	Alkaloids	0.5	Small peptides	0.5	Piperidine alkaloids	0.5	1.0	0.0	MS1_match	http://www.wikidata.org/entity/Q27887010	ODHCTXKNWHHXJC-UHFFFAOYSA-N	InChI=1S/C5H7NO3/c7-4-2-1-3(6-4)5(8)9/h3H,1-2H2,(H,6,7)(H,8,9)	O=C1CCC(C(=O)O)N1	C5H7NO3	pos_1_1proton1isopropanol	129.042593084	DL-Pyroglutamic acid	Amino acids and Peptides	Small peptides	Aminoacids	http://www.wikidata.org/entity/Q2738168	Pseudomonas putida	619502.0	['Bacteria']	['Unknown']	['Proteobacteria']	['Gammaproteobacteria']	['Pseudomonadales']	['Pseudomonadaceae']	['Unknown']	['Pseudomonas']	['Pseudomonas putida']		['Bacteria']		['Proteobacteria']	['Gammaproteobacteria']	['Pseudomonadales']	['Pseudomonadaceae']		['Pseudomonas']		6.0	2.0	7.0	1.0																								
204	PNOKUGWGMLEAPE	isdb	C[C@H]1C=C[C@H]([C@H](N)C(=O)O)O1																																													69.0	Alkaloids	0.5	Small peptides	0.5	Piperidine alkaloids	0.5	1.0	0.0	MS1_match	http://www.wikidata.org/entity/Q5509478	PNOKUGWGMLEAPE-JKUQZMGJSA-N	InChI=1S/C7H11NO3/c1-4-2-3-5(11-4)6(8)7(9)10/h2-6H,8H2,1H3,(H,9,10)/t4-,5+,6-/m0/s1	C[C@H]1C=C[C@H]([C@H](N)C(=O)O)O1	C7H11NO3	pos_1_1proton1methanol	157.073893212	Furanomycin	Amino acids and Peptides	Small peptides	Aminoacids	http://www.wikidata.org/entity/Q135292	Pseudomonas fluorescens	22658.0	['Bacteria']	['Unknown']	['Proteobacteria']	['Gammaproteobacteria']	['Pseudomonadales']	['Pseudomonadaceae']	['Unknown']	['Pseudomonas']	['Pseudomonas fluorescens']		['Bacteria']		['Proteobacteria']	['Gammaproteobacteria']	['Pseudomonadales']	['Pseudomonadaceae']		['Pseudomonas']		6.0	2.0	7.0	1.0																								
205	HHNRZTHSVKSURP	isdb	C[C@@H](O)[C@H](NC(=O)[C@H](CCCN(O)C=O)NC(=O)[C@@H](CO)NC(=O)[C@H](CCCNC(=N)N)NC(=O)[C@@H](CO)NC(=O)[C@@H]1CCNc2c(NC(=O)CCC(N)=O)cc3cc(O)c(=O)cc-3n21)C(=O)N[C@H](C(=O)N[C@@H](CCCCNC=O)C(=O)N[C@@H]1CCCN(O)C1=O)[C@@H](C)O																																													122.0	Amino acids and Peptides	0.5	Oligopeptides	0.5	Linear peptides	0.5	1.0	0.0	MS1_match	http://www.wikidata.org/entity/Q104394560	HHNRZTHSVKSURP-KJBDUEPGSA-N	InChI=1S/C55H84N18O21/c1-27(78)43(52(90)65-30(8-3-4-15-59-25-76)46(84)66-33-11-7-19-72(94)54(33)92)70-53(91)44(28(2)79)69-48(86)32(10-6-18-71(93)26-77)64-49(87)35(23-74)67-47(85)31(9-5-16-61-55(57)58)63-50(88)36(24-75)68-51(89)37-14-17-60-45-34(62-42(83)13-12-41(56)82)20-29-21-39(80)40(81)22-38(29)73(37)45/h20-22,25-28,30-33,35-37,43-44,60,74-75,78-80,93-94H,3-19,23-24H2,1-2H3,(H2,56,82)(H,59,76)(H,62,83)(H,63,88)(H,64,87)(H,65,90)(H,66,84)(H,67,85)(H,68,89)(H,69,86)(H,70,91)(H4,57,58,61)/t27-,28-,30+,31+,32+,33-,35-,36-,37+,43+,44+/m1/s1	C[C@@H](O)[C@H](NC(=O)[C@H](CCCN(O)C=O)NC(=O)[C@@H](CO)NC(=O)[C@H](CCCNC(=N)N)NC(=O)[C@@H](CO)NC(=O)[C@@H]1CCNc2c(NC(=O)CCC(N)=O)cc3cc(O)c(=O)cc-3n21)C(=O)N[C@H](C(=O)N[C@@H](CCCCNC=O)C(=O)N[C@@H]1CCCN(O)C1=O)[C@@H](C)O	C55H84N18O21	pos_2_2proton	1332.605841708	Pyoverdine Pa	Amino acids and Peptides	Oligopeptides	Linear peptides	http://www.wikidata.org/entity/Q31856	Pseudomonas aeruginosa	216671.0	['Bacteria']	['Unknown']	['Proteobacteria']	['Gammaproteobacteria']	['Pseudomonadales']	['Pseudomonadaceae']	['Unknown']	['Pseudomonas']	['Pseudomonas aeruginosa']		['Bacteria']		['Proteobacteria']	['Gammaproteobacteria']	['Pseudomonadales']	['Pseudomonadaceae']		['Pseudomonas']	['Pseudomonas aeruginosa']	7.0	3.0	8.5	1.0																								
205	PWMRCEROHAZZFD	sirius	C1CC(=CC=C1)COC(=O)NCC(=O)NCC(=O)NC(CC2=CC=CC=C2)C(=O)NCC(=O)NCOCC(=O)OCC3=CC=CC=C3																																																																																												1.0	1.0	0.031	0.031	-347.294	0.993	0.284	90.278	C33H39N5O9	[M + H3N + H]+	C33H43N6O9+	InChI=1S/C33H39N5O9/c39-28(18-36-33(44)47-21-26-14-8-3-9-15-26)34-19-30(41)38-27(16-24-10-4-1-5-11-24)32(43)35-17-29(40)37-23-45-22-31(42)46-20-25-12-6-2-7-13-25/h1-8,10-14,27H,9,15-23H2,(H,34,39)(H,35,43)(H,36,44)(H,37,40)(H,38,41)	Benzyl 2-[[[2-[[2-[[2-[[2-(cyclohexa-1,3-dien-1-ylmethoxycarbonylamino)acetyl]amino]acetyl]amino]-3-phenylpropanoyl]amino]acetyl]amino]methoxy]acetate	C1CC(=CC=C1)COC(=O)NCC(=O)NCC(=O)NC(CC2=CC=CC=C2)C(=O)NCC(=O)NCOCC(=O)OCC3=CC=CC=C3	2.0	137412855	PUBCHEM:(137412855)	2.0	667.31	43.0	0.722	7.136869749127589e+17	7.136868142289624e+17	
205	QTSUWBVHPRTSMB	isdb	C[C@H](O)[C@H](NC(=O)[C@H](CCCN(O)C=O)NC(=O)[C@@H](CO)NC(=O)[C@H](CCCNC(=N)N)NC(=O)[C@@H](COC=O)NC(=O)[C@@H]1CC=N[C@@H]2C(NC(=O)CCC(N)=O)=Cc3cc(O)c(O)cc3N21)C(=O)N[C@H](C(=O)N[C@@H](CCCCN)C(=O)N[C@H]1CCCN(O)C1=O)[C@H](C)O																																													122.0	Amino acids and Peptides	0.5	Oligopeptides	0.5	Linear peptides	0.5	1.0	0.0	MS1_match	http://www.wikidata.org/entity/Q105227907	QTSUWBVHPRTSMB-FQZZUHABSA-N	InChI=1S/C55H84N18O21/c1-27(77)43(52(89)65-30(8-3-4-15-56)46(83)66-33-11-7-19-72(93)54(33)91)70-53(90)44(28(2)78)69-48(85)32(10-6-18-71(92)25-75)63-49(86)35(23-74)67-47(84)31(9-5-16-61-55(58)59)64-50(87)36(24-94-26-76)68-51(88)37-14-17-60-45-34(62-42(82)13-12-41(57)81)20-29-21-39(79)40(80)22-38(29)73(37)45/h17,20-22,25-28,30-33,35-37,43-45,74,77-80,92-93H,3-16,18-19,23-24,56H2,1-2H3,(H2,57,81)(H,62,82)(H,63,86)(H,64,87)(H,65,89)(H,66,83)(H,67,84)(H,68,88)(H,69,85)(H,70,90)(H4,58,59,61)/t27-,28-,30-,31-,32-,33-,35+,36+,37-,43-,44-,45-/m0/s1	C[C@H](O)[C@H](NC(=O)[C@H](CCCN(O)C=O)NC(=O)[C@@H](CO)NC(=O)[C@H](CCCNC(=N)N)NC(=O)[C@@H](COC=O)NC(=O)[C@@H]1CC=N[C@@H]2C(NC(=O)CCC(N)=O)=Cc3cc(O)c(O)cc3N21)C(=O)N[C@H](C(=O)N[C@@H](CCCCN)C(=O)N[C@H]1CCCN(O)C1=O)[C@H](C)O	C55H84N18O21	pos_2_2proton	1332.605841708	[(2R)-2-[[(1S,4aR)-5-[(4-amino-4-oxobutanoyl)amino]-8,9-dihydroxy-2,4a-dihydro-1H-pyrimido[1,2-a]quinoline-1-carbonyl]amino]-3-[[(2S)-1-[[(2R)-1-[[(2S)-1-[[(2S,3S)-1-[[(2S,3S)-1-[[(2S)-6-amino-1-[[(3S)-1-hydroxy-2-oxopiperidin-3-yl]amino]-1-oxohexan-2-yl]amino]-3-hydroxy-1-oxobutan-2-yl]amino]-3-hydroxy-1-oxobutan-2-yl]amino]-5-[formyl(hydroxy)amino]-1-oxopentan-2-yl]amino]-3-hydroxy-1-oxopropan-2-yl]amino]-5-(diaminomethylideneamino)-1-oxopentan-2-yl]amino]-3-oxopropyl] formate	Amino acids and Peptides	Oligopeptides	Linear peptides	http://www.wikidata.org/entity/Q31856	Pseudomonas aeruginosa	216671.0	['Bacteria']	['Unknown']	['Proteobacteria']	['Gammaproteobacteria']	['Pseudomonadales']	['Pseudomonadaceae']	['Unknown']	['Pseudomonas']	['Pseudomonas aeruginosa']		['Bacteria']		['Proteobacteria']	['Gammaproteobacteria']	['Pseudomonadales']	['Pseudomonadaceae']		['Pseudomonas']	['Pseudomonas aeruginosa']	7.0	3.0	8.5	1.0																								
206	JXWLMUIXUXLIJR	sirius	C1=CC=C(C=C1)CC(C(=O)NC(CCC(=O)O)C(=O)O)N																																																																																												1.0	3.0	0.967	0.967	-99.673	0.012	0.333	32.705	C14H18N2O5	[M + H]+	C14H19N2O5+	InChI=1S/C14H18N2O5/c15-10(8-9-4-2-1-3-5-9)13(19)16-11(14(20)21)6-7-12(17)18/h1-5,10-11H,6-8,15H2,(H,16,19)(H,17,18)(H,20,21)		C1=CC=C(C=C1)CC(C(=O)NC(CCC(=O)O)C(=O)O)N	0.03	4422358;53980407;7009626;21123003;10193047;78984591;61160123;45049855;151134	COCONUT:(CNP0452494);HMDB:(HMDB0028994);BloodExposome:(151134);CHEBI:(177253 74712);SUPERNATURAL:(SN0178264);MESH:(151134);FooDB:(FDB112014);PUBCHEM:(4422358 53980407 7009626 21123003 10193047 78984591 61160123 45049855 151134);DSSTox:(DTXSID70189735);LOTUS:(Q27144851);GNPS:(CCMSLIB00003135218);PUBMED:(null)	138251604078.0	295.129	44.0	0.732	7.13686926451764e+17	7.136868144932037e+17	
207	KRIMGIWOIXHVDE	sirius	CCCCC(C(O)(O)O)N																																																																																												1.0	1.0	0.063	0.063	-315.447	1.0	0.333	24.134	C6H15NO3	[M - H2O + H]+	C6H14NO2+	InChI=1S/C6H15NO3/c1-2-3-4-5(7)6(8,9)10/h5,8-10H,2-4,7H2,1H3	2-Aminohexane-1,1,1-triol	CCCCC(C(O)(O)O)N	-0.8	90384333	PUBCHEM:(90384333)	2.0	132.102	39.0	0.642	7.136869306586514e+17	7.136868131929693e+17	
208	ATKINTXKKGBJRD	gnps	O=C(Cn1ccc2c1cc(F)cc2)N[C@@H](Cc1ccccc1)C(=O)O	CCMSLIB00012358326	spectra_filtered.mgf	MSNLIB-NEGATIVE.mgf	0.671432	26266100.0	0.0	150.556	6.0	0.0510559	339.166	1.0	temp/spectra_filtered.mgf208	1.0	N-[(6-fluoro-1H-indol-1-yl)acetyl]-L-phenylalanine	ESI	Orbitrap	Crude	Tomas Pluskal	Corinna Brungs	[M-H]-	339.115	340.122	1.0			O=C(Cn1ccc2c1cc(F)cc2)N[C@@H](Cc1ccccc1)C(=O)O	InChI=1S/C19H17FN2O3/c20-15-7-6-14-8-9-22(17(14)11-15)12-18(23)21-16(19(24)25)10-13-4-2-1-3-5-13/h1-9,11,16H,10,12H2,(H,21,23)(H,24,25)/t16-/m0/s1	ATKINTXKKGBJRD-INIZCTEOSA-N	1.0	Negative	MSNLIB-NEGATIVE	339.115	UPDATE-SINGLE-ANNOTATED-GOLD	Gold		C19H17FN2O3	ATKINTXKKGBJRD-INIZCTEOSA-N	Organic acids and derivatives	Carboxylic acids and derivatives	Amino acids, peptides, and analogues				mzspec:GNPS:GNPS-LIBRARY:CCMSLIB00012358326																																																																							
208	KBJSTOIABWFPKX	sirius	CC(C)CC(C(=O)O)NC(=O)CN1C(=O)COC2=C1N=CC=C2																																																																																												1.0	1.0	0.09	0.09	-179.796	1.0	0.333	111.912	C15H19N3O5	[M + H3N + H]+	C15H23N4O5+	InChI=1S/C15H19N3O5/c1-9(2)6-10(15(21)22)17-12(19)7-18-13(20)8-23-11-4-3-5-16-14(11)18/h3-5,9-10H,6-8H2,1-2H3,(H,17,19)(H,21,22)	4-Methyl-2-[[2-(3-oxopyrido[3,2-b][1,4]oxazin-4-yl)acetyl]amino]pentanoic acid	CC(C)CC(C(=O)O)NC(=O)CN1C(=O)COC2=C1N=CC=C2	1.0	112455066	PUBCHEM:(112455066)	2.0	339.166	44.0	0.731	7.13686934949425e+17	7.136868144512607e+17	
209	YUMVRKRALFOVHG	sirius	CC(C(=O)NC(CC(=O)N)C(=O)NC(C)C(=O)N1CCCC1C(=O)NC(CO)C(=O)O)NC(=O)C(CC(=O)N)NC(=O)C2CCCN2																																																																																												1.0	1.0	0.019	0.019	-379.567	0.607	0.333	85.189	C27H43N9O11	[M - H2O + H]+	C27H42N9O10+	InChI=1S/C27H43N9O11/c1-12(31-23(42)16(10-20(29)39)34-22(41)14-5-3-7-30-14)21(40)33-15(9-19(28)38)24(43)32-13(2)26(45)36-8-4-6-18(36)25(44)35-17(11-37)27(46)47/h12-18,30,37H,3-11H2,1-2H3,(H2,28,38)(H2,29,39)(H,31,42)(H,32,43)(H,33,40)(H,34,41)(H,35,44)(H,46,47)	H-Pro-Asn-Ala-Asn-Ala-Pro-Ser-OH	CC(C(=O)NC(CC(=O)N)C(=O)NC(C)C(=O)N1CCCC1C(=O)NC(CO)C(=O)O)NC(=O)C(CC(=O)N)NC(=O)C2CCCN2	-7.7	45274980	PUBCHEM:(45274980)	2.0	652.304	44.0	0.735	7.136869769889398e+17	7.136868146190328e+17	
210	WQKIVDUWFNRJHE	sirius	CC(C(=O)O)OC1C(C(OC(C1OC2C(C(C(C(O2)CO)O)O)NC(=O)C)CO)O)NC(=O)C																																																																																												1.0	3.0	0.07	0.722	-110.457	0.098	0.076	34.021	C19H32N2O13	[M - H2O + H]+	C19H31N2O12+	InChI=1S/C19H32N2O13/c1-6(17(28)29)31-16-12(21-8(3)25)18(30)32-10(5-23)15(16)34-19-11(20-7(2)24)14(27)13(26)9(4-22)33-19/h6,9-16,18-19,22-23,26-27,30H,4-5H2,1-3H3,(H,20,24)(H,21,25)(H,28,29)	2-[(3-acetamido-5-{[3-acetamido-4,5-dihydroxy-6-(hydroxymethyl)oxan-2-yl]oxy}-2-hydroxy-6-(hydroxymethyl)oxan-4-yl)oxy]propanoic acid	CC(C(=O)O)OC1C(C(OC(C1OC2C(C(C(C(O2)CO)O)O)NC(=O)C)CO)O)NC(=O)C	-4.2	154586206;154586207;124526030;124526031;124526032;124526033;124581652;124581653;124226285;124226286;101658214;96358139;96358141;91850781;72210857;54444312;54444313;13787036;139025890;10973084;133688892;71215580;71311901;71312903	PUBCHEMANNOTATIONBIO:(null);COCONUT:(CNP0177314);METACYC:(CPD-23334 SMA-0000376);SUPERNATURAL:(SN0417215);PUBCHEM:(154586206 154586207 124526030 124526031 124526032 124526033 124581652 124581653 124226285 124226286 101658214 96358139 96358141 91850781 72210857 54444312 54444313 13787036 139025890 10973084 133688892 71215580 71311901 71312903);DSSTox:(DTXSID30746686);LOTUS:(Q105310759)	137727313922.0	479.187	44.0	0.733	7.136869417693642e+17	7.136868145351468e+17	
211	MWWQKONGFKUAEK	sirius	CC(C(=O)O)OC1C(C2OCC(C1OC3C(C(C(C(O3)CO)O)O)NC(=O)C)O2)NC(=O)C																																																																																												1.0	1.0	0.596	0.596	-140.022	0.975	0.975	50.556	C19H30N2O12	[M + Na]+	C19H30N2NaO12+	InChI=1S/C19H30N2O12/c1-6(17(27)28)30-16-12(21-8(3)24)18-29-5-10(32-18)15(16)33-19-11(20-7(2)23)14(26)13(25)9(4-22)31-19/h6,9-16,18-19,22,25-26H,4-5H2,1-3H3,(H,20,23)(H,21,24)(H,27,28)	(2R)-2-[[(1R,2S,3R,4R)-4-acetamido-2-[(2S,3R,4R,5S,6R)-3-acetamido-4,5-dihydroxy-6-(hydroxymethyl)oxan-2-yl]oxy-6,8-dioxabicyclo[3.2.1]octan-3-yl]oxy]propanoic acid	CC(C(=O)O)OC1C(C2OCC(C1OC3C(C(C(C(O3)CO)O)O)NC(=O)C)O2)NC(=O)C	-3.2	129320401;90658410;73729048	PUBCHEMANNOTATIONBIO:(null);MiMeDB:(MMDBc0031622);METACYC:(CPD0-1081 CPD0-2693);PUBCHEM:(129320401 90658410 73729048);PUBCHEMANNOTATIONDRUG:(null)	1124075522.0	501.169	44.0	0.734	7.136869686506624e+17	7.136868145770898e+17	
212	FCVBOVVXXBUFFZ	sirius	C1CC(NC1)C(=O)CCC(=O)N2CCCC2C(=O)O																																																																																												1.0	1.0	0.682	0.682	-233.651	0.8	0.333	37.354	C13H20N2O4	[M + H3N + H]+	C13H24N3O4+	InChI=1S/C13H20N2O4/c16-11(9-3-1-7-14-9)5-6-12(17)15-8-2-4-10(15)13(18)19/h9-10,14H,1-8H2,(H,18,19)	1-{4-Oxo-4-[(2s)-Pyrrolidin-2-Yl]butanoyl}-L-Proline	C1CC(NC1)C(=O)CCC(=O)N2CCCC2C(=O)O	-2.7	73167569	PUBCHEMANNOTATIONBIO:(null);SUPERNATURAL:(SN0082254);PUBCHEM:(73167569)	17825794.0	286.176	44.0	0.736	7.136869365977868e+17	7.136868146651702e+17	
217	HUNKOLLSBWNBAS	isdb	CC[C@H](C)[C@@H]1NC(=O)[C@H](CCC(=O)O)NC1=O																																													7.0	Amino acids and Peptides	0.4761904761904761	Small peptides	0.4642857142857143	Dipeptides	0.4285714285714285	3.0	0.48227188	ISDB	http://www.wikidata.org/entity/Q105033926	HUNKOLLSBWNBAS-ZKWXMUAHSA-N	InChI=1S/C11H18N2O4/c1-3-6(2)9-11(17)12-7(10(16)13-9)4-5-8(14)15/h6-7,9H,3-5H2,1-2H3,(H,12,17)(H,13,16)(H,14,15)/t6-,7-,9-/m0/s1	CC[C@H](C)[C@@H]1NC(=O)[C@H](CCC(=O)O)NC1=O	C11H18N2O4		242.126657056	3-[(2S,5S)-5-[(2S)-butan-2-yl]-3,6-dioxopiperazin-2-yl]propanoic acid	Amino acids and Peptides	Small peptides	Dipeptides	http://www.wikidata.org/entity/Q104838133	Streptomyces nigra	5883224.0	['Bacteria']	['Unknown']	['Actinobacteria']	['Unknown']	['Streptomycetales']	['Streptomycetaceae']	['Unknown']	['Streptomyces']	['Streptomyces nigra']											0.0	3.0	3.429087519645691	1.0																								
217	MKCVLTRITQNGQI	gnps	O=C(N[C@H](C(O)=O)[C@@H](C)CC)[C@H]1NC(CC1)=O	CCMSLIB00003137597	spectra_filtered.mgf	GNPS-NIST14-MATCHES.mgf	0.710848	31540400.0	0.0	1.19242	6.0	0.000289917	243.134	1.0	temp/spectra_filtered.mgf217	1.0	Spectral Match to PyroGlu-Ile from NIST14	LC-ESI	qTof	Isolated	Data from Dr. Katherine R. Duncan	Data deposited by kduncan	M+H	243.134	0.0	1.0			O=C(N[C@H](C(O)=O)[C@@H](C)CC)[C@H]1NC(CC1)=O	InChI=1S/C11H18N2O4/c1-3-6(2)9(11(16)17)13-10(15)7-4-5-8(14)12-7/h6-7,9H,3-5H2,1-2H3,(H,12,14)(H,13,15)(H,16,17)/t6-,7-,9-/m0/s1		3.0	Positive	GNPS-NIST14-MATCHES	243.134	UPDATE-SINGLE-ANNOTATED-BRONZE	Bronze		C11H18N2O4	MKCVLTRITQNGQI-ZKWXMUAHSA-N	Organic acids and derivatives	Carboxylic acids and derivatives	Amino acids, peptides, and analogues	Small peptides	Dipeptides	Amino acids and Peptides	mzspec:GNPS:GNPS-LIBRARY:CCMSLIB00003137597																																																																							
217	YBAFDPFAUTYYRW	sirius	CC(C)CC(C(=O)O)NC(=O)C(CCC(=O)O)N																																																																																												1.0	2.0	0.937	0.937	-39.172	0.2	0.333	86.144	C11H20N2O5	[M - H2O + H]+	C11H19N2O4+	InChI=1S/C11H20N2O5/c1-6(2)5-8(11(17)18)13-10(16)7(12)3-4-9(14)15/h6-8H,3-5,12H2,1-2H3,(H,13,16)(H,14,15)(H,17,18)	2-(2-amino-4-carboxybutanamido)-4-methylpentanoic acid	CC(C)CC(C(=O)O)NC(=O)C(CCC(=O)O)N	-0.457	64887981;64888761;9856500;124433150;91974018;79001418;122173491	PUBCHEMANNOTATIONBIO:(null);COCONUT:(CNP0128313);HMDB:(HMDB0028823);CHEBI:(73506);SUPERNATURAL:(SN0445471);FooDB:(FDB111867);PUBCHEM:(64887981 64888761 9856500 124433150 91974018 79001418 122173491);DSSTox:(DTXSID201315070);LOTUS:(Q27140586);PUBMED:(null)	138264182890.0	243.134	45.0	0.747	7.13686934454497e+17	7.136868148035822e+17	
218	YSKIARUJMSRAPS	sirius	CC=CCOC(=O)NC(C(C)C)C(=O)NC(C)C(=O)O																																																																																												1.0	1.0	0.158	0.158	-163.181	0.809	0.333	71.063	C13H22N2O5	[M + H3N + H]+	C13H26N3O5+	InChI=1S/C13H22N2O5/c1-5-6-7-20-13(19)15-10(8(2)3)11(16)14-9(4)12(17)18/h5-6,8-10H,7H2,1-4H3,(H,14,16)(H,15,19)(H,17,18)	(2S)-2-[[(2S)-2-[[(E)-but-2-enoxy]carbonylamino]-3-methylbutanoyl]amino]propanoic acid	CC=CCOC(=O)NC(C(C)C)C(=O)NC(C)C(=O)O	1.141	134386825	PUBCHEM:(134386825)	2.0	304.187	45.0	0.755	7.13686931245854e+17	7.136868150594348e+17	
218	ZJZNLRVCZWUONM	isdb																																														18.0	Polyketides	0.1					1.0	0.28451157	ISDB															['Unknown']	['Unknown']	['Unknown']	['Unknown']	['Unknown']	['Unknown']	['Unknown']	['Unknown']	['Unknown']											0.0	0.0	1.1380462646484375	1.0																								
219	QHTGXNIPGRXCNE	sirius	CC(C)CN(CC(=O)NO)S(=O)(=O)C1=CCC(C=C1)OC																																																																																												1.0	1.0	0.016	0.016	-374.038	0.999	0.333	118.26	C13H22N2O5S	[M + H3N + H]+	C13H26N3O5S+	InChI=1S/C13H22N2O5S/c1-10(2)8-15(9-13(16)14-17)21(18,19)12-6-4-11(20-3)5-7-12/h4,6-7,10-11,17H,5,8-9H2,1-3H3,(H,14,16)	N-hydroxy-2-[[(4S)-4-methoxycyclohexa-1,5-dien-1-yl]sulfonyl-(2-methylpropyl)amino]acetamide	CC(C)CN(CC(=O)NO)S(=O)(=O)C1=CCC(C=C1)OC	0.6	42626926	PUBCHEMANNOTATIONBIO;PUBCHEM:(42626926)	16777218.0	336.158	45.0	0.753	7.136869363922657e+17	7.136868149336056e+17	
220	WLQFISPYPOHSQN	sirius	CC1(OC2C(O1)C(OC3C2OC(O3)(C)C)C(=O)NC4=CC=C(C=C4)[N+](=O)[O-])C																																																																																												1.0	1.0	0.035	0.035	-333.081	0.999	0.333	133.45	C18H22N2O8	[M + H3N + H]+	C18H26N3O8+	InChI=1S/C18H22N2O8/c1-17(2)25-11-12(26-17)14-16(28-18(3,4)27-14)24-13(11)15(21)19-9-5-7-10(8-6-9)20(22)23/h5-8,11-14,16H,1-4H3,(H,19,21)	(1S,2S,6S,8S,9R)-4,4,11,11-tetramethyl-N-(4-nitrophenyl)-3,5,7,10,12-pentaoxatricyclo[7.3.0.02,6]dodecane-8-carboxamide	CC1(OC2C(O1)C(OC3C2OC(O3)(C)C)C(=O)NC4=CC=C(C=C4)[N+](=O)[O-])C	1.4	124772542;124772543;124772544;51666837;51666838;51666839;51666840;25502601;3701259;11873805	SUPERNATURAL:(SN0413608);PUBCHEM:(124772542 124772543 124772544 51666837 51666838 51666839 51666840 25502601 3701259 11873805)	1048578.0	412.171	45.0	0.755	7.13686947217766e+17	7.136868151433208e+17	
222	HZLAWYIBLZNRFZ	sirius	C1CC(N(C1)C(=O)CCCCC(=O)N2CCCC2C(=O)O)C(=O)O																																																																																												1.0	1.0	0.715	0.715	-261.72	0.8	0.333	45.708	C16H24N2O6	[M + H3N + H]+	C16H28N3O6+	InChI=1S/C16H24N2O6/c19-13(17-9-3-5-11(17)15(21)22)7-1-2-8-14(20)18-10-4-6-12(18)16(23)24/h11-12H,1-10H2,(H,21,22)(H,23,24)	(2S)-1-[6-[(2S)-2-carboxypyrrolidin-1-yl]-6-oxohexanoyl]pyrrolidine-2-carboxylic acid	C1CC(N(C1)C(=O)CCCCC(=O)N2CCCC2C(=O)O)C(=O)O	0.0	22142125;154387944;23572400;11024271;125516	PUBCHEMANNOTATIONBIO:(null);NORMAN:(NS00069687);HMDB:(HMDB0257669);PUBCHEMANNOTATIONSAFETYANDTOXIC:(null);BloodExposome:(22142125 125516);MESH:(125516);PUBCHEM:(22142125 154387944 23572400 11024271 125516);DSSTox:(DTXSID00176996);PUBCHEMANNOTATIONDRUG:(null);PUBMED:(null)	137560850510.0	358.197	45.0	0.755	7.13686946487957e+17	7.136868151013778e+17	
223	DKEXFJVMVGETOO	isdb	CC(C)C[C@H](NC(=O)CN)C(=O)O																																													-1.0							1.0	0.7015391	ISDB	http://www.wikidata.org/entity/Q27140595	DKEXFJVMVGETOO-LURJTMIESA-N	InChI=1S/C8H16N2O3/c1-5(2)3-6(8(12)13)10-7(11)4-9/h5-6H,3-4,9H2,1-2H3,(H,10,11)(H,12,13)/t6-/m0/s1	CC(C)C[C@H](NC(=O)CN)C(=O)O	C8H16N2O3		188.116092372	(2S)-2-[(2-azaniumylacetyl)amino]-4-methylpentanoate	Amino acids and Peptides	Small peptides	Dipeptides	http://www.wikidata.org/entity/Q221179	Streptococcus pneumoniae	699152.0	['Bacteria']	['Unknown']	['Firmicutes']	['Bacilli']	['Lactobacillales']	['Streptococcaceae']	['Unknown']	['Streptococcus']	['Streptococcus pneumoniae']											0.0	0.0	2.8061563968658447	1.0																								
223	GHJOZNKMMRLGJT	sirius	CC(=O)NC(C1CCC1)C(=O)O																																																																																												1.0	1.0	0.539	0.539	-107.496	0.8	0.333	45.376	C8H13NO3	[M + H3N + H]+	C8H17N2O3+	InChI=1S/C8H13NO3/c1-5(10)9-7(8(11)12)6-3-2-4-6/h6-7H,2-4H2,1H3,(H,9,10)(H,11,12)	2-Cyclobutyl-2-acetamidoacetic acid	CC(=O)NC(C1CCC1)C(=O)O	0.5	124509538;91654951;79006780	PUBCHEM:(124509538 91654951 79006780);DSSTox:(DTXSID101245414)	137438953474.0	189.123	45.0	0.755	7.136869293835828e+17	7.136868150174917e+17	
225	DWAKNKKXGALPNW	isdb	O=C(O)[C@@H]1CCC=N1																																													7.0	Amino acids and Peptides	0.4761904761904761	Small peptides	0.4642857142857143	Dipeptides	0.4285714285714285	1.0	0.0	MS1_match	http://www.wikidata.org/entity/Q27105294	DWAKNKKXGALPNW-BYPYZUCNSA-N	InChI=1S/C5H7NO2/c7-5(8)4-2-1-3-6-4/h3-4H,1-2H2,(H,7,8)/t4-/m0/s1	O=C(O)[C@@H]1CCC=N1	C5H7NO2	pos_2MH	113.047678464	(S)-1-pyrroline-5-carboxylate	Amino acids and Peptides	Small peptides	Aminoacids	http://www.wikidata.org/entity/Q31856	Pseudomonas aeruginosa	216671.0	['Bacteria']	['Unknown']	['Proteobacteria']	['Gammaproteobacteria']	['Pseudomonadales']	['Pseudomonadaceae']	['Unknown']	['Pseudomonas']	['Pseudomonas aeruginosa']		['Bacteria']		['Proteobacteria']	['Gammaproteobacteria']	['Pseudomonadales']	['Pseudomonadaceae']		['Pseudomonas']	['Pseudomonas aeruginosa']	7.0	2.0	8.0	1.0																								
225	PFEJJYZYEFRQEA	gnps	C1CC(N(C1)C(=O)C2CCC(=O)N2)C(=O)O	CCMSLIB00003135898	spectra_filtered.mgf	GNPS-NIST14-MATCHES.mgf	0.931097	21052800.0	0.0	2.68755	7.0	0.000610352	227.102	0.0	temp/spectra_filtered.mgf225	1.0	Spectral Match to PyroGlu-Pro from NIST14	ESI	qTof	Isolated	Data from Pieter Dorrestein	Data deposited by lfnothias	M+H	227.103	226.095	1.0			C1CC(N(C1)C(=O)C2CCC(=O)N2)C(=O)O	InChI=1S/C10H14N2O4/c13-8-4-3-6(11-8)9(14)12-5-1-2-7(12)10(15)16/h6-7H,1-5H2,(H,11,13)(H,15,16)		3.0	Positive	GNPS-NIST14-MATCHES	227.103	UPDATE-SINGLE-ANNOTATED-BRONZE	Bronze		C10H14N2O4	PFEJJYZYEFRQEA-UHFFFAOYSA-N	Organic acids and derivatives	Carboxylic acids and derivatives	Amino acids, peptides, and analogues	Small peptides	Dipeptides	Amino acids and Peptides	mzspec:GNPS:GNPS-LIBRARY:CCMSLIB00003135898																																																																							
225	YBTCBQBIJKGSJP	sirius	C1CC(N(C1)C(=O)C(CCC(=O)O)N)C(=O)O																																																																																												1.0	1.0	0.494	0.494	-218.774	1.0	0.333	46.298	C10H16N2O5	[M - H2O + H]+	C10H15N2O4+	InChI=1S/C10H16N2O5/c11-6(3-4-8(13)14)9(15)12-5-1-2-7(12)10(16)17/h6-7H,1-5,11H2,(H,13,14)(H,16,17)		C1CC(N(C1)C(=O)C(CCC(=O)O)N)C(=O)O	-1.15	64889718;14647617;11218768;79001411;44369101	COCONUT:(CNP0475451);HMDB:(HMDB0028827);CHEBI:(73508);SUPERNATURAL:(SN0445994);FooDB:(FDB111869);PUBCHEM:(64889718 14647617 11218768 79001411 44369101);DSSTox:(DTXSID701314489);LOTUS:(Q27140588);GNPS:(CCMSLIB00003136170);PUBCHEMANNOTATIONDRUG:(null);PUBMED:(null)	138280964202.0	227.103	46.0	0.764	7.136869283014523e+17	7.136868151852639e+17	
226	LGUAYVFDTSZKFQ	sirius	CCCCC=CCCC=CC=CC=CCC1C(C(=O)NC2CC(=O)OC2C(C(=O)NCC(=O)NCC(=O)N1)O)O																																																																																												1.0	2.0	0.056	0.056	-498.383	0.319	0.333	45.679	C28H40N4O8	[M + H]+	C28H41N4O8+	InChI=1S/C28H40N4O8/c1-2-3-4-5-6-7-8-9-10-11-12-13-14-15-19-24(36)28(39)32-20-16-23(35)40-26(20)25(37)27(38)30-17-21(33)29-18-22(34)31-19/h5-6,9-14,19-20,24-26,36-37H,2-4,7-8,15-18H2,1H3,(H,29,33)(H,30,38)(H,31,34)(H,32,39)	anabaenolysin b	CCCCC=CCCC=CC=CC=CCC1C(C(=O)NC2CC(=O)OC2C(C(=O)NCC(=O)NCC(=O)N1)O)O	1.3	163110754;163110755;146683738	COCONUT:(CNP0431072);SUPERNATURAL:(SN0205069);PUBCHEM:(163110754 163110755 146683738);DSSTox:(DTXSID701046448)	137442099202.0	561.291	46.0	0.769	7.136869843373609e+17	7.1368681526915e+17	
227	FNDBNNHXFJAAKI	sirius	CCCNC(C)C(=O)NC(=O)C(C)NC(=O)C(C)NC(=O)CCCC(=O)O																																																																																												1.0	1.0	0.089	0.089	-276.92	1.0	0.999	47.436	C17H30N4O6	[M + Na]+	C17H30N4NaO6+	InChI=1S/C17H30N4O6/c1-5-9-18-10(2)15(25)21-17(27)12(4)20-16(26)11(3)19-13(22)7-6-8-14(23)24/h10-12,18H,5-9H2,1-4H3,(H,19,22)(H,20,26)(H,23,24)(H,21,25,27)	Glutaryl-alanyl-alanyl-alanyl-propylamide	CCCNC(C)C(=O)NC(=O)C(C)NC(=O)C(C)NC(=O)CCCC(=O)O	-2.8	5487660	MESH:(5487660);PUBCHEM:(5487660);DSSTox:(DTXSID70232694);PUBMED:(null)	137438953542.0	409.205	46.0	0.767	7.136869428095519e+17	7.13686815311093e+17	
229	GJYAFOWOGBPZNC	sirius	CCC(C)C(C(=O)NC(CO)C(=O)O)NC(=O)C(CO)NC(=O)C(C(C)C)N																																																																																												1.0	2.0	0.058	0.058	-135.204	0.203	0.333	37.966	C17H32N4O7	[M - H2O + H]+	C17H31N4O6+	InChI=1S/C17H32N4O7/c1-5-9(4)13(16(26)20-11(7-23)17(27)28)21-14(24)10(6-22)19-15(25)12(18)8(2)3/h8-13,22-23H,5-7,18H2,1-4H3,(H,19,25)(H,20,26)(H,21,24)(H,27,28)	H-DL-Val-DL-Ser-DL-xiIle-DL-Ser-OH	CCC(C)C(C(=O)NC(CO)C(=O)O)NC(=O)C(CO)NC(=O)C(C(C)C)N	-1.786	20053018	PUBCHEM:(20053018)	2.0	387.223	47.0	0.778	7.136869409053375e+17	7.136868156172772e+17	
230	NYBSHYBITMVDLL	sirius	CC(C1C(=O)NC(C(=O)NCCCCC(C(=O)NC(C(=O)N1)CCCN(C=O)O)NC(=O)C(CCCN(C=O)O)NC(=O)C(CO)NC(=O)C(CCCN=C(N)N)NC(=O)C(CO)NC(=O)C2CCNC3=C(C=C4C=C(C(=O)C=C4N23)O)NC(=O)CCC(=O)O)C(C)O)O																																																																																												1.0	2.0	-inf	-inf	-259.386	0.021	0.333	50.877	C55H83N17O22	[M + H]+	C55H84N17O22+	InChI=1S/C55H83N17O22/c1-27(77)43-53(91)59-15-4-3-8-30(46(84)63-33(11-7-19-71(94)26-76)49(87)68-44(28(2)78)54(92)69-43)62-47(85)32(10-6-18-70(93)25-75)65-50(88)35(23-73)66-48(86)31(9-5-16-60-55(56)57)64-51(89)36(24-74)67-52(90)37-14-17-58-45-34(61-41(81)12-13-42(82)83)20-29-21-39(79)40(80)22-38(29)72(37)45/h20-22,25-28,30-33,35-37,43-44,58,73-74,77-79,93-94H,3-19,23-24H2,1-2H3,(H,59,91)(H,61,81)(H,62,85)(H,63,84)(H,64,89)(H,65,88)(H,66,86)(H,67,90)(H,68,87)(H,69,92)(H,82,83)(H4,56,57,60)		CC(C1C(=O)NC(C(=O)NCCCCC(C(=O)NC(C(=O)N1)CCCN(C=O)O)NC(=O)C(CCCN(C=O)O)NC(=O)C(CO)NC(=O)C(CCCN=C(N)N)NC(=O)C(CO)NC(=O)C2CCNC3=C(C=C4C=C(C(=O)C=C4N23)O)NC(=O)CCC(=O)O)C(C)O)O	-7.2	74089747;155932235;163152677;23724555	COCONUT:(CNP0441923 CNP0459445);CHEBI:(80048);SUPERNATURAL:(SN0056992 SN0258309);KEGG:(C15718);PUBCHEM:(74089747 155932235 163152677 23724555);LOTUS:(Q105187440)	271581474.0	1334.597	46.0	0.772	7.136870524906129e+17	7.136868153949791e+17	
230	RUIOLPSOXWTQMI	isdb	C[C@@H](O)[C@@H]1NC(=O)[C@H](CCCN(O)C=O)NC(=O)[C@@H](NC(=O)[C@H](CCCN(O)C=O)NC(=O)[C@@H](CO)NC(=O)[C@H](CCCNC(=N)N)NC(=O)[C@@H](CO)N[C@@H]2CCNc3c(NC(=O)CCC(=O)C(=O)O)cc4cc(O)c(=O)cc-4n32)CCCCNC(=O)[C@H]([C@@H](C)O)NC1=O																																													-1.0							1.0	0.3647466	ISDB	http://www.wikidata.org/entity/Q105245638	RUIOLPSOXWTQMI-MYMJXMRCSA-N	InChI=1S/C55H83N17O22/c1-27(77)43-52(89)59-15-4-3-8-30(46(83)64-33(11-7-19-71(94)26-76)49(86)68-44(28(2)78)53(90)69-43)63-47(84)32(10-6-18-70(93)25-75)66-51(88)36(24-74)67-48(85)31(9-5-16-60-55(56)57)65-50(87)35(23-73)61-41-14-17-58-45-34(62-42(82)13-12-38(79)54(91)92)20-29-21-39(80)40(81)22-37(29)72(41)45/h20-22,25-28,30-33,35-36,41,43-44,58,61,73-74,77-78,80,93-94H,3-19,23-24H2,1-2H3,(H,59,89)(H,62,82)(H,63,84)(H,64,83)(H,65,87)(H,66,88)(H,67,85)(H,68,86)(H,69,90)(H,91,92)(H4,56,57,60)/t27-,28-,30+,31+,32+,33+,35-,36-,41+,43+,44+/m1/s1	C[C@@H](O)[C@@H]1NC(=O)[C@H](CCCN(O)C=O)NC(=O)[C@@H](NC(=O)[C@H](CCCN(O)C=O)NC(=O)[C@@H](CO)NC(=O)[C@H](CCCNC(=N)N)NC(=O)[C@@H](CO)N[C@@H]2CCNc3c(NC(=O)CCC(=O)C(=O)O)cc4cc(O)c(=O)cc-4n32)CCCCNC(=O)[C@H]([C@@H](C)O)NC1=O	C55H83N17O22		1333.589857296	Pyoverdine Pa-B	Amino acids and Peptides	Oligopeptides	Cyclic peptides	http://www.wikidata.org/entity/Q31856	Pseudomonas aeruginosa	216671.0	['Bacteria']	['Unknown']	['Proteobacteria']	['Gammaproteobacteria']	['Pseudomonadales']	['Pseudomonadaceae']	['Unknown']	['Pseudomonas']	['Pseudomonas aeruginosa']		['Bacteria']		['Proteobacteria']	['Gammaproteobacteria']	['Pseudomonadales']	['Pseudomonadaceae']		['Pseudomonas']	['Pseudomonas aeruginosa']	7.0	0.0	8.458986401557922	1.0																								
231	BQBCIBCLXBKYHW	gnps|isdb	CC(C)C[C@H](NC(=O)[C@@H](N)[C@@H](C)O)C(=O)O	CCMSLIB00003140084	spectra_filtered.mgf	GNPS-NIST14-MATCHES.mgf	0.967135	191814000.0	0.0	1.43982	10.0	0.000335693	233.149	1.0	temp/spectra_filtered.mgf231	1.0	Spectral Match to Thr-Leu from NIST14	ESI	qTof	Isolated	Data from Julia Gauglitz	Data deposited by fevargas	M+H	233.149	232.142	1.0	50299122		C[C@H]([C@@H](C(=O)N[C@@H](CC(C)C)C(=O)O)N)O	InChI=1S/C10H20N2O4/c1-5(2)4-7(10(15)16)12-9(14)8(11)6(3)13/h5-8,13H,4,11H2,1-3H3,(H,12,14)(H,15,16)/t6-,7+,8+/m1/s1		3.0	Positive	GNPS-NIST14-MATCHES	233.149	UPDATE-SINGLE-ANNOTATED-BRONZE	Bronze		C10H20N2O4	BQBCIBCLXBKYHW-CSMHCCOUSA-N	Organic acids and derivatives	Carboxylic acids and derivatives	Amino acids, peptides, and analogues	Small peptides	Dipeptides	Amino acids and Peptides	mzspec:GNPS:GNPS-LIBRARY:CCMSLIB00003140084	7.0	Amino acids and Peptides	0.4761904761904761	Small peptides	0.4642857142857143	Dipeptides	0.4285714285714285	2.0	0.6311755	ISDB	http://www.wikidata.org/entity/Q27144970	BQBCIBCLXBKYHW-CSMHCCOUSA-N	InChI=1S/C10H20N2O4/c1-5(2)4-7(10(15)16)12-9(14)8(11)6(3)13/h5-8,13H,4,11H2,1-3H3,(H,12,14)(H,15,16)/t6-,7+,8+/m1/s1	CC(C)C[C@H](NC(=O)[C@@H](N)[C@@H](C)O)C(=O)O	C10H20N2O4		232.14230712	Thr-Leu	Amino acids and Peptides	Small peptides	Dipeptides	http://www.wikidata.org/entity/Q7912606	Valsa sordida	382306.0	['Eukaryota']	['Fungi']	['Ascomycota']	['Sordariomycetes']	['Diaporthales']	['Valsaceae']	['Unknown']	['Valsa']	['Valsa sordida']											0.0	3.0	4.024702072143555	1.0																								
231	NDBCEJKSNGUQHG	sirius	CC(C(C(=O)O)NC(=O)C1CC1(C)C)O																																																																																												1.0	1.0	0.358	0.358	-119.036	0.8	0.333	98.898	C10H17NO4	[M + H3N + H]+	C10H21N2O4+	InChI=1S/C10H17NO4/c1-5(12)7(9(14)15)11-8(13)6-4-10(6,2)3/h5-7,12H,4H2,1-3H3,(H,11,13)(H,14,15)	(2S,3R)-2-[(2,2-dimethylcyclopropanecarbonyl)amino]-3-hydroxybutanoic acid	CC(C(C(=O)O)NC(=O)C1CC1(C)C)O	0.2	107000542;106703842	PUBCHEM:(107000542 106703842)	2.0	233.149	45.0	0.755	7.136869381329021e+17	7.136868149755487e+17	
233	YDTUEBLEAVANFH	sirius	CC(C)C(C(=O)NC(C(C)O)C(=O)O)NC(=O)C1CCCN1																																																																																												1.0	1.0	0.098	0.098	-191.014	0.999	0.999	71.591	C14H25N3O5	[M + Na]+	C14H25N3NaO5+	InChI=1S/C14H25N3O5/c1-7(2)10(16-12(19)9-5-4-6-15-9)13(20)17-11(8(3)18)14(21)22/h7-11,15,18H,4-6H2,1-3H3,(H,16,19)(H,17,20)(H,21,22)	3-Hydroxy-2-[[3-methyl-2-(pyrrolidine-2-carbonylamino)butanoyl]amino]butanoic acid	CC(C)C(C(=O)NC(C(C)O)C(=O)O)NC(=O)C1CCCN1	-0.373	9901447;18223781	CHEBI:(162809);PUBCHEM:(9901447 18223781)	34.0	338.168	46.0	0.772	7.136869467060608e+17	7.136868154872538e+17	
234	VEYJKJORLPYVLO	isdb	CC(C)[C@H](N)C(=O)N[C@@H](Cc1ccc(O)cc1)C(=O)O																																													7.0	Amino acids and Peptides	0.4761904761904761	Small peptides	0.4642857142857143	Dipeptides	0.4285714285714285	1.0	0.65775627	ISDB	http://www.wikidata.org/entity/Q27143866	VEYJKJORLPYVLO-RYUDHWBXSA-N	InChI=1S/C14H20N2O4/c1-8(2)12(15)13(18)16-11(14(19)20)7-9-3-5-10(17)6-4-9/h3-6,8,11-12,17H,7,15H2,1-2H3,(H,16,18)(H,19,20)/t11-,12-/m0/s1	CC(C)[C@H](N)C(=O)N[C@@H](Cc1ccc(O)cc1)C(=O)O	C14H20N2O4		280.14230712	Val-Tyr	Amino acids and Peptides	Small peptides	Dipeptides	http://www.wikidata.org/entity/Q33244	Trypanosoma brucei	494245.0	['Eukaryota']	['Unknown']	['Unknown']	['Unknown']	['Kinetoplastea']	['Unknown']	['Unknown']	['Trypanosoma']	['Trypanosoma brucei']											0.0	3.0	4.131025075912476	1.0																								
234	WYSWCUHTHPZUNE	sirius	CC(=C)C(=O)NC(CC1=CC=C(C=C1)O)C(=O)OC																																																																																												1.0	1.0	0.791	0.791	-264.548	0.799	0.333	67.826	C14H17NO4	[M + H3N + H]+	C14H21N2O4+	InChI=1S/C14H17NO4/c1-9(2)13(17)15-12(14(18)19-3)8-10-4-6-11(16)7-5-10/h4-7,12,16H,1,8H2,2-3H3,(H,15,17)	n-Methacryloyl-l-tyrosine methyl ester	CC(=C)C(=O)NC(CC1=CC=C(C=C1)O)C(=O)OC	1.979	85700395;91126475	BloodExposome:(91126475);PUBCHEM:(85700395 91126475);PUBMED:(null)	4194370.0	281.149	46.0	0.772	7.136869305747653e+17	7.136868154411164e+17	
237	GKELZQGBXQGTPA	sirius	CC(=O)NC1=C(C(=C(C(=C1I)C(=O)N(C)CC(=O)O)I)C(=O)NC)I																																																																																												1.0	2.0	0.063	0.063	-226.188	0.088	0.333	17.203	C14H14I3N3O5	[M - H2O + H]+	C14H13I3N3O4+	InChI=1S/C14H14I3N3O5/c1-5(21)19-12-10(16)7(13(24)18-2)9(15)8(11(12)17)14(25)20(3)4-6(22)23/h4H2,1-3H3,(H,18,24)(H,19,21)(H,22,23)	Sarcosine, N-(3-acetamido-5-methylcarbamoyl-2,4,6-triiodobenzoyl)-	CC(=O)NC1=C(C(=C(C(=C1I)C(=O)N(C)CC(=O)O)I)C(=O)NC)I	1.4	206363	PUBCHEMANNOTATIONSAFETYANDTOXIC:(null);PUBCHEM:(206363);DSSTox:(DTXSID30198025)	137506062338.0	667.805	47.0	0.777	7.136869501328077e+17	7.136868155711398e+17	
238	MMFKFJORZBJVNF	sirius	CC(C)CC(C(=O)O)NC(=O)C(CC1=CN=CN1)N																																																																																												1.0	1.0	0.866	0.866	-78.856	0.979	0.333	68.258	C12H20N4O3	[M - H2O + H]+	C12H19N4O2+	InChI=1S/C12H20N4O3/c1-7(2)3-10(12(18)19)16-11(17)9(13)4-8-5-14-6-15-8/h5-7,9-10H,3-4,13H2,1-2H3,(H,14,15)(H,16,17)(H,18,19)		CC(C)CC(C(=O)O)NC(=O)C(CC1=CN=CN1)N	-2.2	6992010;28054378;28054380;40739820;189008;440549	PUBCHEMANNOTATIONBIO:(null);HMDB:(HMDB0028889 HMDB0253179);BloodExposome:(189008 440549);SUPERNATURAL:(SN0229394);MESH:(189008);FooDB:(FDB111918);PUBCHEM:(6992010 28054378 28054380 40739820 189008 440549);GNPS:(CCMSLIB00003136317);COCONUT:(CNP0456933);METACYC:(CPD-21539);CHEBI:(174536 147392 5729);KEGG:(C05010);DSSTox:(DTXSID50998847);LOTUS:(Q27106873);PUBCHEMANNOTATIONDRUG:(null);PUBMED:(null)	138301938030.0	251.15	47.0	0.78	7.136869389549859e+17	7.136868157053576e+17	
238	QYFSHTYKVAOVJM	isdb	CC(C)C[C@@H]1NC(=O)[C@H](Cc2cnc[nH]2)NC1=O																																													4.0	Alkaloids	0.6	Histidine alkaloids	0.2	Imidazole alkaloids	0.2	1.0	0.7202555	ISDB	http://www.wikidata.org/entity/Q83077184	QYFSHTYKVAOVJM-UWVGGRQHSA-N	InChI=1S/C12H18N4O2/c1-7(2)3-9-11(17)16-10(12(18)15-9)4-8-5-13-6-14-8/h5-7,9-10H,3-4H2,1-2H3,(H,13,14)(H,15,18)(H,16,17)/t9-,10-/m0/s1	CC(C)C[C@@H]1NC(=O)[C@H](Cc2cnc[nH]2)NC1=O	C12H18N4O2		250.142975816	Cyclo(histidyl-leucyl)				http://www.wikidata.org/entity/Q131238	Bacillus subtilis	1084928.0	['Bacteria']	['Unknown']	['Firmicutes']	['Bacilli']	['Bacillales']	['Bacillaceae']	['Unknown']	['Bacillus']	['Bacillus subtilis']											0.0	0.0	2.8810219764709477	1.0																								
240	GHOKWGTUZJEAQD	gnps|isdb|sirius	CC(C)(CO)C(C(=O)NCCC(=O)O)O	CCMSLIB00005464333	spectra_filtered.mgf	GNPS-MSMLS.mgf	0.916304	42282400.0	0.0	1.03981	10.0	0.000228882	220.118	1.0	temp/spectra_filtered.mgf240	1.0	PANTOTHENATE	ESI	Orbitrap	Commercial	Dorrestein	Kelly Weldon	M+H	220.118	219.111	1.0	137-08-6		CC(C)(CO)C(O)C(=O)NCCC(O)=O	"""InChI=1S/C9H17NO5/c1-9(2,5-11)7(14)8(15)10-4-3-6(12)13/h7,11,14H,3-5H2,1-2H3,(H,10,15)(H,12,13)"""		1.0	Positive	GNPS-MSMLS	220.118	UPDATE-SINGLE-ANNOTATED-GOLD	Gold		C9H17NO5	GHOKWGTUZJEAQD-UHFFFAOYSA-N	Organic acids and derivatives	Carboxylic acids and derivatives	Amino acids, peptides, and analogues	Small peptides	Dipeptides	Amino acids and Peptides	mzspec:GNPS:GNPS-LIBRARY:CCMSLIB00005464333	-1.0							1.0	0.8117668	ISDB	http://www.wikidata.org/entity/Q179894	GHOKWGTUZJEAQD-UHFFFAOYSA-N	InChI=1S/C9H17NO5/c1-9(2,5-11)7(14)8(15)10-4-3-6(12)13/h7,11,14H,3-5H2,1-2H3,(H,10,15)(H,12,13)	CC(C)(CO)C(O)C(=O)NCCC(=O)O	C9H17NO5		219.110672644	DL-Pantothenic acid	Amino acids and Peptides	Small peptides	Dipeptides	http://www.wikidata.org/entity/Q31856	Pseudomonas aeruginosa	216671.0	['Bacteria']	['Unknown']	['Proteobacteria']	['Gammaproteobacteria']	['Pseudomonadales']	['Pseudomonadaceae']	['Unknown']	['Pseudomonas']	['Pseudomonas aeruginosa']		['Bacteria']		['Proteobacteria']	['Gammaproteobacteria']	['Pseudomonadales']	['Pseudomonadaceae']		['Pseudomonas']	['Pseudomonas aeruginosa']	7.0	0.0	10.247067213058472	1.0	1.0	2.0	0.951	0.951	-3.821	0.113	0.333	152.375	C9H17NO5	[M + H]+	C9H18NO5+	InChI=1S/C9H17NO5/c1-9(2,5-11)7(14)8(15)10-4-3-6(12)13/h7,11,14H,3-5H2,1-2H3,(H,10,15)(H,12,13)	Pantothenate	CC(C)(CO)C(C(=O)NCCC(=O)O)O	-1.1	101257666;6997253;163322206;5191579;163581050;5748353;153694116;153694117;153706517;988;6613;167945;133686971;90479988;57074123;71310749	PUBCHEMANNOTATIONBIO:(null);HMDB:(HMDB0000210 HMDB0250782);MiMeDB:(MMDBc0000069);PUBCHEMANNOTATIONSAFETYANDTOXIC:(null);BloodExposome:(5748353 988 6613);SUPERNATURAL:(SN0105946);HSDB:(79-83-4 867-81-2);MESH:(6613);FooDB:(FDB008322 FDB030151);PUBCHEM:(101257666 6997253 163322206 5191579 163581050 5748353 153694116 153694117 153706517 988 6613 167945 133686971 90479988 57074123 71310749);GNPS:(CCMSLIB00003137028);COCONUT:(CNP0153142);NORMAN:(NS00013937 NS00069968 NS00069969 NS00079867);METACYC:(PANTOTHENATE);PLANTCYC:(PANTOTHENATE);CHEBI:(46905 7916 16454 29032);KEGG:(C00864);DSSTox:(DTXSID4047173 DTXSID7047229 DTXSID901014233 DTXSID9023417);LOTUS:(Q179894 Q63390527);YMDB:(YMDB00203);PUBCHEMANNOTATIONDRUG:(null);PUBCHEMANNOTATIONFOOD:(null);PUBMED:(null);KNAPSACK:(GHOKWGTUZJEAQD-UHFFFAOYSA-N)	139577465726.0	220.118	47.0	0.785	7.136869275003401e+17	7.136868157892438e+17	
241	AOZFBDIIWPPXTR	sirius	CCOC(CNC(=O)OCC(F)(F)F)OCC																																																																																												1.0	1.0	0.034	0.034	-166.413	0.998	0.3	9.208	C9H16F3NO4	[M - H2O + H]+	C9H15F3NO3+	InChI=1S/C9H16F3NO4/c1-3-15-7(16-4-2)5-13-8(14)17-6-9(10,11)12/h7H,3-6H2,1-2H3,(H,13,14)	2,2,2-trifluoroethyl N-(2,2-diethoxyethyl)carbamate	CCOC(CNC(=O)OCC(F)(F)F)OCC	1.7	79547979	PUBCHEM:(79547979)	2.0	242.1	47.0	0.786	7.136869439336255e+17	7.136868158269925e+17	
242	SRRJCHGGTPFZSS	sirius	CCCCOC(=O)NC(CNC(=O)CC1CC(=NO1)C2=CC=C(C=C2)C(=N)N)C(=O)O																																																																																												1.0	2.0	0.278	0.278	-290.909	0.337	0.333	47.05	C20H27N5O6	[M + H3N + H]+	C20H31N6O6+	InChI=1S/C20H27N5O6/c1-2-3-8-30-20(29)24-16(19(27)28)11-23-17(26)10-14-9-15(25-31-14)12-4-6-13(7-5-12)18(21)22/h4-7,14,16H,2-3,8-11H2,1H3,(H3,21,22)(H,23,26)(H,24,29)(H,27,28)	(R)-2-Butoxycarbonylamino-3-{2-[(S)-3-(4-carbamimidoyl-phenyl)-4,5-dihydro-isoxazol-5-yl]-acetylamino}-propionic acid; hydrochloride	CCCCOC(=O)NC(CNC(=O)CC1CC(=NO1)C2=CC=C(C=C2)C(=N)N)C(=O)O	0.7	9824181;9845730;9845731;10670421;177231;11797035	PUBCHEMANNOTATIONBIO:(null);HMDB:(HMDB0259936);BloodExposome:(177231);MESH:(177231);PUBCHEM:(9824181 9845730 9845731 10670421 177231 11797035);DSSTox:(DTXSID80168970);PUBMED:(null)	137459925070.0	451.23	47.0	0.783	7.136869495372164e+17	7.136868157473007e+17	
243	PEKPVYQTYQRNBQ	sirius	COC(NNC(CC1=CC=CC=C1)C(=O)O)OC																																																																																												1.0	1.0	0.557	0.557	-331.18	0.804	0.333	18.911	C12H18N2O4	[M - H2O + H]+	C12H17N2O3+	InChI=1S/C12H18N2O4/c1-17-12(18-2)14-13-10(11(15)16)8-9-6-4-3-5-7-9/h3-7,10,12-14H,8H2,1-2H3,(H,15,16)	(2S)-2-[2-(dimethoxymethyl)hydrazinyl]-3-phenylpropanoic acid	COC(NNC(CC1=CC=CC=C1)C(=O)O)OC	1.598	156221565	PUBCHEM:(156221565)	2.0	237.123	48.0	0.794	7.136869462656588e+17	7.136868159570159e+17	
245	NDHVCEALAXJHOV	sirius	CCOC(=O)C1=CC(=CCN2C=CN=C2N3CNC4C3NC(NC4=O)N)C5=C(C6=C(C(=C5O1)CO)OC(C6)C(C)(CCCO)O)OC																																																																																												1.0	1.0	0.024	0.024	-812.213	0.992	0.988	72.334	C31H41N7O9	[M + K]+	C31H41KN7O9+	InChI=1S/C31H41N7O9/c1-4-45-28(42)19-12-16(6-9-37-10-8-33-30(37)38-15-34-22-26(38)35-29(32)36-27(22)41)21-24(44-3)17-13-20(31(2,43)7-5-11-39)47-23(17)18(14-40)25(21)46-19/h6,8,10,12,20,22,26,29,34-35,39-40,43H,4-5,7,9,11,13-15,32H2,1-3H3,(H,36,41)		CCOC(=O)C1=CC(=CCN2C=CN=C2N3CNC4C3NC(NC4=O)N)C5=C(C6=C(C(=C5O1)CO)OC(C6)C(C)(CCCO)O)OC	-0.7	163150420;163150421	COCONUT:(CNP0458053);SUPERNATURAL:(SN0242369);PUBCHEM:(163150420 163150421)	3145730.0	694.261	48.0	0.797	7.136870206684259e+17	7.136868160031533e+17	
246	OEHFVHSZNIEBOM	sirius	CC(C)C(C(=O)C(=O)C)NC(=O)C1CCCN1C(=O)C(C(C)C)NC(=O)OC(C)(C)C																																																																																												1.0	1.0	0.717	0.717	-186.213	0.8	0.329	25.612	C22H37N3O6	[M + H3N + H]+	C22H41N4O6+	InChI=1S/C22H37N3O6/c1-12(2)16(18(27)14(5)26)23-19(28)15-10-9-11-25(15)20(29)17(13(3)4)24-21(30)31-22(6,7)8/h12-13,15-17H,9-11H2,1-8H3,(H,23,28)(H,24,30)	Boc-Val-Pro-DL-Val-Ac	CC(C)C(C(=O)C(=O)C)NC(=O)C1CCCN1C(=O)C(C(C)C)NC(=O)OC(C)(C)C	2.298	155543393	PUBCHEM:(155543393);PUBMED	66.0	457.302	50.0	0.833	7.136869267495596e+17	7.136868166448818e+17	
247	OJXVQJBMQPNZTP	sirius	CC(C)CC(C(=O)NC(CC(C)C)C(=O)NC(CCCN=C(N)N)C(O)(O)O)N																																																																																												1.0	2.0	0.93	0.93	-267.722	0.2	0.333	59.082	C18H38N6O5	[M - H2O + H]+	C18H37N6O4+	InChI=1S/C18H38N6O5/c1-10(2)8-12(19)15(25)23-13(9-11(3)4)16(26)24-14(18(27,28)29)6-5-7-22-17(20)21/h10-14,27-29H,5-9,19H2,1-4H3,(H,23,25)(H,24,26)(H4,20,21,22)	(2S)-2-amino-N-[(2S)-1-[[(2S)-5-(diaminomethylideneamino)-1,1,1-trihydroxypentan-2-yl]amino]-4-methyl-1-oxopentan-2-yl]-4-methylpentanamide	CC(C)CC(C(=O)NC(CC(C)C)C(=O)NC(CCCN=C(N)N)C(O)(O)O)N	-1.3	16741168	PUBCHEM:(16741168)	2.0	401.287	48.0	0.8	7.13686931136802e+17	7.136868160492906e+17	
248	NUAAKGTVBAGZNF	sirius	CCC(C)C1C(=O)N2CCCCC2C(=O)N1																																																																																												1.0	1.0	0.61	0.61	-142.288	1.0	0.333	104.915	C12H20N2O2	[M + H3N + H]+	C12H24N3O2+	InChI=1S/C12H20N2O2/c1-3-8(2)10-12(16)14-7-5-4-6-9(14)11(15)13-10/h8-10H,3-7H2,1-2H3,(H,13,15)	Cyclo-(D-Pipecolinyl-L-Isoleucine)	CCC(C)C1C(=O)N2CCCCC2C(=O)N1	1.5	21778320;162988038;139586736;73838009	COCONUT:(CNP0260790);SUPERNATURAL:(SN0255249);PUBCHEM:(21778320 162988038 139586736 73838009);LOTUS:(Q77513310)	271581186.0	242.186	48.0	0.801	7.136869580894031e+17	7.136868161415653e+17	
248	XLUAWXQORJEMBD	isdb	CC(C)[C@@H]1NC(=O)[C@@H]2CCCN2C1=O																																													3.0	Amino acids and Peptides	0.1666666666666666	Small peptides	0.1666666666666666	Dipeptides	0.1666666666666666	1.0	0.0	MS1_match	http://www.wikidata.org/entity/Q27137780	XLUAWXQORJEMBD-YUMQZZPRSA-N	InChI=1S/C10H16N2O2/c1-6(2)8-10(14)12-5-3-4-7(12)9(13)11-8/h6-8H,3-5H2,1-2H3,(H,11,13)/t7-,8-/m0/s1	CC(C)[C@@H]1NC(=O)[C@@H]2CCCN2C1=O	C10H16N2O2	pos_1_1proton1ethylamine	196.121177752	cyclo(L-Pro-L-Val)	Amino acids and Peptides	Small peptides	Dipeptides	http://www.wikidata.org/entity/Q31856	Pseudomonas aeruginosa	216671.0	['Bacteria']	['Unknown']	['Proteobacteria']	['Gammaproteobacteria']	['Pseudomonadales']	['Pseudomonadaceae']	['Unknown']	['Pseudomonas']	['Pseudomonas aeruginosa']		['Bacteria']		['Proteobacteria']	['Gammaproteobacteria']	['Pseudomonadales']	['Pseudomonadaceae']		['Pseudomonas']	['Pseudomonas aeruginosa']	7.0	3.0	8.5	1.0																								
250	KOSCKDPARPIAPV	sirius	CC(=O)NC(CCSCC1CC1)C(=O)O																																																																																												1.0	1.0	0.39	0.39	-136.332	0.8	0.333	37.067	C10H17NO3S	[M + H3N + H]+	C10H21N2O3S+	InChI=1S/C10H17NO3S/c1-7(12)11-9(10(13)14)4-5-15-6-8-2-3-8/h8-9H,2-6H2,1H3,(H,11,12)(H,13,14)	2-Acetamido-4-(cyclopropylmethylsulfanyl)butanoic acid	CC(=O)NC(CCSCC1CC1)C(=O)O	0.9	64140608	PUBCHEM:(64140608)	2.0	249.126	45.0	0.753	7.136869284860017e+17	7.136868148916626e+17	
250	YSGSDAIMSCVPHG	gnps|isdb	CSCC[C@H](NC(=O)[C@@H](N)C(C)C)C(=O)O	CCMSLIB00003138480	spectra_filtered.mgf	GNPS-NIST14-MATCHES.mgf	0.955578	142200000.0	0.0	1.59248	8.0	0.000396729	249.126	1.0	temp/spectra_filtered.mgf250	1.0	Spectral Match to Val-Met from NIST14	ESI	qTof	Isolated	Data from Chris Turck	Data deposited by fevargas	M+H	249.126	248.12	1.0			CC(C)C(C(=O)NC(CCSC)C(=O)O)N	InChI=1S/C10H20N2O3S/c1-6(2)8(11)9(13)12-7(10(14)15)4-5-16-3/h6-8H,4-5,11H2,1-3H3,(H,12,13)(H,14,15)		3.0	Positive	GNPS-NIST14-MATCHES	249.126	UPDATE-SINGLE-ANNOTATED-BRONZE	Bronze		C10H20N2O3S	YSGSDAIMSCVPHG-UHFFFAOYSA-N	Organic acids and derivatives	Carboxylic acids and derivatives	Amino acids, peptides, and analogues	Small peptides	Dipeptides	Amino acids and Peptides	mzspec:GNPS:GNPS-LIBRARY:CCMSLIB00003138480	7.0	Amino acids and Peptides	0.4761904761904761	Small peptides	0.4642857142857143	Dipeptides	0.4285714285714285	1.0	0.51786566	ISDB	http://www.wikidata.org/entity/Q27145074	YSGSDAIMSCVPHG-YUMQZZPRSA-N	InChI=1S/C10H20N2O3S/c1-6(2)8(11)9(13)12-7(10(14)15)4-5-16-3/h6-8H,4-5,11H2,1-3H3,(H,12,13)(H,14,15)/t7-,8-/m0/s1	CSCC[C@H](NC(=O)[C@@H](N)C(C)C)C(=O)O	C10H20N2O3S		248.1194635	Valyl-Methionine	Amino acids and Peptides	Small peptides	Dipeptides	http://www.wikidata.org/entity/Q4688339	Aeromonas veronii	704628.0	['Bacteria']	['Unknown']	['Proteobacteria']	['Gammaproteobacteria']	['Aeromonadales']	['Aeromonadaceae']	['Unknown']	['Aeromonas']	['Aeromonas veronii']											0.0	3.0	3.571462631225586	1.0																								
252	HTFDOYQPKACATJ	sirius	CC(C)C(C(=O)OC)NC(=O)C=CC(=O)NC(C(C)C)C(=O)OC																																																																																												1.0	1.0	0.137	0.137	-174.369	0.8	0.333	53.4	C16H26N2O6	[M + H3N + H]+	C16H30N3O6+	InChI=1S/C16H26N2O6/c1-9(2)13(15(21)23-5)17-11(19)7-8-12(20)18-14(10(3)4)16(22)24-6/h7-10,13-14H,1-6H3,(H,17,19)(H,18,20)	methyl (2S)-2-[[(Z)-4-[[(2S)-1-methoxy-3-methyl-1-oxobutan-2-yl]amino]-4-oxobut-2-enoyl]amino]-3-methylbutanoate	CC(C)C(C(=O)OC)NC(=O)C=CC(=O)NC(C(C)C)C(=O)OC	1.6	6473868;10854782	PUBCHEM:(6473868 10854782)	2.0	360.212	48.0	0.807	7.136869458881714e+17	7.136868162715887e+17	
252	PDQDCFBVYXEFSD	isdb	CC(C)C[C@H](NC(=O)[C@@H](N)CC(C)C)C(=O)N[C@@H](CC(=O)O)C(=O)O																																													1.0	Amino acids and Peptides	0.1219512195121951	Small peptides	0.1097560975609756	Tripeptides	0.073170731707317	1.0	0.5120584	ISDB	http://www.wikidata.org/entity/Q27140681	PDQDCFBVYXEFSD-SRVKXCTJSA-N	InChI=1S/C16H29N3O6/c1-8(2)5-10(17)14(22)18-11(6-9(3)4)15(23)19-12(16(24)25)7-13(20)21/h8-12H,5-7,17H2,1-4H3,(H,18,22)(H,19,23)(H,20,21)(H,24,25)/t10-,11-,12-/m0/s1	CC(C)C[C@H](NC(=O)[C@@H](N)CC(C)C)C(=O)N[C@@H](CC(=O)O)C(=O)O	C16H29N3O6		359.205635648	Leu-Leu-Asp	Amino acids and Peptides	Small peptides	Tripeptides	http://www.wikidata.org/entity/Q33244	Trypanosoma brucei	494245.0	['Eukaryota']	['Unknown']	['Unknown']	['Unknown']	['Kinetoplastea']	['Unknown']	['Unknown']	['Trypanosoma']	['Trypanosoma brucei']											0.0	3.0	3.5482335090637207	1.0																								
253	INGJLBQKTRJLFO	sirius	CCC(C)C(C(=O)NC(C(C)C)C(=O)O)NC(=O)C(CCC(=O)O)N																																																																																												1.0	1.0	0.04	0.097	-183.146	1.0	1.0	40.239	C16H29N3O6	[M + Na]+	C16H29N3NaO6+	InChI=1S/C16H29N3O6/c1-5-9(4)13(15(23)18-12(8(2)3)16(24)25)19-14(22)10(17)6-7-11(20)21/h8-10,12-13H,5-7,17H2,1-4H3,(H,18,23)(H,19,22)(H,20,21)(H,24,25)	H-DL-Glu-DL-xiIle-DL-Val-OH	CCC(C)C(C(=O)NC(C(C)C)C(=O)O)NC(=O)C(CCC(=O)O)N	-0.04	18220315;71464664	BloodExposome:(71464664);CHEBI:(73499);SUPERNATURAL:(SN0150126);PUBCHEM:(18220315 71464664);LOTUS:(Q27140577)	273678370.0	382.195	48.0	0.807	7.136869489290422e+17	7.136868162296457e+17	
254	WQXVPEFIFVQEGJ	sirius	CC(C)NC(=O)CCC(=O)N1CCCC1C(=O)O																																																																																												1.0	1.0	0.205	0.205	-211.174	0.803	1.0	120.573	C12H20N2O4	[M + Na]+	C12H20N2NaO4+	InChI=1S/C12H20N2O4/c1-8(2)13-10(15)5-6-11(16)14-7-3-4-9(14)12(17)18/h8-9H,3-7H2,1-2H3,(H,13,15)(H,17,18)	1-[4-Oxo-4-(propan-2-ylamino)butanoyl]pyrrolidine-2-carboxylic acid	CC(C)NC(=O)CCC(=O)N1CCCC1C(=O)O	0.395	82042238	PUBCHEM:(82042238)	2.0	279.134	48.0	0.806	7.13686939756098e+17	7.136868161877027e+17	
255	FPQPOLKPIFIWGK	sirius	CC1CCN(C1C(=O)O)C(=O)C=C(C)C																																																																																												1.0	2.0	0.258	0.258	-160.938	0.027	0.333	28.699	C11H17NO3	[M + H3N + H]+	C11H21N2O3+	InChI=1S/C11H17NO3/c1-7(2)6-9(13)12-5-4-8(3)10(12)11(14)15/h6,8,10H,4-5H2,1-3H3,(H,14,15)	3-Methyl-1-(3-methylbut-2-enoyl)pyrrolidine-2-carboxylic acid	CC1CCN(C1C(=O)O)C(=O)C=C(C)C	1.7	102775478	PUBCHEM:(102775478)	2.0	229.155	49.0	0.812	7.136869461272467e+17	7.136868163135318e+17	
256	YACLTUWSWMFZMM	sirius	C(CCNCC(CO)O)CC(C(=O)O)N																																																																																												1.0	1.0	0.059	0.059	-447.29	0.996	0.333	33.76	C9H20N2O4	[M - H2O + H]+	C9H19N2O3+	InChI=1S/C9H20N2O4/c10-8(9(14)15)3-1-2-4-11-5-7(13)6-12/h7-8,11-13H,1-6,10H2,(H,14,15)	2-Amino-6-(2,3-dihydroxypropylamino)hexanoic acid	C(CCNCC(CO)O)CC(C(=O)O)N	-4.0	13895083;13895084	MESH:(13895084);PUBCHEM:(13895083 13895084);DSSTox:(DTXSID401008572);PUBMED:(null)	137438953542.0	203.139	47.0	0.788	7.136869302937468e+17	7.136868158689356e+17	
258	HJCGDIGVVWETRO	sirius	CCC(C)C(C(=O)O)NC(=O)C(CCCCN)NC(=O)C(CC(=O)O)N																																																																																												1.0	1.0	0.304	0.304	-200.414	0.432	0.333	34.915	C16H30N4O6	[M - H2O + H]+	C16H29N4O5+	InChI=1S/C16H30N4O6/c1-3-9(2)13(16(25)26)20-15(24)11(6-4-5-7-17)19-14(23)10(18)8-12(21)22/h9-11,13H,3-8,17-18H2,1-2H3,(H,19,23)(H,20,24)(H,21,22)(H,25,26)	2-[[6-Amino-2-[(2-amino-3-carboxypropanoyl)amino]hexanoyl]amino]-3-methylpentanoic acid	CCC(C)C(C(=O)O)NC(=O)C(CCCCN)NC(=O)C(CC(=O)O)N	-1.346	137333788;18219581	CHEBI:(138791);PUBCHEM:(137333788 18219581)	34.0	357.213	49.0	0.816	7.136869389927346e+17	7.136868163554748e+17	
258	NLZVTPYXYXMCIP	gnps	CC[C@H](C)[C@@H](C(=O)N1CCC[C@H]1C(=O)N[C@@H](CCCCN)C(=O)O)N	CCMSLIB00003138699	spectra_filtered.mgf	GNPS-NIST14-MATCHES.mgf	0.809947	6628880.0	0.0	100.8	10.0	0.0360107	357.213	1.0	temp/spectra_filtered.mgf258	1.0	Spectral Match to Ile-Pro-Lys from NIST14	ESI	QQQ	Isolated	Data from Pieter Dorrestein	Data deposited by lfnothias	M+H	357.249	356.242	1.0			CC[C@H](C)[C@@H](C(=O)N1CCC[C@H]1C(=O)N[C@@H](CCCCN)C(=O)O)N	InChI=1S/C17H32N4O4/c1-3-11(2)14(19)16(23)21-10-6-8-13(21)15(22)20-12(17(24)25)7-4-5-9-18/h11-14H,3-10,18-19H2,1-2H3,(H,20,22)(H,24,25)/t11-,12-,13-,14-/m0/s1		3.0	Positive	GNPS-NIST14-MATCHES	357.249	UPDATE-SINGLE-ANNOTATED-BRONZE	Bronze		C17H32N4O4	NLZVTPYXYXMCIP-XUXIUFHCSA-N	Organic acids and derivatives	Carboxylic acids and derivatives	Amino acids, peptides, and analogues	Small peptides	Dipeptides	Amino acids and Peptides	mzspec:GNPS:GNPS-LIBRARY:CCMSLIB00003138699																																																																							
258	OVPYIUNCVSOVNF	isdb	CC[C@H](C)[C@H](N)C(=O)N[C@@H](CCC(N)=O)C(=O)N1CCC[C@H]1C(=O)O																																													-1.0							1.0	0.59196633	ISDB	http://www.wikidata.org/entity/Q111241567	OVPYIUNCVSOVNF-ZPFDUUQYSA-N	InChI=1S/C16H28N4O5/c1-3-9(2)13(18)14(22)19-10(6-7-12(17)21)15(23)20-8-4-5-11(20)16(24)25/h9-11,13H,3-8,18H2,1-2H3,(H2,17,21)(H,19,22)(H,24,25)/t9-,10-,11-,13-/m0/s1	CC[C@H](C)[C@H](N)C(=O)N[C@@H](CCC(N)=O)C(=O)N1CCC[C@H]1C(=O)O	C16H28N4O5		356.205969996	H-Ile-Gln-Pro-OH	Amino acids and Peptides	Small peptides	Tripeptides	http://www.wikidata.org/entity/Q17189730	Arthrospira platensis	827405.0	['Bacteria']	['Unknown']	['Cyanobacteria']	['Unknown']	['Unknown']	['Unknown']	['Unknown']	['Arthrospira']	['Arthrospira platensis']		['Bacteria']									1.0	0.0	3.3678653240203857	1.0																								
259	KBROKGQCALWRSB	sirius	C1CCN2C(C1)C(=O)NC(C2=O)CC3=CC=CC=C3																																																																																												1.0	1.0	0.773	0.773	-146.21	1.0	0.333	91.586	C15H18N2O2	[M + H3N + H]+	C15H22N3O2+	InChI=1S/C15H18N2O2/c18-14-13-8-4-5-9-17(13)15(19)12(16-14)10-11-6-2-1-3-7-11/h1-3,6-7,12-13H,4-5,8-10H2,(H,16,18)	3-benzyl-octahydro-1H-pyrido[1,2-a]pyrazine-1,4-dione	C1CCN2C(C1)C(=O)NC(C2=O)CC3=CC=CC=C3	1.7	102263385;102263388;494560;11969829	COCONUT:(CNP0353002);SUPERNATURAL:(SN0181258);PUBCHEM:(102263385 102263388 494560 11969829);LOTUS:(Q105138494)	271581186.0	276.17	49.0	0.82	7.136869344503027e+17	7.136868163974179e+17	
261	LTUMHXPXPQDFAN	isdb	CC(C)C[C@H](NC(=O)[C@H]1C[C@@H]1C(=O)O)C(=O)NCCCc1c[nH]c(=N)[nH]1																																													57.0	Amino acids and Peptides	0.2	Small peptides	0.2	Tripeptides	0.2	2.0	0.25116032	ISDB	http://www.wikidata.org/entity/Q77503831	LTUMHXPXPQDFAN-AVGNSLFASA-N	InChI=1S/C17H27N5O4/c1-9(2)6-13(22-14(23)11-7-12(11)16(25)26)15(24)19-5-3-4-10-8-20-17(18)21-10/h8-9,11-13H,3-7H2,1-2H3,(H,19,24)(H,22,23)(H,25,26)(H3,18,20,21)/t11-,12-,13-/m0/s1	CC(C)C[C@H](NC(=O)[C@H]1C[C@@H]1C(=O)O)C(=O)NCCCc1c[nH]c(=N)[nH]1	C17H27N5O4		365.206304344	(1S,2S)-2-[[(2S)-1-[3-(2-amino-1H-imidazol-5-yl)propylamino]-4-methyl-1-oxopentan-2-yl]carbamoyl]cyclopropane-1-carboxylic acid	Amino acids and Peptides	Small peptides	Tripeptides	http://www.wikidata.org/entity/Q10414566	Aphanoascus fulvescens	883764.0	['Eukaryota']	['Fungi']	['Ascomycota']	['Eurotiomycetes']	['Onygenales']	['Onygenaceae']	['Unknown']	['Aphanoascus']	['Aphanoascus fulvescens']											0.0	3.0	2.50464129447937	1.0																								
261	UWHRBDRPOIGEGO	sirius	CC(C=O)NC(=O)C(C)NC(=O)C(C)NC(=O)C1CCCN1C(=O)C(C)N																																																																																												1.0	2.0	0.744	0.744	-256.741	0.2	0.333	87.907	C17H29N5O5	[M - H2O + H]+	C17H28N5O4+	InChI=1S/C17H29N5O5/c1-9(8-23)19-14(24)11(3)20-15(25)12(4)21-16(26)13-6-5-7-22(13)17(27)10(2)18/h8-13H,5-7,18H2,1-4H3,(H,19,24)(H,20,25)(H,21,26)	H-Ala-Pro-Ala-Ala-Ala-al	CC(C=O)NC(=O)C(C)NC(=O)C(C)NC(=O)C1CCCN1C(=O)C(C)N	-1.28	145704665	PUBCHEMANNOTATIONBIO:(null);PUBCHEM:(145704665)	16777218.0	366.213	50.0	0.83	7.13686941849056e+17	7.136868165609957e+17	
262	GCVNQDGAJHEDJP	sirius	CCOC(=O)NC1CC(OC1=O)(C)C																																																																																												1.0	1.0	0.127	0.127	-211.195	0.8	0.333	106.027	C9H15NO4	[M + H3N + H]+	C9H19N2O4+	InChI=1S/C9H15NO4/c1-4-13-8(12)10-6-5-9(2,3)14-7(6)11/h6H,4-5H2,1-3H3,(H,10,12)	(S)-3-(Ethoxycarbonylamino)-5,5-dimethyl-4,5-dihydrofuran-2(3H)-one	CCOC(=O)NC1CC(OC1=O)(C)C	1.0	11148348;53715	PUBCHEMANNOTATIONSAFETYANDTOXIC:(null);PUBCHEM:(11148348 53715);DSSTox:(DTXSID80998890)	137506062338.0	219.134	50.0	0.826	7.136869247320991e+17	7.136868164393609e+17	
262	NFDYGNFETJVMSE	gnps|isdb	CC(C)C[C@H](NC(=O)[C@@H](N)CO)C(=O)O	CCMSLIB00003139078	spectra_filtered.mgf	GNPS-NIST14-MATCHES.mgf	0.970178	62410500.0	0.0	1.18375	7.0	0.000259399	219.134	1.0	temp/spectra_filtered.mgf262	1.0	Spectral Match to Ser-Leu from NIST14	ESI	qTof	Isolated	Data from Chris Turck	Data deposited by fevargas	M+H	219.134	218.127	1.0	6665163		CC(C)C[C@@H](C(=O)O)NC(=O)[C@H](CO)N	InChI=1S/C9H18N2O4/c1-5(2)3-7(9(14)15)11-8(13)6(10)4-12/h5-7,12H,3-4,10H2,1-2H3,(H,11,13)(H,14,15)/t6-,7-/m0/s1		3.0	Positive	GNPS-NIST14-MATCHES	219.134	UPDATE-SINGLE-ANNOTATED-BRONZE	Bronze		C9H18N2O4	NFDYGNFETJVMSE-BQBZGAKWSA-N	Organic acids and derivatives	Carboxylic acids and derivatives	Amino acids, peptides, and analogues	Small peptides	Dipeptides	Amino acids and Peptides	mzspec:GNPS:GNPS-LIBRARY:CCMSLIB00003139078	7.0	Amino acids and Peptides	0.4761904761904761	Small peptides	0.4642857142857143	Dipeptides	0.4285714285714285	1.0	0.8482688	ISDB	http://www.wikidata.org/entity/Q27144925	NFDYGNFETJVMSE-BQBZGAKWSA-N	InChI=1S/C9H18N2O4/c1-5(2)3-7(9(14)15)11-8(13)6(10)4-12/h5-7,12H,3-4,10H2,1-2H3,(H,11,13)(H,14,15)/t6-,7-/m0/s1	CC(C)C[C@H](NC(=O)[C@@H](N)CO)C(=O)O	C9H18N2O4		218.126657056	Ser-Leu	Amino acids and Peptides	Small peptides	Dipeptides	http://www.wikidata.org/entity/Q4688339	Aeromonas veronii	704628.0	['Bacteria']	['Unknown']	['Proteobacteria']	['Gammaproteobacteria']	['Aeromonadales']	['Aeromonadaceae']	['Unknown']	['Aeromonas']	['Aeromonas veronii']											0.0	3.0	4.893075227737427	1.0																								
263	YBAFDPFAUTYYRW	isdb|sirius	CC(C)CC(C(=O)O)NC(=O)C(CCC(=O)O)N																																													7.0	Amino acids and Peptides	0.4761904761904761	Small peptides	0.4642857142857143	Dipeptides	0.4285714285714285	1.0	0.5026039	ISDB	http://www.wikidata.org/entity/Q27140586	YBAFDPFAUTYYRW-YUMQZZPRSA-N	InChI=1S/C11H20N2O5/c1-6(2)5-8(11(17)18)13-10(16)7(12)3-4-9(14)15/h6-8H,3-5,12H2,1-2H3,(H,13,16)(H,14,15)(H,17,18)/t7-,8-/m0/s1	CC(C)C[C@H](NC(=O)[C@@H](N)CCC(=O)O)C(=O)O	C11H20N2O5		260.13722174	Glu-Leu	Amino acids and Peptides	Small peptides	Dipeptides	http://www.wikidata.org/entity/Q33244	Trypanosoma brucei	494245.0	['Eukaryota']	['Unknown']	['Unknown']	['Unknown']	['Kinetoplastea']	['Unknown']	['Unknown']	['Trypanosoma']	['Trypanosoma brucei']											0.0	3.0	3.510415554046631	1.0	1.0	2.0	0.952	0.952	-55.394	0.2	0.333	100.497	C11H20N2O5	[M + H]+	C11H21N2O5+	InChI=1S/C11H20N2O5/c1-6(2)5-8(11(17)18)13-10(16)7(12)3-4-9(14)15/h6-8H,3-5,12H2,1-2H3,(H,13,16)(H,14,15)(H,17,18)	2-(2-amino-4-carboxybutanamido)-4-methylpentanoic acid	CC(C)CC(C(=O)O)NC(=O)C(CCC(=O)O)N	-0.457	64887981;64888761;9856500;124433150;91974018;79001418;122173491	PUBCHEMANNOTATIONBIO:(null);COCONUT:(CNP0128313);HMDB:(HMDB0028823);CHEBI:(73506);SUPERNATURAL:(SN0445471);FooDB:(FDB111867);PUBCHEM:(64887981 64888761 9856500 124433150 91974018 79001418 122173491);DSSTox:(DTXSID201315070);LOTUS:(Q27140586);PUBMED:(null)	138264182890.0	261.144	48.0	0.801	7.136869450031731e+17	7.13686816095428e+17	
264	NFDYGNFETJVMSE	sirius	CC(C)CC(C(=O)O)NC(=O)C(CO)N																																																																																												1.0	2.0	0.805	0.805	-63.429	0.2	0.333	75.277	C9H18N2O4	[M - H2O + H]+	C9H17N2O3+	InChI=1S/C9H18N2O4/c1-5(2)3-7(9(14)15)11-8(13)6(10)4-12/h5-7,12H,3-4,10H2,1-2H3,(H,11,13)(H,14,15)	2-(2-amino-3-hydroxypropanamido)-4-methylpentanoic acid	CC(C)CC(C(=O)O)NC(=O)C(CO)N	-1.0	23274093;129890922;7015694;7015695;6427005;13919048	PUBCHEMANNOTATIONBIO:(null);HMDB:(HMDB0029043 HMDB0258242);BloodExposome:(13919048);SUPERNATURAL:(SN0243825);FooDB:(FDB112051);PUBCHEM:(23274093 129890922 7015694 7015695 6427005 13919048);GNPS:(CCMSLIB00003137823);COCONUT:(CNP0326211);METACYC:(CPD-20387);CHEBI:(74815);DSSTox:(DTXSID401314642 DTXSID60875837);LOTUS:(Q27144925);PUBCHEMANNOTATIONDRUG:(null);PUBMED:(null)	138301937770.0	201.123	50.0	0.829	7.136869276471407e+17	7.136868165190527e+17	
265	YBRHKUNWEYBZGT	isdb																																														-1.0							1.0	0.4797107	ISDB															['Unknown']	['Unknown']	['Unknown']	['Unknown']	['Unknown']	['Unknown']	['Unknown']	['Unknown']	['Unknown']											0.0	0.0	1.9188427925109863	1.0																								
265	ZNPRCYONGRYBAZ	sirius	CC(C)C(C(=O)O)NC(=O)C(=O)C1=CNC2=CC=CC=C21																																																																																												1.0	1.0	0.428	0.428	-256.236	0.825	0.333	81.477	C15H16N2O4	[M + H3N + H]+	C15H20N3O4+	InChI=1S/C15H16N2O4/c1-8(2)12(15(20)21)17-14(19)13(18)10-7-16-11-6-4-3-5-9(10)11/h3-8,12,16H,1-2H3,(H,17,19)(H,20,21)	DL-N-(3-Indolyloxalyl)valine	CC(C)C(C(=O)O)NC(=O)C(=O)C1=CNC2=CC=CC=C21	1.534	24847656	PUBCHEMANNOTATIONSAFETYANDTOXIC:(null);PUBCHEM:(24847656);DSSTox:(DTXSID50913893);PUBMED:(null)	137506062402.0	306.145	50.0	0.831	7.136869332842861e+17	7.136868166029388e+17	
267	BCXBIONYYJCSDF	sirius	CCC(C)C(C(=O)NC(C(C)C)C(=O)O)N																																																																																												1.0	1.0	0.532	0.861	-77.06	0.998	0.71	14.692	C11H22N2O3	[M + Na]+	C11H22N2NaO3+	InChI=1S/C11H22N2O3/c1-5-7(4)8(12)10(14)13-9(6(2)3)11(15)16/h6-9H,5,12H2,1-4H3,(H,13,14)(H,15,16)	2-(2-amino-3-methylpentanamido)-3-methylbutanoic acid	CCC(C)C(C(=O)NC(C(C)C)C(=O)O)N	0.62	65545719;65545861;5246011;7408133;92272852;92272853;92272854;133126520;148548801;129367333;61157159;61172430;61173944;13879964;79011259;435949;449407	PUBCHEMANNOTATIONBIO:(null);HMDB:(HMDB0028920);BloodExposome:(435949 449407);SUPERNATURAL:(SN0022161);MESH:(435949 449407 7408133);FooDB:(FDB111948);PUBCHEM:(65545719 65545861 5246011 7408133 92272852 92272853 92272854 133126520 148548801 129367333 61157159 61172430 61173944 13879964 79011259 435949 449407);GNPS:(CCMSLIB00003138140);COCONUT:(CNP0249355);METACYC:(CPD-20379);CHEBI:(74327);DSSTox:(DTXSID20961386);LOTUS:(Q27144617);PUBCHEMANNOTATIONDRUG:(null);PUBMED:(null)	138301937774.0	253.152	51.0	0.85	7.136869524312864e+17	7.136868170223693e+17	
268	RYJRPPUATSKNAY	sirius	CCC(C)C(C(=O)NC(CC1=CC=C(C=C1)O)C(=O)O)NC(=O)C2CCCN2																																																																																												1.0	1.0	0.262	0.262	-273.043	0.844	0.333	64.345	C20H29N3O5	[M + H3N + H]+	C20H33N4O5+	InChI=1S/C20H29N3O5/c1-3-12(2)17(23-18(25)15-5-4-10-21-15)19(26)22-16(20(27)28)11-13-6-8-14(24)9-7-13/h6-9,12,15-17,21,24H,3-5,10-11H2,1-2H3,(H,22,26)(H,23,25)(H,27,28)	3-(4-Hydroxyphenyl)-2-[[3-methyl-2-(pyrrolidine-2-carbonylamino)pentanoyl]amino]propanoic acid	CCC(C)C(C(=O)NC(CC1=CC=C(C=C1)O)C(=O)O)NC(=O)C2CCCN2	1.758	145457501;18223600	CHEBI:(162413);PUBCHEM:(145457501 18223600)	34.0	409.244	51.0	0.846	7.136869328606612e+17	7.136868168671799e+17	
269	SXNFEDKGWNTYFA	sirius	CCC(C)C(C(=O)OC)NC(=O)C(C(C)C)NC(=O)C(C(C)C)NC(=O)OC(C)(C)C																																																																																												1.0	1.0	0.131	0.131	-194.987	0.8	0.138	22.786	C22H41N3O6	[M + H3N + H]+	C22H45N4O6+	InChI=1S/C22H41N3O6/c1-11-14(6)17(20(28)30-10)24-18(26)15(12(2)3)23-19(27)16(13(4)5)25-21(29)31-22(7,8)9/h12-17H,11H2,1-10H3,(H,23,27)(H,24,26)(H,25,29)	Boc-Val-Val-Ile-OMe	CCC(C)C(C(=O)OC)NC(=O)C(C(C)C)NC(=O)C(C(C)C)NC(=O)OC(C)(C)C	3.288	54329785	PUBCHEM:(54329785)	2.0	461.333	51.0	0.849	7.136869502879969e+17	7.136868169720375e+17	
270	CVGLLQKPAMHDMO	sirius	CC(C(=O)NC(C)C(=O)N1CCCC1C(=O)NC(C)C(C)(O)O)NC(=O)CCC(=O)OC																																																																																												1.0	2.0	0.292	0.292	-328.935	0.212	0.333	47.588	C20H34N4O8	[M - H2O + H]+	C20H33N4O7+	InChI=1S/C20H34N4O8/c1-11(21-15(25)8-9-16(26)32-5)17(27)22-12(2)19(29)24-10-6-7-14(24)18(28)23-13(3)20(4,30)31/h11-14,30-31H,6-10H2,1-5H3,(H,21,25)(H,22,27)(H,23,28)	methyl 4-[[(2S)-1-[[(2S)-1-[(2S)-2-[[(2S)-3,3-dihydroxybutan-2-yl]carbamoyl]pyrrolidin-1-yl]-1-oxopropan-2-yl]amino]-1-oxopropan-2-yl]amino]-4-oxobutanoate	CC(C(=O)NC(C)C(=O)N1CCCC1C(=O)NC(C)C(C)(O)O)NC(=O)CCC(=O)OC	-0.775	5496578	PUBCHEMANNOTATIONBIO;PUBCHEM:(5496578)	16777218.0	441.234	50.0	0.837	7.136869387494648e+17	7.136868167329622e+17	
272	NUXSIDPKKIEIMI	isdb	N[C@@H](CCCCNCC(=O)O)C(=O)O																																													-1.0							1.0	0.38864872	ISDB	http://www.wikidata.org/entity/Q76010404	NUXSIDPKKIEIMI-LURJTMIESA-N	InChI=1S/C8H16N2O4/c9-6(8(13)14)3-1-2-4-10-5-7(11)12/h6,10H,1-5,9H2,(H,11,12)(H,13,14)/t6-/m0/s1	N[C@@H](CCCCNCC(=O)O)C(=O)O	C8H16N2O4		204.111006992	(2S)-2-azaniumyl-6-(carboxylatomethylazaniumyl)hexanoate	Amino acids and Peptides	Small peptides	Aminoacids	http://www.wikidata.org/entity/Q221179	Streptococcus pneumoniae	699152.0	['Bacteria']	['Unknown']	['Firmicutes']	['Bacilli']	['Lactobacillales']	['Streptococcaceae']	['Unknown']	['Streptococcus']	['Streptococcus pneumoniae']											0.0	0.0	1.554594874382019	1.0																								
273	IVGNITNPTLTGIT	sirius	C1=CC=C(C(=C1)C(=O)O)NC2=CC=CC=C2N																																																																																												1.0	1.0	0.097	0.097	-179.084	1.0	0.333	32.985	C13H12N2O2	[M - H2O + H]+	C13H11N2O+	InChI=1S/C13H12N2O2/c14-10-6-2-4-8-12(10)15-11-7-3-1-5-9(11)13(16)17/h1-8,15H,14H2,(H,16,17)	Anthranilic acid, N-(o-aminophenyl)-	C1=CC=C(C(=C1)C(=O)O)NC2=CC=CC=C2N	2.175	154389929;214103;90480767	PUBCHEMANNOTATIONSAFETYANDTOXIC:(null);PUBCHEM:(154389929 214103 90480767);DSSTox:(DTXSID60182058)	137506062338.0	211.086	51.0	0.844	7.136869367781418e+17	7.136868168294312e+17	
275	IDMRETVRRPHMEG	sirius	CCC(C)C(C(=O)N1CCC(CC1)C(=O)NC(C(C)C)C(=O)O)N																																																																																												1.0	1.0	0.293	0.293	-200.537	0.8	0.333	60.724	C17H31N3O4	[M + H3N + H]+	C17H35N4O4+	InChI=1S/C17H31N3O4/c1-5-11(4)13(18)16(22)20-8-6-12(7-9-20)15(21)19-14(10(2)3)17(23)24/h10-14H,5-9,18H2,1-4H3,(H,19,21)(H,23,24)	2-{[1-(2-amino-3-methylpentanoyl)piperidin-4-yl]formamido}-3-methylbutanoic acid	CCC(C)C(C(=O)N1CCC(CC1)C(=O)NC(C(C)C)C(=O)O)N	-1.0	16403357;4836810;135639382;1793369;1793370;25572856	COCONUT:(CNP0387335);SUPERNATURAL:(SN0142699);PUBCHEM:(16403357 4836810 135639382 1793369 1793370 25572856)	3145730.0	359.265	51.0	0.847	7.136869605179057e+17	7.136868169426774e+17	
276	PNDMHTTXXPUQJH	sirius	CCC(C)C(C(=O)NC(CCC(=O)O)C(=O)NC(C(C)O)C(=O)O)N																																																																																												1.0	2.0	0.497	0.497	-236.504	0.2	0.333	64.985	C15H27N3O7	[M - H2O + H]+	C15H26N3O6+	InChI=1S/C15H27N3O7/c1-4-7(2)11(16)14(23)17-9(5-6-10(20)21)13(22)18-12(8(3)19)15(24)25/h7-9,11-12,19H,4-6,16H2,1-3H3,(H,17,23)(H,18,22)(H,20,21)(H,24,25)	4-[(2-Amino-3-methylpentanoyl)amino]-5-[(1-carboxy-2-hydroxypropyl)amino]-5-oxopentanoic acid	CCC(C)C(C(=O)NC(CCC(=O)O)C(=O)NC(C(C)O)C(=O)O)N	-1.208	145456140;18221713	CHEBI:(158402);PUBCHEM:(145456140 18221713)	34.0	344.181	51.0	0.849	7.13686958500445e+17	7.136868169972035e+17	
277	HUNKOLLSBWNBAS	isdb	CC[C@H](C)[C@@H]1NC(=O)[C@H](CCC(=O)O)NC1=O																																													7.0	Amino acids and Peptides	0.4761904761904761	Small peptides	0.4642857142857143	Dipeptides	0.4285714285714285	3.0	0.30225953	ISDB	http://www.wikidata.org/entity/Q105033926	HUNKOLLSBWNBAS-ZKWXMUAHSA-N	InChI=1S/C11H18N2O4/c1-3-6(2)9-11(17)12-7(10(16)13-9)4-5-8(14)15/h6-7,9H,3-5H2,1-2H3,(H,12,17)(H,13,16)(H,14,15)/t6-,7-,9-/m0/s1	CC[C@H](C)[C@@H]1NC(=O)[C@H](CCC(=O)O)NC1=O	C11H18N2O4		242.126657056	3-[(2S,5S)-5-[(2S)-butan-2-yl]-3,6-dioxopiperazin-2-yl]propanoic acid	Amino acids and Peptides	Small peptides	Dipeptides	http://www.wikidata.org/entity/Q104838133	Streptomyces nigra	5883224.0	['Bacteria']	['Unknown']	['Actinobacteria']	['Unknown']	['Streptomycetales']	['Streptomycetaceae']	['Unknown']	['Streptomyces']	['Streptomyces nigra']											0.0	3.0	2.7090381383895874	1.0																								
277	MKCVLTRITQNGQI	gnps	O=C(N[C@H](C(O)=O)[C@@H](C)CC)[C@H]1NC(CC1)=O	CCMSLIB00003137597	spectra_filtered.mgf	GNPS-NIST14-MATCHES.mgf	0.624105	32832900.0	0.0	1.19242	6.0	0.000289917	243.134	1.0	temp/spectra_filtered.mgf277	1.0	Spectral Match to PyroGlu-Ile from NIST14	LC-ESI	qTof	Isolated	Data from Dr. Katherine R. Duncan	Data deposited by kduncan	M+H	243.134	0.0	1.0			O=C(N[C@H](C(O)=O)[C@@H](C)CC)[C@H]1NC(CC1)=O	InChI=1S/C11H18N2O4/c1-3-6(2)9(11(16)17)13-10(15)7-4-5-8(14)12-7/h6-7,9H,3-5H2,1-2H3,(H,12,14)(H,13,15)(H,16,17)/t6-,7-,9-/m0/s1		3.0	Positive	GNPS-NIST14-MATCHES	243.134	UPDATE-SINGLE-ANNOTATED-BRONZE	Bronze		C11H18N2O4	MKCVLTRITQNGQI-ZKWXMUAHSA-N	Organic acids and derivatives	Carboxylic acids and derivatives	Amino acids, peptides, and analogues	Small peptides	Dipeptides	Amino acids and Peptides	mzspec:GNPS:GNPS-LIBRARY:CCMSLIB00003137597																																																																							
277	YBAFDPFAUTYYRW	sirius	CC(C)CC(C(=O)O)NC(=O)C(CCC(=O)O)N																																																																																												1.0	2.0	0.84	0.84	-58.886	0.2	0.333	104.112	C11H20N2O5	[M - H2O + H]+	C11H19N2O4+	InChI=1S/C11H20N2O5/c1-6(2)5-8(11(17)18)13-10(16)7(12)3-4-9(14)15/h6-8H,3-5,12H2,1-2H3,(H,13,16)(H,14,15)(H,17,18)	2-(2-amino-4-carboxybutanamido)-4-methylpentanoic acid	CC(C)CC(C(=O)O)NC(=O)C(CCC(=O)O)N	-0.457	64887981;64888761;9856500;124433150;91974018;79001418;122173491	PUBCHEMANNOTATIONBIO:(null);COCONUT:(CNP0128313);HMDB:(HMDB0028823);CHEBI:(73506);SUPERNATURAL:(SN0445471);FooDB:(FDB111867);PUBCHEM:(64887981 64888761 9856500 124433150 91974018 79001418 122173491);DSSTox:(DTXSID201315070);LOTUS:(Q27140586);PUBMED:(null)	138264182890.0	243.134	51.0	0.847	7.136869721277408e+17	7.13686816909123e+17	
278	IWVIMZWOKNCJOY	sirius	CC(C)C(C(=O)NC(CCS(=O)C)C(=O)O)N																																																																																												1.0	1.0	0.363	0.363	-208.237	1.0	0.333	74.897	C10H20N2O4S	[M - H2O + H]+	C10H19N2O3S+	InChI=1S/C10H20N2O4S/c1-6(2)8(11)9(13)12-7(10(14)15)4-5-17(3)16/h6-8H,4-5,11H2,1-3H3,(H,12,13)(H,14,15)	2-(2-amino-3-methylbutanamido)-4-methanesulfinylbutanoic acid	CC(C)C(C(=O)NC(CCS(=O)C)C(=O)O)N	-1.31	91746311	COCONUT:(CNP0347436);SUPERNATURAL:(SN0157389);PUBCHEM:(91746311)	3145730.0	247.111	51.0	0.848	7.136869535427771e+17	7.136868167077964e+17	
278	MTWJTFBVRDGROD	isdb																																														30.0	Polyketides	0.5	Small peptides	0.5	Dipeptides	0.5	1.0	0.6777962	ISDB															['Unknown']	['Unknown']	['Unknown']	['Unknown']	['Unknown']	['Unknown']	['Unknown']	['Unknown']	['Unknown']											0.0	0.0	2.7111847400665283	1.0																								
280	OJXNSJRNAYHZJI	sirius	CC(C)C(C(=O)O)NC(=O)CCCC=C																																																																																												1.0	1.0	0.317	0.317	-257.437	0.8	0.333	40.675	C11H19NO3	[M + H3N + H]+	C11H23N2O3+	InChI=1S/C11H19NO3/c1-4-5-6-7-9(13)12-10(8(2)3)11(14)15/h4,8,10H,1,5-7H2,2-3H3,(H,12,13)(H,14,15)	(2S)-2-(Hex-5-enoylamino)-3-methylbutanoic acid	CC(C)C(C(=O)O)NC(=O)CCCC=C	1.9	119359893;119368688	PUBCHEMANNOTATIONSAFETYANDTOXIC:(null);PUBCHEM:(119359893 119368688)	67108866.0	231.17	54.0	0.905	7.136869761668561e+17	7.136868174669655e+17	
280	XCTHZFGSVQBHBW	gnps	CC(C)C[C@@H](C(=O)O)NC(=O)[C@H](C(C)C)N	CCMSLIB00003136637	spectra_filtered.mgf	GNPS-NIST14-MATCHES.mgf	0.925967	2125700000.0	0.0	3.63036	7.0	0.000839233	231.17	1.0	temp/spectra_filtered.mgf280	1.0	Spectral Match to Val-Leu from NIST14	ESI	QQQ	Isolated	Data from Pieter Dorrestein	Data deposited by lfnothias	M+H	231.171	230.163	1.0	3989977		CC(C)C[C@@H](C(=O)O)NC(=O)[C@H](C(C)C)N	InChI=1S/C11H22N2O3/c1-6(2)5-8(11(15)16)13-10(14)9(12)7(3)4/h6-9H,5,12H2,1-4H3,(H,13,14)(H,15,16)/t8-,9-/m0/s1		3.0	Positive	GNPS-NIST14-MATCHES	231.171	UPDATE-SINGLE-ANNOTATED-BRONZE	Bronze		C11H22N2O3	XCTHZFGSVQBHBW-IUCAKERBSA-N	Organic acids and derivatives	Carboxylic acids and derivatives	Amino acids, peptides, and analogues	Small peptides	Dipeptides	Amino acids and Peptides	mzspec:GNPS:GNPS-LIBRARY:CCMSLIB00003136637																																																																							
282	JAQGKXUEKGKTKX	isdb																																														7.0	Amino acids and Peptides	0.4761904761904761	Small peptides	0.4642857142857143	Dipeptides	0.4285714285714285	1.0	0.7228321	ISDB															['Unknown']	['Unknown']	['Unknown']	['Unknown']	['Unknown']	['Unknown']	['Unknown']	['Unknown']	['Unknown']											0.0	0.0	2.8913283348083496	1.0																								
282	LEEDEKWKJVUWGA	sirius	C1=CC(=CC=C1CC(C(=O)O)NC(=O)C=CC2=CC=C(C=C2)O)O																																																																																												1.0	1.0	0.963	0.979	-93.241	0.798	0.333	61.179	C18H17NO5	[M + H3N + H]+	C18H21N2O5+	InChI=1S/C18H17NO5/c20-14-6-1-12(2-7-14)5-10-17(22)19-16(18(23)24)11-13-3-8-15(21)9-4-13/h1-10,16,20-21H,11H2,(H,19,22)(H,23,24)	3-(4-hydroxyphenyl)-2-[3-(4-hydroxyphenyl)prop-2-enamido]propanoic acid	C1=CC(=CC=C1CC(C(=O)O)NC(=O)C=CC2=CC=C(C=C2)O)O	2.324	74346575;15825666;51136557;54028893;132497942;133556556;24891365	PUBCHEMANNOTATIONBIO:(null);HMDB:(HMDB0039502);SUPERNATURAL:(SN0203022);MESH:(15825666);FooDB:(FDB019109);PUBCHEM:(74346575 15825666 51136557 54028893 132497942 133556556 24891365);GNPS:(CCMSLIB00000849592 CCMSLIB00000854517);COCONUT:(CNP0181780);NORMAN:(NS00097271);CHEBI:(172556 181160);DSSTox:(DTXSID60708510);LOTUS:(Q105150516 Q105150517);PUBCHEMANNOTATIONDRUG:(null);PUBMED:(null)	138298003566.0	345.144	52.0	0.867	7.136869537315208e+17	7.136868170727009e+17	
284	ARYSQCLMTCZQTA	sirius	CC(C)CC(C(C(=O)NC(C(C)C)C(=O)NC(C(C)C)C(=O)N1CCCC1C(=O)O)O)N																																																																																												1.0	1.0	0.346	0.346	-279.977	1.0	0.82	15.229	C22H40N4O6	[M + Na]+	C22H40N4NaO6+	InChI=1S/C22H40N4O6/c1-11(2)10-14(23)18(27)20(29)24-16(12(3)4)19(28)25-17(13(5)6)21(30)26-9-7-8-15(26)22(31)32/h11-18,27H,7-10,23H2,1-6H3,(H,24,29)(H,25,28)(H,31,32)	H-bAla(2-OH,3-iBu)-DL-Val-DL-Val-DL-Pro-OH	CC(C)CC(C(C(=O)NC(C(C)C)C(=O)NC(C(C)C)C(=O)N1CCCC1C(=O)O)O)N	-0.8	12854542	PUBCHEM:(12854542)	2.0	479.284	52.0	0.874	7.136869537021606e+17	7.136868170978668e+17	
285	QORZOJLEBCJYBI	isdb	COC[C@H](OC)[C@H](OC)[C@H](O[C@@H]1O[C@H](COC)[C@@H](OC)[C@H](OC)[C@H]1OC)[C@@H](COC)OC																																													30.0	Polyketides	0.5	Small peptides	0.5	Dipeptides	0.5	4.0	0.0	MS1_match	http://www.wikidata.org/entity/Q105225086	QORZOJLEBCJYBI-OJELLXEISA-N	InChI=1S/C21H42O11/c1-22-10-13(25-4)16(27-6)18(14(26-5)11-23-2)32-21-20(30-9)19(29-8)17(28-7)15(31-21)12-24-3/h13-21H,10-12H2,1-9H3/t13-,14+,15+,16-,17+,18+,19-,20+,21-/m0/s1	COC[C@H](OC)[C@H](OC)[C@H](O[C@@H]1O[C@H](COC)[C@@H](OC)[C@H](OC)[C@H]1OC)[C@@H](COC)OC	C21H42O11	pos_2_1magnesium	470.272712164	(2R,3R,4S,5R,6S)-3,4,5-trimethoxy-2-(methoxymethyl)-6-[(2R,3R,4S,5S)-1,2,4,5,6-pentamethoxyhexan-3-yl]oxyoxane	Polyketides			http://www.wikidata.org/entity/Q131143	Pseudomonas	281374.0	['Bacteria']	['Unknown']	['Proteobacteria']	['Gammaproteobacteria']	['Pseudomonadales']	['Pseudomonadaceae']	['Unknown']	['Pseudomonas']	['Unknown']		['Bacteria']		['Proteobacteria']	['Gammaproteobacteria']	['Pseudomonadales']	['Pseudomonadaceae']		['Pseudomonas']		6.0	1.0	6.5	1.0																								
285	WNQDWXGJKCAQMD	sirius	CCC(C)C(C(=O)O)NC(=O)C=CC(=O)O																																																																																												1.0	1.0	0.446	0.446	-104.087	0.8	0.333	70.168	C10H15NO5	[M + H3N + H]+	C10H19N2O5+	InChI=1S/C10H15NO5/c1-3-6(2)9(10(15)16)11-7(12)4-5-8(13)14/h4-6,9H,3H2,1-2H3,(H,11,12)(H,13,14)(H,15,16)	(2S,3S)-2-[[(Z)-3-carboxyprop-2-enoyl]amino]-3-methylpentanoic acid	CCC(C)C(C(=O)O)NC(=O)C=CC(=O)O	0.5	11543156	PUBCHEM:(11543156)	2.0	247.129	53.0	0.878	7.136869553253565e+17	7.136868171230326e+17	
286	IMBMUUZNQXKOBS	sirius	CC(C)(C)[Si](C)(C)OCCC(C(=O)OC)N																																																																																												1.0	1.0	0.024	0.024	-316.307	0.997	0.007	19.118	C11H25NO3Si	[M - H2O + H]+	C11H24NO2Si+	InChI=1S/C11H25NO3Si/c1-11(2,3)16(5,6)15-8-7-9(12)10(13)14-4/h9H,7-8,12H2,1-6H3	methyl (2R)-2-amino-4-[(tert-butyldimethylsilyl)oxy]butanoate	CC(C)(C)[Si](C)(C)OCCC(C(=O)OC)N	1.939	59464365;141689353;24741317	PUBCHEMANNOTATIONSAFETYANDTOXIC;PUBCHEM:(59464365 141689353 24741317)	67108866.0	230.158	51.0	0.856	7.136869599516744e+17	7.136868170475351e+17	
287	WYBVBIHNJWOLCJ	sirius	CC(C)CC(C(=O)O)NC(=O)C(CCCN=C(N)N)N																																																																																												1.0	2.0	0.567	0.567	-101.892	0.201	0.333	61.832	C12H25N5O3	[M - H2O + H]+	C12H24N5O2+	InChI=1S/C12H25N5O3/c1-7(2)6-9(11(19)20)17-10(18)8(13)4-3-5-16-12(14)15/h7-9H,3-6,13H2,1-2H3,(H,17,18)(H,19,20)(H4,14,15,16)	2-(2-amino-5-carbamimidamidopentanamido)-4-methylpentanoic acid	CC(C)CC(C(=O)O)NC(=O)C(CCCN=C(N)N)N	-0.768	6992562;6992563;92146622;92146623;88425835;333445	PUBCHEMANNOTATIONBIO;COCONUT:(CNP0172058);HMDB:(HMDB0028713);MiMeDB:(MMDBc0057212);BloodExposome:(333445 6992563);CHEBI:(73815);SUPERNATURAL:(SN0423111);FooDB:(FDB111770);PUBCHEM:(6992562 6992563 92146622 92146623 88425835 333445);DSSTox:(DTXSID20426324);PUBCHEMANNOTATIONDRUG	139107237930.0	270.192	53.0	0.881	7.136869639949842e+17	7.136868171481984e+17	
288	CAKBEMYCCHKGSU	isdb	N=C(N)NCCC[C@@H]1NC(=O)[C@H](Cc2ccccc2)NC1=O																																													2.0	Amino acids and Peptides	0.5	Small peptides	0.5	Dipeptides	0.5	1.0	0.62845695	ISDB	http://www.wikidata.org/entity/Q82470454	CAKBEMYCCHKGSU-RYUDHWBXSA-N	InChI=1S/C15H21N5O2/c16-15(17)18-8-4-7-11-13(21)20-12(14(22)19-11)9-10-5-2-1-3-6-10/h1-3,5-6,11-12H,4,7-9H2,(H,19,22)(H,20,21)(H4,16,17,18)/t11-,12-/m0/s1	N=C(N)NCCC[C@@H]1NC(=O)[C@H](Cc2ccccc2)NC1=O	C15H21N5O2		303.169524912	N''-{3-[(2S,5S)-5-Benzyl-3,6-dioxopiperazin-2-yl]propyl}guanidine	Amino acids and Peptides	Small peptides	Dipeptides	http://www.wikidata.org/entity/Q104838133	Streptomyces nigra	5883224.0	['Bacteria']	['Unknown']	['Actinobacteria']	['Unknown']	['Streptomycetales']	['Streptomycetaceae']	['Unknown']	['Streptomyces']	['Streptomyces nigra']		['Bacteria']									1.0	3.0	5.013827800750732	1.0																								
288	PQBHGSGQZSOLIR	sirius	C1=CC=C(C=C1)CC(C(=O)O)NC(=O)C(CCCN=C(N)N)N																																																																																												1.0	2.0	0.749	0.749	-187.383	0.022	0.333	68.318	C15H23N5O3	[M - H2O + H]+	C15H22N5O2+	InChI=1S/C15H23N5O3/c16-11(7-4-8-19-15(17)18)13(21)20-12(14(22)23)9-10-5-2-1-3-6-10/h1-3,5-6,11-12H,4,7-9,16H2,(H,20,21)(H,22,23)(H4,17,18,19)	2-{2-amino-5-[(diaminomethylidene)amino]pentanamido}-3-phenylpropanoic acid	C1=CC=C(C=C1)CC(C(=O)O)NC(=O)C(CCCN=C(N)N)N	-0.28	21970512;4441255;4441256;67791142;7009601;7020017;7020018;150964	PUBCHEMANNOTATIONBIO:(null);HMDB:(HMDB0028716);BloodExposome:(150964);SUPERNATURAL:(SN0292155);MESH:(150964);FooDB:(FDB111773);PUBCHEM:(21970512 4441255 4441256 67791142 7009601 7020017 7020018 150964);GNPS:(CCMSLIB00003139461);COCONUT:(CNP0346903);CHEBI:(189870 73818);DSSTox:(DTXSID30942646);LOTUS:(Q27144134);PUBCHEMANNOTATIONDRUG:(null);PUBMED:(null)	138301935726.0	304.176	53.0	0.885	7.136869658362839e+17	7.136868171775585e+17	
289	UJONZFUECXFOTA	sirius	CC(C)C(C(=O)OC)NC(=O)C(C(C)C)N(C)C(=O)C1CCCN1C(=O)OC(C)(C)C																																																																																												1.0	1.0	0.222	0.222	-204.059	0.8	0.332	43.105	C22H39N3O6	[M + H3N + H]+	C22H43N4O6+	InChI=1S/C22H39N3O6/c1-13(2)16(20(28)30-9)23-18(26)17(14(3)4)24(8)19(27)15-11-10-12-25(15)21(29)31-22(5,6)7/h13-17H,10-12H2,1-9H3,(H,23,26)	Boc-Pro-D-N(Me)Val-Val-OMe	CC(C)C(C(=O)OC)NC(=O)C(C(C)C)N(C)C(=O)C1CCCN1C(=O)OC(C)(C)C	3.2	124079546	PUBCHEM:(124079546)	2.0	459.317	53.0	0.885	7.13686981804001e+17	7.136868172027244e+17	
290	VGYFZLSKHWRJHX	sirius	CC(=CC(=O)NCCCC1C(=O)NC(C(=O)N1)CCCNC(=O)C)CCOC(=O)C																																																																																												1.0	1.0	0.119	0.119	-307.644	0.462	0.333	38.23	C20H32N4O6	[M + H3N + H]+	C20H36N5O6+	InChI=1S/C20H32N4O6/c1-13(8-11-30-15(3)26)12-18(27)22-10-5-7-17-20(29)23-16(19(28)24-17)6-4-9-21-14(2)25/h12,16-17H,4-11H2,1-3H3,(H,21,25)(H,22,27)(H,23,29)(H,24,28)	Trichocyclodipeptide C	CC(=CC(=O)NCCCC1C(=O)NC(C(=O)N1)CCCNC(=O)C)CCOC(=O)C	0.0	162818771;162818772;139589451	COCONUT:(CNP0077416);SUPERNATURAL:(SN0390044);MESH:(139589451);PUBCHEM:(162818771 162818772 139589451);LOTUS:(Q105286220);PUBMED:(null)	271581254.0	442.266	53.0	0.883	7.136869666625619e+17	7.136868172320845e+17	
291	OCYROESYHWUPBP	sirius	CCC(C)C(C(=O)O)NC(=O)C1CCCN1																																																																																												1.0	1.0	0.301	0.301	-168.149	0.996	0.968	39.881	C11H20N2O3	[M + Na]+	C11H20N2NaO3+	InChI=1S/C11H20N2O3/c1-3-7(2)9(11(15)16)13-10(14)8-5-4-6-12-8/h7-9,12H,3-6H2,1-2H3,(H,13,14)(H,15,16)	3-methyl-2-[(pyrrolidin-2-yl)formamido]pentanoic acid	CCC(C)C(C(=O)O)NC(=O)C1CCCN1	0.827	103869473;16397737;7079600;7079601;92174300;133126585;104901042;61159030;61173136;61174501;104014;3764656	COCONUT:(CNP0218391);HMDB:(HMDB0304810);METACYC:(CPD-20356);CHEBI:(74790);SUPERNATURAL:(SN0262042);MESH:(104014 7079601);FooDB:(FDB098399);PUBCHEM:(103869473 16397737 7079600 7079601 92174300 133126585 104901042 61159030 61173136 61174501 104014 3764656);DSSTox:(DTXSID20874265 DTXSID50966248);GNPS:(CCMSLIB00003135124 CCMSLIB00003136156);PUBMED:(null)	137978976366.0	251.136	54.0	0.894	7.136869703116069e+17	7.136868173159706e+17	
292	CHYAYDLYYIJCKY	sirius	CCC(C)C(C(=O)O)NC(=O)C(C(C)O)NC(=O)C1CCCN1																																																																																												1.0	1.0	0.138	0.138	-223.201	0.998	0.333	67.98	C15H27N3O5	[M - H2O + H]+	C15H26N3O4+	InChI=1S/C15H27N3O5/c1-4-8(2)11(15(22)23)17-14(21)12(9(3)19)18-13(20)10-6-5-7-16-10/h8-12,16,19H,4-7H2,1-3H3,(H,17,21)(H,18,20)(H,22,23)	2-[[3-Hydroxy-2-(pyrrolidine-2-carbonylamino)butanoyl]amino]-3-methylpentanoic acid	CCC(C)C(C(=O)O)NC(=O)C(C(C)O)NC(=O)C1CCCN1	0.077	145457591;18223716	CHEBI:(162675);PUBCHEM:(145457591 18223716)	34.0	312.191	53.0	0.886	7.136869722116269e+17	7.136868172572503e+17	
292	DOFAQXCYFQKSHT	isdb	CC(C)[C@H](N)C(=O)N1CCC[C@H]1C(=O)N1CCC[C@H]1C(=O)O																																													1.0	Amino acids and Peptides	0.1219512195121951	Small peptides	0.1097560975609756	Tripeptides	0.073170731707317	1.0	0.6553094	ISDB	http://www.wikidata.org/entity/Q27143860	DOFAQXCYFQKSHT-SRVKXCTJSA-N	InChI=1S/C15H25N3O4/c1-9(2)12(16)14(20)17-7-3-5-10(17)13(19)18-8-4-6-11(18)15(21)22/h9-12H,3-8,16H2,1-2H3,(H,21,22)/t10-,11-,12-/m0/s1	CC(C)[C@H](N)C(=O)N1CCC[C@H]1C(=O)N1CCC[C@H]1C(=O)O	C15H25N3O4		311.18450628	Val-pro-pro	Amino acids and Peptides	Small peptides	Tripeptides	http://www.wikidata.org/entity/Q33244	Trypanosoma brucei	494245.0	['Eukaryota']	['Unknown']	['Unknown']	['Unknown']	['Kinetoplastea']	['Unknown']	['Unknown']	['Trypanosoma']	['Trypanosoma brucei']											0.0	3.0	4.121237516403198	1.0																								
293	LMKGVUJKILHRCE	sirius	C=COC(=O)NC(CC1=CC=CC=C1)C(=O)O																																																																																												1.0	1.0	0.674	0.674	-190.122	0.8	0.333	76.505	C12H13NO4	[M + H3N + H]+	C12H17N2O4+	InChI=1S/C12H13NO4/c1-2-17-12(16)13-10(11(14)15)8-9-6-4-3-5-7-9/h2-7,10H,1,8H2,(H,13,16)(H,14,15)	2-(Ethenoxycarbonylamino)-3-phenylpropanoic acid	C=COC(=O)NC(CC1=CC=CC=C1)C(=O)O	1.931	6452065;92161700;269992	NORMAN:(NS00031638);PUBCHEM:(6452065 92161700 269992);DSSTox:(DTXSID20196954)	137439215618.0	253.118	55.0	0.912	7.136869647583476e+17	7.136868175382687e+17	
293	PPQRSMGDOHLTBE	isdb	N[C@@H](CO)C(=O)N[C@@H](Cc1ccccc1)C(=O)O																																													7.0	Amino acids and Peptides	0.4761904761904761	Small peptides	0.4642857142857143	Dipeptides	0.4285714285714285	1.0	0.7182887	ISDB	http://www.wikidata.org/entity/Q27139262	PPQRSMGDOHLTBE-UWVGGRQHSA-N	InChI=1S/C12H16N2O4/c13-9(7-15)11(16)14-10(12(17)18)6-8-4-2-1-3-5-8/h1-5,9-10,15H,6-7,13H2,(H,14,16)(H,17,18)/t9-,10-/m0/s1	N[C@@H](CO)C(=O)N[C@@H](Cc1ccccc1)C(=O)O	C12H16N2O4		252.111006992	Ser-phe	Amino acids and Peptides	Small peptides	Dipeptides	http://www.wikidata.org/entity/Q158695	Arabidopsis thaliana	309263.0	['Eukaryota']	['Archaeplastida']	['Streptophyta']	['Magnoliopsida']	['Brassicales']	['Brassicaceae']	['Camelineae']	['Arabidopsis']	['Arabidopsis thaliana']											0.0	3.0	4.373154878616333	1.0																								
294	DQUHYEDEGRNAFO	sirius	CC(C)(C)OC(=O)NC(CCCCN)C(=O)O																																																																																												1.0	2.0	0.073	0.073	-265.591	0.2	0.333	35.861	C11H22N2O4	[M - H2O + H]+	C11H21N2O3+	InChI=1S/C11H22N2O4/c1-11(2,3)17-10(16)13-8(9(14)15)6-4-5-7-12/h8H,4-7,12H2,1-3H3,(H,13,16)(H,14,15)	6-amino-2-{[(tert-butoxy)carbonyl]amino}hexanoic acid	CC(C)(C)OC(=O)NC(CCCCN)C(=O)O	-1.6	58756956;6992652;87265104;23323290;58219024;7018769;7018770;140957027;100148;2733284	COCONUT:(CNP0024899);NORMAN:(NS00051581);PUBCHEMANNOTATIONSAFETYANDTOXIC:(null);MESH:(2733284);PUBCHEM:(58756956 6992652 87265104 23323290 58219024 7018769 7018770 140957027 100148 2733284);DSSTox:(DTXSID10910101);PUBMED:(null)	137508421702.0	229.155	54.0	0.892	7.136869596119357e+17	7.136868172866104e+17	
295	UASVNZGVGLYRNM	sirius	CCC(C)C(C(=O)O)NC(=O)C1CCCN1C(=O)C(C(C)C)NC(=O)C(CO)N																																																																																												1.0	3.0	0.411	0.411	-179.267	0.016	0.333	41.118	C19H34N4O6	[M + H]+	C19H35N4O6+	InChI=1S/C19H34N4O6/c1-5-11(4)15(19(28)29)22-17(26)13-7-6-8-23(13)18(27)14(10(2)3)21-16(25)12(20)9-24/h10-15,24H,5-9,20H2,1-4H3,(H,21,25)(H,22,26)(H,28,29)	(2S,3S)-2-[[(2S)-1-[(2S)-2-[[(2S)-2-amino-3-hydroxypropanoyl]amino]-3-methylbutanoyl]pyrrolidine-2-carbonyl]amino]-3-methylpentanoic acid	CCC(C)C(C(=O)O)NC(=O)C1CCCN1C(=O)C(C(C)C)NC(=O)C(CO)N	-0.409	71720908;78225943;18744986	PUBCHEMANNOTATIONBIO:(null);PUBCHEM:(71720908 78225943 18744986);PUBMED:(null)	16777282.0	415.255	54.0	0.896	7.136869637517146e+17	7.136868173411364e+17	
296	RWCOTTLHDJWHRS	sirius	C1CC(NC1)C(=O)N2CCCC2C(=O)O																																																																																												1.0	1.0	0.979	0.979	-122.545	1.0	0.333	15.468	C10H16N2O3	[M - H2O + H]+	C10H15N2O2+	InChI=1S/C10H16N2O3/c13-9(7-3-1-5-11-7)12-6-2-4-8(12)10(14)15/h7-8,11H,1-6H2,(H,14,15)	Pro-Pro	C1CC(NC1)C(=O)N2CCCC2C(=O)O	-2.3	103868724;7408325;146036959;92245213;78923151;61158797;61172252;263469;11622593;11902928;57309116;132526338	PUBCHEMANNOTATIONBIO:(null);COCONUT:(CNP0189934);HMDB:(HMDB0011180);BloodExposome:(57309116 263469);METACYC:(CPD-23026);CHEBI:(73646);SUPERNATURAL:(SN0336838);MESH:(263469 11622593);FooDB:(FDB027952);PUBCHEM:(103868724 7408325 146036959 92245213 78923151 61158797 61172252 263469 11622593 11902928 57309116 132526338);DSSTox:(DTXSID60294761 DTXSID70720804);LOTUS:(Q27143817);PUBMED:(null)	138268379246.0	195.113	54.0	0.898	7.136869610757481e+17	7.136868173704965e+17	
297	YXIUYTANBFBLMD	sirius	CC(C)(C)OC(=O)NC(CCCCN)C(=O)N1CCCC1C(=O)O																																																																																												1.0	2.0	0.339	0.339	-175.197	0.2	0.333	62.412	C16H29N3O5	[M - H2O + H]+	C16H28N3O4+	InChI=1S/C16H29N3O5/c1-16(2,3)24-15(23)18-11(7-4-5-9-17)13(20)19-10-6-8-12(19)14(21)22/h11-12H,4-10,17H2,1-3H3,(H,18,23)(H,21,22)	Boc-Lys-Pro-OH	CC(C)(C)OC(=O)NC(CCCCN)C(=O)N1CCCC1C(=O)O	0.911	22822681;20445890	PUBCHEM:(22822681 20445890)	2.0	326.207	54.0	0.898	7.13686963260981e+17	7.136868173956623e+17	
298	ZOEKMFSWKCMZIG	sirius	CC(C)C(C(=O)O)NC(=O)C1CCC(CC1)CNC(=O)C(C)NC(=O)OC(C)(C)C																																																																																												1.0	6.0	0.09	0.09	-290.263	0.029	0.016	28.432	C21H37N3O6	[M + H3N + H]+	C21H41N4O6+	InChI=1S/C21H37N3O6/c1-12(2)16(19(27)28)24-18(26)15-9-7-14(8-10-15)11-22-17(25)13(3)23-20(29)30-21(4,5)6/h12-16H,7-11H2,1-6H3,(H,22,25)(H,23,29)(H,24,26)(H,27,28)	2-({4-[(2-{[(tert-butoxy)carbonyl]amino}propanamido)methyl]cyclohexyl}formamido)-3-methylbutanoic acid	CC(C)C(C(=O)O)NC(=O)C1CCC(CC1)CNC(=O)C(C)NC(=O)OC(C)(C)C	2.4	4837846;7094118;7094119;7095715;7095716;7095732;7095733	COCONUT:(CNP0387822);SUPERNATURAL:(SN0475744);PUBCHEM:(4837846 7094118 7094119 7095715 7095716 7095732 7095733)	3145730.0	445.301	54.0	0.903	7.13686960991862e+17	7.136868174417997e+17	
299	CUHWACVSFBFFSP	isdb	COC(=O)/C(C)=C/C(C)C(=O)C[C@H](O)CC1CC(=O)NC(=O)C1																																													69.0	Alkaloids	0.5	Small peptides	0.5	Piperidine alkaloids	0.5	2.0	0.0	MS1_match	http://www.wikidata.org/entity/Q113959132	CUHWACVSFBFFSP-AYTXJLRPSA-N	InChI=1S/C16H23NO6/c1-9(4-10(2)16(22)23-3)13(19)8-12(18)5-11-6-14(20)17-15(21)7-11/h4,9,11-12,18H,5-8H2,1-3H3,(H,17,20,21)/b10-4+/t9?,12-/m1/s1	COC(=O)/C(C)=C/C(C)C(=O)C[C@H](O)CC1CC(=O)NC(=O)C1	C16H23NO6	pos_2_2proton1ammonium	325.152537456		Alkaloids	Lysine alkaloids	Piperidine alkaloids	http://www.wikidata.org/entity/Q311202	Pseudomonas syringae	413638.0	['Bacteria']	['Unknown']	['Proteobacteria']	['Gammaproteobacteria']	['Pseudomonadales']	['Pseudomonadaceae']	['Unknown']	['Pseudomonas']	['Pseudomonas syringae']		['Bacteria']		['Proteobacteria']	['Gammaproteobacteria']	['Pseudomonadales']	['Pseudomonadaceae']		['Pseudomonas']		6.0	3.0	7.5	1.0																								
299	VFFNZZXXTGXBOG	gnps	CCCC(=O)NC1CCOC1=O	CCMSLIB00005738036	spectra_filtered.mgf	MASSBANK.mgf	0.948224	37787900.0	0.0	1.86194	6.0	0.000320435	172.097	1.0	temp/spectra_filtered.mgf299	1.0	Massbank:RP020101 C4-homoserine lactone|N-Butyrylhomoserine lactone|N-(2-oxooxolan-3-yl)butanamide	ESI	qTof	Isolated	Massbank	Massbank	M+H	172.097	0.0	1.0	67605-85-0		CCCC(=O)NC1CCOC1=O	1S/C8H13NO3/c1-2-3-7(10)9-6-4-5-12-8(6)11/h6H,2-5H2,1H3,(H,9,10)		3.0	Positive	MASSBANK	172.097	UPDATE-SINGLE-ANNOTATED-BRONZE	Bronze		C8H13NO3	VFFNZZXXTGXBOG-UHFFFAOYSA-N	Organic acids and derivatives	Carboxylic acids and derivatives	Amino acids, peptides, and analogues	Fatty amides	Fatty acyl homoserine lactones	Fatty acids	mzspec:GNPS:GNPS-LIBRARY:CCMSLIB00005738036																																																																							
299	WBKBGAAXKWHLHJ	sirius	CC1=CC(OC1=O)CC(=O)C																																																																																												1.0	1.0	0.035	0.035	-79.558	0.996	0.333	65.759	C8H10O3	[M + H3N + H]+	C8H14NO3+	InChI=1S/C8H10O3/c1-5-3-7(4-6(2)9)11-8(5)10/h3,7H,4H2,1-2H3		CC1=CC(OC1=O)CC(=O)C	0.3	54421891	COCONUT:(CNP0435217);SUPERNATURAL:(SN0405777);PUBCHEM:(54421891);PUBMED:(null)	3145794.0	172.097	54.0	0.903	7.13686955140807e+17	7.136868174208282e+17	
300	MVRXJKMTEFFMAP	sirius	C(COCCOCCOCCNC(=O)CCl)N																																																																																												1.0	3.0	0.191	0.191	-153.442	0.092	0.318	5.672	C10H21ClN2O4	[M + H]+	C10H22ClN2O4+	InChI=1S/C10H21ClN2O4/c11-9-10(14)13-2-4-16-6-8-17-7-5-15-3-1-12/h1-9,12H2,(H,13,14)	N-[2-[2-[2-(2-aminoethoxy)ethoxy]ethoxy]ethyl]-2-chloroacetamide	C(COCCOCCOCCNC(=O)CCl)N	-1.2	142808202	PUBCHEM:(142808202)	2.0	269.126	55.0	0.91	7.13686958747909e+17	7.136868175592402e+17	
301	LLOPSLUNSGBASE	sirius	CCC(C(=O)O)NCCNC(CC)C(=O)O																																																																																												1.0	2.0	0.22	0.22	-145.515	0.2	0.333	32.067	C10H20N2O4	[M - H2O + H]+	C10H19N2O3+	InChI=1S/C10H20N2O4/c1-3-7(9(13)14)11-5-6-12-8(4-2)10(15)16/h7-8,11-12H,3-6H2,1-2H3,(H,13,14)(H,15,16)	(2R)-2-[2-[[(1R)-1-carboxypropyl]amino]ethylamino]butanoic acid	CCC(C(=O)O)NCCNC(CC)C(=O)O	-4.1	92752896;92759183;92759184;164632	BloodExposome:(164632);CHEBI:(190044);MESH:(164632);PUBCHEM:(92752896 92759183 92759184 164632);DSSTox:(DTXSID60964412);PUBMED:(null)	137443147878.0	215.139	55.0	0.91	7.136869725303941e+17	7.136868174921313e+17	
302	NSVBRLVLHFOBCQ	sirius	CCC(C)(C)C(=O)NC(C)C(=O)NC(C(C)C)C(=O)NCCOCCOCCOCCN																																																																																												1.0	1.0	0.44	0.44	-376.853	1.0	0.658	13.628	C22H44N4O6	[M + Na]+	C22H44N4NaO6+	InChI=1S/C22H44N4O6/c1-7-22(5,6)21(29)25-17(4)19(27)26-18(16(2)3)20(28)24-9-11-31-13-15-32-14-12-30-10-8-23/h16-18H,7-15,23H2,1-6H3,(H,24,28)(H,25,29)(H,26,27)	N-[(2R)-1-[[(2R)-1-[2-[2-[2-(2-aminoethoxy)ethoxy]ethoxy]ethylamino]-3-methyl-1-oxobutan-2-yl]amino]-1-oxopropan-2-yl]-2,2-dimethylbutanamide	CCC(C)(C)C(=O)NC(C)C(=O)NC(C(C)C)C(=O)NCCOCCOCCOCCN	0.4	156139390	PUBCHEM:(156139390)	2.0	483.315	55.0	0.921	7.136869503215514e+17	7.136868176976522e+17	
303	SXNFEDKGWNTYFA	sirius	CCC(C)C(C(=O)OC)NC(=O)C(C(C)C)NC(=O)C(C(C)C)NC(=O)OC(C)(C)C																																																																																												1.0	1.0	0.38	0.38	-152.252	0.8	0.078	29.751	C22H41N3O6	[M + H3N + H]+	C22H45N4O6+	InChI=1S/C22H41N3O6/c1-11-14(6)17(20(28)30-10)24-18(26)15(12(2)3)23-19(27)16(13(4)5)25-21(29)31-22(7,8)9/h12-17H,11H2,1-10H3,(H,23,27)(H,24,26)(H,25,29)	Boc-Val-Val-Ile-OMe	CCC(C)C(C(=O)OC)NC(=O)C(C(C)C)NC(=O)C(C(C)C)NC(=O)OC(C)(C)C	3.288	54329785	PUBCHEM:(54329785)	2.0	461.333	55.0	0.924	7.136869502628311e+17	7.136868177563725e+17	
304	UEMOAYFJOJVPLC	sirius	CCC(C)C(C(=O)NCCCCNC(=O)C)NC(=O)C1C(O1)C(=O)O																																																																																												1.0	2.0	0.137	0.137	-239.634	0.329	0.333	33.054	C16H27N3O6	[M + H]+	C16H28N3O6+	InChI=1S/C16H27N3O6/c1-4-9(2)11(19-15(22)12-13(25-12)16(23)24)14(21)18-8-6-5-7-17-10(3)20/h9,11-13H,4-8H2,1-3H3,(H,17,20)(H,18,21)(H,19,22)(H,23,24)	(2S,3S)-3-[[(2S)-1-(4-acetamidobutylamino)-3-methyl-1-oxopentan-2-yl]carbamoyl]oxirane-2-carboxylic acid	CCC(C)C(C(=O)NCCCCNC(=O)C)NC(=O)C1C(O1)C(=O)O	0.0	125343	MESH:(125343);PUBCHEM:(125343);DSSTox:(DTXSID30914969);PUBMED:(null)	137438953542.0	358.197	55.0	0.911	7.136869667338651e+17	7.136868176305434e+17	
305	LRBSWBVUCLLRLU	gnps	CC(C)C[C@@H](C(=O)N[C@@H](CCCCN)C(=O)O)NC(=O)[C@H](CC1=CC=CC=C1)N	CCMSLIB00003137527	spectra_filtered.mgf	GNPS-NIST14-MATCHES.mgf	0.974374	15680300.0	0.0	0.0747482	7.0	203.129	204.136	2.0	temp/spectra_filtered.mgf305	1.0	Spectral Match to Phe-Leu-Lys from NIST14	ESI	QQQ	Isolated	Data from Pieter Dorrestein	Data deposited by lfnothias	M+2H	204.136	406.258	1.0			CC(C)C[C@@H](C(=O)N[C@@H](CCCCN)C(=O)O)NC(=O)[C@H](CC1=CC=CC=C1)N	InChI=1S/C21H34N4O4/c1-14(2)12-18(20(27)24-17(21(28)29)10-6-7-11-22)25-19(26)16(23)13-15-8-4-3-5-9-15/h3-5,8-9,14,16-18H,6-7,10-13,22-23H2,1-2H3,(H,24,27)(H,25,26)(H,28,29)/t16-,17-,18-/m0/s1		3.0	Positive	GNPS-NIST14-MATCHES	204.136	UPDATE-SINGLE-ANNOTATED-BRONZE	Bronze		C21H34N4O4	LRBSWBVUCLLRLU-BZSNNMDCSA-N	Organic acids and derivatives	Carboxylic acids and derivatives	Amino acids, peptides, and analogues	Small peptides	Tripeptides	Amino acids and Peptides	mzspec:GNPS:GNPS-LIBRARY:CCMSLIB00003137527																																																																							
306	ALOLVUZYEGBVDA	sirius	CC(C)CC(C(=O)N)NC(=O)C1CC(CN1C(=O)C=C(C)C)NC(=O)C=C(C)C																																																																																												1.0	2.0	0.148	0.148	-290.914	0.28	0.333	29.515	C21H34N4O4	[M + H]+	C21H35N4O4+	InChI=1S/C21H34N4O4/c1-12(2)7-16(20(22)28)24-21(29)17-10-15(23-18(26)8-13(3)4)11-25(17)19(27)9-14(5)6/h8-9,12,15-17H,7,10-11H2,1-6H3,(H2,22,28)(H,23,26)(H,24,29)	4-methyl-2-{[4-(3-methylbut-2-enamido)-1-(3-methylbut-2-enoyl)pyrrolidin-2-yl]formamido}pentanamide	CC(C)CC(C(=O)N)NC(=O)C1CC(CN1C(=O)C=C(C)C)NC(=O)C=C(C)C	2.2	7048993;3802363	COCONUT:(CNP0047227);PUBCHEM:(7048993 3802363)	2097154.0	407.265	55.0	0.911	7.136869694391916e+17	7.136868176053775e+17	
307	MDSUKZSLOATHMH	sirius	CC(C)CC(C(=O)NC(C(C)C)C(=O)O)N																																																																																												1.0	1.0	0.308	0.308	-164.88	1.0	1.0	35.474	C11H22N2O3	[M + Na]+	C11H22N2NaO3+	InChI=1S/C11H22N2O3/c1-6(2)5-8(12)10(14)13-9(7(3)4)11(15)16/h6-9H,5,12H2,1-4H3,(H,13,14)(H,15,16)	2-(2-amino-4-methylpentanamido)-3-methylbutanoic acid	CC(C)CC(C(=O)NC(C(C)C)C(=O)O)N	0.62	103868893;6993115;6993116;129635900;6427009;148549452;61157156;61172247;36689033;36689034;36689035;36689036;79009905;352038;18640546	PUBCHEMANNOTATIONBIO:(null);HMDB:(HMDB0028942);BloodExposome:(6993116 352038);SUPERNATURAL:(SN0222848);FooDB:(FDB111965);PUBCHEM:(103868893 6993115 6993116 129635900 6427009 148549452 61157156 61172247 36689033 36689034 36689035 36689036 79009905 352038 18640546);GNPS:(CCMSLIB00003137144);COCONUT:(CNP0233149);METACYC:(CPD-20385);CHEBI:(73579 177272);DSSTox:(DTXSID20653193 DTXSID80929169);LOTUS:(Q27141751);PUBCHEMANNOTATIONDRUG:(null);PUBMED:(null)	138301937770.0	253.152	55.0	0.923	7.1368697771036e+17	7.136868177270124e+17	
308	HERSSAVMHCMYSQ	sirius	C1CCC(=O)NCCCCCC(=O)NCC1																																																																																												1.0	3.0	0.197	0.197	-162.257	0.114	0.333	53.237	C12H22N2O2	[M + H]+	C12H23N2O2+	InChI=1S/C12H22N2O2/c15-11-7-3-1-5-9-13-12(16)8-4-2-6-10-14-11/h1-10H2,(H,13,16)(H,14,15)	6-Aminohexanoic Acid Cyclic Oligomer	C1CCC(=O)NCCCCCC(=O)NCC1	0.6	16	PUBCHEMANNOTATIONBIO:(null);COCONUT:(CNP0085830);NORMAN:(NS00010779);METACYC:(CPD-3921);CHEBI:(16968 133923);SUPERNATURAL:(SN0123542);KEGG:(C04277 C20990);MESH:(16);PUBCHEM:(16);DSSTox:(DTXSID90204974);PUBCHEMANNOTATIONDRUG:(null);PUBMED:(null)	137492695398.0	227.175	55.0	0.921	7.136869675685318e+17	7.136868176766807e+17	
308	XWYXUMDVQIOAPR	isdb	CC(C)C[C@@H]1NC(=O)[C@H](CC(C)C)NC1=O																																													-1.0							1.0	0.79862124	ISDB	http://www.wikidata.org/entity/Q27135732	XWYXUMDVQIOAPR-UWVGGRQHSA-N	InChI=1S/C12H22N2O2/c1-7(2)5-9-11(15)14-10(6-8(3)4)12(16)13-9/h7-10H,5-6H2,1-4H3,(H,13,16)(H,14,15)/t9-,10-/m0/s1	CC(C)C[C@@H]1NC(=O)[C@H](CC(C)C)NC1=O	C12H22N2O2		226.168127944	Cyclo(L-leucyl-L-leucyl)	Amino acids and Peptides	Small peptides	Dipeptides	http://www.wikidata.org/entity/Q3847237	Kandelia candel	973786.0	['Eukaryota']	['Archaeplastida']	['Streptophyta']	['Magnoliopsida']	['Malpighiales']	['Rhizophoraceae']	['Unknown']	['Kandelia']	['Kandelia candel']											0.0	0.0	3.1944849491119385	1.0																								
309	DHQHYAJJUXLKJM	sirius	CC(C)(C)[Si](C)(C)OC1(CC1)CC=O																																																																																												1.0	2.0	0.022	0.022	-137.693	0.013	0.333	38.801	C11H22O2Si	[M + H3N + H]+	C11H26NO2Si+	InChI=1S/C11H22O2Si/c1-10(2,3)14(4,5)13-11(6-7-11)8-9-12/h9H,6-8H2,1-5H3	2-(1-(Tert-butyldimethylsilyloxy)cyclopropyl)acetaldehyde	CC(C)(C)[Si](C)(C)OC1(CC1)CC=O	3.004	86614119	PUBCHEMANNOTATIONSAFETYANDTOXIC;PUBCHEM:(86614119)	67108866.0	232.174	55.0	0.912	7.136869524103149e+17	7.136868175131028e+17	
309	VRPTYZSPBLYXAD	isdb																																														43.0	Amino acids and Peptides	0.4	Small peptides	0.4	Dipeptides	0.3	1.0	0.5221115	ISDB															['Unknown']	['Unknown']	['Unknown']	['Unknown']	['Unknown']	['Unknown']	['Unknown']	['Unknown']	['Unknown']											0.0	0.0	2.0884459018707275	1.0																								
311	MFUNIDMQFPXVGU	isdb	C[C@@H]1NC(=O)[C@H](Cc2ccc(O)cc2)NC1=O																																													7.0	Amino acids and Peptides	0.4761904761904761	Small peptides	0.4642857142857143	Dipeptides	0.4285714285714285	1.0	0.0	MS1_match	http://www.wikidata.org/entity/Q27452039	MFUNIDMQFPXVGU-XVKPBYJWSA-N	InChI=1S/C12H14N2O3/c1-7-11(16)14-10(12(17)13-7)6-8-2-4-9(15)5-3-8/h2-5,7,10,15H,6H2,1H3,(H,13,17)(H,14,16)/t7-,10-/m0/s1	C[C@@H]1NC(=O)[C@H](Cc2ccc(O)cc2)NC1=O	C12H14N2O3	pos_1_1proton1isopropanol	234.100442308	(3s,6s)-3-(4-Hydroxybenzyl)-6-Methylpiperazine-2,5-Dione	Amino acids and Peptides	Small peptides	Dipeptides	http://www.wikidata.org/entity/Q7255018	Pseudomonas brassicacearum	396594.0	['Bacteria']	['Unknown']	['Proteobacteria']	['Gammaproteobacteria']	['Pseudomonadales']	['Pseudomonadaceae']	['Unknown']	['Pseudomonas']	['Pseudomonas brassicacearum']		['Bacteria']		['Proteobacteria']	['Gammaproteobacteria']	['Pseudomonadales']	['Pseudomonadaceae']		['Pseudomonas']		6.0	3.0	7.5	1.0																								
311	YOMACQVTIAGKNW	sirius	CC(C)(C)OC(=O)NC1(CC2=CC=CC=C2C1)C(=O)O																																																																																												1.0	1.0	0.104	0.104	-240.14	0.546	0.333	65.328	C15H19NO4	[M + H3N + H]+	C15H23N2O4+	InChI=1S/C15H19NO4/c1-14(2,3)20-13(19)16-15(12(17)18)8-10-6-4-5-7-11(10)9-15/h4-7H,8-9H2,1-3H3,(H,16,19)(H,17,18)	2-((tert-Butoxycarbonyl)amino)-2,3-dihydro-1H-indene-2-carboxylic acid	CC(C)(C)OC(=O)NC1(CC2=CC=CC=C2C1)C(=O)O	2.4	6978747;1268157	PUBCHEMANNOTATIONSAFETYANDTOXIC:(null);PUBCHEM:(6978747 1268157);DSSTox:(DTXSID90991352)	137506062338.0	295.165	58.0	0.97	7.136869607318152e+17	7.136868179660878e+17	
312	MKXMXZZARNRMMQ	sirius	CC(C)(C)OC(=O)N1CCN(C(C1)C(=O)O)C(=O)OCC2=CC=CC=C2																																																																																												1.0	1.0	0.043	0.209	-357.244	0.804	0.333	80.361	C18H24N2O6	[M + H3N + H]+	C18H28N3O6+	InChI=1S/C18H24N2O6/c1-18(2,3)26-16(23)19-9-10-20(14(11-19)15(21)22)17(24)25-12-13-7-5-4-6-8-13/h4-8,14H,9-12H2,1-3H3,(H,21,22)	(S)-1-((Benzyloxy)carbonyl)-4-(tert-butoxycarbonyl)piperazine-2-carboxylic acid	CC(C)(C)OC(=O)N1CCN(C(C1)C(=O)O)C(=O)OCC2=CC=CC=C2	1.9	6558854;7009322;7128358;1512536;78437098;2756777	PUBCHEMANNOTATIONSAFETYANDTOXIC:(null);PUBCHEM:(6558854 7009322 7128358 1512536 78437098 2756777);DSSTox:(DTXSID00373529 DTXSID20424921 DTXSID80926390 DTXSID90363712)	137506062338.0	382.197	56.0	0.934	7.136869751350572e+17	7.136868178025098e+17	
313	MKEUDOGZIJGFJP	sirius	C1CC1C2=NC3=CC=CC=C3C=C2																																																																																												1.0	1.0	0.67	0.715	-36.089	0.973	0.332	13.634	C12H11N	[M + H3N + H]+	C12H15N2+	InChI=1S/C12H11N/c1-2-4-11-9(3-1)7-8-12(13-11)10-5-6-10/h1-4,7-8,10H,5-6H2	2-Cyclopropylquinoline	C1CC1C2=NC3=CC=CC=C3C=C2	3.083	12240501	BloodExposome:(12240501);PUBCHEM:(12240501);PUBMED:(null)	4194370.0	187.123	56.0	0.932	7.136869741661728e+17	7.136868177815383e+17	
314	FBDCJLXTUCMFLF	sirius	CC(C(=O)O)NC(=O)CC1=CNC2=CC=CC=C21																																																																																												1.0	3.0	0.556	0.556	-133.441	0.159	0.333	110.05	C13H14N2O3	[M + H]+	C13H15N2O3+	InChI=1S/C13H14N2O3/c1-8(13(17)18)15-12(16)6-9-7-14-11-5-3-2-4-10(9)11/h2-5,7-8,14H,6H2,1H3,(H,15,16)(H,17,18)	n-(3-indolylacetyl)-l-alanine	CC(C(=O)O)NC(=O)CC1=CNC2=CC=CC=C21	1.25	6920154;6920155;25245124;3398622;644225;676165;131868810	PUBCHEMANNOTATIONBIO:(null);COCONUT:(CNP0444005);HMDB:(HMDB0304378);METACYC:(INDOLE-3-ACETYL-ALA);PLANTCYC:(INDOLE-3-ACETYL-ALA);CHEBI:(182337 71672);SUPERNATURAL:(SN0080951);FooDB:(FDB030922);PUBCHEM:(6920154 6920155 25245124 3398622 644225 676165 131868810);DSSTox:(DTXSID30349333);LOTUS:(Q27139796);PUBCHEMANNOTATIONDRUG:(null);PUBMED:(null)	138297870442.0	247.108	56.0	0.937	7.13686962036244e+17	7.136868178276758e+17	
314	ZROUMPAYNHAKNV	isdb	C[C@H]1N[C@H](C(=O)O)Cc2c1[nH]c1cc(O)ccc21																																													-1.0							1.0	0.7942289	ISDB	http://www.wikidata.org/entity/Q77383166	ZROUMPAYNHAKNV-KBUNVGBDSA-N	InChI=1S/C13H14N2O3/c1-6-12-9(5-11(14-6)13(17)18)8-3-2-7(16)4-10(8)15-12/h2-4,6,11,14-16H,5H2,1H3,(H,17,18)/t6-,11+/m1/s1	C[C@H]1N[C@H](C(=O)O)Cc2c1[nH]c1cc(O)ccc21	C13H14N2O3		246.100442308	Brunnein B	Alkaloids	Tryptophan alkaloids	Carboline alkaloids	http://www.wikidata.org/entity/Q4347258	Cortinarius brunneus	529904.0	['Eukaryota']	['Fungi']	['Basidiomycota']	['Agaricomycetes']	['Agaricales']	['Cortinariaceae']	['Unknown']	['Cortinarius']	['Cortinarius brunneus']											0.0	0.0	3.176915645599365	1.0																								
315	PGXMYRNTKYMFFR	sirius	CCC(C)C(C(=O)N1CCC(CC1)C(=O)NC(CC2=CC=C(C=C2)O)C(=O)O)N																																																																																												1.0	1.0	0.737	0.737	-282.714	0.78	0.333	76.146	C21H31N3O5	[M + H3N + H]+	C21H35N4O5+	InChI=1S/C21H31N3O5/c1-3-13(2)18(22)20(27)24-10-8-15(9-11-24)19(26)23-17(21(28)29)12-14-4-6-16(25)7-5-14/h4-7,13,15,17-18,25H,3,8-12,22H2,1-2H3,(H,23,26)(H,28,29)	2-{[1-(2-amino-3-methylpentanoyl)piperidin-4-yl]formamido}-3-(4-hydroxyphenyl)propanoic acid	CCC(C)C(C(=O)N1CCC(CC1)C(=O)NC(CC2=CC=C(C=C2)O)C(=O)O)N	-0.7	16402113;4834073;7093165;7093166;40742940	COCONUT:(CNP0150876);SUPERNATURAL:(SN0285102);PUBCHEM:(16402113 4834073 7093165 7093166 40742940)	3145730.0	423.26	57.0	0.942	7.136869621117414e+17	7.136868178486473e+17	
316	QPPZEDOTPZOSEC	sirius	CC(C)C(C(=O)NC(CCSC)C(=O)NC(C(C)O)C(=O)O)N																																																																																												1.0	1.0	0.379	0.379	-107.37	1.0	1.0	41.566	C14H27N3O5S	[M + Na]+	C14H27N3NaO5S+	InChI=1S/C14H27N3O5S/c1-7(2)10(15)13(20)16-9(5-6-23-4)12(19)17-11(8(3)18)14(21)22/h7-11,18H,5-6,15H2,1-4H3,(H,16,20)(H,17,19)(H,21,22)	2-[[2-[(2-Amino-3-methylbutanoyl)amino]-4-methylsulfanylbutanoyl]amino]-3-hydroxybutanoic acid	CC(C)C(C(=O)NC(CCSC)C(=O)NC(C(C)O)C(=O)O)N	-0.713	145459002;18232457	CHEBI:(166311);PUBCHEM:(145459002 18232457)	34.0	372.156	57.0	0.944	7.136869838214615e+17	7.136868178947846e+17	
318	IBCOWJQKPHCZEK	sirius	CC(C)CC(C(=O)NC(CCSC)C(=O)O)NC(=O)C(=O)C																																																																																												1.0	1.0	0.266	0.266	-298.188	0.8	0.333	73.018	C14H24N2O5S	[M + H3N + H]+	C14H28N3O5S+	InChI=1S/C14H24N2O5S/c1-8(2)7-11(16-12(18)9(3)17)13(19)15-10(14(20)21)5-6-22-4/h8,10-11H,5-7H2,1-4H3,(H,15,19)(H,16,18)(H,20,21)	pyruvoyl-L-leucyl-L-methionine	CC(C)CC(C(=O)NC(CCSC)C(=O)O)NC(=O)C(=O)C	0.64	102515441;102515442	METACYC:(CPD-18253);PUBCHEM:(102515441 102515442);PUBMED:(null)	2114.0	350.174	57.0	0.945	7.136869729666017e+17	7.136868179199505e+17	
319	XXSAFGVAPGOYNT	isdb																																														79.0	Fatty acids	0.5	Fatty Acids and Conjugates	0.5	Branched fatty acids	0.5	1.0	0.39975443	ISDB															['Unknown']	['Unknown']	['Unknown']	['Unknown']	['Unknown']	['Unknown']	['Unknown']	['Unknown']	['Unknown']											0.0	0.0	1.5990177392959597	1.0																								
319	YBAFDPFAUTYYRW	sirius	CC(C)CC(C(=O)O)NC(=O)C(CCC(=O)O)N																																																																																												1.0	1.0	0.737	0.737	-124.312	0.785	0.333	89.721	C11H20N2O5	[M - H2O + H]+	C11H19N2O4+	InChI=1S/C11H20N2O5/c1-6(2)5-8(11(17)18)13-10(16)7(12)3-4-9(14)15/h6-8H,3-5,12H2,1-2H3,(H,13,16)(H,14,15)(H,17,18)	2-(2-amino-4-carboxybutanamido)-4-methylpentanoic acid	CC(C)CC(C(=O)O)NC(=O)C(CCC(=O)O)N	-0.457	64887981;64888761;9856500;124433150;91974018;79001418;122173491	PUBCHEMANNOTATIONBIO:(null);COCONUT:(CNP0128313);HMDB:(HMDB0028823);CHEBI:(73506);SUPERNATURAL:(SN0445471);FooDB:(FDB111867);PUBCHEM:(64887981 64888761 9856500 124433150 91974018 79001418 122173491);DSSTox:(DTXSID201315070);LOTUS:(Q27140586);PUBMED:(null)	138264182890.0	243.134	57.0	0.943	7.13686955883199e+17	7.136868179451163e+17	
320	YOOAQCZYZHGUAZ	sirius	CC(C)CC(C(=O)NC(CO)C(=O)O)NC(=O)C(C(C)O)N																																																																																												1.0	3.0	0.527	0.527	-96.418	0.105	0.333	72.889	C13H25N3O6	[M + H]+	C13H26N3O6+	InChI=1S/C13H25N3O6/c1-6(2)4-8(15-12(20)10(14)7(3)18)11(19)16-9(5-17)13(21)22/h6-10,17-18H,4-5,14H2,1-3H3,(H,15,20)(H,16,19)(H,21,22)	2-[[2-[(2-Amino-3-hydroxybutanoyl)amino]-4-methylpentanoyl]amino]-3-hydroxypropanoic acid	CC(C)CC(C(=O)NC(CO)C(=O)O)NC(=O)C(C(C)O)N	-1.75	145458122;18224380	CHEBI:(164038);PUBCHEM:(145458122 18224380)	34.0	320.182	57.0	0.945	7.136869667800024e+17	7.136868178738131e+17	
321	COLNVLDHVKWLRT	gnps	C1=CC=C(C=C1)CC(C(=O)O)N	CCMSLIB00003135371	spectra_filtered.mgf	GNPS-NIST14-MATCHES.mgf	0.993623	20833300.0	0.0	19.3855	6.0	0.0032196	166.086	1.0	temp/spectra_filtered.mgf321	1.0	Spectral Match to DL-Phenylalanine from NIST14	ESI	QQQ	Isolated	Data from Pieter Dorrestein	Data deposited by lfnothias	M+H	166.083	165.079	1.0	150301		C1=CC=C(C=C1)CC(C(=O)O)N	InChI=1S/C9H11NO2/c10-8(9(11)12)6-7-4-2-1-3-5-7/h1-5,8H,6,10H2,(H,11,12)		3.0	Positive	GNPS-NIST14-MATCHES	166.083	UPDATE-SINGLE-ANNOTATED-BRONZE	Bronze		C9H11NO2	COLNVLDHVKWLRT-UHFFFAOYSA-N	Organic acids and derivatives	Carboxylic acids and derivatives	Amino acids, peptides, and analogues	Small peptides	Aminoacids	Amino acids and Peptides|Shikimates and Phenylpropanoids	mzspec:GNPS:GNPS-LIBRARY:CCMSLIB00003135371																																																																							
321	ONPJWQSDZCGSQM	sirius	C=C(C1=CC=CC=C1)C(=O)O																																																																																												1.0	2.0	0.234	0.453	-41.683	0.09	0.333	50.388	C9H8O2	[M + H3N + H]+	C9H12NO2+	InChI=1S/C9H8O2/c1-7(9(10)11)8-5-3-2-4-6-8/h2-6H,1H2,(H,10,11)	2-Phenylacrylic acid	C=C(C1=CC=CC=C1)C(=O)O	2.0	22386283;68114	PUBCHEMANNOTATIONBIO:(null);NORMAN:(NS00031875);PUBCHEMANNOTATIONSAFETYANDTOXIC:(null);PUBCHEM:(22386283 68114);DSSTox:(DTXSID3075418);PUBMED:(null)	137523101762.0	166.086	56.0	0.928	7.13686960123641e+17	7.13686817584406e+17	
322	TYHAZYUYUPVYON	sirius	CC(=O)NC(CC#CC1=CC=C(C=C1)C#CCC(C(=O)N)NC(=O)C)C(=O)N																																																																																												1.0	1.0	0.079	0.079	-147.851	0.984	0.33	52.074	C20H22N4O4	[M + H3N + H]+	C20H26N5O4+	InChI=1S/C20H22N4O4/c1-13(25)23-17(19(21)27)7-3-5-15-9-11-16(12-10-15)6-4-8-18(20(22)28)24-14(2)26/h9-12,17-18H,7-8H2,1-2H3,(H2,21,27)(H2,22,28)(H,23,25)(H,24,26)	5,5'-(1,4-Phenylene)bis[2-(acetylamino)-4-pentynamide]	CC(=O)NC(CC#CC1=CC=C(C=C1)C#CCC(C(=O)N)NC(=O)C)C(=O)N	-0.2	85763277	PUBCHEM:(85763277)	2.0	400.198	57.0	0.95	7.136869621914332e+17	7.136868179912536e+17	
324	XFHQGYBXSCRMNT	sirius	C=CC(=O)NC(CC1=CC=CC=C1)C(=O)O																																																																																												1.0	1.0	0.753	0.753	-152.579	0.793	0.333	40.673	C12H13NO3	[M + H3N + H]+	C12H17N2O3+	InChI=1S/C12H13NO3/c1-2-11(14)13-10(12(15)16)8-9-6-4-3-5-7-9/h2-7,10H,1,8H2,(H,13,14)(H,15,16)	N-acryloylphenylalanine	C=CC(=O)NC(CC1=CC=CC=C1)C(=O)O	1.638	14272438;38988705;139812835;324196	MESH:(14272438);PUBCHEM:(14272438 38988705 139812835 324196);DSSTox:(DTXSID80314793);PUBMED:(null)	137438953542.0	237.123	58.0	0.96	7.136869831168184e+17	7.13686818037391e+17	
326	FVBZCQLQINXRAC	sirius	C=CCOC(=O)NC(CC1=CC=CC=C1)C(=O)O																																																																																												1.0	1.0	0.558	0.558	-216.474	0.8	0.333	72.555	C13H15NO4	[M + H3N + H]+	C13H19N2O4+	InChI=1S/C13H15NO4/c1-2-8-18-13(17)14-11(12(15)16)9-10-6-4-3-5-7-10/h2-7,11H,1,8-9H2,(H,14,17)(H,15,16)	3-phenyl-2-{[(prop-2-en-1-yloxy)carbonyl]amino}propanoic acid	C=CCOC(=O)NC(CC1=CC=CC=C1)C(=O)O	1.973	7015060;7015061;13968130;13968131	COCONUT:(CNP0059175);PUBCHEM:(7015060 7015061 13968130 13968131);DSSTox:(DTXSID60553446)	137441050626.0	267.134	58.0	0.965	7.136869686045249e+17	7.136868180583625e+17	
326	IQHUITKNHOKGFC	gnps|isdb	C[C@@H](O)[C@H](N)C(=O)N[C@@H](Cc1ccccc1)C(=O)O	CCMSLIB00003135017	spectra_filtered.mgf	GNPS-NIST14-MATCHES.mgf	0.956878	55141600.0	0.0	1.37089	9.0	0.000366211	267.134	1.0	temp/spectra_filtered.mgf326	1.0	Spectral Match to Thr-Phe from NIST14	ESI	qTof	Isolated	Data from Chris Turck	Data deposited by fevargas	M+H	267.134	266.127	1.0	16875277		C[C@H]([C@@H](C(=O)N[C@@H](CC1=CC=CC=C1)C(=O)O)N)O	InChI=1S/C13H18N2O4/c1-8(16)11(14)12(17)15-10(13(18)19)7-9-5-3-2-4-6-9/h2-6,8,10-11,16H,7,14H2,1H3,(H,15,17)(H,18,19)/t8-,10+,11+/m1/s1		3.0	Positive	GNPS-NIST14-MATCHES	267.134	UPDATE-SINGLE-ANNOTATED-BRONZE	Bronze		C13H18N2O4	IQHUITKNHOKGFC-MIMYLULJSA-N	Organic acids and derivatives	Carboxylic acids and derivatives	Amino acids, peptides, and analogues	Small peptides	Dipeptides	Amino acids and Peptides	mzspec:GNPS:GNPS-LIBRARY:CCMSLIB00003135017	7.0	Amino acids and Peptides	0.4761904761904761	Small peptides	0.4642857142857143	Dipeptides	0.4285714285714285	1.0	0.5508241	ISDB	http://www.wikidata.org/entity/Q27144972	IQHUITKNHOKGFC-MIMYLULJSA-N	InChI=1S/C13H18N2O4/c1-8(16)11(14)12(17)15-10(13(18)19)7-9-5-3-2-4-6-9/h2-6,8,10-11,16H,7,14H2,1H3,(H,15,17)(H,18,19)/t8-,10+,11+/m1/s1	C[C@@H](O)[C@H](N)C(=O)N[C@@H](Cc1ccccc1)C(=O)O	C13H18N2O4		266.126657056	Threonylphenylalanine	Amino acids and Peptides	Small peptides	Dipeptides	http://www.wikidata.org/entity/Q221179	Streptococcus pneumoniae	699152.0	['Bacteria']	['Unknown']	['Firmicutes']	['Bacilli']	['Lactobacillales']	['Streptococcaceae']	['Unknown']	['Streptococcus']	['Streptococcus pneumoniae']											0.0	3.0	3.703296422958374	1.0																								
327	SITLTJHOQZFJGG	sirius	CC(C)C(C(=O)O)NC(=O)C(CCC(=O)O)N																																																																																												1.0	2.0	0.935	0.935	-71.939	0.2	0.333	62.076	C10H18N2O5	[M - H2O + H]+	C10H17N2O4+	InChI=1S/C10H18N2O5/c1-5(2)8(10(16)17)12-9(15)6(11)3-4-7(13)14/h5-6,8H,3-4,11H2,1-2H3,(H,12,15)(H,13,14)(H,16,17)	4-amino-4-[(1-carboxy-2-methylpropyl)carbamoyl]butanoic acid	CC(C)C(C(=O)O)NC(=O)C(CCC(=O)O)N	-0.907	64889717;6992566;6992567;92146638;92146639;92146640;133126642;139063304;79010734;433630	PUBCHEMANNOTATIONBIO:(null);COCONUT:(CNP0332241);HMDB:(HMDB0028832);CHEBI:(68846);SUPERNATURAL:(SN0346598);FooDB:(FDB111873);PUBCHEM:(64889717 6992566 6992567 92146638 92146639 92146640 133126642 139063304 79010734 433630);DSSTox:(DTXSID60974314);LOTUS:(Q27137211);PUBCHEMANNOTATIONDRUG:(null)	138297737258.0	229.118	58.0	0.966	7.136869557951186e+17	7.136868180835283e+17	
327	YJVOWRAWFXRESP	isdb	CC[C@@](C)(O)C(=O)C(=O)O																																													9.0	Fatty acids	0.5	Fatty Acids and Conjugates	0.5	Branched fatty acids	0.5	3.0	0.0	MS1_match	http://www.wikidata.org/entity/Q27115748	YJVOWRAWFXRESP-ZCFIWIBFSA-N	InChI=1S/C6H10O4/c1-3-6(2,10)4(7)5(8)9/h10H,3H2,1-2H3,(H,8,9)/t6-/m1/s1	CC[C@@](C)(O)C(=O)C(=O)O	C6H10O4	pos_1_1proton2acetonitrile	146.0579088	(R)-3-hydroxy-3-methyl-2-oxopentanoic acid	Fatty acids	Fatty Acids and Conjugates	Branched fatty acids	http://www.wikidata.org/entity/Q31856	Pseudomonas aeruginosa	216671.0	['Bacteria']	['Unknown']	['Proteobacteria']	['Gammaproteobacteria']	['Pseudomonadales']	['Pseudomonadaceae']	['Unknown']	['Pseudomonas']	['Pseudomonas aeruginosa']		['Bacteria']		['Proteobacteria']	['Gammaproteobacteria']	['Pseudomonadales']	['Pseudomonadaceae']		['Pseudomonas']	['Pseudomonas aeruginosa']	7.0	3.0	8.5	1.0																								
328	JPIJAXYIVWNGDT	sirius	CCOC(=O)C(C)NC(=O)C1CCCN1C(=O)C(C)CSC(=O)C																																																																																												1.0	1.0	0.08	0.08	-288.734	0.793	0.333	105.817	C16H26N2O5S	[M + H3N + H]+	C16H30N3O5S+	InChI=1S/C16H26N2O5S/c1-5-23-16(22)11(3)17-14(20)13-7-6-8-18(13)15(21)10(2)9-24-12(4)19/h10-11,13H,5-9H2,1-4H3,(H,17,20)	ethyl (2S)-2-[[(2S)-1-(3-acetylsulfanyl-2-methylpropanoyl)pyrrolidine-2-carbonyl]amino]propanoate	CCOC(=O)C(C)NC(=O)C1CCCN1C(=O)C(C)CSC(=O)C	1.2	53967577	PUBCHEM:(53967577)	2.0	376.189	58.0	0.968	7.136869893537491e+17	7.136868181044998e+17	
328	LSWJERSIRWNMBX	isdb																																														-1.0							1.0	0.34439325	ISDB															['Unknown']	['Unknown']	['Unknown']	['Unknown']	['Unknown']	['Unknown']	['Unknown']	['Unknown']	['Unknown']											0.0	0.0	1.377573013305664	1.0																								
329	KQJVEDKTCCIGCW	sirius	CC(C)CC(C(=O)NCCOCCS(=O)(=O)C)N																																																																																												1.0	1.0	0.037	0.037	-270.881	0.999	0.333	59.026	C11H24N2O4S	[M - H2O + H]+	C11H23N2O3S+	InChI=1S/C11H24N2O4S/c1-9(2)8-10(12)11(14)13-4-5-17-6-7-18(3,15)16/h9-10H,4-8,12H2,1-3H3,(H,13,14)	(2S)-2-amino-4-methyl-N-[2-(2-methylsulfonylethoxy)ethyl]pentanamide	CC(C)CC(C(=O)NCCOCCS(=O)(=O)C)N	-0.4	119803206	PUBCHEM:(119803206)	2.0	263.142	58.0	0.97	7.136869552834134e+17	7.13686818175803e+17	
329	NTISAKGPIGTIJJ	isdb	CSCC[C@H](NC(=O)[C@@H](N)CC(C)C)C(=O)O																																													7.0	Amino acids and Peptides	0.4761904761904761	Small peptides	0.4642857142857143	Dipeptides	0.4285714285714285	1.0	0.599608	ISDB	http://www.wikidata.org/entity/Q27141823	NTISAKGPIGTIJJ-IUCAKERBSA-N	InChI=1S/C11H22N2O3S/c1-7(2)6-8(12)10(14)13-9(11(15)16)4-5-17-3/h7-9H,4-6,12H2,1-3H3,(H,13,14)(H,15,16)/t8-,9-/m0/s1	CSCC[C@H](NC(=O)[C@@H](N)CC(C)C)C(=O)O	C11H22N2O3S		262.135113564	Leu-met	Amino acids and Peptides	Small peptides	Dipeptides	http://www.wikidata.org/entity/Q33244	Trypanosoma brucei	494245.0	['Eukaryota']	['Unknown']	['Unknown']	['Unknown']	['Kinetoplastea']	['Unknown']	['Unknown']	['Trypanosoma']	['Trypanosoma brucei']											0.0	3.0	3.8984320163726807	1.0																								
330	VEYJKJORLPYVLO	gnps	CC(C)[C@H](N)C(=O)N[C@@H](Cc1ccc(O)cc1)C(=O)O	CCMSLIB00012328808	spectra_filtered.mgf	MSNLIB-POSITIVE.mgf	0.930625	10976200.0	0.0	2.06237	6.0	0.000579834	281.149	1.0	temp/spectra_filtered.mgf330	1.0	Val-Tyr	ESI	Orbitrap	Crude	Tomas Pluskal	Corinna Brungs	[M+H]+	281.15	280.142	1.0			CC(C)[C@H](N)C(=O)N[C@@H](Cc1ccc(O)cc1)C(=O)O	InChI=1S/C14H20N2O4/c1-8(2)12(15)13(18)16-11(14(19)20)7-9-3-5-10(17)6-4-9/h3-6,8,11-12,17H,7,15H2,1-2H3,(H,16,18)(H,19,20)/t11-,12-/m0/s1	VEYJKJORLPYVLO-RYUDHWBXSA-N	1.0	Positive	MSNLIB-POSITIVE	281.15	UPDATE-SINGLE-ANNOTATED-GOLD	Gold		C14H20N2O4	VEYJKJORLPYVLO-RYUDHWBXSA-N	Organic acids and derivatives	Carboxylic acids and derivatives	Amino acids, peptides, and analogues	Small peptides	Dipeptides	Amino acids and Peptides	mzspec:GNPS:GNPS-LIBRARY:CCMSLIB00012328808																																																																							
330	VMOQWWNSYOVKKY	sirius	CC(C)OC(=O)NCC#CC#CCNC(=O)OC(C)C																																																																																												1.0	3.0	0.116	0.116	-144.341	0.021	0.318	54.165	C14H20N2O4	[M + H]+	C14H21N2O4+	InChI=1S/C14H20N2O4/c1-11(2)19-13(17)15-9-7-5-6-8-10-16-14(18)20-12(3)4/h11-12H,9-10H2,1-4H3,(H,15,17)(H,16,18)	propan-2-yl N-[6-(propan-2-yloxycarbonylamino)hexa-2,4-diynyl]carbamate	CC(C)OC(=O)NCC#CC#CCNC(=O)OC(C)C	1.7	19876705	PUBCHEM:(19876705)	2.0	281.15	58.0	0.961	7.136869807386478e+17	7.136868181296657e+17	
331	YSWHPLCDIMUKFE	sirius	C1=CC(=CC=C1CC(C(=O)O)NC(=O)C(CCC(=O)O)N)O																																																																																												1.0	2.0	0.658	0.658	-256.646	0.031	0.235	55.845	C14H18N2O6	[M - H2O + H]+	C14H17N2O5+	InChI=1S/C14H18N2O6/c15-10(5-6-12(18)19)13(20)16-11(14(21)22)7-8-1-3-9(17)4-2-8/h1-4,10-11,17H,5-7,15H2,(H,16,20)(H,18,19)(H,21,22)	4-amino-4-{[1-carboxy-2-(4-hydroxyphenyl)ethyl]carbamoyl}butanoic acid	C1=CC(=CC=C1CC(C(=O)O)NC(=O)C(CCC(=O)O)N)O	-0.393	6993106;6427016;515717;36689011;36689013;351830	PUBCHEMANNOTATIONBIO:(null);COCONUT:(CNP0163879);HMDB:(HMDB0028831);BloodExposome:(515717 351830);CHEBI:(73513 176475);SUPERNATURAL:(SN0459374);FooDB:(FDB005571);PUBCHEM:(6993106 6427016 515717 36689011 36689013 351830);DSSTox:(DTXSID90326069);LOTUS:(Q27140594);GNPS:(CCMSLIB00003136114)	138268381226.0	293.113	58.0	0.968	7.136869626444182e+17	7.136868181506372e+17	
332	LOUPERSDIMQXGC	sirius	CC(C)(C)C(=O)NCC(=O)NC1(CCSCC1)C(=O)O																																																																																												1.0	1.0	0.164	0.164	-186.495	0.995	0.333	89.96	C13H22N2O4S	[M + H3N + H]+	C13H26N3O4S+	InChI=1S/C13H22N2O4S/c1-12(2,3)10(17)14-8-9(16)15-13(11(18)19)4-6-20-7-5-13/h4-8H2,1-3H3,(H,14,17)(H,15,16)(H,18,19)	4-[[2-(2,2-Dimethylpropanoylamino)acetyl]amino]thiane-4-carboxylic acid	CC(C)(C)C(=O)NCC(=O)NC1(CCSCC1)C(=O)O	0.9	120209399	PUBCHEM:(120209399)	2.0	320.164	58.0	0.974	7.136869577538588e+17	7.13686818217746e+17	
333	FCCIQOJEDMDETP	sirius	CCC(C)C(C(=O)NC(C)C(=O)O)NC(=O)C1C(O1)C(=O)OCC																																																																																												1.0	1.0	0.076	0.076	-250.643	1.0	0.333	78.724	C15H24N2O7	[M + H3N + H]+	C15H28N3O7+	InChI=1S/C15H24N2O7/c1-5-7(3)9(12(18)16-8(4)14(20)21)17-13(19)10-11(24-10)15(22)23-6-2/h7-11H,5-6H2,1-4H3,(H,16,18)(H,17,19)(H,20,21)	(2R)-2-[[(2S,3S)-2-[[(2S,3S)-3-ethoxycarbonyloxirane-2-carbonyl]amino]-3-methylpentanoyl]amino]propanoic acid	CCC(C)C(C(=O)NC(C)C(=O)O)NC(=O)C1C(O1)C(=O)OCC	0.6	23647358;12000613	PUBCHEMANNOTATIONBIO:(null);NORMAN:(NS00071197);PUBCHEM:(23647358 12000613)	17039362.0	362.191	58.0	0.97	7.136869805163496e+17	7.136868181967745e+17	
334	JXLADBDTTVIQJS	sirius	CCOC(=O)C(C1=NC2C=CC=CC2S1)C(=O)OCC																																																																																												1.0	2.0	0.058	0.058	-187.682	0.23	0.333	44.711	C14H17NO4S	[M + H3N + H]+	C14H21N2O4S+	InChI=1S/C14H17NO4S/c1-3-18-13(16)11(14(17)19-4-2)12-15-9-7-5-6-8-10(9)20-12/h5-11H,3-4H2,1-2H3	Diethyl 2-(3a,7a-dihydro-1,3-benzothiazol-2-yl)propanedioate	CCOC(=O)C(C1=NC2C=CC=CC2S1)C(=O)OCC	2.5	123147063	PUBCHEM:(123147063)	2.0	313.122	58.0	0.975	7.136869759068092e+17	7.136868183100207e+17	
334	VXURZHPEJYLPGK	isdb	O=C(O)[C@@H]1Cc2c([nH]c3ccc(O)cc23)[C@@H](Cc2cnc[nH]2)N1																																													93.0	Alkaloids	0.5	Tryptophan alkaloids	0.5	Carboline alkaloids	0.5	2.0	0.27497566	ISDB	http://www.wikidata.org/entity/Q105298765	VXURZHPEJYLPGK-KGLIPLIRSA-N	InChI=1S/C16H16N4O3/c21-9-1-2-12-10(4-9)11-5-14(16(22)23)19-13(15(11)20-12)3-8-6-17-7-18-8/h1-2,4,6-7,13-14,19-21H,3,5H2,(H,17,18)(H,22,23)/t13-,14+/m1/s1	O=C(O)[C@@H]1Cc2c([nH]c3ccc(O)cc23)[C@@H](Cc2cnc[nH]2)N1	C16H16N4O3		312.122240372	Hyrtioreticulin A	Alkaloids	Tryptophan alkaloids	Carboline alkaloids	http://www.wikidata.org/entity/Q2779975	Hyrtios reticulatus	114790.0	['Eukaryota']	['Metazoa']	['Porifera']	['Demospongiae']	['Dictyoceratida']	['Thorectidae']	['Unknown']	['Hyrtios']	['Hyrtios reticulatus']											0.0	3.0	2.599902629852295	1.0																								
335	NTGMRLZCVIBEFL	sirius	CCC12CCC3(O1)C(C2C(=O)OCCCCC=C)C(=O)N(C3C(=O)N(CC=C)C(C)(C)C)C(CO)C4=CC=CC=C4																																																																																												1.0	2.0	0.109	0.109	-258.926	0.076	0.092	58.318	C33H46N2O6	[M + Na]+	C33H46N2NaO6+	InChI=1S/C33H46N2O6/c1-7-10-11-15-21-40-30(39)26-25-28(37)35(24(22-36)23-16-13-12-14-17-23)27(29(38)34(20-8-2)31(4,5)6)33(25)19-18-32(26,9-3)41-33/h7-8,12-14,16-17,24-27,36H,1-2,9-11,15,18-22H2,3-6H3	hex-5-enyl (5R,6S,7S)-2-[tert-butyl(prop-2-enyl)carbamoyl]-7-ethyl-3-[(1S)-2-hydroxy-1-phenylethyl]-4-oxo-10-oxa-3-azatricyclo[5.2.1.01,5]decane-6-carboxylate	CCC12CCC3(O1)C(C2C(=O)OCCCCC=C)C(=O)N(C3C(=O)N(CC=C)C(C)(C)C)C(CO)C4=CC=CC=C4	4.0	24089802;24143926	PUBCHEM:(24089802 24143926)	2.0	589.324	59.0	0.978	7.136870316616974e+17	7.136868182429119e+17	
336	LLJLBRRXKZTTRD	sirius	CC(C)C(C(=O)NC(C(C)C)C(=O)NC(CO)C(=O)O)N																																																																																												1.0	1.0	0.321	0.321	-159.953	0.922	0.333	77.901	C13H25N3O5	[M - H2O + H]+	C13H24N3O4+	InChI=1S/C13H25N3O5/c1-6(2)9(14)11(18)16-10(7(3)4)12(19)15-8(5-17)13(20)21/h6-10,17H,5,14H2,1-4H3,(H,15,19)(H,16,18)(H,20,21)	2-[[2-[(2-Amino-3-methylbutanoyl)amino]-3-methylbutanoyl]amino]-3-hydroxypropanoic acid	CC(C)C(C(=O)NC(C(C)C)C(=O)NC(CO)C(=O)O)N	-1.032	145459087;18232582	CHEBI:(166447);PUBCHEM:(145459087 18232582)	34.0	286.176	58.0	0.973	7.13686968067654e+17	7.136868182890492e+17	
337	AAZOYLQUEQRUMZ	sirius	CC(C(C(=O)NC(C(C)O)C(=O)NC(CC(=O)N)C(=O)O)N)O																																																																																												1.0	1.0	0.023	0.023	-289.483	0.973	0.333	29.489	C12H22N4O7	[M - H2O + H]+	C12H21N4O6+	InChI=1S/C12H22N4O7/c1-4(17)8(14)10(20)16-9(5(2)18)11(21)15-6(12(22)23)3-7(13)19/h4-6,8-9,17-18H,3,14H2,1-2H3,(H2,13,19)(H,15,21)(H,16,20)(H,22,23)	4-Amino-2-[[2-[(2-amino-3-hydroxybutanoyl)amino]-3-hydroxybutanoyl]amino]-4-oxobutanoic acid	CC(C(C(=O)NC(C(C)O)C(=O)NC(CC(=O)N)C(=O)O)N)O	-6.3	9880770;18224483	CHEBI:(164249);PUBCHEM:(9880770 18224483)	34.0	317.147	59.0	0.978	7.136869674594798e+17	7.136868183351866e+17	
338	SDUBQHUJJWQTEU	gnps	CC[C@H](C)[C@@H](C(=O)N[C@@H](CCCCN)C(=O)O)NC(=O)[C@H](C(C)C)N	CCMSLIB00003137442	spectra_filtered.mgf	GNPS-NIST14-MATCHES.mgf	0.843365	42147900.0	0.0	4.15062	8.0	179.128	180.136	2.0	temp/spectra_filtered.mgf338	1.0	Spectral Match to Val-Ile-Lys from NIST14	ESI	QQQ	Isolated	Data from Gabriel Haddad	Data deposited by mjmeehan	M+2H	180.137	358.258	1.0			CC[C@H](C)[C@@H](C(=O)N[C@@H](CCCCN)C(=O)O)NC(=O)[C@H](C(C)C)N	InChI=1S/C17H34N4O4/c1-5-11(4)14(21-15(22)13(19)10(2)3)16(23)20-12(17(24)25)8-6-7-9-18/h10-14H,5-9,18-19H2,1-4H3,(H,20,23)(H,21,22)(H,24,25)/t11-,12-,13-,14-/m0/s1		3.0	Positive	GNPS-NIST14-MATCHES	180.137	UPDATE-SINGLE-ANNOTATED-BRONZE	Bronze		C17H34N4O4	SDUBQHUJJWQTEU-XUXIUFHCSA-N	Organic acids and derivatives	Carboxylic acids and derivatives	Amino acids, peptides, and analogues	Small peptides	Tripeptides	Amino acids and Peptides	mzspec:GNPS:GNPS-LIBRARY:CCMSLIB00003137442																																																																							
340	IVXJIMGDOYRLQU	sirius	CCC(C)C(C(=O)N1CCCC1C(=O)NC(CC(C)C)C(=O)O)N																																																																																												1.0	1.0	0.414	0.559	-164.83	0.8	0.333	56.306	C17H31N3O4	[M + H3N + H]+	C17H35N4O4+	InChI=1S/C17H31N3O4/c1-5-11(4)14(18)16(22)20-8-6-7-13(20)15(21)19-12(17(23)24)9-10(2)3/h10-14H,5-9,18H2,1-4H3,(H,19,21)(H,23,24)	2-[[1-(2-Amino-3-methylpentanoyl)pyrrolidine-2-carbonyl]amino]-4-methylpentanoic acid	CCC(C)C(C(=O)N1CCCC1C(=O)NC(CC(C)C)C(=O)O)N	1.243	67308769;18221874	CHEBI:(158708);PUBCHEM:(67308769 18221874)	34.0	359.265	59.0	0.988	7.13686956805946e+17	7.136868184064897e+17	
342	NXQBAMFZVYMKKC	sirius	CCC(C1=CC=CC=C1)C(=O)N2CCCC2C(=O)NC(CCCN=C(N)N)C(=O)O																																																																																												1.0	1.0	0.069	0.069	-394.98	0.8	0.333	56.461	C21H31N5O4	[M + H3N + H]+	C21H35N6O4+	InChI=1S/C21H31N5O4/c1-2-15(14-8-4-3-5-9-14)19(28)26-13-7-11-17(26)18(27)25-16(20(29)30)10-6-12-24-21(22)23/h3-5,8-9,15-17H,2,6-7,10-13H2,1H3,(H,25,27)(H,29,30)(H4,22,23,24)	N-[(R)-2-Phenylbutanoyl]-L-Pro-L-Arg-OH	CCC(C1=CC=CC=C1)C(=O)N2CCCC2C(=O)NC(CCCN=C(N)N)C(=O)O	1.508	101644327	PUBCHEM:(101644327)	2.0	435.271	59.0	0.989	7.136869601446125e+17	7.136868184274612e+17	
343	RDQFDLUMOCOKPX	sirius	CC(C)(CO)C(C(=O)NCCC(CO)O)O																																																																																												1.0	1.0	0.068	0.068	-252.157	1.0	0.332	8.446	C10H21NO5	[M - H2O + H]+	C10H20NO4+	InChI=1S/C10H21NO5/c1-10(2,6-13)8(15)9(16)11-4-3-7(14)5-12/h7-8,12-15H,3-6H2,1-2H3,(H,11,16)	(2R)-N-(3,4-dihydroxybutyl)-2,4-dihydroxy-3,3-dimethylbutanamide	CC(C)(CO)C(C(=O)NCCC(CO)O)O	-1.5	57339421	PUBCHEMANNOTATIONBIO:(null);PUBCHEM:(57339421)	16777218.0	218.14	59.0	0.981	7.136869505857925e+17	7.136868184484328e+17	
343	XMQSOOJRRVEHRO	gnps	CC(C)C[C@@H](C(=O)N[C@@H](CCCN=C(N)N)C(=O)O)NC(=O)[C@H](CC1=CC=CC=C1)N	CCMSLIB00003137676	spectra_filtered.mgf	GNPS-NIST14-MATCHES.mgf	0.635156	34809300.0	0.0	1.04925	6.0	217.132	218.139	2.0	temp/spectra_filtered.mgf343	1.0	Spectral Match to Phe-Leu-Arg from NIST14	ESI	qTof	Isolated	Data from Pieter Dorrestein	Data deposited by lfnothias	M+2H	218.139	434.264	1.0			CC(C)C[C@@H](C(=O)N[C@@H](CCCN=C(N)N)C(=O)O)NC(=O)[C@H](CC1=CC=CC=C1)N	InChI=1S/C21H34N6O4/c1-13(2)11-17(27-18(28)15(22)12-14-7-4-3-5-8-14)19(29)26-16(20(30)31)9-6-10-25-21(23)24/h3-5,7-8,13,15-17H,6,9-12,22H2,1-2H3,(H,26,29)(H,27,28)(H,30,31)(H4,23,24,25)/t15-,16-,17-/m0/s1		3.0	Positive	GNPS-NIST14-MATCHES	218.139	UPDATE-SINGLE-ANNOTATED-BRONZE	Bronze		C21H34N6O4	XMQSOOJRRVEHRO-ULQDDVLXSA-N	Organic acids and derivatives	Carboxylic acids and derivatives	Amino acids, peptides, and analogues	Small peptides	Tripeptides	Amino acids and Peptides	mzspec:GNPS:GNPS-LIBRARY:CCMSLIB00003137676																																																																							
344	VLLTXZFENWKDDS	sirius	C1CCC(C1)NC(C(=O)CCC(C(=O)O)NC(=O)OCC2=CC=CC=C2)C(=O)O																																																																																												1.0	1.0	0.033	0.033	-362.027	0.798	0.333	83.336	C20H26N2O7	[M + H3N + H]+	C20H30N3O7+	InChI=1S/C20H26N2O7/c23-16(17(19(26)27)21-14-8-4-5-9-14)11-10-15(18(24)25)22-20(28)29-12-13-6-2-1-3-7-13/h1-3,6-7,14-15,17,21H,4-5,8-12H2,(H,22,28)(H,24,25)(H,26,27)	(6S)-2-(cyclopentylamino)-3-oxo-6-(phenylmethoxycarbonylamino)heptanedioic acid	C1CCC(C1)NC(C(=O)CCC(C(=O)O)NC(=O)OCC2=CC=CC=C2)C(=O)O	-0.5	20194042;18608467	PUBCHEM:(20194042 18608467)	2.0	424.208	60.0	1.002	7.136869827015822e+17	7.136868184735986e+17	
345	COTCIDNXHCMPCG	isdb	C/C(=C\c1cc(CCCc2ccoc2)co1)CCCc1coc(/C=C(\C)C(=O)NCCN)c1																																													94.0	Amino acids and Peptides	0.25	Small peptides	0.25	Linear sesterterpenoids	0.25	1.0	0.4328008	ISDB	http://www.wikidata.org/entity/Q104967284	COTCIDNXHCMPCG-KVVJQUGZSA-N	InChI=1S/C27H34N2O4/c1-20(13-25-15-24(18-32-25)8-4-6-22-9-12-31-17-22)5-3-7-23-16-26(33-19-23)14-21(2)27(30)29-11-10-28/h9,12-19H,3-8,10-11,28H2,1-2H3,(H,29,30)/b20-13+,21-14+	C/C(=C\c1cc(CCCc2ccoc2)co1)CCCc1coc(/C=C(\C)C(=O)NCCN)c1	C27H34N2O4		450.251857568	Hippospongin C	Terpenoids	Sesterterpenoids	Linear sesterterpenoids	http://www.wikidata.org/entity/Q3785744	Hippospongia	824335.0	['Eukaryota']	['Metazoa']	['Porifera']	['Demospongiae']	['Dictyoceratida']	['Spongiidae']	['Unknown']	['Hippospongia']	['Unknown']											0.0	3.0	3.2312031984329224	1.0																								
345	JQXNPEFVSBFQMI	sirius	CC(C(C(=O)N1CCCC1C(=O)NC(CC2=CC=CC=C2)C(=O)N)NC(=O)C(C)N)O																																																																																												1.0	1.0	0.293	0.293	-456.947	0.799	0.333	98.626	C21H31N5O5	[M + H3N + H]+	C21H35N6O5+	InChI=1S/C21H31N5O5/c1-12(22)19(29)25-17(13(2)27)21(31)26-10-6-9-16(26)20(30)24-15(18(23)28)11-14-7-4-3-5-8-14/h3-5,7-8,12-13,15-17,27H,6,9-11,22H2,1-2H3,(H2,23,28)(H,24,30)(H,25,29)	H-Ala-Thr-Pro-Phe-NH2	CC(C(C(=O)N1CCCC1C(=O)NC(CC2=CC=CC=C2)C(=O)N)NC(=O)C(C)N)O	-0.9	24808500	PUBCHEMANNOTATIONBIO;PUBCHEM:(24808500)	16777218.0	451.266	60.0	1.005	7.136869573218454e+17	7.136868184945701e+17	
346	GEKHQVFXSOIXGF	sirius	CC(C1CCC(C(O1)OC2C(CC(C(C2O)OC3C(C(C(CO3)(C)O)NC)O)N)N)N=C(N)N)NC																																																																																												1.0	2.0	0.021	0.021	-898.659	0.202	0.333	82.94	C22H45N7O7	[M - H2O + H]+	C22H44N7O6+	InChI=1S/C22H45N7O7/c1-9(27-3)13-6-5-12(29-21(25)26)19(34-13)35-16-10(23)7-11(24)17(14(16)30)36-20-15(31)18(28-4)22(2,32)8-33-20/h9-20,27-28,30-32H,5-8,23-24H2,1-4H3,(H4,25,26,29)	2'-Guanidyl-2'-deaminogentamicin C1	CC(C1CCC(C(O1)OC2C(CC(C(C2O)OC3C(C(C(CO3)(C)O)NC)O)N)N)N=C(N)N)NC	-4.7	53462690;102059904;158202	MESH:(158202 102059904);PUBCHEM:(53462690 102059904 158202);DSSTox:(DTXSID201002473);PUBMED	137438953542.0	502.335	61.0	1.012	7.136869707729804e+17	7.136868185868449e+17	
349	ANGDIGYSRGOEGR	sirius	CC(C)C(C(=O)NC(C(C)C)C(=O)O)NC(=O)C(C(C)O)NC(=O)C1CCCN1C(=O)C(C)N																																																																																												1.0	3.0	0.501	0.501	-124.855	0.108	0.333	73.212	C22H39N5O7	[M + H]+	C22H40N5O7+	InChI=1S/C22H39N5O7/c1-10(2)15(19(30)25-16(11(3)4)22(33)34)24-20(31)17(13(6)28)26-18(29)14-8-7-9-27(14)21(32)12(5)23/h10-17,28H,7-9,23H2,1-6H3,(H,24,31)(H,25,30)(H,26,29)(H,33,34)	H-Ala-Pro-Thr-Val-Val-OH	CC(C)C(C(=O)NC(C(C)C)C(=O)O)NC(=O)C(C(C)O)NC(=O)C1CCCN1C(=O)C(C)N	-0.667	10184635	PUBCHEM:(10184635)	2.0	486.292	61.0	1.011	7.136869860360543e+17	7.136868185197359e+17	
350	FUPQUWKXMHWMRQ	sirius	CC(=O)NC1=CN=C(C=C1)OCC(=O)N2CCC3(CC2)OCCO3																																																																																												1.0	1.0	0.094	0.094	-301.901	1.0	0.333	128.156	C16H21N3O5	[M + H3N + H]+	C16H25N4O5+	InChI=1S/C16H21N3O5/c1-12(20)18-13-2-3-14(17-10-13)22-11-15(21)19-6-4-16(5-7-19)23-8-9-24-16/h2-3,10H,4-9,11H2,1H3,(H,18,20)	N-{6-[2-(1,4-dioxa-8-azaspiro[4.5]dec-8-yl)-2-oxoethoxy]pyridin-3-yl}acetamide	CC(=O)NC1=CN=C(C=C1)OCC(=O)N2CCC3(CC2)OCCO3	-0.2	53174903	SUPERNATURAL:(SN0095967);PUBCHEM:(53174903)	1048578.0	353.182	57.0	0.956	7.136869621872389e+17	7.136868180122252e+17	
351	ANGDIGYSRGOEGR	sirius	CC(C)C(C(=O)NC(C(C)C)C(=O)O)NC(=O)C(C(C)O)NC(=O)C1CCCN1C(=O)C(C)N																																																																																												1.0	1.0	0.277	0.277	-189.499	1.0	1.0	43.799	C22H39N5O7	[M + Na]+	C22H39N5NaO7+	InChI=1S/C22H39N5O7/c1-10(2)15(19(30)25-16(11(3)4)22(33)34)24-20(31)17(13(6)28)26-18(29)14-8-7-9-27(14)21(32)12(5)23/h10-17,28H,7-9,23H2,1-6H3,(H,24,31)(H,25,30)(H,26,29)(H,33,34)	H-Ala-Pro-Thr-Val-Val-OH	CC(C)C(C(=O)NC(C(C)C)C(=O)O)NC(=O)C(C(C)O)NC(=O)C1CCCN1C(=O)C(C)N	-0.667	10184635	PUBCHEM:(10184635)	2.0	508.275	61.0	1.011	7.136869806631502e+17	7.136868185449019e+17	
353	MDSUKZSLOATHMH	sirius	CC(C)CC(C(=O)NC(C(C)C)C(=O)O)N																																																																																												1.0	1.0	0.765	0.798	-68.143	0.999	0.901	24.172	C11H22N2O3	[M + Na]+	C11H22N2NaO3+	InChI=1S/C11H22N2O3/c1-6(2)5-8(12)10(14)13-9(7(3)4)11(15)16/h6-9H,5,12H2,1-4H3,(H,13,14)(H,15,16)	2-(2-amino-4-methylpentanamido)-3-methylbutanoic acid	CC(C)CC(C(=O)NC(C(C)C)C(=O)O)N	0.62	103868893;6993115;6993116;129635900;6427009;148549452;61157156;61172247;36689033;36689034;36689035;36689036;79009905;352038;18640546	PUBCHEMANNOTATIONBIO:(null);HMDB:(HMDB0028942);BloodExposome:(6993116 352038);SUPERNATURAL:(SN0222848);FooDB:(FDB111965);PUBCHEM:(103868893 6993115 6993116 129635900 6427009 148549452 61157156 61172247 36689033 36689034 36689035 36689036 79009905 352038 18640546);GNPS:(CCMSLIB00003137144);COCONUT:(CNP0233149);METACYC:(CPD-20385);CHEBI:(73579 177272);DSSTox:(DTXSID20653193 DTXSID80929169);LOTUS:(Q27141751);PUBCHEMANNOTATIONDRUG:(null);PUBMED:(null)	138301937770.0	253.152	62.0	1.027	7.136869535092227e+17	7.136868186329823e+17	
354	MYFMARDICOWMQP	sirius	CC(C)CC(C(=O)O)NC(=O)CCC(C(=O)O)N																																																																																												1.0	2.0	0.739	0.888	-50.005	0.2	0.333	122.25	C11H20N2O5	[M + H]+	C11H21N2O5+	InChI=1S/C11H20N2O5/c1-6(2)5-8(11(17)18)13-9(14)4-3-7(12)10(15)16/h6-8H,3-5,12H2,1-2H3,(H,13,14)(H,15,16)(H,17,18)	Gamma-Glu-Leu	CC(C)CC(C(=O)O)NC(=O)CCC(C(=O)O)N	-2.4	4524287;7009565;92223192;92223193;139584172;88491002;89124213;89124215;151023	PUBCHEMANNOTATIONBIO:(null);HMDB:(HMDB0011171);MiMeDB:(MMDBc0000446 MMDBc0004599);BloodExposome:(151023);SUPERNATURAL:(SN0238576);MESH:(151023);FooDB:(FDB003617);PUBCHEM:(4524287 7009565 92223192 92223193 139584172 88491002 89124213 89124215 151023);COCONUT:(CNP0259843);METACYC:(CPD-20391);CHEBI:(68433 133038 181242);DSSTox:(DTXSID30948542);LOTUS:(Q27136932);PUBCHEMANNOTATIONDRUG:(null);PUBMED:(null)	139375675502.0	261.144	62.0	1.028	7.136869711169134e+17	7.136868186539538e+17	
354	YBAFDPFAUTYYRW	isdb	CC(C)C[C@H](NC(=O)[C@@H](N)CCC(=O)O)C(=O)O																																													7.0	Amino acids and Peptides	0.4761904761904761	Small peptides	0.4642857142857143	Dipeptides	0.4285714285714285	1.0	0.5868792	ISDB	http://www.wikidata.org/entity/Q27140586	YBAFDPFAUTYYRW-YUMQZZPRSA-N	InChI=1S/C11H20N2O5/c1-6(2)5-8(11(17)18)13-10(16)7(12)3-4-9(14)15/h6-8H,3-5,12H2,1-2H3,(H,13,16)(H,14,15)(H,17,18)/t7-,8-/m0/s1	CC(C)C[C@H](NC(=O)[C@@H](N)CCC(=O)O)C(=O)O	C11H20N2O5		260.13722174	Glu-Leu	Amino acids and Peptides	Small peptides	Dipeptides	http://www.wikidata.org/entity/Q33244	Trypanosoma brucei	494245.0	['Eukaryota']	['Unknown']	['Unknown']	['Unknown']	['Kinetoplastea']	['Unknown']	['Unknown']	['Trypanosoma']	['Trypanosoma brucei']											0.0	3.0	3.8475167751312256	1.0																								
355	PICJEQCTODDFRP	sirius	CCC(C)C(C(=O)N1CCC(CC1)C(=O)NC(C2=CC=CC=C2)C(=O)O)NC(=O)OC(C)(C)C																																																																																												1.0	1.0	0.055	0.085	-342.114	0.445	0.333	37.754	C25H37N3O6	[M + H3N + H]+	C25H41N4O6+	InChI=1S/C25H37N3O6/c1-6-16(2)19(27-24(33)34-25(3,4)5)22(30)28-14-12-18(13-15-28)21(29)26-20(23(31)32)17-10-8-7-9-11-17/h7-11,16,18-20H,6,12-15H2,1-5H3,(H,26,29)(H,27,33)(H,31,32)	2-{[1-(2-{[(tert-butoxy)carbonyl]amino}-3-methylpentanoyl)piperidin-4-yl]formamido}-2-phenylacetic acid	CCC(C)C(C(=O)N1CCC(CC1)C(=O)NC(C2=CC=CC=C2)C(=O)O)NC(=O)OC(C)(C)C	3.2	5195814;16401022;40872699;25563794	COCONUT:(CNP0314830);SUPERNATURAL:(SN0286054);PUBCHEM:(5195814 16401022 40872699 25563794)	3145730.0	493.302	61.0	1.024	7.136869657188434e+17	7.136868186120108e+17	
356	UBFJVNUNMFUKPT	sirius	CC(C)C(C)C(=O)NC(C1CC1)C(=O)O																																																																																												1.0	1.0	0.307	0.307	-124.723	0.8	0.333	32.985	C11H19NO3	[M + H3N + H]+	C11H23N2O3+	InChI=1S/C11H19NO3/c1-6(2)7(3)10(13)12-9(11(14)15)8-4-5-8/h6-9H,4-5H2,1-3H3,(H,12,13)(H,14,15)	2-Cyclopropyl-2-(2,3-dimethylbutanoylamino)acetic acid	CC(C)C(C)C(=O)NC(C1CC1)C(=O)O	1.8	64032558	PUBCHEM:(64032558)	2.0	231.17	62.0	1.029	7.136869825212271e+17	7.136868186791196e+17	
356	XCTHZFGSVQBHBW	gnps	CC(C)C[C@@H](C(=O)O)NC(=O)[C@H](C(C)C)N	CCMSLIB00003136637	spectra_filtered.mgf	GNPS-NIST14-MATCHES.mgf	0.931081	1588050000.0	0.0	3.30032	6.0	0.000762939	231.17	1.0	temp/spectra_filtered.mgf356	1.0	Spectral Match to Val-Leu from NIST14	ESI	QQQ	Isolated	Data from Pieter Dorrestein	Data deposited by lfnothias	M+H	231.171	230.163	1.0	3989977		CC(C)C[C@@H](C(=O)O)NC(=O)[C@H](C(C)C)N	InChI=1S/C11H22N2O3/c1-6(2)5-8(11(15)16)13-10(14)9(12)7(3)4/h6-9H,5,12H2,1-4H3,(H,13,14)(H,15,16)/t8-,9-/m0/s1		3.0	Positive	GNPS-NIST14-MATCHES	231.171	UPDATE-SINGLE-ANNOTATED-BRONZE	Bronze		C11H22N2O3	XCTHZFGSVQBHBW-IUCAKERBSA-N	Organic acids and derivatives	Carboxylic acids and derivatives	Amino acids, peptides, and analogues	Small peptides	Dipeptides	Amino acids and Peptides	mzspec:GNPS:GNPS-LIBRARY:CCMSLIB00003136637																																																																							
358	IQNWLCXGCZTZFI	sirius	C1CC(N(C1)C(=O)C(CCCCN=CNC2=CC=C(C=C2)O)NC(CCC3=CC=CC=C3)C(=O)O)C(=O)O																																																																																												1.0	1.0	0.087	0.087	-464.878	0.976	0.031	25.065	C28H36N4O6	[M + Na]+	C28H36N4NaO6+	InChI=1S/C28H36N4O6/c33-22-14-12-21(13-15-22)30-19-29-17-5-4-9-23(26(34)32-18-6-10-25(32)28(37)38)31-24(27(35)36)16-11-20-7-2-1-3-8-20/h1-3,7-8,12-15,19,23-25,31,33H,4-6,9-11,16-18H2,(H,29,30)(H,35,36)(H,37,38)	L-proline, N2-((1S)-1-carboxy-3-phenylpropyl)-N6-((4-hydroxyphenyl)iminomethyl)-L-lysyl-	C1CC(N(C1)C(=O)C(CCCCN=CNC2=CC=C(C=C2)O)NC(CCC3=CC=CC=C3)C(=O)O)C(=O)O	3.812	21120138;10052522;122144	PUBCHEMANNOTATIONBIO:(null);HMDB:(HMDB0250421);BloodExposome:(122144);CHEBI:(177385);MESH:(122144);PUBCHEM:(21120138 10052522 122144);DSSTox:(DTXSID40919283);PUBCHEMANNOTATIONDRUG:(null);PUBMED:(null)	137493479534.0	547.252	62.0	1.041	7.136869743507222e+17	7.136868187000911e+17	
359	DEJXNEHSTOCMNC	isdb	O=C1N[C@@H](CCCCNC(=O)c2cccnc2)CO1																																													-1.0							1.0	0.22531295	ISDB	http://www.wikidata.org/entity/Q113959282	DEJXNEHSTOCMNC-NSHDSACASA-N	InChI=1S/C13H17N3O3/c17-12(10-4-3-6-14-8-10)15-7-2-1-5-11-9-19-13(18)16-11/h3-4,6,8,11H,1-2,5,7,9H2,(H,15,17)(H,16,18)/t11-/m0/s1	O=C1N[C@@H](CCCCNC(=O)c2cccnc2)CO1	C13H17N3O3		263.126991404		Alkaloids	Nicotinic acid alkaloids	Pyridine alkaloids	http://www.wikidata.org/entity/Q5702658	Archangium	872667.0	['Bacteria']	['Unknown']	['Proteobacteria']	['Deltaproteobacteria']	['Myxococcales']	['Cystobacteraceae']	['Unknown']	['Archangium']	['Unknown']											0.0	0.0	0.9012517929077148	1.0																								
359	TVWZLLYAJDSSCJ	sirius	CCOC(=O)CC(C(=O)OCC)C(=O)OCC																																																																																												1.0	5.0	0.097	0.097	-133.994	0.023	0.002	53.563	C11H18O6	[M + H3N + H]+	C11H22NO6+	InChI=1S/C11H18O6/c1-4-15-9(12)7-8(10(13)16-5-2)11(14)17-6-3/h8H,4-7H2,1-3H3	Triethyl ethane-1,1,2-tricarboxylate	CCOC(=O)CC(C(=O)OCC)C(=O)OCC	1.1	59497065;81961;151947203	NORMAN:(NS00037633);PUBCHEMANNOTATIONSAFETYANDTOXIC:(null);PUBCHEM:(59497065 81961 151947203);DSSTox:(DTXSID70225561);LOTUS:(Q72510638)	137774759938.0	264.142	63.0	1.057	7.136869636804114e+17	7.136868188343089e+17	
360	VPIAUJHNRCATCT	sirius	CCC(C)C(C(=O)N1CCCC1C(=O)NC(CO)C(=O)NC(C(C)CC)C(=O)O)N																																																																																												1.0	2.0	0.258	0.258	-158.573	0.21	0.333	26.3	C20H36N4O6	[M - H2O + H]+	C20H35N4O5+	InChI=1S/C20H36N4O6/c1-5-11(3)15(21)19(28)24-9-7-8-14(24)18(27)22-13(10-25)17(26)23-16(20(29)30)12(4)6-2/h11-16,25H,5-10,21H2,1-4H3,(H,22,27)(H,23,26)(H,29,30)	H-DL-xiIle-DL-Pro-DL-Ser-DL-xiIle-OH	CCC(C)C(C(=O)N1CCCC1C(=O)NC(CO)C(=O)NC(C(C)CC)C(=O)O)N	0.04	18297306	PUBCHEM:(18297306)	2.0	411.26	62.0	1.04	7.13686963965624e+17	7.13686818725257e+17	
362	RMTBEJIJFWZNPI	sirius	CC(C)CC(C(=O)NC(C)C(=O)O)NC(=O)C(CC1=CC=C(C=C1)O)N(C)C(=O)C(CC2=CC=C(C=C2)O)NC																																																																																												1.0	3.0	0.536	0.536	-323.477	0.215	0.333	30.854	C29H40N4O7	[M + H]+	C29H41N4O7+	InChI=1S/C29H40N4O7/c1-17(2)14-23(26(36)31-18(3)29(39)40)32-27(37)25(16-20-8-12-22(35)13-9-20)33(5)28(38)24(30-4)15-19-6-10-21(34)11-7-19/h6-13,17-18,23-25,30,34-35H,14-16H2,1-5H3,(H,31,36)(H,32,37)(H,39,40)	N-Methyltyrosyl-N-Methyltyrosyl-Leucyl-Alanine	CC(C)CC(C(=O)NC(C)C(=O)O)NC(=O)C(CC1=CC=C(C=C1)O)N(C)C(=O)C(CC2=CC=C(C=C2)O)NC	0.7	85123929;10370475	COCONUT:(CNP0237646);MiMeDB:(MMDBc0016506);SUPERNATURAL:(SN0329616);MESH:(10370475);PUBCHEM:(85123929 10370475);LOTUS:(Q77570725);PUBMED:(null)	1345323078.0	557.297	63.0	1.043	7.136869683486724e+17	7.136868187672e+17	
364	WRNOPZOASXNZJB	sirius	CC(C)(C)OC(=O)NC(C)(C)C(=O)N1CCCC1C(=O)NC(=O)C2CCCN2C																																																																																												1.0	4.0	0.071	0.071	-322.046	0.071	0.081	53.74	C20H34N4O5	[M + Na]+	C20H34N4NaO5+	InChI=1S/C20H34N4O5/c1-19(2,3)29-18(28)22-20(4,5)17(27)24-12-8-10-14(24)16(26)21-15(25)13-9-7-11-23(13)6/h13-14H,7-12H2,1-6H3,(H,22,28)(H,21,25,26)	tert-Butyloxycarbonyl-2-aminoisobutyryl-prolyl-prolyl-methylamide	CC(C)(C)OC(=O)NC(C)(C)C(=O)N1CCCC1C(=O)NC(=O)C2CCCN2C	1.3	53462349;134859	MESH:(134859);PUBCHEM:(53462349 134859);DSSTox:(DTXSID601005198);PUBMED:(null)	137438953542.0	433.242	63.0	1.046	7.136869674133425e+17	7.136868187462285e+17	
365	LHSGPCFBGJHPCY	isdb	CC(C)C[C@H](N)C(=O)N[C@@H](Cc1ccc(O)cc1)C(=O)O																																													7.0	Amino acids and Peptides	0.4761904761904761	Small peptides	0.4642857142857143	Dipeptides	0.4285714285714285	1.0	0.34203488	ISDB	http://www.wikidata.org/entity/Q27141905	LHSGPCFBGJHPCY-STQMWFEESA-N	InChI=1S/C15H22N2O4/c1-9(2)7-12(16)14(19)17-13(15(20)21)8-10-3-5-11(18)6-4-10/h3-6,9,12-13,18H,7-8,16H2,1-2H3,(H,17,19)(H,20,21)/t12-,13-/m0/s1	CC(C)C[C@H](N)C(=O)N[C@@H](Cc1ccc(O)cc1)C(=O)O	C15H22N2O4		294.157957184	(2S)-2-[[(2S)-2-azaniumyl-4-methylpentanoyl]amino]-3-(4-hydroxyphenyl)propanoate	Amino acids and Peptides	Small peptides	Dipeptides	http://www.wikidata.org/entity/Q33244	Trypanosoma brucei	494245.0	['Eukaryota']	['Unknown']	['Unknown']	['Unknown']	['Kinetoplastea']	['Unknown']	['Unknown']	['Trypanosoma']	['Trypanosoma brucei']											0.0	3.0	2.8681395053863525	1.0																								
365	PIDZYRNBYGMTDF	sirius	C1CCC(C1)C(=O)NC(CC2=CC=C(C=C2)O)C(=O)O																																																																																												1.0	1.0	0.427	0.427	-212.609	0.8	0.333	48.259	C15H19NO4	[M + H3N + H]+	C15H23N2O4+	InChI=1S/C15H19NO4/c17-12-7-5-10(6-8-12)9-13(15(19)20)16-14(18)11-3-1-2-4-11/h5-8,11,13,17H,1-4,9H2,(H,16,18)(H,19,20)	2-(Cyclopentanecarbonylamino)-3-(4-hydroxyphenyl)propanoic acid	C1CCC(C1)C(=O)NC(CC2=CC=C(C=C2)O)C(=O)O	2.254	16772450;29899687;29899691	PUBCHEM:(16772450 29899687 29899691)	2.0	295.165	59.0	0.986	7.136869542222543e+17	7.136868183603524e+17	
366	WQSPIJGAQVDBGG	sirius	CCC(C)C(C(=O)NC(C(C)CC)C(=O)NC(CC(=O)O)C(=O)O)NC(=O)C(CCCCN)NC(=O)C(CC(=O)O)N																																																																																												1.0	3.0	0.681	0.681	-132.949	0.019	0.333	71.877	C26H46N6O10	[M + H]+	C26H47N6O10+	InChI=1S/C26H46N6O10/c1-5-13(3)20(24(39)30-17(26(41)42)12-19(35)36)32-25(40)21(14(4)6-2)31-23(38)16(9-7-8-10-27)29-22(37)15(28)11-18(33)34/h13-17,20-21H,5-12,27-28H2,1-4H3,(H,29,37)(H,30,39)(H,31,38)(H,32,40)(H,33,34)(H,35,36)(H,41,42)	H-Asp-Lys-Ile-Ile-Asp-OH	CCC(C)C(C(=O)NC(C(C)CC)C(=O)NC(CC(=O)O)C(=O)O)NC(=O)C(CCCCN)NC(=O)C(CC(=O)O)N	-5.6	25217292	PUBCHEM:(25217292)	2.0	603.334	63.0	1.05	7.1368698446319e+17	7.136868187881715e+17	
367	IQSZWFJPRBOXGM	sirius	CC(C)CC(C(=O)NC(CC1=CC=C(C=C1)O)C(=O)NC(CC2=CC=C(C=C2)O)C(=O)O)N(C)C(=O)C(C)N																																																																																												1.0	2.0	0.445	0.445	-514.983	0.173	0.333	25.973	C28H38N4O7	[M - H2O + H]+	C28H37N4O6+	InChI=1S/C28H38N4O7/c1-16(2)13-24(32(4)27(37)17(3)29)26(36)30-22(14-18-5-9-20(33)10-6-18)25(35)31-23(28(38)39)15-19-7-11-21(34)12-8-19/h5-12,16-17,22-24,33-34H,13-15,29H2,1-4H3,(H,30,36)(H,31,35)(H,38,39)	H-Ala-N(Me)Leu-Tyr-Tyr-OH	CC(C)CC(C(=O)NC(CC1=CC=C(C=C1)O)C(=O)NC(CC2=CC=C(C=C2)O)C(=O)O)N(C)C(=O)C(C)N	0.2	11987880	PUBCHEMANNOTATIONBIO:(null);PUBCHEM:(11987880)	16777218.0	525.27	63.0	1.057	7.136869597335706e+17	7.136868188594747e+17	
368	NIAYGGCQOYIHAF	sirius	CCC(C)C1C(=O)N(C(C(=O)N(C(C(=O)NCCC(=O)OC(C(=O)N2CCCC2C(=O)N1)CC3CO3)C)C)C(C)C)C																																																																																												1.0	3.0	0.141	0.141	-442.601	0.099	0.333	65.576	C29H47N5O8	[M - H2O + H]+	C29H46N5O7+	InChI=1S/C29H47N5O8/c1-8-17(4)23-28(39)33(7)24(16(2)3)29(40)32(6)18(5)25(36)30-12-11-22(35)42-21(14-19-15-41-19)27(38)34-13-9-10-20(34)26(37)31-23/h16-21,23-24H,8-15H2,1-7H3,(H,30,36)(H,31,37)	3-(butan-2-yl)-5,8,9-trimethyl-16-[(oxiran-2-yl)methyl]-6-(propan-2-yl)-icosahydropyrrolo[1,2-d]1-oxa-4,7,10,13,16-pentaazacyclononadecane-1,4,7,10,14,17-hexone	CCC(C)C1C(=O)N(C(C(=O)N(C(C(=O)NCCC(=O)OC(C(=O)N2CCCC2C(=O)N1)CC3CO3)C)C)C(C)C)C	1.2	102059951;162988846;162988847;92267392;92267393;92267394;92267395;10393676;152771884;107863;46933682;46934590	PUBCHEMANNOTATIONBIO;COCONUT:(CNP0261673);HMDB:(HMDB0251067);BloodExposome:(46934590 107863);CHEBI:(188838);SUPERNATURAL:(SN0246169);MESH:(107863 46934590);PUBCHEM:(102059951 162988846 162988847 92267392 92267393 92267394 92267395 10393676 152771884 107863 46933682 46934590);DSSTox:(DTXSID70997998);LOTUS:(Q105179719 Q105179718 Q27284274 Q27294124);PUBMED	137731506286.0	576.339	63.0	1.056	7.136869722158212e+17	7.136868188133373e+17	
370	QHUREMVLLMNUAX	sirius	CCC(C)C(C(=O)NC(C(C)O)C(=O)NC(C(C)C)C(=O)O)N																																																																																												1.0	2.0	0.401	0.474	-180.257	0.2	0.333	38.516	C15H29N3O5	[M - H2O + H]+	C15H28N3O4+	InChI=1S/C15H29N3O5/c1-6-8(4)10(16)13(20)18-12(9(5)19)14(21)17-11(7(2)3)15(22)23/h7-12,19H,6,16H2,1-5H3,(H,17,21)(H,18,20)(H,22,23)	2-[[2-[(2-Amino-3-methylpentanoyl)amino]-3-hydroxybutanoyl]amino]-3-methylbutanoic acid	CCC(C)C(C(=O)NC(C(C)O)C(=O)NC(C(C)C)C(=O)O)N	-0.13	145456290;18221919	CHEBI:(158807);PUBCHEM:(145456290 18221919)	34.0	314.207	63.0	1.057	7.136869662892689e+17	7.136868188804462e+17	
371	IWIANZLCJVYEFX	sirius	C1CC(NC1)C(=O)NC(CC2=CC=CC=C2)C(=O)O																																																																																												1.0	3.0	0.995	0.995	-90.233	0.013	0.332	37.123	C14H18N2O3	[M + H]+	C14H19N2O3+	InChI=1S/C14H18N2O3/c17-13(11-7-4-8-15-11)16-12(14(18)19)9-10-5-2-1-3-6-10/h1-3,5-6,11-12,15H,4,7-9H2,(H,16,17)(H,18,19)	3-phenyl-2-[(pyrrolidin-2-yl)formamido]propanoic acid	C1CC(NC1)C(=O)NC(CC2=CC=CC=C2)C(=O)O	1.314	103868978;103869007;5226097;53938781;7081633;6351946;56845412;61157145;61174540;1770052;1770053;44369053	PUBCHEMANNOTATIONBIO:(null);COCONUT:(CNP0401040);HMDB:(HMDB0011179);BloodExposome:(5226097);CHEBI:(74795);SUPERNATURAL:(SN0157008);FooDB:(FDB027951);PUBCHEM:(103868978 103869007 5226097 53938781 7081633 6351946 56845412 61157145 61174540 1770052 1770053 44369053);DSSTox:(DTXSID70874553);GNPS:(CCMSLIB00003139555 CCMSLIB00003135281);PUBMED:(null)	137999945834.0	263.139	64.0	1.059	7.136869827309423e+17	7.136868189307779e+17	
373	NGKPIPCGMLWHBX	sirius	CCC(C)C(C(=O)NC(CC1=CC=C(C=C1)O)C(=O)NC(C(C)O)C(=O)O)N																																																																																												1.0	2.0	0.419	0.419	-427.502	0.2	0.333	49.582	C19H29N3O6	[M - H2O + H]+	C19H28N3O5+	InChI=1S/C19H29N3O6/c1-4-10(2)15(20)18(26)21-14(9-12-5-7-13(24)8-6-12)17(25)22-16(11(3)23)19(27)28/h5-8,10-11,14-16,23-24H,4,9,20H2,1-3H3,(H,21,26)(H,22,25)(H,27,28)	2-[[2-[(2-Amino-3-methylpentanoyl)amino]-3-(4-hydroxyphenyl)propanoyl]amino]-3-hydroxybutanoic acid	CCC(C)C(C(=O)NC(CC1=CC=C(C=C1)O)C(=O)NC(C(C)O)C(=O)O)N	0.384	145456321;18221955	CHEBI:(158881);PUBCHEM:(145456321 18221955)	34.0	378.202	65.0	1.08	7.136869666248132e+17	7.136868189769152e+17	
374	LSGOTAXPWMCUCK	isdb	O=C1N[C@@H](Cc2ccc(O)cc2)C(=O)N2CCC[C@@H]12																																													-1.0							1.0	0.49437344	ISDB	http://www.wikidata.org/entity/Q27089361	LSGOTAXPWMCUCK-RYUDHWBXSA-N	InChI=1S/C14H16N2O3/c17-10-5-3-9(4-6-10)8-11-14(19)16-7-1-2-12(16)13(18)15-11/h3-6,11-12,17H,1-2,7-8H2,(H,15,18)/t11-,12-/m0/s1	O=C1N[C@@H](Cc2ccc(O)cc2)C(=O)N2CCC[C@@H]12	C14H16N2O3		260.116092372	Maculosin	Amino acids and Peptides	Small peptides	Dipeptides	http://www.wikidata.org/entity/Q31856	Pseudomonas aeruginosa	216671.0	['Bacteria']	['Unknown']	['Proteobacteria']	['Gammaproteobacteria']	['Pseudomonadales']	['Pseudomonadaceae']	['Unknown']	['Pseudomonas']	['Pseudomonas aeruginosa']		['Bacteria']		['Proteobacteria']	['Gammaproteobacteria']	['Pseudomonadales']	['Pseudomonadaceae']		['Pseudomonas']	['Pseudomonas aeruginosa']	7.0	0.0	8.97749376296997	1.0																								
374	XPEMUBOONBKQDA	sirius	C1CN(C(=O)C=C1)C(=O)C=CC2=CC=CC=C2O																																																																																												1.0	1.0	0.106	0.106	-152.708	0.699	0.145	125.547	C14H13NO3	[M + H3N + H]+	C14H17N2O3+	InChI=1S/C14H13NO3/c16-12-6-2-1-5-11(12)8-9-14(18)15-10-4-3-7-13(15)17/h1-3,5-9,16H,4,10H2	1-[(E)-3-(2-hydroxyphenyl)prop-2-enoyl]-2,3-dihydropyridin-6-one	C1CN(C(=O)C=C1)C(=O)C=CC2=CC=CC=C2O	1.8	145985592	PUBCHEM:(145985592);PUBMED:(null)	66.0	261.124	64.0	1.072	7.136869765359548e+17	7.136868189517494e+17	
375	UWIUYTPBOQEPCK	sirius	CC(C)CC(C(=O)N1CCC(CC1)C(=O)NC(CC(C)C)C(=O)O)N																																																																																												1.0	1.0	0.645	0.645	-268.671	0.801	0.333	68.298	C18H33N3O4	[M + H3N + H]+	C18H37N4O4+	InChI=1S/C18H33N3O4/c1-11(2)9-14(19)17(23)21-7-5-13(6-8-21)16(22)20-15(18(24)25)10-12(3)4/h11-15H,5-10,19H2,1-4H3,(H,20,22)(H,24,25)	2-{[1-(2-amino-4-methylpentanoyl)piperidin-4-yl]formamido}-4-methylpentanoic acid	CC(C)CC(C(=O)N1CCC(CC1)C(=O)NC(CC(C)C)C(=O)O)N	1.332	4836595;1791784;1791785	COCONUT:(CNP0387194);SUPERNATURAL:(SN0381875);PUBCHEM:(4836595 1791784 1791785)	3145730.0	373.281	65.0	1.081	7.136869619984951e+17	7.136868189978867e+17	
376	BQBCIBCLXBKYHW	gnps|isdb	CC(C)C[C@H](NC(=O)[C@@H](N)[C@@H](C)O)C(=O)O	CCMSLIB00003140084	spectra_filtered.mgf	GNPS-NIST14-MATCHES.mgf	0.982238	12896600.0	0.0	1.89795	10.0	0.000442505	233.149	1.0	temp/spectra_filtered.mgf376	1.0	Spectral Match to Thr-Leu from NIST14	ESI	qTof	Isolated	Data from Julia Gauglitz	Data deposited by fevargas	M+H	233.149	232.142	1.0	50299122		C[C@H]([C@@H](C(=O)N[C@@H](CC(C)C)C(=O)O)N)O	InChI=1S/C10H20N2O4/c1-5(2)4-7(10(15)16)12-9(14)8(11)6(3)13/h5-8,13H,4,11H2,1-3H3,(H,12,14)(H,15,16)/t6-,7+,8+/m1/s1		3.0	Positive	GNPS-NIST14-MATCHES	233.149	UPDATE-SINGLE-ANNOTATED-BRONZE	Bronze		C10H20N2O4	BQBCIBCLXBKYHW-CSMHCCOUSA-N	Organic acids and derivatives	Carboxylic acids and derivatives	Amino acids, peptides, and analogues	Small peptides	Dipeptides	Amino acids and Peptides	mzspec:GNPS:GNPS-LIBRARY:CCMSLIB00003140084	7.0	Amino acids and Peptides	0.4761904761904761	Small peptides	0.4642857142857143	Dipeptides	0.4285714285714285	2.0	0.5755713	ISDB	http://www.wikidata.org/entity/Q27144970	BQBCIBCLXBKYHW-CSMHCCOUSA-N	InChI=1S/C10H20N2O4/c1-5(2)4-7(10(15)16)12-9(14)8(11)6(3)13/h5-8,13H,4,11H2,1-3H3,(H,12,14)(H,15,16)/t6-,7+,8+/m1/s1	CC(C)C[C@H](NC(=O)[C@@H](N)[C@@H](C)O)C(=O)O	C10H20N2O4		232.14230712	Thr-Leu	Amino acids and Peptides	Small peptides	Dipeptides	http://www.wikidata.org/entity/Q7912606	Valsa sordida	382306.0	['Eukaryota']	['Fungi']	['Ascomycota']	['Sordariomycetes']	['Diaporthales']	['Valsaceae']	['Unknown']	['Valsa']	['Valsa sordida']											0.0	3.0	3.8022851943969727	1.0																								
376	QFVJNEASAAJIDF	sirius	CC(C)(C)OC(=O)NC(C1CC1)C(=O)O																																																																																												1.0	1.0	0.177	0.214	-145.642	0.8	0.333	80.96	C10H17NO4	[M + H3N + H]+	C10H21N2O4+	InChI=1S/C10H17NO4/c1-10(2,3)15-9(14)11-7(8(12)13)6-4-5-6/h6-7H,4-5H2,1-3H3,(H,11,14)(H,12,13)	(S)-tert-Butoxycarbonylamino-cyclopropyl-acetic acid	CC(C)(C)OC(=O)NC(C1CC1)C(=O)O	1.3	22492146;7146273;7146274;7146275;2761461	PUBCHEMANNOTATIONSAFETYANDTOXIC:(null);PUBCHEM:(22492146 7146273 7146274 7146275 2761461);DSSTox:(DTXSID10935334)	137506062338.0	233.149	65.0	1.082	7.136869752189432e+17	7.136868190230525e+17	
377	ULSIYEODSMZIPX	sirius	C1=CC=C(C=C1)C(CN)O																																																																																												1.0	1.0	0.913	0.934	-23.864	0.991	0.333	20.598	C8H11NO	[M - H2O + H]+	C8H10N+	InChI=1S/C8H11NO/c9-6-8(10)7-4-2-1-3-5-7/h1-5,8,10H,6,9H2	Bisnorephedrine	C1=CC=C(C=C1)C(CN)O	0.315	6951163;6951164;6951165;15968885;4745144;643217;71751616;10606812;1000;450537	PUBCHEMANNOTATIONBIO:(null);HMDB:(HMDB0001065 HMDB0062626);MiMeDB:(MMDBc0031991);PUBCHEMANNOTATIONSAFETYANDTOXIC:(null);BloodExposome:(1000);SUPERNATURAL:(SN0373767);MESH:(1000);FooDB:(FDB022404);PUBCHEM:(6951163 6951164 6951165 15968885 4745144 643217 71751616 10606812 1000 450537);COCONUT:(CNP0107878);NORMAN:(NS00014647);METACYC:(PHENYLETHANOLAMINE);CHEBI:(57741 16343);KEGG:(C02735);DSSTox:(DTXSID10864094 DTXSID40963403 DTXSID60481694 DTXSID90426230);LOTUS:(Q7181429 Q72501909);PUBCHEMANNOTATIONDRUG:(null);PUBMED:(null)	139443046766.0	120.08	65.0	1.085	7.136869700263942e+17	7.13686819044024e+17	
378	IEHDJWSAXBGJIP	sirius	CC(C)C(C(=O)O)NC(=O)C(CC1=CC=CC=C1)N																																																																																												1.0	1.0	0.349	0.349	-178.265	0.995	0.825	24.252	C14H20N2O3	[M + Na]+	C14H20N2NaO3+	InChI=1S/C14H20N2O3/c1-9(2)12(14(18)19)16-13(17)11(15)8-10-6-4-3-5-7-10/h3-7,9,11-12H,8,15H2,1-2H3,(H,16,17)(H,18,19)		CC(C)C(C(=O)O)NC(=O)C(CC1=CC=CC=C1)N	1.108	4096934;112497282;9903390;40493114;40493116;40493119;7359121;7359122;55029758;61174720;79010135	PUBCHEMANNOTATIONBIO:(null);COCONUT:(CNP0449433);HMDB:(HMDB0029008);CHEBI:(73638 173876);SUPERNATURAL:(SN0143307);MESH:(7359122);FooDB:(FDB112024);PUBCHEM:(4096934 112497282 9903390 40493114 40493116 40493119 7359121 7359122 55029758 61174720 79010135);DSSTox:(DTXSID80874589);LOTUS:(Q27143136);GNPS:(CCMSLIB00003134818 CCMSLIB00003137478);PUBCHEMANNOTATIONDRUG:(null);PUBMED:(null)	138297741422.0	287.136	66.0	1.094	7.136869810364434e+17	7.136868191111329e+17	
379	DKWOCYNYXACOCR	isdb	CCCC/C(C)=C/[C@@H]1C=CC2=CC(=O)C[C@H]2[C@H]1C(=O)SCCNC(C)=O																																													-1.0							1.0	0.2822784	ISDB	http://www.wikidata.org/entity/Q110172366	DKWOCYNYXACOCR-QQJDNPSRSA-N	InChI=1S/C21H29NO3S/c1-4-5-6-14(2)11-17-8-7-16-12-18(24)13-19(16)20(17)21(25)26-10-9-22-15(3)23/h7-8,11-12,17,19-20H,4-6,9-10,13H2,1-3H3,(H,22,23)/b14-11+/t17-,19+,20-/m0/s1	CCCC/C(C)=C/[C@@H]1C=CC2=CC(=O)C[C@H]2[C@H]1C(=O)SCCNC(C)=O	C21H29NO3S		375.186814788	Formicin A	Terpenoids			http://www.wikidata.org/entity/Q1144013	Streptomyces	772892.0	['Bacteria']	['Unknown']	['Actinobacteria']	['Unknown']	['Streptomycetales']	['Streptomycetaceae']	['Unknown']	['Streptomyces']	['Unknown']											0.0	0.0	1.1291135549545288	1.0																								
379	RWSJLFQTZORGFC	sirius	CCCCNC(=O)CC(CSC(=O)C)C(=O)N1CCCC1C(=O)O																																																																																												1.0	1.0	0.161	0.161	-215.742	0.8	0.333	87.933	C16H26N2O5S	[M + H3N + H]+	C16H30N3O5S+	InChI=1S/C16H26N2O5S/c1-3-4-7-17-14(20)9-12(10-24-11(2)19)15(21)18-8-5-6-13(18)16(22)23/h12-13H,3-10H2,1-2H3,(H,17,20)(H,22,23)	(2S)-1-[2-(acetylsulfanylmethyl)-4-(butylamino)-4-oxobutanoyl]pyrrolidine-2-carboxylic acid	CCCCNC(=O)CC(CSC(=O)C)C(=O)N1CCCC1C(=O)O	1.141	22806364	PUBCHEM:(22806364)	2.0	376.19	65.0	1.089	7.13686967090381e+17	7.136868190901614e+17	
380	OGUWIPOGTWMYAI	sirius	CC(C)C(C(=O)NC(CC1=CC=CC=C1)C(=O)O)NC(=O)C(CC2=CC=CC=C2)NC(=O)OC(C)(C)C																																																																																												1.0	1.0	0.692	0.692	-153.592	0.801	0.332	25.064	C28H37N3O6	[M + H3N + H]+	C28H41N4O6+	InChI=1S/C28H37N3O6/c1-18(2)23(25(33)29-22(26(34)35)17-20-14-10-7-11-15-20)31-24(32)21(16-19-12-8-6-9-13-19)30-27(36)37-28(3,4)5/h6-15,18,21-23H,16-17H2,1-5H3,(H,29,33)(H,30,36)(H,31,32)(H,34,35)	Boc-Phe-Val-Phe-OH	CC(C)C(C(=O)NC(CC1=CC=CC=C1)C(=O)O)NC(=O)C(CC2=CC=CC=C2)NC(=O)OC(C)(C)C	4.302	101481283	PUBCHEM:(101481283)	2.0	529.302	65.0	1.088	7.136869724087592e+17	7.136868190691899e+17	
381	BYEUGHBERBEITL	sirius	B1(OC(C(O1)(C)C)(C)C)CCNS(=O)(=O)C																																																																																												1.0	3.0	-inf	-inf	-270.093	0.106	0.335	40.711	C9H20BNO4S	[M + H3N + H]+	C9H24BN2O4S+	InChI=1S/C9H20BNO4S/c1-8(2)9(3,4)15-10(14-8)6-7-11-16(5,12)13/h11H,6-7H2,1-5H3	N-[2-(tetramethyl-1,3,2-dioxaborolan-2-yl)ethyl]methanesulfonamide	B1(OC(C(O1)(C)C)(C)C)CCNS(=O)(=O)C	0.876	134128648	PUBCHEM:(134128648)	2.0	266.158	66.0	1.094	7.136869567472257e+17	7.136868191362988e+17	
382	HIWFGKURPYYVGU	sirius	CC(=O)NC(CC=CC1=CC=CC=C1)C(=O)OC																																																																																												1.0	1.0	0.189	0.189	-352.61	0.8	0.333	34.042	C14H17NO3	[M + H3N + H]+	C14H21N2O3+	InChI=1S/C14H17NO3/c1-11(16)15-13(14(17)18-2)10-6-9-12-7-4-3-5-8-12/h3-9,13H,10H2,1-2H3,(H,15,16)	methyl 2-acetamido-5-phenylpent-4-enoate	CC(=O)NC(CC=CC1=CC=CC=C1)C(=O)OC	1.988	101207218;76591546;66776807;11010278;91089205;57683470;57683479	COCONUT:(CNP0211142);PUBCHEM:(101207218 76591546 66776807 11010278 91089205 57683470 57683479);DSSTox:(DTXSID90735753)	137441050626.0	265.154	66.0	1.095	7.136869624766459e+17	7.136868191572703e+17	
383	ZHDUHESPWZDKSF	sirius	CCOC(=O)CNC(=O)C(CC1=CC=C(C=C1)O)NC(=O)CNC(=O)OCC2=CC=CC=C2																																																																																												1.0	2.0	0.22	0.22	-277.86	0.226	0.333	38.606	C23H27N3O7	[M + H]+	C23H28N3O7+	InChI=1S/C23H27N3O7/c1-2-32-21(29)14-24-22(30)19(12-16-8-10-18(27)11-9-16)26-20(28)13-25-23(31)33-15-17-6-4-3-5-7-17/h3-11,19,27H,2,12-15H2,1H3,(H,24,30)(H,25,31)(H,26,28)	Carbobenzoxy-glycyl-tyrosyl-glycine ethyl ester	CCOC(=O)CNC(=O)C(CC1=CC=C(C=C1)O)NC(=O)CNC(=O)OCC2=CC=CC=C2	2.1	21122997;151107	MESH:(151107);PUBCHEM:(21122997 151107);DSSTox:(DTXSID60189082);PUBMED	137438953542.0	458.192	67.0	1.11	7.136869730337106e+17	7.136868192034076e+17	
384	KQROHCSYOGBQGJ	sirius	C1=CC2=C(C=C1O)C(=CN2)CCO																																																																																												1.0	2.0	0.249	0.249	-92.913	0.059	0.333	60.438	C10H11NO2	[M - H2O + H]+	C10H10NO+	InChI=1S/C10H11NO2/c12-4-3-7-6-11-10-2-1-8(13)5-9(7)10/h1-2,5-6,11-13H,3-4H2	Hydroxytryptophol	C1=CC2=C(C=C1O)C(=CN2)CCO	1.445	76974077;71749399;131700473;59885663;9061	PUBCHEMANNOTATIONBIO:(null);HMDB:(HMDB0001855);BloodExposome:(9061);SUPERNATURAL:(SN0192821);MESH:(9061);FooDB:(FDB022711);PUBCHEM:(76974077 71749399 131700473 59885663 9061);COCONUT:(CNP0153274);NORMAN:(NS00025004);CHEBI:(89825);DSSTox:(DTXSID40857853 DTXSID80165505);LOTUS:(Q27162013);PUBCHEMANNOTATIONDRUG:(null);PUBMED:(null);KNAPSACK:(KQROHCSYOGBQGJ-UHFFFAOYSA-N)	138302193790.0	160.076	67.0	1.108	7.13686963235815e+17	7.136868191824361e+17	
385	QGPWUWPEYKZCMO	sirius	CCCCNC(=O)C1C23CCC(O2)(C(C3C(=O)N1C(CO)C(C)C)C(=O)OCC)CC																																																																																												1.0	1.0	0.079	0.079	-245.497	0.95	0.977	54.259	C23H38N2O6	[M + K]+	C23H38KN2O6+	InChI=1S/C23H38N2O6/c1-6-9-12-24-19(27)18-23-11-10-22(7-2,31-23)17(21(29)30-8-3)16(23)20(28)25(18)15(13-26)14(4)5/h14-18,26H,6-13H2,1-5H3,(H,24,27)	ethyl (5R,6S,7S)-2-(butylcarbamoyl)-7-ethyl-3-[(2R)-1-hydroxy-3-methylbutan-2-yl]-4-oxo-10-oxa-3-azatricyclo[5.2.1.01,5]decane-6-carboxylate	CCCCNC(=O)C1C23CCC(O2)(C(C3C(=O)N1C(CO)C(C)C)C(=O)OCC)CC	1.8	23838317;24116145	PUBCHEM:(23838317 24116145)	2.0	477.238	67.0	1.113	7.136870132948388e+17	7.13686819249545e+17	
386	OUQVNQOZXKITRC	sirius	CC(=O)NC1=CC(=C(C=C1OCCO)OCCO)NC(=O)C																																																																																												1.0	1.0	0.032	0.032	-418.575	0.993	0.333	27.736	C14H20N2O6	[M - H2O + H]+	C14H19N2O5+	InChI=1S/C14H20N2O6/c1-9(19)15-11-7-12(16-10(2)20)14(22-6-4-18)8-13(11)21-5-3-17/h7-8,17-18H,3-6H2,1-2H3,(H,15,19)(H,16,20)	N-[5-acetamido-2,4-bis(2-hydroxyethoxy)phenyl]acetamide	CC(=O)NC1=CC(=C(C=C1OCCO)OCCO)NC(=O)C	-1.2	2748938	COCONUT:(CNP0040761);PUBCHEM:(2748938)	2097154.0	295.129	67.0	1.116	7.13686960509517e+17	7.136868192243791e+17	
386	XHHOHZPNYFQJKL	gnps|isdb	NC(CCC(=O)NC(Cc1ccccc1)C(=O)O)C(=O)O	CCMSLIB00003139467	spectra_filtered.mgf	GNPS-NIST14-MATCHES.mgf	0.874302	16374700.0	0.0	2.89533	6.0	0.000854492	295.129	1.0	temp/spectra_filtered.mgf386	1.0	Spectral Match to Glu Phe from METLIN	LC-ESI	qTof	Isolated	Data from Pieter Dorrestein	Data deposited by daniel	M+H	295.128	0.0	1.0			O=C(O)[C@H](CC1=CC=CC=C1)NC(CC[C@H](N)C(O)=O)=O	InChI=1S/C14H18N2O5/c15-10(13(18)19)6-7-12(17)16-11(14(20)21)8-9-4-2-1-3-5-9/h1-5,10-11H,6-8,15H2,(H,16,17)(H,18,19)(H,20,21)/t10-,11-/m0/s1		3.0	Positive	GNPS-NIST14-MATCHES	295.128	UPDATE-SINGLE-ANNOTATED-BRONZE	Bronze		C14H18N2O5	XHHOHZPNYFQJKL-QWRGUYRKSA-N	Organic acids and derivatives	Carboxylic acids and derivatives	Amino acids, peptides, and analogues	Small peptides	Dipeptides	Amino acids and Peptides	mzspec:GNPS:GNPS-LIBRARY:CCMSLIB00003139467	-1.0							1.0	0.7850732	ISDB	http://www.wikidata.org/entity/Q27156504	XHHOHZPNYFQJKL-UHFFFAOYSA-N	InChI=1S/C14H18N2O5/c15-10(13(18)19)6-7-12(17)16-11(14(20)21)8-9-4-2-1-3-5-9/h1-5,10-11H,6-8,15H2,(H,16,17)(H,18,19)(H,20,21)	NC(CCC(=O)NC(Cc1ccccc1)C(=O)O)C(=O)O	C14H18N2O5		294.12157167600003	(S)-2-Amino-5-(((S)-1-carboxy-2-phenylethyl)amino)-5-oxopentanoic acid	Amino acids and Peptides	Small peptides	Dipeptides	http://www.wikidata.org/entity/Q221179	Streptococcus pneumoniae	699152.0	['Bacteria']	['Unknown']	['Firmicutes']	['Bacilli']	['Lactobacillales']	['Streptococcaceae']	['Unknown']	['Streptococcus']	['Streptococcus pneumoniae']											0.0	0.0	3.1402928829193115	1.0																								
387	CCZXUYRSGKPBHZ	isdb																																														-1.0							1.0	0.21496904	ISDB															['Unknown']	['Unknown']	['Unknown']	['Unknown']	['Unknown']	['Unknown']	['Unknown']	['Unknown']	['Unknown']											0.0	0.0	0.8598761558532715	1.0																								
387	KXOQPGSPOWTBCK	sirius	CC(CC(=O)NCCCCC(C=O)NC(=O)CC(C)[N+]#[C-])[N+]#[C-]																																																																																												1.0	2.0	0.097	0.097	-271.723	0.117	0.333	45.102	C16H24N4O3	[M + H]+	C16H25N4O3+	InChI=1S/C16H24N4O3/c1-12(17-3)9-15(22)19-8-6-5-7-14(11-21)20-16(23)10-13(2)18-4/h11-14H,5-10H2,1-2H3,(H,19,22)(H,20,23)	(3R)-3-isocyano-N-[(5S)-5-[[(3R)-3-isocyanobutanoyl]amino]-6-oxohexyl]butanamide	CC(CC(=O)NCCCCC(C=O)NC(=O)CC(C)[N+]#[C-])[N+]#[C-]	-0.5	163193140	SUPERNATURAL:(SN0198149);PUBCHEM:(163193140);LOTUS:(Q105147439)	269484034.0	321.193	67.0	1.111	7.136869657985352e+17	7.136868192705165e+17	
388	XODZEJGXKRXGLY	sirius	CC(C)C(C(=O)NC(CC1=CC=CC=C1)C(=O)C=O)NC(=O)C																																																																																												1.0	1.0	0.681	0.681	-184.802	0.8	0.333	33.045	C17H22N2O4	[M + H3N + H]+	C17H26N3O4+	InChI=1S/C17H22N2O4/c1-11(2)16(18-12(3)21)17(23)19-14(15(22)10-20)9-13-7-5-4-6-8-13/h4-8,10-11,14,16H,9H2,1-3H3,(H,18,21)(H,19,23)	(2S)-2-acetamido-N-[(2S)-3,4-dioxo-1-phenylbutan-2-yl]-3-methylbutanamide	CC(C)C(C(=O)NC(CC1=CC=CC=C1)C(=O)C=O)NC(=O)C	1.446	53343349	PUBCHEM:(53343349)	2.0	336.191	68.0	1.13	7.136869511562179e+17	7.136868193376255e+17	
389	KGCBLNCEWIQESP	sirius	CCCCCC(=O)NC(C(C)C)C(=O)NC(CCC(=O)N(C)C)C(=O)NC(CC(C)C)C(C(C)(CO)N)(O)O																																																																																												1.0	3.0	0.126	0.126	-576.724	0.122	0.333	29.498	C27H53N5O7	[M + H]+	C27H54N5O7+	InChI=1S/C27H53N5O7/c1-9-10-11-12-21(34)31-23(18(4)5)25(37)29-19(13-14-22(35)32(7)8)24(36)30-20(15-17(2)3)27(38,39)26(6,28)16-33/h17-20,23,33,38-39H,9-16,28H2,1-8H3,(H,29,37)(H,30,36)(H,31,34)	(2S)-N-[(2S,4S)-2-amino-1,3,3-trihydroxy-2,6-dimethylheptan-4-yl]-2-[[(2S)-2-(hexanoylamino)-3-methylbutanoyl]amino]-N',N'-dimethylpentanediamide	CCCCCC(=O)NC(C(C)C)C(=O)NC(CCC(=O)N(C)C)C(=O)NC(CC(C)C)C(C(C)(CO)N)(O)O	0.3	72710574	PUBCHEMANNOTATIONBIO;PUBCHEM:(72710574)	16777218.0	560.401	68.0	1.133	7.136869641963109e+17	7.136868194047343e+17	
390	LVTDKRIMXLJUAE	isdb	CCCCCCCCCCC/C=C/[C@@H](CC(=O)NC(=O)/C=C1/OC(=O)N2CCC[C@H]12)O[C@@H]1O[C@@H](C)[C@H](O)[C@@H](O)[C@H]1O																																													25.0	Fatty acids	0.25	Miscellaneous alkaloids	0.25	Rhamnolipids	0.25	1.0	0.0	MS1_match	http://www.wikidata.org/entity/Q105158047	LVTDKRIMXLJUAE-JTQWKVPKSA-N	InChI=1S/C30H48N2O9/c1-3-4-5-6-7-8-9-10-11-12-13-15-21(40-29-28(37)27(36)26(35)20(2)39-29)18-24(33)31-25(34)19-23-22-16-14-17-32(22)30(38)41-23/h13,15,19-22,26-29,35-37H,3-12,14,16-18H2,1-2H3,(H,31,33,34)/b15-13+,23-19+/t20-,21-,22+,26-,27+,28+,29-/m0/s1	CCCCCCCCCCC/C=C/[C@@H](CC(=O)NC(=O)/C=C1/OC(=O)N2CCC[C@H]12)O[C@@H]1O[C@@H](C)[C@H](O)[C@@H](O)[C@H]1O	C30H48N2O9	pos_1_minus1proton1magnesium	580.335981116	(E,3R)-N-[(2E)-2-[(7aR)-3-oxo-5,6,7,7a-tetrahydropyrrolo[1,2-c][1,3]oxazol-1-ylidene]acetyl]-3-[(2R,3R,4R,5R,6S)-3,4,5-trihydroxy-6-methyloxan-2-yl]oxyhexadec-4-enamide	Alkaloids	Miscellaneous alkaloids	Miscellaneous alkaloids	http://www.wikidata.org/entity/Q135292	Pseudomonas fluorescens	22658.0	['Bacteria']	['Unknown']	['Proteobacteria']	['Gammaproteobacteria']	['Pseudomonadales']	['Pseudomonadaceae']	['Unknown']	['Pseudomonas']	['Pseudomonas fluorescens']		['Bacteria']		['Proteobacteria']	['Gammaproteobacteria']	['Pseudomonadales']	['Pseudomonadaceae']		['Pseudomonas']		6.0	2.0	7.0	1.0																								
390	MXCUGCXBYZLOQM	sirius	CC1(C2C1C(N(C2)C(=O)C(C3CC4=CC=CC=C4C3)NC(=O)OC(C)(C)C)C(=O)NC(CC5CCC5)C(=O)C(=O)N)C																																																																																												1.0	1.0	0.062	0.062	-476.093	0.739	0.748	61.871	C32H44N4O6	[M + Na]+	C32H44N4NaO6+	InChI=1S/C32H44N4O6/c1-31(2,3)42-30(41)35-24(20-14-18-11-6-7-12-19(18)15-20)29(40)36-16-21-23(32(21,4)5)25(36)28(39)34-22(26(37)27(33)38)13-17-9-8-10-17/h6-7,11-12,17,20-25H,8-10,13-16H2,1-5H3,(H2,33,38)(H,34,39)(H,35,41)	tert-butyl N-[(1S)-2-[(2S)-2-[(4-amino-1-cyclobutyl-3,4-dioxobutan-2-yl)carbamoyl]-6,6-dimethyl-3-azabicyclo[3.1.0]hexan-3-yl]-1-(2,3-dihydro-1H-inden-2-yl)-2-oxoethyl]carbamate	CC1(C2C1C(N(C2)C(=O)C(C3CC4=CC=CC=C4C3)NC(=O)OC(C)(C)C)C(=O)NC(CC5CCC5)C(=O)C(=O)N)C	4.2	58908919;16087164;58262957;57842502	PUBCHEMANNOTATIONBIO:(null);PUBCHEM:(58908919 16087164 58262957 57842502);PUBMED:(null)	16777282.0	603.313	68.0	1.128	7.136869734028093e+17	7.136868192914881e+17	
391	LCPYQJIKPJDLLB	gnps	CC(C)C[C@@H](C(=O)N[C@@H](CC(C)C)C(=O)O)N	CCMSLIB00003136638	spectra_filtered.mgf	GNPS-NIST14-MATCHES.mgf	0.950433	65891500.0	0.0	0.748341	6.0	0.000366211	489.364	1.0	temp/spectra_filtered.mgf391	1.0	Spectral Match to Leu-Leu from NIST14	ESI	qTof	Isolated	Data from Christopher A. Lowry	Data deposited by fevargas	2M+H	489.364	244.179	1.0	3303319		CC(C)C[C@@H](C(=O)N[C@@H](CC(C)C)C(=O)O)N	InChI=1S/C12H24N2O3/c1-7(2)5-9(13)11(15)14-10(12(16)17)6-8(3)4/h7-10H,5-6,13H2,1-4H3,(H,14,15)(H,16,17)/t9-,10-/m0/s1		3.0	Positive	GNPS-NIST14-MATCHES	489.364	UPDATE-SINGLE-ANNOTATED-BRONZE	Bronze		C12H24N2O3	LCPYQJIKPJDLLB-UWVGGRQHSA-N	Organic acids and derivatives	Carboxylic acids and derivatives	Amino acids, peptides, and analogues	Small peptides	Dipeptides	Amino acids and Peptides	mzspec:GNPS:GNPS-LIBRARY:CCMSLIB00003136638																																																																							
391	UTLOEUFWOTVRJD	sirius	CCC(C)C(C(=O)NC(C(C)CC)C(=O)OC)NC(=O)C(CC(C)C)NC(=O)OC(C)(C)C																																																																																												1.0	1.0	0.303	0.303	-176.302	0.799	0.314	25.823	C24H45N3O6	[M + H3N + H]+	C24H49N4O6+	InChI=1S/C24H45N3O6/c1-11-15(5)18(21(29)27-19(16(6)12-2)22(30)32-10)26-20(28)17(13-14(3)4)25-23(31)33-24(7,8)9/h14-19H,11-13H2,1-10H3,(H,25,31)(H,26,28)(H,27,29)	Boc-Leu-Ile-Ile-OMe	CCC(C)C(C(=O)NC(C(C)CC)C(=O)OC)NC(=O)C(CC(C)C)NC(=O)OC(C)(C)C	4.186	134827453	PUBCHEM:(134827453);PUBMED:(null)	66.0	489.364	68.0	1.129	7.136869515504826e+17	7.13686819316654e+17	
392	AWJGUZSYVIVZGP	sirius	CC(C)C(C(=O)O)NC(=O)C1CCCN1																																																																																												1.0	1.0	0.869	0.869	-131.447	0.992	0.333	50.913	C10H18N2O3	[M - H2O + H]+	C10H17N2O2+	InChI=1S/C10H18N2O3/c1-6(2)8(10(14)15)12-9(13)7-4-3-5-11-7/h6-8,11H,3-5H2,1-2H3,(H,12,13)(H,14,15)	3-methyl-2-[(pyrrolidin-2-yl)formamido]butanoic acid	CC(C)C(C(=O)O)NC(=O)C1CCCN1	0.378	103868894;9834351;6992339;5256474;61157158;1549380;1549381;36688517;36688519;142984;152307;79011215	PUBCHEMANNOTATIONBIO:(null);COCONUT:(CNP0371921);HMDB:(HMDB0029030);BloodExposome:(152307 142984);CHEBI:(74800);SUPERNATURAL:(SN0017153);MESH:(142984);FooDB:(FDB112038);PUBCHEM:(103868894 9834351 6992339 5256474 61157158 1549380 1549381 36688517 36688519 142984 152307 79011215);DSSTox:(DTXSID90942662);LOTUS:(Q27144911);GNPS:(CCMSLIB00003136176 CCMSLIB00003139200);PUBMED:(null)	138268381294.0	197.128	68.0	1.137	7.13686961100914e+17	7.136868193837628e+17	
392	XLUAWXQORJEMBD	gnps|isdb	CC(C)[C@@H]1NC(=O)[C@@H]2CCCN2C1=O	CCMSLIB00000007147	spectra_filtered.mgf	GNPS-LIBRARY.mgf	0.939528	54377400.0	0.0	3.0962	9.0	0.000610352	197.128	1.0	temp/spectra_filtered.mgf392	1.0	cyclo(L-Val-L-Pro)	DI-ESI	qTof	Isolated	Keyzers	R Keyzers	M+H	197.129	196.121	1.0	285-40-2		CC(C)[C@H]1C(=O)N2CCC[C@H]2C(=O)N1	InChI=1S/C10H16N2O2/c1-6(2)8-10(14)12-5-3-4-7(12)9(13)11-8/h6-8H,3-5H2,1-2H3,(H,11,13)/t7-,8-/m0/s1		3.0	Positive	GNPS-LIBRARY	197.129	UPDATE-SINGLE-ANNOTATED-BRONZE	Bronze		C10H16N2O2	XLUAWXQORJEMBD-YUMQZZPRSA-N	Organic acids and derivatives	Carboxylic acids and derivatives	Amino acids, peptides, and analogues	Small peptides	Dipeptides	Amino acids and Peptides	mzspec:GNPS:GNPS-LIBRARY:CCMSLIB00000007147	42.0	Amino acids and Peptides	0.7777777777777778	Small peptides	0.7777777777777778	Dipeptides	0.7777777777777778	1.0	0.96016985	ISDB	http://www.wikidata.org/entity/Q27137780	XLUAWXQORJEMBD-YUMQZZPRSA-N	InChI=1S/C10H16N2O2/c1-6(2)8-10(14)12-5-3-4-7(12)9(13)11-8/h6-8H,3-5H2,1-2H3,(H,11,13)/t7-,8-/m0/s1	CC(C)[C@@H]1NC(=O)[C@@H]2CCCN2C1=O	C10H16N2O2		196.121177752	cyclo(L-Pro-L-Val)	Amino acids and Peptides	Small peptides	Dipeptides	http://www.wikidata.org/entity/Q31856	Pseudomonas aeruginosa	216671.0	['Bacteria']	['Unknown']	['Proteobacteria']	['Gammaproteobacteria']	['Pseudomonadales']	['Pseudomonadaceae']	['Unknown']	['Pseudomonas']	['Pseudomonas aeruginosa']		['Bacteria']		['Proteobacteria']	['Gammaproteobacteria']	['Pseudomonadales']	['Pseudomonadaceae']		['Pseudomonas']	['Pseudomonas aeruginosa']	7.0	3.0	12.340679407119753	1.0																								
393	JWBXCSQZLLIOCI	gnps	CC[C@H](C)[C@@H](C(=O)N[C@@H](CC(C)C)C(=O)O)N	CCMSLIB00003136607	spectra_filtered.mgf	GNPS-NIST14-MATCHES.mgf	0.993705	616873000.0	0.0	0.933503	6.0	0.000228882	245.186	1.0	temp/spectra_filtered.mgf393	1.0	Spectral Match to Ile-Leu from NIST14	ESI	QQQ	Isolated	Data from Pieter Dorrestein	Data deposited by lfnothias	M+H	245.186	244.179	1.0			CC[C@H](C)[C@@H](C(=O)N[C@@H](CC(C)C)C(=O)O)N	InChI=1S/C12H24N2O3/c1-5-8(4)10(13)11(15)14-9(12(16)17)6-7(2)3/h7-10H,5-6,13H2,1-4H3,(H,14,15)(H,16,17)/t8-,9-,10-/m0/s1		3.0	Positive	GNPS-NIST14-MATCHES	245.186	UPDATE-SINGLE-ANNOTATED-BRONZE	Bronze		C12H24N2O3	JWBXCSQZLLIOCI-GUBZILKMSA-N	Organic acids and derivatives	Carboxylic acids and derivatives	Amino acids, peptides, and analogues	Small peptides	Dipeptides	Amino acids and Peptides	mzspec:GNPS:GNPS-LIBRARY:CCMSLIB00003136607																																																																							
393	SXRGHLOMKAUEPN	sirius	CCC(C)C(C(=O)O)NC(=O)C1CCCC1																																																																																												1.0	2.0	0.264	0.264	-130.337	0.124	0.333	31.828	C12H21NO3	[M + H3N + H]+	C12H25N2O3+	InChI=1S/C12H21NO3/c1-3-8(2)10(12(15)16)13-11(14)9-6-4-5-7-9/h8-10H,3-7H2,1-2H3,(H,13,14)(H,15,16)	(2S)-2-(cyclopentanecarbonylamino)-3-methylpentanoic acid	CCC(C)C(C(=O)O)NC(=O)C1CCCC1	2.189	16777666;61172535;18609740	PUBCHEM:(16777666 61172535 18609740)	2.0	245.186	68.0	1.138	7.13686960400465e+17	7.136868194508717e+17	
394	QHABCCUYBZLECR	sirius	CC(C)C1C(=O)NC(C(=O)OCC(C=CC(=O)N1)NC(=O)C(CC2=CC=CC=C2)NC(=O)OC(C)(C)C)CC3=CC=C(C=C3)O																																																																																												1.0	2.0	0.057	0.057	-330.647	0.123	0.241	45.397	C33H42N4O8	[M + H]+	C33H43N4O8+	InChI=1S/C33H42N4O8/c1-20(2)28-30(41)35-26(18-22-11-14-24(38)15-12-22)31(42)44-19-23(13-16-27(39)37-28)34-29(40)25(17-21-9-7-6-8-10-21)36-32(43)45-33(3,4)5/h6-16,20,23,25-26,28,38H,17-19H2,1-5H3,(H,34,40)(H,35,41)(H,36,43)(H,37,39)	tert-butyl N-[(2S)-1-[[(3S,6S,9Z,11R)-3-[(4-hydroxyphenyl)methyl]-2,5,8-trioxo-6-propan-2-yl-1-oxa-4,7-diazacyclododec-9-en-11-yl]amino]-1-oxo-3-phenylpropan-2-yl]carbamate	CC(C)C1C(=O)NC(C(=O)OCC(C=CC(=O)N1)NC(=O)C(CC2=CC=CC=C2)NC(=O)OC(C)(C)C)CC3=CC=C(C=C3)O	4.0	162460694	PUBCHEM:(162460694)	2.0	623.307	69.0	1.143	7.136871547099963e+17	7.136868195683122e+17	
395	HYOFXKNWXLKLSH	sirius	C1CC1C2=NC3=CC=CC=C3C(=C2)C(=O)O																																																																																												1.0	1.0	0.142	0.142	-111.605	0.686	0.333	15.389	C13H11NO2	[M + H3N + H]+	C13H15N2O2+	InChI=1S/C13H11NO2/c15-13(16)10-7-12(8-5-6-8)14-11-4-2-1-3-9(10)11/h1-4,7-8H,5-6H2,(H,15,16)		C1CC1C2=NC3=CC=CC=C3C(=C2)C(=O)O	2.3	4082909;275785	COCONUT:(CNP0449036);PUBCHEMANNOTATIONSAFETYANDTOXIC:(null);SUPERNATURAL:(SN0138944);PUBCHEM:(4082909 275785);DSSTox:(DTXSID80298387);PUBMED:(null)	137509208130.0	231.113	68.0	1.139	7.136869697579587e+17	7.136868195012033e+17	
396	RJXLUGSJEMSDPK	sirius	CC1=NN(C=C1)C2=CC=CC=C2																																																																																												1.0	3.0	0.15	0.15	-57.232	0.01	0.333	12.683	C10H10N2	[M + H]+	C10H11N2+	InChI=1S/C10H10N2/c1-9-7-8-12(11-9)10-5-3-2-4-6-10/h2-8H,1H3	5-methyl-2-phenyl-1H-pyrazol-2-ium	CC1=NN(C=C1)C2=CC=CC=C2	2.3	60069118;54245817;70783	NORMAN:(NS00023661);PUBCHEMANNOTATIONSAFETYANDTOXIC:(null);PUBCHEM:(60069118 54245817 70783);DSSTox:(DTXSID40150179);PUBMED:(null)	137506324546.0	159.092	68.0	1.138	7.136869496672398e+17	7.136868194257059e+17	
397	XRMUDZVYUDATJJ	sirius	CC(C)(C)OC(=O)N1CCC2(CC1)CNCC2C(=O)OC																																																																																												1.0	1.0	0.102	0.102	-333.692	0.8	0.333	43.279	C15H26N2O4	[M + H3N + H]+	C15H30N3O4+	InChI=1S/C15H26N2O4/c1-14(2,3)21-13(19)17-7-5-15(6-8-17)10-16-9-11(15)12(18)20-4/h11,16H,5-10H2,1-4H3	8-Tert-butyl 4-methyl 2,8-diazaspiro[4.5]decane-4,8-dicarboxylate	CC(C)(C)OC(=O)N1CCC2(CC1)CNCC2C(=O)OC	0.9	132351014	PUBCHEMANNOTATIONSAFETYANDTOXIC:(null);PUBCHEM:(132351014)	67108866.0	316.223	68.0	1.141	7.13686962904465e+17	7.136868195221748e+17	
398	UYVRWHOCWGQYTG	sirius	CC(C)C(C(=O)NC(C(C)C)C(=O)O)NC(=O)CCCCCC(=O)NC(C(C)C)C(=O)NC(C(C)C)C(=O)O																																																																																												1.0	1.0	0.335	0.335	-167.201	0.689	0.333	56.345	C27H48N4O8	[M - H2O + H]+	C27H47N4O7+	InChI=1S/C27H48N4O8/c1-14(2)20(24(34)30-22(16(5)6)26(36)37)28-18(32)12-10-9-11-13-19(33)29-21(15(3)4)25(35)31-23(17(7)8)27(38)39/h14-17,20-23H,9-13H2,1-8H3,(H,28,32)(H,29,33)(H,30,34)(H,31,35)(H,36,37)(H,38,39)	Bis(N-alpha-amide-L-valyl-L-valine) 1,5-pentane dicarboxylate	CC(C)C(C(=O)NC(C(C)C)C(=O)O)NC(=O)CCCCCC(=O)NC(C(C)C)C(=O)NC(C(C)C)C(=O)O	3.3	101071148	PUBCHEM:(101071148)	2.0	539.344	68.0	1.135	7.136870113402929e+17	7.136868194760375e+17	
399	CTENJHLNQITZQR	sirius	CC(C)CC(C(=O)NC(CC(C)C)C(=O)NC(CO)C=O)N																																																																																												1.0	4.0	0.404	0.404	-163.541	0.222	0.212	37.624	C15H29N3O4	[M + Na]+	C15H29N3NaO4+	InChI=1S/C15H29N3O4/c1-9(2)5-12(16)14(21)18-13(6-10(3)4)15(22)17-11(7-19)8-20/h7,9-13,20H,5-6,8,16H2,1-4H3,(H,17,22)(H,18,21)	H-Leu-Leu-Ser-al	CC(C)CC(C(=O)NC(CC(C)C)C(=O)NC(CO)C=O)N	0.122	165618837	PUBCHEMANNOTATIONBIO;PUBCHEM:(165618837)	16777218.0	338.204	68.0	1.136	7.136869767246986e+17	7.136868195473407e+17	
400	DAQIJMOLTMGJLO	sirius	CC(C)C(C(=O)O)NC(=O)C(CCCN=C(N)N)N																																																																																												1.0	1.0	0.65	0.65	-224.591	0.778	1.0	56.184	C11H23N5O3	[M + Na]+	C11H23N5NaO3+	InChI=1S/C11H23N5O3/c1-6(2)8(10(18)19)16-9(17)7(12)4-3-5-15-11(13)14/h6-8H,3-5,12H2,1-2H3,(H,16,17)(H,18,19)(H4,13,14,15)	2-{2-amino-5-[(diaminomethylidene)amino]pentanamido}-3-methylbutanoic acid	CC(C)C(C(=O)O)NC(=O)C(CCCN=C(N)N)N	-1.217	4278572;6992653;6992654;154470066;140711172;92147109;92147110;92147111;335257	COCONUT:(CNP0347645);HMDB:(HMDB0028722);BloodExposome:(335257);CHEBI:(73823);SUPERNATURAL:(SN0060657);MESH:(335257 6992654);FooDB:(FDB111779);PUBCHEM:(4278572 6992653 6992654 154470066 140711172 92147109 92147110 92147111 335257);DSSTox:(DTXSID20426329);LOTUS:(Q27144140);PUBMED:(null)	138251599982.0	296.168	70.0	1.158	7.136869581481234e+17	7.136868197528616e+17	
400	HMYFAHFNQDPUAR	isdb																																														43.0	Amino acids and Peptides	0.4	Small peptides	0.4	Dipeptides	0.3	1.0	0.21276745	ISDB															['Unknown']	['Unknown']	['Unknown']	['Unknown']	['Unknown']	['Unknown']	['Unknown']	['Unknown']	['Unknown']											0.0	0.0	0.8510698080062866	1.0																								
401	FSXRLASFHBWESK	isdb	N[C@@H](Cc1ccccc1)C(=O)N[C@@H](Cc1ccc(O)cc1)C(=O)O																																													7.0	Amino acids and Peptides	0.4761904761904761	Small peptides	0.4642857142857143	Dipeptides	0.4285714285714285	1.0	0.70841503	ISDB	http://www.wikidata.org/entity/Q27142982	FSXRLASFHBWESK-HOTGVXAUSA-N	InChI=1S/C18H20N2O4/c19-15(10-12-4-2-1-3-5-12)17(22)20-16(18(23)24)11-13-6-8-14(21)9-7-13/h1-9,15-16,21H,10-11,19H2,(H,20,22)(H,23,24)/t15-,16-/m0/s1	N[C@@H](Cc1ccccc1)C(=O)N[C@@H](Cc1ccc(O)cc1)C(=O)O	C18H20N2O4		328.14230712	CID 7009556	Amino acids and Peptides	Small peptides	Dipeptides	http://www.wikidata.org/entity/Q4688339	Aeromonas veronii	704628.0	['Bacteria']	['Unknown']	['Proteobacteria']	['Gammaproteobacteria']	['Aeromonadales']	['Aeromonadaceae']	['Unknown']	['Aeromonas']	['Aeromonas veronii']											0.0	3.0	4.333660125732422	1.0																								
401	PPXPQOAPBXXNGH	sirius	C1=CC=C(C=C1)CC2C(=O)NC(C(=O)O2)CC3=CC=C(C=C3)O																																																																																												1.0	1.0	0.357	0.357	-405.457	0.8	0.333	37.94	C18H17NO4	[M + H3N + H]+	C18H21N2O4+	InChI=1S/C18H17NO4/c20-14-8-6-13(7-9-14)10-15-18(22)23-16(17(21)19-15)11-12-4-2-1-3-5-12/h1-9,15-16,20H,10-11H2,(H,19,21)	6-benzyl-3-[(4-hydroxyphenyl)methyl]morpholine-2,5-dione	C1=CC=C(C=C1)CC2C(=O)NC(C(=O)O2)CC3=CC=C(C=C3)O	2.9	163031231;101905618	COCONUT:(CNP0309851);SUPERNATURAL:(SN0292044);PUBCHEM:(163031231 101905618);LOTUS:(Q105213087)	271581186.0	329.149	69.0	1.149	7.136869714524577e+17	7.13686819593478e+17	
402	MKIWGIPMJOMTNC	sirius	CC(CC=CCCCCC(=C)CC(C)CC(=CC(=O)O)C)CC(=O)CC(CNC(=O)C(C)C(C)OC(=O)N)O																																																																																												1.0	2.0	0.064	0.064	-342.357	0.224	0.092	40.031	C30H50N2O7	[M + K]+	C30H50KN2O7+	InChI=1S/C30H50N2O7/c1-20(14-22(3)15-23(4)17-28(35)36)12-10-8-7-9-11-13-21(2)16-26(33)18-27(34)19-32-29(37)24(5)25(6)39-30(31)38/h9,11,17,21-22,24-25,27,34H,1,7-8,10,12-16,18-19H2,2-6H3,(H2,31,38)(H,32,37)(H,35,36)	(2E,5R,12E,15S,19R)-20-[[(2R,3R)-3-carbamoyloxy-2-methylbutanoyl]amino]-19-hydroxy-3,5,15-trimethyl-7-methylidene-17-oxoicosa-2,12-dienoic acid	CC(CC=CCCCCC(=C)CC(C)CC(=CC(=O)O)C)CC(=O)CC(CNC(=O)C(C)C(C)OC(=O)N)O	5.2	146014957	PUBCHEMANNOTATIONBIO:(null);PUBCHEM:(146014957)	16777218.0	589.323	69.0	1.148	7.136870782310572e+17	7.136868196144495e+17	
403	SNFUTDLOCQQRQD	sirius	CCC(C)C(C(=O)O)NC(=O)C(CCC(=O)O)N																																																																																												1.0	2.0	0.722	0.861	-101.495	0.2	0.333	60.703	C11H20N2O5	[M - H2O + H]+	C11H19N2O4+	InChI=1S/C11H20N2O5/c1-3-6(2)9(11(17)18)13-10(16)7(12)4-5-8(14)15/h6-7,9H,3-5,12H2,1-2H3,(H,13,16)(H,14,15)(H,17,18)	2-(2-amino-4-carboxybutanamido)-3-methylpentanoic acid	CCC(C)C(C(=O)O)NC(=O)C(CCC(=O)O)N	-0.457	64889909;64890107;9813855;18218200	PUBCHEMANNOTATIONBIO:(null);COCONUT:(CNP0279819);HMDB:(HMDB0028822);CHEBI:(141436);SUPERNATURAL:(SN0350138);FooDB:(FDB111866);PUBCHEM:(64889909 64890107 9813855 18218200);DSSTox:(DTXSID801313696)	137995747370.0	243.134	69.0	1.147	7.136869574350916e+17	7.136868196396154e+17	
403	XXSAFGVAPGOYNT	isdb																																														-1.0							1.0	0.543005	ISDB															['Unknown']	['Unknown']	['Unknown']	['Unknown']	['Unknown']	['Unknown']	['Unknown']	['Unknown']	['Unknown']											0.0	0.0	2.1720199584960938	1.0																								
404	ACMBIXGUHFKCEJ	isdb																																														-1.0							1.0	0.36084646	ISDB															['Unknown']	['Unknown']	['Unknown']	['Unknown']	['Unknown']	['Unknown']	['Unknown']	['Unknown']	['Unknown']											0.0	0.0	1.4433858394622805	1.0																								
404	ZRCHYOQFDBJXHM	sirius	C1COCCOCCNC(=O)COCC(=O)NCCOCCOCCNC(=O)COCC(=O)N1																																																																																												1.0	1.0	0.119	0.119	-183.69	0.672	0.327	34.756	C20H36N4O10	[M - H2O + H]+	C20H35N4O9+	InChI=1S/C20H36N4O10/c25-17-13-33-14-18(26)22-3-7-31-11-12-32-8-4-24-20(28)16-34-15-19(27)23-2-6-30-10-9-29-5-1-21-17/h1-16H2,(H,21,25)(H,22,26)(H,23,27)(H,24,28)		C1COCCOCCNC(=O)COCC(=O)NCCOCCOCCNC(=O)COCC(=O)N1	-3.5	100950547	PUBCHEM:(100950547)	2.0	475.24	69.0	1.152	7.136869827770798e+17	7.136868197276957e+17	
405	KVEGLZCDCVSBQX	isdb	CCCCCC(=O)N[C@@H](Cc1ccc(O)cc1)C(=O)N1[C@H](C(=O)NC(CO)CCCNC(=N)N)C[C@@H]2CCC(O)C[C@@H]21																																													62.0	Amino acids and Peptides	0.5	Oligopeptides	0.5	Aeruginosins	0.5	1.0	0.37132323	ISDB	http://www.wikidata.org/entity/Q105146481	KVEGLZCDCVSBQX-ZHYXHTNASA-N	InChI=1S/C30H48N6O6/c1-2-3-4-7-27(40)35-24(15-19-8-11-22(38)12-9-19)29(42)36-25-17-23(39)13-10-20(25)16-26(36)28(41)34-21(18-37)6-5-14-33-30(31)32/h8-9,11-12,20-21,23-26,37-39H,2-7,10,13-18H2,1H3,(H,34,41)(H,35,40)(H4,31,32,33)/t20-,21?,23?,24-,25-,26-/m0/s1	CCCCCC(=O)N[C@@H](Cc1ccc(O)cc1)C(=O)N1[C@H](C(=O)NC(CO)CCCNC(=N)N)C[C@@H]2CCC(O)C[C@@H]21	C30H48N6O6		588.363533256	Aeruginosin NOL3	Amino acids and Peptides	Oligopeptides	Aeruginosins	http://www.wikidata.org/entity/Q30752967	Nodularia spumigena	724264.0	['Bacteria']	['Unknown']	['Cyanobacteria']	['Unknown']	['Unknown']	['Unknown']	['Unknown']	['Nodularia']	['Nodularia spumigena']											0.0	3.0	2.985292911529541	1.0																								
405	NZOMOPRLEAVQIS	sirius	CC1CC=CC(C1)C(C2C3CCC(C3CC4N2CCC=C5C4C(C(=C6C(=C(C(=O)O6)C)OC)O5)C)C7=CC=CC=C7)O																																																																																												1.0	1.0	0.075	0.075	-489.511	0.491	0.235	47.857	C36H45NO5	[M + H3N + H]+	C36H49N2O5+	InChI=1S/C36H45NO5/c1-20-10-8-13-24(18-20)32(38)31-26-16-15-25(23-11-6-5-7-12-23)27(26)19-28-30-21(2)34(41-29(30)14-9-17-37(28)31)35-33(40-4)22(3)36(39)42-35/h5-8,11-14,20-21,24-28,30-32,38H,9-10,15-19H2,1-4H3		CC1CC=CC(C1)C(C2C3CCC(C3CC4N2CCC=C5C4C(C(=C6C(=C(C(=O)O6)C)OC)O5)C)C7=CC=CC=C7)O	6.2	163152811;163152812	COCONUT:(CNP0459541);SUPERNATURAL:(SN0259472);PUBCHEM:(163152811 163152812)	3145730.0	589.366	69.0	1.154	7.136869720396604e+17	7.136868196605869e+17	
406	HZLAWYIBLZNRFZ	sirius	C1CC(N(C1)C(=O)CCCCC(=O)N2CCCC2C(=O)O)C(=O)O																																																																																												1.0	1.0	0.868	0.868	-211.172	0.8	0.333	64.91	C16H24N2O6	[M + H3N + H]+	C16H28N3O6+	InChI=1S/C16H24N2O6/c19-13(17-9-3-5-11(17)15(21)22)7-1-2-8-14(20)18-10-4-6-12(18)16(23)24/h11-12H,1-10H2,(H,21,22)(H,23,24)	(2S)-1-[6-[(2S)-2-carboxypyrrolidin-1-yl]-6-oxohexanoyl]pyrrolidine-2-carboxylic acid	C1CC(N(C1)C(=O)CCCCC(=O)N2CCCC2C(=O)O)C(=O)O	0.0	22142125;154387944;23572400;11024271;125516	PUBCHEMANNOTATIONBIO:(null);NORMAN:(NS00069687);HMDB:(HMDB0257669);PUBCHEMANNOTATIONSAFETYANDTOXIC:(null);BloodExposome:(22142125 125516);MESH:(125516);PUBCHEM:(22142125 154387944 23572400 11024271 125516);DSSTox:(DTXSID00176996);PUBCHEMANNOTATIONDRUG:(null);PUBMED:(null)	137560850510.0	358.197	69.0	1.157	7.13686954960452e+17	7.136868197067242e+17	
407	QJKMCQRFHJRIPU	sirius	CCC(C)C(C(=O)O)NC(=O)C(CC1=CC=C(C=C1)O)N																																																																																												1.0	1.0	0.081	0.081	-234.921	0.589	0.795	25.655	C15H22N2O4	[M + Na]+	C15H22N2NaO4+	InChI=1S/C15H22N2O4/c1-3-9(2)13(15(20)21)17-14(19)12(16)8-10-4-6-11(18)7-5-10/h4-7,9,12-13,18H,3,8,16H2,1-2H3,(H,17,19)(H,20,21)		CCC(C)C(C(=O)O)NC(=O)C(CC1=CC=C(C=C1)O)N	1.134	103869075;103869078;103869472;7019109;7019110;14282475;133126518;104904954;104904955;61158847;61174505	COCONUT:(CNP0463620);HMDB:(HMDB0029108);BloodExposome:(7019110);CHEBI:(74993);SUPERNATURAL:(SN0307101);FooDB:(FDB112112);PUBCHEM:(103869075 103869078 103869472 7019109 7019110 14282475 133126518 104904954 104904955 61158847 61174505);LOTUS:(Q27145058);GNPS:(CCMSLIB00003136787);PUBMED:(null)	812650602.0	317.147	69.0	1.149	7.136869575441436e+17	7.136868196857527e+17	
408	RIKIPRZAYQHBIV	gnps	CCCCCCC(NC(CC1=NC=CN1)C(O)=O)=O	CCMSLIB00011434895	spectra_filtered.mgf	ECG-ACYL-AMIDES-C4-C24-LIBRARY.mgf	0.903108	10536900.0	0.0	138.382	7.0	0.0371094	268.129	1.0	temp/spectra_filtered.mgf408	1.0	His-C7:0	ESI	Orbitrap	Commercial	Dorrestein	Ipsita	M+H	268.166	267.158	1.0			CCCCCCC(NC(CC1=NC=CN1)C(O)=O)=O	InChI=1S/C13H21N3O3/c1-2-3-4-5-6-12(17)16-10(13(18)19)9-11-14-7-8-15-11/h7-8,10H,2-6,9H2,1H3,(H,14,15)(H,16,17)(H,18,19)		1.0	Positive	ECG-ACYL-AMIDES-C4-C24-LIBRARY	268.166	UPDATE-SINGLE-ANNOTATED-GOLD	Gold		C13H21N3O3	RIKIPRZAYQHBIV-UHFFFAOYSA-N	Organic acids and derivatives	Carboxylic acids and derivatives	Amino acids, peptides, and analogues	Small peptides	Dipeptides	Amino acids and Peptides	mzspec:GNPS:GNPS-LIBRARY:CCMSLIB00011434895																																																																							
408	VAVJDYKVIJZYEL	sirius	CC(C)(C)OC(=O)NC(CC1=NC=CN=C1)C(=O)O																																																																																												1.0	2.0	0.061	0.061	-288.304	0.013	0.333	46.23	C12H17N3O4	[M + H]+	C12H18N3O4+	InChI=1S/C12H17N3O4/c1-12(2,3)19-11(18)15-9(10(16)17)6-8-7-13-4-5-14-8/h4-5,7,9H,6H2,1-3H3,(H,15,18)(H,16,17)	(2R)-2-{[(tert-butoxy)carbonyl]amino}-3-(pyrazin-2-yl)propanoic acid	CC(C)(C)OC(=O)NC(CC1=NC=CN=C1)C(=O)O	0.4	146503695;23600248;546159	PUBCHEMANNOTATIONSAFETYANDTOXIC:(null);PUBCHEM:(146503695 23600248 546159);DSSTox:(DTXSID201155276)	137506062338.0	268.129	69.0	1.156	7.13686955098864e+17	7.136868197989989e+17	
409	NGKPIPCGMLWHBX	sirius	CCC(C)C(C(=O)NC(CC1=CC=C(C=C1)O)C(=O)NC(C(C)O)C(=O)O)N																																																																																												1.0	2.0	0.247	0.247	-320.75	0.2	0.333	51.76	C19H29N3O6	[M - H2O + H]+	C19H28N3O5+	InChI=1S/C19H29N3O6/c1-4-10(2)15(20)18(26)21-14(9-12-5-7-13(24)8-6-12)17(25)22-16(11(3)23)19(27)28/h5-8,10-11,14-16,23-24H,4,9,20H2,1-3H3,(H,21,26)(H,22,25)(H,27,28)	2-[[2-[(2-Amino-3-methylpentanoyl)amino]-3-(4-hydroxyphenyl)propanoyl]amino]-3-hydroxybutanoic acid	CCC(C)C(C(=O)NC(CC1=CC=C(C=C1)O)C(=O)NC(C(C)O)C(=O)O)N	0.384	145456321;18221955	CHEBI:(158881);PUBCHEM:(145456321 18221955)	34.0	378.202	70.0	1.159	7.136869717754191e+17	7.136868197738331e+17	
411	AUEJLPRZGVVDNU	gnps	CC(C)C[C@@H](C(=O)O)NC(=O)[C@H](CC1=CC=C(C=C1)O)N	CCMSLIB00003138902	spectra_filtered.mgf	GNPS-NIST14-MATCHES.mgf	0.947039	314777000.0	0.0	3.61872	10.0	0.00106812	295.165	1.0	temp/spectra_filtered.mgf411	1.0	Spectral Match to Tyr-Leu from NIST14	ESI	qTof	Isolated	Data from Chris Turck	Data deposited by fevargas	M+H	295.164	294.158	1.0			CC(C)C[C@@H](C(=O)O)NC(=O)[C@H](CC1=CC=C(C=C1)O)N	InChI=1S/C15H22N2O4/c1-9(2)7-13(15(20)21)17-14(19)12(16)8-10-3-5-11(18)6-4-10/h3-6,9,12-13,18H,7-8,16H2,1-2H3,(H,17,19)(H,20,21)/t12-,13-/m0/s1		3.0	Positive	GNPS-NIST14-MATCHES	295.164	UPDATE-SINGLE-ANNOTATED-BRONZE	Bronze		C15H22N2O4	AUEJLPRZGVVDNU-STQMWFEESA-N	Organic acids and derivatives	Carboxylic acids and derivatives	Amino acids, peptides, and analogues	Small peptides	Dipeptides	Amino acids and Peptides	mzspec:GNPS:GNPS-LIBRARY:CCMSLIB00003138902																																																																							
411	QJKMCQRFHJRIPU	isdb	CC[C@H](C)[C@H](NC(=O)[C@@H](N)Cc1ccc(O)cc1)C(=O)O																																													7.0	Amino acids and Peptides	0.4761904761904761	Small peptides	0.4642857142857143	Dipeptides	0.4285714285714285	2.0	0.63477534	ISDB	http://www.wikidata.org/entity/Q27145058	QJKMCQRFHJRIPU-XDTLVQLUSA-N	InChI=1S/C15H22N2O4/c1-3-9(2)13(15(20)21)17-14(19)12(16)8-10-4-6-11(18)7-5-10/h4-7,9,12-13,18H,3,8,16H2,1-2H3,(H,17,19)(H,20,21)/t9-,12-,13-/m0/s1	CC[C@H](C)[C@H](NC(=O)[C@@H](N)Cc1ccc(O)cc1)C(=O)O	C15H22N2O4		294.157957184	Tyr-Ile	Amino acids and Peptides	Small peptides	Dipeptides	http://www.wikidata.org/entity/Q158695	Arabidopsis thaliana	309263.0	['Eukaryota']	['Archaeplastida']	['Streptophyta']	['Magnoliopsida']	['Brassicales']	['Brassicaceae']	['Camelineae']	['Arabidopsis']	['Arabidopsis thaliana']											0.0	3.0	4.0391013622283936	1.0																								
411	QNVDTXQSBZEJNN	sirius	CCC(C)C(C(=O)O)NC(=O)C=CC1=CC=C(C=C1)O																																																																																												1.0	1.0	0.39	0.39	-184.368	0.8	0.333	62.626	C15H19NO4	[M + H3N + H]+	C15H23N2O4+	InChI=1S/C15H19NO4/c1-3-10(2)14(15(19)20)16-13(18)9-6-11-4-7-12(17)8-5-11/h4-10,14,17H,3H2,1-2H3,(H,16,18)(H,19,20)	(2S)-2-[3-(4-hydroxyphenyl)prop-2-enoylamino]-3-methylpentanoic acid	CCC(C)C(C(=O)O)NC(=O)C=CC1=CC=C(C=C1)O	2.6	112496431;112497321;43356414;61172408	PUBCHEM:(112496431 112497321 43356414 61172408)	2.0	295.165	70.0	1.159	7.136869579929341e+17	7.136868198199704e+17	
412	URLVLCWCLQXIAQ	sirius	CC(=O)NC1C=CC(C=C1)CCC(C(=O)O)NC(=O)C																																																																																												1.0	1.0	0.275	0.275	-288.386	1.0	0.269	30.579	C14H20N2O4	[M - H2O + H]+	C14H19N2O3+	InChI=1S/C14H20N2O4/c1-9(17)15-12-6-3-11(4-7-12)5-8-13(14(19)20)16-10(2)18/h3-4,6-7,11-13H,5,8H2,1-2H3,(H,15,17)(H,16,18)(H,19,20)		CC(=O)NC1C=CC(C=C1)CCC(C(=O)O)NC(=O)C	0.5	38360441;38360446;45359443	COCONUT:(CNP0469820);SUPERNATURAL:(SN0378180);PUBCHEM:(38360441 38360446 45359443)	3145730.0	263.139	68.0	1.126	7.136869582194267e+17	7.13686819358597e+17	
413	VEYJKJORLPYVLO	isdb	CC(C)[C@H](N)C(=O)N[C@@H](Cc1ccc(O)cc1)C(=O)O																																													7.0	Amino acids and Peptides	0.4761904761904761	Small peptides	0.4642857142857143	Dipeptides	0.4285714285714285	1.0	0.65957654	ISDB	http://www.wikidata.org/entity/Q27143866	VEYJKJORLPYVLO-RYUDHWBXSA-N	InChI=1S/C14H20N2O4/c1-8(2)12(15)13(18)16-11(14(19)20)7-9-3-5-10(17)6-4-9/h3-6,8,11-12,17H,7,15H2,1-2H3,(H,16,18)(H,19,20)/t11-,12-/m0/s1	CC(C)[C@H](N)C(=O)N[C@@H](Cc1ccc(O)cc1)C(=O)O	C14H20N2O4		280.14230712	Val-Tyr	Amino acids and Peptides	Small peptides	Dipeptides	http://www.wikidata.org/entity/Q33244	Trypanosoma brucei	494245.0	['Eukaryota']	['Unknown']	['Unknown']	['Unknown']	['Kinetoplastea']	['Unknown']	['Unknown']	['Trypanosoma']	['Trypanosoma brucei']											0.0	3.0	4.138306140899658	1.0																								
413	WYSWCUHTHPZUNE	sirius	CC(=C)C(=O)NC(CC1=CC=C(C=C1)O)C(=O)OC																																																																																												1.0	1.0	0.566	0.566	-278.98	0.799	0.333	48.853	C14H17NO4	[M + H3N + H]+	C14H21N2O4+	InChI=1S/C14H17NO4/c1-9(2)13(17)15-12(14(18)19-3)8-10-4-6-11(16)7-5-10/h4-7,12,16H,1,8H2,2-3H3,(H,15,17)	n-Methacryloyl-l-tyrosine methyl ester	CC(=C)C(=O)NC(CC1=CC=C(C=C1)O)C(=O)OC	1.979	85700395;91126475	BloodExposome:(91126475);PUBCHEM:(85700395 91126475);PUBMED:(null)	4194370.0	281.149	71.0	1.18	7.136869643892489e+17	7.136868198661078e+17	
414	YXIUYTANBFBLMD	sirius	CC(C)(C)OC(=O)NC(CCCCN)C(=O)N1CCCC1C(=O)O																																																																																												1.0	2.0	0.292	0.292	-170.671	0.2	0.333	76.405	C16H29N3O5	[M - H2O + H]+	C16H28N3O4+	InChI=1S/C16H29N3O5/c1-16(2,3)24-15(23)18-11(7-4-5-9-17)13(20)19-10-6-8-12(19)14(21)22/h11-12H,4-10,17H2,1-3H3,(H,18,23)(H,21,22)	Boc-Lys-Pro-OH	CC(C)(C)OC(=O)NC(CCCCN)C(=O)N1CCCC1C(=O)O	0.911	22822681;20445890	PUBCHEM:(22822681 20445890)	2.0	326.207	71.0	1.183	7.136869757642028e+17	7.136868198912736e+17	
415	UASVNZGVGLYRNM	sirius	CCC(C)C(C(=O)O)NC(=O)C1CCCN1C(=O)C(C(C)C)NC(=O)C(CO)N																																																																																												1.0	3.0	0.453	0.453	-145.979	0.095	0.333	85.115	C19H34N4O6	[M + H]+	C19H35N4O6+	InChI=1S/C19H34N4O6/c1-5-11(4)15(19(28)29)22-17(26)13-7-6-8-23(13)18(27)14(10(2)3)21-16(25)12(20)9-24/h10-15,24H,5-9,20H2,1-4H3,(H,21,25)(H,22,26)(H,28,29)	(2S,3S)-2-[[(2S)-1-[(2S)-2-[[(2S)-2-amino-3-hydroxypropanoyl]amino]-3-methylbutanoyl]pyrrolidine-2-carbonyl]amino]-3-methylpentanoic acid	CCC(C)C(C(=O)O)NC(=O)C1CCCN1C(=O)C(C(C)C)NC(=O)C(CO)N	-0.409	71720908;78225943;18744986	PUBCHEMANNOTATIONBIO:(null);PUBCHEM:(71720908 78225943 18744986);PUBMED:(null)	16777282.0	415.255	71.0	1.186	7.136869652700529e+17	7.136868199122451e+17	
416	ONPJWQSDZCGSQM	sirius	C=C(C1=CC=CC=C1)C(=O)O																																																																																												1.0	2.0	0.243	0.458	-38.231	0.096	0.333	48.859	C9H8O2	[M + H3N + H]+	C9H12NO2+	InChI=1S/C9H8O2/c1-7(9(10)11)8-5-3-2-4-6-8/h2-6H,1H2,(H,10,11)	2-Phenylacrylic acid	C=C(C1=CC=CC=C1)C(=O)O	2.0	22386283;68114	PUBCHEMANNOTATIONBIO:(null);NORMAN:(NS00031875);PUBCHEMANNOTATIONSAFETYANDTOXIC:(null);PUBCHEM:(22386283 68114);DSSTox:(DTXSID3075418);PUBMED:(null)	137523101762.0	166.086	71.0	1.19	7.136869627324986e+17	7.136868199332166e+17	
416	WBYWAXJHAXSJNI	gnps	C1=CC=C(C=C1)/C=C/C(=O)O	CCMSLIB00013576495	spectra_filtered.mgf	CMMC-FOOD-BIOMARKERS.mgf	0.981197	7977050.0	0.0	1.0106	7.0	0.000167847	166.086	1.0	temp/spectra_filtered.mgf416	1.0	Cinnamic acid (known structural isomers: 1; isobaric peaks in run: 1)	LC-ESI	Orbitrap	Crude	Pieter Dorrestein	Julius	[M+NH4]+	166.086	148.052	1.0			C1=CC=C(C=C1)/C=C/C(=O)O	InChI=1S/C9H8O2/c10-9(11)7-6-8-4-2-1-3-5-8/h1-7H,(H,10,11)/b7-6+	InChI=1S/C9H8O2/c10-9(11)7-6-8-4-2-1-3-5-8/h1-7H,(H,10,11)/b7-6+ [M+NH4]+	1.0	Positive	CMMC-FOOD-BIOMARKERS	166.086	UPDATE-SINGLE-ANNOTATED-GOLD	Gold		C9H8O2	WBYWAXJHAXSJNI-VOTSOKGWSA-N	Phenylpropanoids and polyketides	Cinnamic acids and derivatives	Cinnamic acids	Phenylpropanoids (C6-C3)	Cinnamic acids and derivatives	Shikimates and Phenylpropanoids	mzspec:GNPS:GNPS-LIBRARY:CCMSLIB00013576495																																																																							
417	HBPBTLDMFKBBRK	sirius	CC(C)C(C(=O)NOC)NC(=O)CC1=CC=CC=C1																																																																																												1.0	1.0	0.134	0.134	-183.486	0.996	0.96	35.51	C14H20N2O3	[M + Na]+	C14H20N2NaO3+	InChI=1S/C14H20N2O3/c1-10(2)13(14(18)16-19-3)15-12(17)9-11-7-5-4-6-8-11/h4-8,10,13H,9H2,1-3H3,(H,15,17)(H,16,18)	N-methoxy-3-methyl-2-[(2-phenylacetyl)amino]butanamide	CC(C)C(C(=O)NOC)NC(=O)CC1=CC=CC=C1	1.9	51279324	PUBCHEM:(51279324)	2.0	287.136	72.0	1.202	7.136869676524179e+17	7.136868200003256e+17	
418	UKCPCKHVIMMZCC	sirius	CCCCCCCCCCCC1=C(C(=CC(=O)C1=O)NC2=CC=C(C=C2)NC(=O)C)O																																																																																												1.0	2.0	0.044	0.044	-369.446	0.193	0.582	29.717	C25H34N2O4	[M + Na]+	C25H34N2NaO4+	InChI=1S/C25H34N2O4/c1-3-4-5-6-7-8-9-10-11-12-21-24(30)22(17-23(29)25(21)31)27-20-15-13-19(14-16-20)26-18(2)28/h13-17,27,30H,3-12H2,1-2H3,(H,26,28)	N-[4-[(6-hydroxy-3,4-dioxo-5-undecylcyclohexa-1,5-dien-1-yl)amino]phenyl]acetamide	CCCCCCCCCCCC1=C(C(=CC(=O)C1=O)NC2=CC=C(C=C2)NC(=O)C)O	5.8	98105577	COCONUT:(CNP0236702);SUPERNATURAL:(SN0329420);PUBCHEM:(98105577)	3145730.0	449.24	72.0	1.192	7.136869612728805e+17	7.136868199583825e+17	
419	ANDLOIYDQYWSGD	sirius	CCCNC(=O)CC(C(=O)NC(C(C)CC)C(=O)N1CCCC1C(=O)OCC2=CC=CC=C2)O																																																																																												1.0	1.0	0.294	0.294	-371.082	0.799	0.324	21.953	C25H37N3O6	[M + H3N + H]+	C25H41N4O6+	InChI=1S/C25H37N3O6/c1-4-13-26-21(30)15-20(29)23(31)27-22(17(3)5-2)24(32)28-14-9-12-19(28)25(33)34-16-18-10-7-6-8-11-18/h6-8,10-11,17,19-20,22,29H,4-5,9,12-16H2,1-3H3,(H,26,30)(H,27,31)	benzyl (2S)-1-[(2S,3S)-2-[[(2S)-2-hydroxy-4-oxo-4-(propylamino)butanoyl]amino]-3-methylpentanoyl]pyrrolidine-2-carboxylate	CCCNC(=O)CC(C(=O)NC(C(C)CC)C(=O)N1CCCC1C(=O)OCC2=CC=CC=C2)O	2.3	5494396	PUBCHEMANNOTATIONBIO:(null);PUBCHEM:(5494396)	16777218.0	493.302	72.0	1.199	7.136869524774237e+17	7.13686819979354e+17	
420	FVYQEZHJPQIKGW	sirius	CCC=CC(=O)NC(CC1=CC=CC=C1)C(=O)O																																																																																												1.0	1.0	0.412	0.412	-188.115	0.8	0.333	32.47	C14H17NO3	[M + H3N + H]+	C14H21N2O3+	InChI=1S/C14H17NO3/c1-2-3-9-13(16)15-12(14(17)18)10-11-7-5-4-6-8-11/h3-9,12H,2,10H2,1H3,(H,15,16)(H,17,18)	N-pentenoylphenylalanine	CCC=CC(=O)NC(CC1=CC=CC=C1)C(=O)O	2.453	129660725	PUBCHEM:(129660725)	2.0	265.154	72.0	1.203	7.136869823660379e+17	7.136868200254915e+17	
420	GJNDXQBALKCYSZ	gnps	CC(C)[C@H](N)C(=O)N[C@@H](Cc1ccccc1)C(=O)O	CCMSLIB00012288636	spectra_filtered.mgf	MSNLIB-POSITIVE.mgf	0.951228	613121000.0	0.0	2.07168	6.0	0.000549316	265.154	1.0	temp/spectra_filtered.mgf420	1.0	H-VAL-PHE-OH	ESI	Orbitrap	Crude	Tomas Pluskal	Corinna Brungs	[M+H]+	265.155	264.147	1.0			CC(C)[C@H](N)C(=O)N[C@@H](Cc1ccccc1)C(=O)O	InChI=1S/C14H20N2O3/c1-9(2)12(15)13(17)16-11(14(18)19)8-10-6-4-3-5-7-10/h3-7,9,11-12H,8,15H2,1-2H3,(H,16,17)(H,18,19)/t11-,12-/m0/s1	GJNDXQBALKCYSZ-RYUDHWBXSA-N	1.0	Positive	MSNLIB-POSITIVE	265.155	UPDATE-SINGLE-ANNOTATED-GOLD	Gold		C14H20N2O3	GJNDXQBALKCYSZ-RYUDHWBXSA-N	Organic acids and derivatives	Carboxylic acids and derivatives	Amino acids, peptides, and analogues	Small peptides	Dipeptides	Amino acids and Peptides	mzspec:GNPS:GNPS-LIBRARY:CCMSLIB00012288636																																																																							
421	LFZALOLBOLQRRC	sirius	CC1CC1C(=O)NC(C(C)C)C(=O)O																																																																																												1.0	1.0	0.381	0.381	-112.622	0.8	0.333	30.201	C10H17NO3	[M + H3N + H]+	C10H21N2O3+	InChI=1S/C10H17NO3/c1-5(2)8(10(13)14)11-9(12)7-4-6(7)3/h5-8H,4H2,1-3H3,(H,11,12)(H,13,14)	(2S)-3-methyl-2-[(2-methylcyclopropanecarbonyl)amino]butanoic acid	CC1CC1C(=O)NC(C(C)C)C(=O)O	1.4	16777841;61136867;79011284	PUBCHEM:(16777841 61136867 79011284)	2.0	217.155	72.0	1.204	7.136869502502482e+17	7.13686820046463e+17	
422	RZVAJINKPMORJF	gnps|sirius	CC(=O)NC1=CC=C(C=C1)O	CCMSLIB00000207717	spectra_filtered.mgf	MASSBANK.mgf	0.984024	47269600.0	0.0	2.60884	6.0	0.000396729	152.071	1.0	temp/spectra_filtered.mgf422	1.0	Massbank:EA024310 Paracetamol|Acetaminophen|N-(4-hydroxyphenyl)acetamide	ESI	LC-ESI-ITFT	Isolated	Putative Massbank Match	Massbank	[M+H]+	152.071	0.0	1.0	103-90-2		CC(=O)NC1=CC=C(O)C=C1	1S/C8H9NO2/c1-6(10)9-7-2-4-8(11)5-3-7/h2-5,11H,1H3,(H,9,10)		3.0	Positive	MASSBANK	152.071	UPDATE-SINGLE-ANNOTATED-BRONZE	Bronze		C8H9NO2	RZVAJINKPMORJF-UHFFFAOYSA-N	Benzenoids	Phenols	1-hydroxy-2-unsubstituted benzenoids	Small peptides	Aminoacids	Amino acids and Peptides|Shikimates and Phenylpropanoids	mzspec:GNPS:GNPS-LIBRARY:CCMSLIB00000207717																																																1.0	2.0	0.823	0.91	-9.139	0.026	0.333	31.871	C8H9NO2	[M + H]+	C8H10NO2+	InChI=1S/C8H9NO2/c1-6(10)9-7-2-4-8(11)5-3-7/h2-5,11H,1H3,(H,9,10)	Apap	CC(=O)NC1=CC=C(C=C1)O	0.898	4301564;76972944;76972945;129735905;129849378;129853636;56632159;56636999;10441890;10464506;153907716;54294462;131869277;11321051;45379481;10654423;10749384;10986410;1983;12205925;12205927;11506497;138396034	PUBCHEMANNOTATIONBIO:(null);HMDB:(HMDB0001859);PUBCHEMANNOTATIONSAFETYANDTOXIC:(null);BloodExposome:(1983);SUPERNATURAL:(SN0339682);HSDB:(103-90-2);MESH:(1983);PUBCHEM:(4301564 76972944 76972945 129735905 129849378 129853636 56632159 56636999 10441890 10464506 153907716 54294462 131869277 11321051 45379481 10654423 10749384 10986410 1983 12205925 12205927 11506497 138396034);GNPS:(CCMSLIB00000579488);COCONUT:(CNP0301653);NORMAN:(NS00000231 NS00103850);METACYC:(CPD-7669);CHEBI:(46195);KEGG:(C06804);DSSTox:(DTXSID10785235 DTXSID2020006 DTXSID501316972 DTXSID50480414 DTXSID50670171 DTXSID50892679 DTXSID80676747 DTXSID80737963 DTXSID90480413);LOTUS:(Q57055);PUBCHEMANNOTATIONDRUG:(null);PUBMED:(null);KNAPSACK:(RZVAJINKPMORJF-UHFFFAOYSA-N)	137832438654.0	152.07	72.0	1.206	7.136869495288276e+17	7.136868200716288e+17	
423	FJBXRLWKBMDXGD	sirius	CCOC(=O)C(C(C)C)NCC(=O)N1CCCC1C(=O)NC(C(C)C)C(=O)OC(C)(C)C																																																																																												1.0	1.0	0.44	0.44	-223.336	0.8	0.238	24.94	C23H41N3O6	[M + H3N + H]+	C23H45N4O6+	InChI=1S/C23H41N3O6/c1-9-31-21(29)18(14(2)3)24-13-17(27)26-12-10-11-16(26)20(28)25-19(15(4)5)22(30)32-23(6,7)8/h14-16,18-19,24H,9-13H2,1-8H3,(H,25,28)	Unk-Gly-DL-Pro-DL-Val-OtBu	CCOC(=O)C(C(C)C)NCC(=O)N1CCCC1C(=O)NC(C(C)C)C(=O)OC(C)(C)C	3.1	164187567	PUBCHEM:(164187567)	2.0	473.333	73.0	1.219	7.13686950413826e+17	7.136868200926003e+17	
425	WOYHVBXSYNCYJD	sirius	CCSCC(C)C(C)(C#CC(=C)C)O																																																																																												1.0	2.0	0.02	0.02	-187.34	0.031	0.224	7.05	C12H20OS	[M + H3N + H]+	C12H24NOS+	InChI=1S/C12H20OS/c1-6-14-9-11(4)12(5,13)8-7-10(2)3/h11,13H,2,6,9H2,1,3-5H3	2,5,6-Trimethyl-7-ethylthiohept-1-en-3-yn-5-ol	CCSCC(C)C(C)(C#CC(=C)C)O	3.2	53832	PUBCHEMANNOTATIONSAFETYANDTOXIC;PUBCHEM:(53832);DSSTox:(DTXSID00999122)	137506062338.0	230.158	74.0	1.227	7.136869816026744e+17	7.136868201639035e+17	
426	JXNDLFWQCQNSRP	sirius	C1CCC(CC1)N2CC(CC2=O)C(=O)O																																																																																												1.0	1.0	0.119	0.119	-279.263	0.8	0.333	33.205	C11H17NO3	[M + H3N + H]+	C11H21N2O3+	InChI=1S/C11H17NO3/c13-10-6-8(11(14)15)7-12(10)9-4-2-1-3-5-9/h8-9H,1-7H2,(H,14,15)	1-Cyclohexyl-5-oxopyrrolidine-3-carboxylic acid	C1CCC(CC1)N2CC(CC2=O)C(=O)O	0.8	4144884;6541044;6920281;7897312;677012;238546	PUBCHEMANNOTATIONSAFETYANDTOXIC:(null);PUBCHEM:(4144884 6541044 6920281 7897312 677012 238546);DSSTox:(DTXSID60285836)	137506062338.0	229.155	74.0	1.23	7.136869553211621e+17	7.136868201387377e+17	
427	CPNBTQDCWWCVNK	sirius	CC(C)C(CC1=CC(=C(C=C1)OC)OCCCOC)CC(C(CC(C(C)C)C(=O)NC(C)C(=O)N)O)N																																																																																												1.0	1.0	0.082	0.093	-338.74	0.996	1.0	33.033	C28H49N3O6	[M + Na]+	C28H49N3NaO6+	InChI=1S/C28H49N3O6/c1-17(2)21(13-20-9-10-25(36-7)26(14-20)37-12-8-11-35-6)15-23(29)24(32)16-22(18(3)4)28(34)31-19(5)27(30)33/h9-10,14,17-19,21-24,32H,8,11-13,15-16,29H2,1-7H3,(H2,30,33)(H,31,34)	(2S,4S,5S,7S)-5-amino-N-[(1S)-1-carbamoylethyl]-4-hydroxy-7-{[4-methoxy-3-(3-methoxypropoxy)phenyl]methyl}-8-methyl-2-(propan-2-yl)nonanamide	CC(C)C(CC1=CC(=C(C=C1)OC)OCCCOC)CC(C(CC(C(C)C)C(=O)NC(C)C(=O)N)O)N	3.1	23626275	PUBCHEMANNOTATIONBIO:(null);PUBCHEM:(23626275)	16777218.0	546.35	74.0	1.235	7.136870084713885e+17	7.136868201890693e+17	
428	INGJLBQKTRJLFO	isdb|sirius	CCC(C)C(C(=O)NC(C(C)C)C(=O)O)NC(=O)C(CCC(=O)O)N																																													1.0	Amino acids and Peptides	0.1219512195121951	Small peptides	0.1097560975609756	Tripeptides	0.073170731707317	1.0	0.50399166	ISDB	http://www.wikidata.org/entity/Q27140577	INGJLBQKTRJLFO-UKJIMTQDSA-N	InChI=1S/C16H29N3O6/c1-5-9(4)13(15(23)18-12(8(2)3)16(24)25)19-14(22)10(17)6-7-11(20)21/h8-10,12-13H,5-7,17H2,1-4H3,(H,18,23)(H,19,22)(H,20,21)(H,24,25)/t9-,10-,12-,13-/m0/s1	CC[C@H](C)[C@H](NC(=O)[C@@H](N)CCC(=O)O)C(=O)N[C@H](C(=O)O)C(C)C	C16H29N3O6		359.205635648	Glu-Ile-Val	Amino acids and Peptides	Small peptides	Tripeptides	http://www.wikidata.org/entity/Q33244	Trypanosoma brucei	494245.0	['Eukaryota']	['Unknown']	['Unknown']	['Unknown']	['Kinetoplastea']	['Unknown']	['Unknown']	['Trypanosoma']	['Trypanosoma brucei']											0.0	3.0	3.5159666538238525	1.0	1.0	2.0	0.57	0.57	-68.292	0.196	0.333	107.161	C16H29N3O6	[M + H]+	C16H30N3O6+	InChI=1S/C16H29N3O6/c1-5-9(4)13(15(23)18-12(8(2)3)16(24)25)19-14(22)10(17)6-7-11(20)21/h8-10,12-13H,5-7,17H2,1-4H3,(H,18,23)(H,19,22)(H,20,21)(H,24,25)	H-DL-Glu-DL-xiIle-DL-Val-OH	CCC(C)C(C(=O)NC(C(C)C)C(=O)O)NC(=O)C(CCC(=O)O)N	-0.04	18220315;71464664	BloodExposome:(71464664);CHEBI:(73499);SUPERNATURAL:(SN0150126);PUBCHEM:(18220315 71464664);LOTUS:(Q27140577)	273678370.0	360.213	70.0	1.163	7.136869735663872e+17	7.136868198451363e+17	
429	VYPBSXXQROZFGU	sirius	CC(C)C(C(=O)NC(C(C)C)C(=O)O)NC(=O)CCCCCCCCCC(=O)NC(C(C)C)C(=O)NC(C(C)C)C(=O)O																																																																																												1.0	2.0	0.409	0.409	-221.036	0.104	1.0	48.087	C31H56N4O8	[M + Na]+	C31H56N4NaO8+	InChI=1S/C31H56N4O8/c1-18(2)24(28(38)34-26(20(5)6)30(40)41)32-22(36)16-14-12-10-9-11-13-15-17-23(37)33-25(19(3)4)29(39)35-27(21(7)8)31(42)43/h18-21,24-27H,9-17H2,1-8H3,(H,32,36)(H,33,37)(H,34,38)(H,35,39)(H,40,41)(H,42,43)	Bis(N-alpha-amide-L-valyl-L-valine) 1,9-nonane dicarboxylate	CC(C)C(C(=O)NC(C(C)C)C(=O)O)NC(=O)CCCCCCCCCC(=O)NC(C(C)C)C(=O)NC(C(C)C)C(=O)O	5.5	100981546	PUBCHEM:(100981546)	2.0	635.397	75.0	1.244	7.136869570911587e+17	7.136868202603725e+17	
430	AOMGWEGTILRIDS	sirius	CNCCCOCCOCCOCCCNC(=O)CN1CCN(CCN(CCN(CC1)C(=O)OC)C(=O)OC)CC(=O)OC																																																																																												1.0	1.0	0.024	0.024	-480.209	0.999	0.004	16.784	C28H54N6O10	[M + Na]+	C28H54N6NaO10+	InChI=1S/C28H54N6O10/c1-29-7-5-17-42-19-21-44-22-20-43-18-6-8-30-25(35)23-31-9-10-32(24-26(36)39-2)12-14-34(28(38)41-4)16-15-33(13-11-31)27(37)40-3/h29H,5-24H2,1-4H3,(H,30,35)	Dimethyl 7-(2-methoxy-2-oxoethyl)-10-[2-[3-[2-[2-[3-(methylamino)propoxy]ethoxy]ethoxy]propylamino]-2-oxoethyl]-1,4,7,10-tetrazacyclododecane-1,4-dicarboxylate	CNCCCOCCOCCOCCCNC(=O)CN1CCN(CCN(CCN(CC1)C(=O)OC)C(=O)OC)CC(=O)OC	-1.0	59078143	PUBCHEM:(59078143)	2.0	657.379	75.0	1.243	7.136869676188635e+17	7.136868202352067e+17	
431	MCFWBAUGUODTFE	sirius	CCC(C)C(C(=O)O)NC(=O)C(C)C1CC1																																																																																												1.0	2.0	0.148	0.148	-127.746	0.142	0.333	32.088	C12H21NO3	[M + H3N + H]+	C12H25N2O3+	InChI=1S/C12H21NO3/c1-4-7(2)10(12(15)16)13-11(14)8(3)9-5-6-9/h7-10H,4-6H2,1-3H3,(H,13,14)(H,15,16)	(2S,3S)-2-(2-cyclopropylpropanoylamino)-3-methylpentanoic acid	CCC(C)C(C(=O)O)NC(=O)C(C)C1CC1	1.969	99646921;99646922;81867422;83146385;83147330	PUBCHEM:(99646921 99646922 81867422 83146385 83147330)	2.0	245.186	74.0	1.241	7.136869712595197e+17	7.136868202142351e+17	
432	YEDSOSIKVUMIJE	sirius	CC(C)CC(C(=O)O)NC(=O)C(C(C)C)NC(=O)C(CO)N																																																																																												1.0	1.0	0.639	0.639	-79.474	1.0	1.0	29.838	C14H27N3O5	[M + Na]+	C14H27N3NaO5+	InChI=1S/C14H27N3O5/c1-7(2)5-10(14(21)22)16-13(20)11(8(3)4)17-12(19)9(15)6-18/h7-11,18H,5-6,15H2,1-4H3,(H,16,20)(H,17,19)(H,21,22)	2-[[2-[(2-Amino-3-hydroxypropanoyl)amino]-3-methylbutanoyl]amino]-4-methylpentanoic acid	CC(C)CC(C(=O)O)NC(=O)C(C(C)C)NC(=O)C(CO)N	-0.583	145457935;18224162	CHEBI:(163596);PUBCHEM:(145457935 18224162)	34.0	340.184	75.0	1.245	7.136869691120358e+17	7.136868203148984e+17	
433	ATTGUJZVUYQKGM	sirius	CC(C)CC(C(=O)NC(CC(C)C)C(=O)O)NC(=O)C=O																																																																																												1.0	1.0	0.469	0.469	-172.865	0.8	0.333	80.431	C14H24N2O5	[M + H3N + H]+	C14H28N3O5+	InChI=1S/C14H24N2O5/c1-8(2)5-10(15-12(18)7-17)13(19)16-11(14(20)21)6-9(3)4/h7-11H,5-6H2,1-4H3,(H,15,18)(H,16,19)(H,20,21)	4-Methyl-2-[[4-methyl-2-(oxaldehydoylamino)pentanoyl]amino]pentanoic acid	CC(C)CC(C(=O)NC(CC(C)C)C(=O)O)NC(=O)C=O	1.063	71343542;71351542	PUBCHEM:(71343542 71351542)	2.0	318.202	75.0	1.246	7.136869602872188e+17	7.136868203400643e+17	
433	VKVDRTGWLVZJOM	isdb	CC(C)C[C@H](N)C(=O)N[C@H](C(=O)N[C@@H](CO)C(=O)O)C(C)C																																													61.0	Amino acids and Peptides	0.3333333333333333	Small peptides	0.3333333333333333	Tripeptides	0.3333333333333333	1.0	0.3178263	ISDB	http://www.wikidata.org/entity/Q27141628	VKVDRTGWLVZJOM-DCAQKATOSA-N	InChI=1S/C14H27N3O5/c1-7(2)5-9(15)12(19)17-11(8(3)4)13(20)16-10(6-18)14(21)22/h7-11,18H,5-6,15H2,1-4H3,(H,16,20)(H,17,19)(H,21,22)/t9-,10-,11-/m0/s1	CC(C)C[C@H](N)C(=O)N[C@H](C(=O)N[C@@H](CO)C(=O)O)C(C)C	C14H27N3O5		317.195070964	Leu-Val-Ser	Amino acids and Peptides	Small peptides	Tripeptides	http://www.wikidata.org/entity/Q33244	Trypanosoma brucei	494245.0	['Eukaryota']	['Unknown']	['Unknown']	['Unknown']	['Kinetoplastea']	['Unknown']	['Unknown']	['Trypanosoma']	['Trypanosoma brucei']											0.0	3.0	2.771305203437805	1.0																								
434	PYOHODCEOHCZBM	gnps|isdb	CSCC[C@@H](C(=O)O)NC(=O)[C@H](CC1=CC=CC=C1)N	CCMSLIB00003137489	spectra_filtered.mgf	GNPS-NIST14-MATCHES.mgf	0.942686	10258400.0	0.0	1.95148	8.0	0.000579834	297.127	1.0	temp/spectra_filtered.mgf434	1.0	Spectral Match to Phe-Met from NIST14	ESI	qTof	Isolated	Data from Chris Turck	Data deposited by fevargas	M+H	297.126	296.12	1.0			CSCC[C@@H](C(=O)O)NC(=O)[C@H](CC1=CC=CC=C1)N	InChI=1S/C14H20N2O3S/c1-20-8-7-12(14(18)19)16-13(17)11(15)9-10-5-3-2-4-6-10/h2-6,11-12H,7-9,15H2,1H3,(H,16,17)(H,18,19)/t11-,12-/m0/s1		3.0	Positive	GNPS-NIST14-MATCHES	297.126	UPDATE-SINGLE-ANNOTATED-BRONZE	Bronze		C14H20N2O3S	PYOHODCEOHCZBM-RYUDHWBXSA-N	Organic acids and derivatives	Carboxylic acids and derivatives	Amino acids, peptides, and analogues	Small peptides	Dipeptides	Amino acids and Peptides	mzspec:GNPS:GNPS-LIBRARY:CCMSLIB00003137489	7.0	Amino acids and Peptides	0.4761904761904761	Small peptides	0.4642857142857143	Dipeptides	0.4285714285714285	1.0	0.6410548	ISDB															['Unknown']	['Unknown']	['Unknown']	['Unknown']	['Unknown']	['Unknown']	['Unknown']	['Unknown']	['Unknown']											0.0	0.0	2.5642192363739014	1.0																								
434	ZBKSEOWVKGYLFC	sirius	C1CSCC1C(=O)NC(CC2=CC=CC=C2)C(=O)O																																																																																												1.0	1.0	0.321	0.321	-266.288	0.798	0.333	29.233	C14H17NO3S	[M + H3N + H]+	C14H21N2O3S+	InChI=1S/C14H17NO3S/c16-13(11-6-7-19-9-11)15-12(14(17)18)8-10-4-2-1-3-5-10/h1-5,11-12H,6-9H2,(H,15,16)(H,17,18)	3-Phenyl-2-(thiolane-3-carbonylamino)propanoic acid	C1CSCC1C(=O)NC(CC2=CC=CC=C2)C(=O)O	1.9	64163936;64164406;113571449	PUBCHEM:(64163936 64164406 113571449)	2.0	297.127	75.0	1.25	7.136869811203295e+17	7.136868203820073e+17	
435	VUPWQHVVJYLHCF	sirius	CC(C)C(CC1=CC(=C(C=C1)OC)OCCCOC)CC(C(CC(C)C(=O)NCCCC(=O)N2CCOCC2)O)N																																																																																												1.0	3.0	0.092	0.092	-544.285	0.097	0.333	59.856	C31H53N3O7	[M - H2O + H]+	C31H52N3O6+	InChI=1S/C31H53N3O7/c1-22(2)25(19-24-9-10-28(39-5)29(20-24)41-15-7-14-38-4)21-26(32)27(35)18-23(3)31(37)33-11-6-8-30(36)34-12-16-40-17-13-34/h9-10,20,22-23,25-27,35H,6-8,11-19,21,32H2,1-5H3,(H,33,37)	5-amino-4-hydroxy-7-[[4-methoxy-3-(3-methoxypropoxy)phenyl]methyl]-2,8-dimethyl-N-(4-morpholin-4-yl-4-oxobutyl)nonanamide	CC(C)C(CC1=CC(=C(C=C1)OC)OCCCOC)CC(C(CC(C)C(=O)NCCCC(=O)N2CCOCC2)O)N	2.4	69646643;10053962	PUBCHEMANNOTATIONBIO;PUBCHEM:(69646643 10053962)	16777218.0	562.381	75.0	1.246	7.13686971276297e+17	7.136868203610358e+17	
436	IRCQTRJXJMLOAH	sirius	C1CCC2(CC1)CCN(C2)S(=O)(=O)CC3CCCOC3																																																																																												1.0	2.0	0.013	0.013	-325.439	0.051	0.333	94.444	C15H27NO3S	[M + H3N + H]+	C15H31N2O3S+	InChI=1S/C15H27NO3S/c17-20(18,12-14-5-4-10-19-11-14)16-9-8-15(13-16)6-2-1-3-7-15/h14H,1-13H2	2-[[(3~{R})-oxan-3-yl]methylsulfonyl]-2-azaspiro[4.5]decane	C1CCC2(CC1)CCN(C2)S(=O)(=O)CC3CCCOC3	2.5	97841189;97841190;75511445	PUBCHEMANNOTATIONBIO;PUBCHEM:(97841189 97841190 75511445)	16777218.0	319.206	74.0	1.24	7.1368698060443e+17	7.136868202897326e+17	
437	KTHADMDGDNYQRX	isdb	COC(=O)Cc1c[nH]c2ccccc12																																													11.0	Alkaloids	0.6666666666666666	Tryptophan alkaloids	0.6666666666666666	Simple indole alkaloids	0.6666666666666666	3.0	0.0	MS1_match	http://www.wikidata.org/entity/Q27140143	KTHADMDGDNYQRX-UHFFFAOYSA-N	InChI=1S/C11H11NO2/c1-14-11(13)6-8-7-12-10-5-3-2-4-9(8)10/h2-5,7,12H,6H2,1H3	COC(=O)Cc1c[nH]c2ccccc12	C11H11NO2	pos_1_1proton1acetonitrile	189.078978592	methyl 2-(1H-indol-3-yl)acetate	Alkaloids	Tryptophan alkaloids	Simple indole alkaloids	http://www.wikidata.org/entity/Q7255002	Pseudomonas amygdali	602767.0	['Bacteria']	['Unknown']	['Proteobacteria']	['Gammaproteobacteria']	['Pseudomonadales']	['Pseudomonadaceae']	['Unknown']	['Pseudomonas']	['Pseudomonas amygdali']		['Bacteria']		['Proteobacteria']	['Gammaproteobacteria']	['Pseudomonadales']	['Pseudomonadaceae']		['Pseudomonas']		6.0	3.0	7.5	1.0																								
437	ZQBJNKLSHWFEPJ	sirius	COC(=O)C1C=CC2=C1C3=CC=CC=C3N2																																																																																												1.0	1.0	0.54	0.54	-139.626	0.997	0.333	102.896	C13H11NO2	[M + H3N + H]+	C13H15N2O2+	InChI=1S/C13H11NO2/c1-16-13(15)9-6-7-11-12(9)8-4-2-3-5-10(8)14-11/h2-7,9,14H,1H3	Methyl 1,4-dihydrocyclopenta[b]indole-1-carboxylate	COC(=O)C1C=CC2=C1C3=CC=CC=C3N2	2.4	85702936	SUPERNATURAL:(SN0477240);PUBCHEM:(85702936);LOTUS:(Q105381370)	269484034.0	231.113	75.0	1.25	7.13686975768397e+17	7.136868204071731e+17	
437	ZUPHXNBLQCSEIA	gnps	CC1NC(C(=O)O)Cc2c1[nH]c1ccccc21	CCMSLIB00010117760	spectra_filtered.mgf	BERKELEY-LAB.mgf	0.858449	100729000.0	0.0	1.45251	7.0	0.000335693	231.113	1.0	temp/spectra_filtered.mgf437	1.0	5470-37-1 CollisionEnergy:205060	LC-ESI	Orbitrap	Commercial	Trent Northen	JGI	M+H	231.113	0.0	1.0			CC1NC(C(=O)O)Cc2c1[nH]c1ccccc21	"""InChI=1S/C13H14N2O2/c1-7-12-9(6-11(14-7)13(16)17)8-4-2-3-5-10(8)15-12/h2-5,7,11,14-15H,6H2,1H3,(H,16,17)"""		3.0	Positive	BERKELEY-LAB	231.113	UPDATE-SINGLE-ANNOTATED-BRONZE	Bronze		C13H14N2O2	ZUPHXNBLQCSEIA-UHFFFAOYSA-N				Tryptophan alkaloids	Carboline alkaloids	Alkaloids	mzspec:GNPS:GNPS-LIBRARY:CCMSLIB00010117760																																																																							
439	RXGLHDWAZQECBI	isdb	CC(C)C[C@H](NC(=O)[C@@H](N)CC(C)C)C(=O)N[C@@H](CO)C(=O)O																																													-1.0							1.0	0.550719	ISDB	http://www.wikidata.org/entity/Q27140835	RXGLHDWAZQECBI-SRVKXCTJSA-N	InChI=1S/C15H29N3O5/c1-8(2)5-10(16)13(20)17-11(6-9(3)4)14(21)18-12(7-19)15(22)23/h8-12,19H,5-7,16H2,1-4H3,(H,17,20)(H,18,21)(H,22,23)/t10-,11-,12-/m0/s1	CC(C)C[C@H](NC(=O)[C@@H](N)CC(C)C)C(=O)N[C@@H](CO)C(=O)O	C15H29N3O5		331.210721028	Leu-Leu-Ser	Amino acids and Peptides	Small peptides	Tripeptides	http://www.wikidata.org/entity/Q33244	Trypanosoma brucei	494245.0	['Eukaryota']	['Unknown']	['Unknown']	['Unknown']	['Kinetoplastea']	['Unknown']	['Unknown']	['Trypanosoma']	['Trypanosoma brucei']											0.0	0.0	2.202876091003418	1.0																								
439	SCMSYZJDIQPSDI	sirius	CC(C)CCNC(=O)C(CC(C)C)NC(=O)C1C(O1)C(=O)O																																																																																												1.0	1.0	0.244	0.244	-182.915	0.8	0.333	103.523	C15H26N2O5	[M + H3N + H]+	C15H30N3O5+	InChI=1S/C15H26N2O5/c1-8(2)5-6-16-13(18)10(7-9(3)4)17-14(19)11-12(22-11)15(20)21/h8-12H,5-7H2,1-4H3,(H,16,18)(H,17,19)(H,20,21)	3-({3-methyl-1-[(3-methylbutyl)-C-hydroxycarbonimidoyl]butyl}-C-hydroxycarbonimidoyl)oxirane-2-carboxylic acid	CC(C)CCNC(=O)C(CC(C)C)NC(=O)C1C(O1)C(=O)O	1.6	101085273;9995770;6712523;50943114;50943118;50943119;50943188;50943190;50943192;50943193;50943269;50943266;50943268;50943344;134694028;7067166;40536238;92449659;54298536;88661208;59805911;3188;13208200;123664	PUBCHEMANNOTATIONBIO:(null);COCONUT:(CNP0290475);HMDB:(HMDB0247379);PUBCHEMANNOTATIONSAFETYANDTOXIC:(null);BloodExposome:(123664 54298536);CHEBI:(188280);SUPERNATURAL:(SN0341778);MESH:(123664);PUBCHEM:(101085273 9995770 6712523 50943114 50943118 50943119 50943188 50943190 50943192 50943193 50943269 50943266 50943268 50943344 134694028 7067166 40536238 92449659 54298536 88661208 59805911 3188 13208200 123664);DSSTox:(DTXSID10997997);PUBMED:(null)	137530179694.0	332.218	75.0	1.256	7.136869672162102e+17	7.136868204281446e+17	
441	RMHSCAZOUHDWNT	isdb	CCC(C)C(NC(=O)C(CCCCN)NC(=O)C(CC(=O)O)NC(=O)CNC(=O)C(CCCCN)NC(=O)C(N)CCSC)C(=O)NC(C(=O)NC(C(=O)NC(CCC(N)=O)C(=O)NC(C=O)Cc1cnc[nH]1)C(C)CC)C(C)C																																													1.0	Amino acids and Peptides	0.1219512195121951	Small peptides	0.1097560975609756	Tripeptides	0.073170731707317	1.0	0.0	MS1_match	http://www.wikidata.org/entity/Q77513262	RMHSCAZOUHDWNT-UHFFFAOYSA-N	InChI=1S/C51H89N15O13S/c1-8-29(5)42(50(78)63-36(16-17-38(55)68)46(74)59-32(26-67)22-31-24-56-27-58-31)66-49(77)41(28(3)4)64-51(79)43(30(6)9-2)65-47(75)35(15-11-13-20-53)62-48(76)37(23-40(70)71)60-39(69)25-57-45(73)34(14-10-12-19-52)61-44(72)33(54)18-21-80-7/h24,26-30,32-37,41-43H,8-23,25,52-54H2,1-7H3,(H2,55,68)(H,56,58)(H,57,73)(H,59,74)(H,60,69)(H,61,72)(H,62,76)(H,63,78)(H,64,79)(H,65,75)(H,66,77)(H,70,71)	CCC(C)C(NC(=O)C(CCCCN)NC(=O)C(CC(=O)O)NC(=O)CNC(=O)C(CCCCN)NC(=O)C(N)CCSC)C(=O)NC(C(=O)NC(C(=O)NC(CCC(N)=O)C(=O)NC(C=O)Cc1cnc[nH]1)C(C)CC)C(C)C	C51H89N15O13S	pos_3_2proton1sodium	1151.648498908	Azotobacter vinlandii ferritin	Amino acids and Peptides	Oligopeptides	Linear peptides	http://www.wikidata.org/entity/Q31856	Pseudomonas aeruginosa	216671.0	['Bacteria']	['Unknown']	['Proteobacteria']	['Gammaproteobacteria']	['Pseudomonadales']	['Pseudomonadaceae']	['Unknown']	['Pseudomonas']	['Pseudomonas aeruginosa']		['Bacteria']		['Proteobacteria']	['Gammaproteobacteria']	['Pseudomonadales']	['Pseudomonadaceae']		['Pseudomonas']	['Pseudomonas aeruginosa']	7.0	1.0	7.5	1.0																								
441	XIMIRDCKYSGHMO	sirius	CC(C)(C)OC(=O)N1CCCC1C(=O)N2CCCC2C(=O)N3CCCC3C(=O)O																																																																																												1.0	2.0	0.254	0.254	-307.485	0.2	0.333	45.364	C20H31N3O6	[M - H2O + H]+	C20H30N3O5+	InChI=1S/C20H31N3O6/c1-20(2,3)29-19(28)23-12-5-8-14(23)17(25)21-10-4-7-13(21)16(24)22-11-6-9-15(22)18(26)27/h13-15H,4-12H2,1-3H3,(H,26,27)	1-(tert-Butoxycarbonyl)-L-prolyl-L-prolyl-L-proline	CC(C)(C)OC(=O)N1CCCC1C(=O)N2CCCC2C(=O)N3CCCC3C(=O)O	1.3	14827460;124604992;124833071;40457110;40473241;40473243;40473245;3240461;3455056	PUBCHEM:(14827460 124604992 124833071 40457110 40473241 40473243 40473245 3240461 3455056);DSSTox:(DTXSID60564456);PUBMED:(null)	137438953538.0	392.218	76.0	1.269	7.136869763430168e+17	7.13686820516225e+17	
442	MCFWBAUGUODTFE	sirius	CCC(C)C(C(=O)O)NC(=O)C(C)C1CC1																																																																																												1.0	2.0	0.142	0.142	-126.241	0.256	0.333	27.707	C12H21NO3	[M + H3N + H]+	C12H25N2O3+	InChI=1S/C12H21NO3/c1-4-7(2)10(12(15)16)13-11(14)8(3)9-5-6-9/h7-10H,4-6H2,1-3H3,(H,13,14)(H,15,16)	(2S,3S)-2-(2-cyclopropylpropanoylamino)-3-methylpentanoic acid	CCC(C)C(C(=O)O)NC(=O)C(C)C1CC1	1.969	99646921;99646922;81867422;83146385;83147330	PUBCHEM:(99646921 99646922 81867422 83146385 83147330)	2.0	245.186	80.0	1.329	7.136869657775636e+17	7.136868210614847e+17	
443	AKRKBLOLQYAKPC	sirius	CCC(CC)C(C(=O)NC(C(=O)O)C(C)(C)C)NC(=O)C1=NC=CN=C1																																																																																												1.0	1.0	0.184	0.184	-218.537	0.8	0.333	74.106	C18H28N4O4	[M + H3N + H]+	C18H32N5O4+	InChI=1S/C18H28N4O4/c1-6-11(7-2)13(21-15(23)12-10-19-8-9-20-12)16(24)22-14(17(25)26)18(3,4)5/h8-11,13-14H,6-7H2,1-5H3,(H,21,23)(H,22,24)(H,25,26)	2-[[3-Ethyl-2-(pyrazine-2-carbonylamino)pentanoyl]amino]-3,3-dimethylbutanoic acid	CCC(CC)C(C(=O)NC(C(=O)O)C(C)(C)C)NC(=O)C1=NC=CN=C1	2.2	89827387;123259787	PUBCHEM:(89827387 123259787)	2.0	382.245	76.0	1.269	7.136869627996074e+17	7.136868205371965e+17	
444	UWBFZPLATNJACG	sirius	C1=CC=C(C(=C1)NC(=O)CCC(=O)O)F																																																																																												1.0	2.0	0.062	0.062	-187.025	0.256	0.332	54.125	C10H10FNO3	[M + H3N + H]+	C10H14FN2O3+	InChI=1S/C10H10FNO3/c11-7-3-1-2-4-8(7)12-9(13)5-6-10(14)15/h1-4H,5-6H2,(H,12,13)(H,14,15)	4-(2-Fluoroanilino)-4-oxobutanoate	C1=CC=C(C(=C1)NC(=O)CCC(=O)O)F	1.234	4281245;573893	NORMAN:(NS00018602);PUBCHEM:(4281245 573893);DSSTox:(DTXSID301259318);PUBMED	137439215682.0	229.099	76.0	1.268	7.136869750427825e+17	7.136868204952535e+17	
444	VHKZZJDEEOUSRR	isdb																																														95.0							1.0	0.35706627	ISDB															['Unknown']	['Unknown']	['Unknown']	['Unknown']	['Unknown']	['Unknown']	['Unknown']	['Unknown']	['Unknown']											0.0	0.0	1.42826509475708	1.0																								
445	VJQYIXGAHFZMED	sirius	CC1C(=O)N2CCCC2C(=O)NC(C(=O)NC(C(=O)N3CCCC3C(=O)NC(C(=O)N1)CC4=CC=CC=C4)C)CC5=CC=CC=C5																																																																																												1.0	3.0	0.917	0.917	-226.657	0.14	0.255	26.891	C34H42N6O6	[M + H]+	C34H43N6O6+	InChI=1S/C34H42N6O6/c1-21-33(45)39-17-9-15-27(39)31(43)38-26(20-24-13-7-4-8-14-24)30(42)36-22(2)34(46)40-18-10-16-28(40)32(44)37-25(29(41)35-21)19-23-11-5-3-6-12-23/h3-8,11-14,21-22,25-28H,9-10,15-20H2,1-2H3,(H,35,41)(H,36,42)(H,37,44)(H,38,43)	Cyclo(L-alanyl-L-prolyl-D-phenylalanyl-L-alanyl-L-prolyl-D-phenylalanyl)	CC1C(=O)N2CCCC2C(=O)NC(C(=O)NC(C(=O)N3CCCC3C(=O)NC(C(=O)N1)CC4=CC=CC=C4)C)CC5=CC=CC=C5	2.3	13267264	MESH:(13267264);PUBCHEM:(13267264);PUBMED	70.0	631.322	76.0	1.269	7.13687004549714e+17	7.136868205833339e+17	
447	JAZWVVYJAUEMMG	sirius	CCC(C)C1C(=O)N(C(C(=O)N(C(C(=O)NCCC(=O)OC(C(=O)N2CCC(C2C(=O)N1)C)CC(C)CO)C)C)C(C)CC)C																																																																																												1.0	1.0	0.255	0.255	-347.396	0.8	0.333	89.85	C32H55N5O8	[M + H3N + H]+	C32H59N6O8+	InChI=1S/C32H55N5O8/c1-10-19(4)25-31(43)36(9)27(20(5)11-2)32(44)35(8)22(7)28(40)33-14-12-24(39)45-23(16-18(3)17-38)30(42)37-15-13-21(6)26(37)29(41)34-25/h18-23,25-27,38H,10-17H2,1-9H3,(H,33,40)(H,34,41)	Trichomide A	CCC(C)C1C(=O)N(C(C(=O)N(C(C(=O)NCCC(=O)OC(C(=O)N2CCC(C2C(=O)N1)C)CC(C)CO)C)C)C(C)CC)C	2.4	102435898	MESH:(102435898);PUBCHEM:(102435898);PUBMED:(null)	70.0	655.439	79.0	1.323	7.136869619565521e+17	7.136868209650157e+17	
448	XIPQSKRVVLHMNT	sirius	CC(C)(C)OC(=O)N1CC2(C1)CNCC2C(=O)OC																																																																																												1.0	1.0	0.02	0.02	-281.333	0.796	0.333	37.4	C13H22N2O4	[M + H3N + H]+	C13H26N3O4+	InChI=1S/C13H22N2O4/c1-12(2,3)19-11(17)15-7-13(8-15)6-14-5-9(13)10(16)18-4/h9,14H,5-8H2,1-4H3	2-(Tert-butyl) 8-methyl 2,6-diazaspiro[3.4]octane-2,8-dicarboxylate	CC(C)(C)OC(=O)N1CC2(C1)CNCC2C(=O)OC	0.2	129501751;129501764;121207767	PUBCHEMANNOTATIONSAFETYANDTOXIC:(null);PUBCHEM:(129501751 129501764 121207767)	67108866.0	288.192	77.0	1.281	7.136869603459391e+17	7.136868206043054e+17	
449	QWWPYKKLXWOITQ	sirius	CC(C)CC(C(=O)NC(C(C)O)C(=O)NC(CC(C)C)C(=O)O)N																																																																																												1.0	2.0	0.414	0.492	-271.274	0.2	0.333	94.526	C16H31N3O5	[M - H2O + H]+	C16H30N3O4+	InChI=1S/C16H31N3O5/c1-8(2)6-11(17)14(21)19-13(10(5)20)15(22)18-12(16(23)24)7-9(3)4/h8-13,20H,6-7,17H2,1-5H3,(H,18,22)(H,19,21)(H,23,24)	2-[[2-[(2-Amino-4-methylpentanoyl)amino]-3-hydroxybutanoyl]amino]-4-methylpentanoic acid	CC(C)CC(C(=O)NC(C(C)O)C(=O)NC(CC(C)C)C(=O)O)N	0.319	10291247;18222264	CHEBI:(159535);PUBCHEM:(10291247 18222264)	34.0	328.223	80.0	1.336	7.136869591966996e+17	7.136868212250625e+17	
450	OQSGBXGNAFQGGS	sirius	CCC(C)C(C(=O)O)NC(=O)C(C(C)C)NC(=O)C1CCCN1																																																																																												1.0	2.0	0.221	0.355	-211.003	0.062	0.709	27.381	C16H29N3O4	[M + Na]+	C16H29N3NaO4+	InChI=1S/C16H29N3O4/c1-5-10(4)13(16(22)23)19-15(21)12(9(2)3)18-14(20)11-7-6-8-17-11/h9-13,17H,5-8H2,1-4H3,(H,18,20)(H,19,21)(H,22,23)	3-Methyl-2-[[3-methyl-2-(pyrrolidine-2-carbonylamino)butanoyl]amino]pentanoic acid	CCC(C)C(C(=O)O)NC(=O)C(C(C)C)NC(=O)C1CCCN1	1.244	145457639;18223774	CHEBI:(162795);PUBCHEM:(145457639 18223774)	34.0	350.205	77.0	1.283	7.136869712846856e+17	7.136868206504428e+17	
450	ZEZFFRWWHKSMEB	isdb																																														18.0	Polyketides	0.1					1.0	0.53891855	ISDB															['Unknown']	['Unknown']	['Unknown']	['Unknown']	['Unknown']	['Unknown']	['Unknown']	['Unknown']	['Unknown']											0.0	0.0	2.1556742191314697	1.0																								
451	LTFLDDDGWOVIHY	sirius	CCC(C)C(C(=O)O)NC(=O)C(C)NC(=O)C(C(C)C)N																																																																																												1.0	2.0	0.447	0.511	-115.87	0.131	0.333	78.318	C14H27N3O4	[M + H]+	C14H28N3O4+	InChI=1S/C14H27N3O4/c1-6-8(4)11(14(20)21)17-12(18)9(5)16-13(19)10(15)7(2)3/h7-11H,6,15H2,1-5H3,(H,16,19)(H,17,18)(H,20,21)	2-[2-[(2-Amino-3-methylbutanoyl)amino]propanoylamino]-3-methylpentanoic acid	CCC(C)C(C(=O)O)NC(=O)C(C)NC(=O)C(C(C)C)N	0.359	145458821;18232221	CHEBI:(166064);PUBCHEM:(145458821 18232221)	34.0	302.207	78.0	1.295	7.136869822066543e+17	7.136868207385231e+17	
451	PYOHXSMHFJQYIR	isdb																																														-1.0							1.0	0.43232366	ISDB															['Unknown']	['Unknown']	['Unknown']	['Unknown']	['Unknown']	['Unknown']	['Unknown']	['Unknown']	['Unknown']											0.0	0.0	1.7292946577072144	1.0																								
453	KYLIZSDYWQQTFM	gnps	CC[C@H](C)[C@@H](C(=O)N[C@@H]([C@@H](C)CC)C(=O)N[C@@H](CCCN=C(N)N)C(=O)O)N	CCMSLIB00003136812	spectra_filtered.mgf	GNPS-NIST14-MATCHES.mgf	0.678485	57182600.0	0.0	0.0	8.0	0.0	401.287	1.0	temp/spectra_filtered.mgf453	1.0	Spectral Match to Ile-Ile-Arg from NIST14	ESI	qTof	Isolated	Data from Suryasarathi Dasgupta	Data deposited by fevargas	M+H	401.287	400.28	1.0			CC[C@H](C)[C@@H](C(=O)N[C@@H]([C@@H](C)CC)C(=O)N[C@@H](CCCN=C(N)N)C(=O)O)N	InChI=1S/C18H36N6O4/c1-5-10(3)13(19)15(25)24-14(11(4)6-2)16(26)23-12(17(27)28)8-7-9-22-18(20)21/h10-14H,5-9,19H2,1-4H3,(H,23,26)(H,24,25)(H,27,28)(H4,20,21,22)/t10-,11-,12-,13-,14-/m0/s1		3.0	Positive	GNPS-NIST14-MATCHES	401.287	UPDATE-SINGLE-ANNOTATED-BRONZE	Bronze		C18H36N6O4	KYLIZSDYWQQTFM-PEDHHIEDSA-N	Organic acids and derivatives	Carboxylic acids and derivatives	Amino acids, peptides, and analogues	Small peptides	Dipeptides|Tripeptides	Amino acids and Peptides	mzspec:GNPS:GNPS-LIBRARY:CCMSLIB00003136812																																																																							
453	OJXVQJBMQPNZTP	sirius	CC(C)CC(C(=O)NC(CC(C)C)C(=O)NC(CCCN=C(N)N)C(O)(O)O)N																																																																																												1.0	2.0	0.974	0.974	-209.792	0.2	0.333	101.608	C18H38N6O5	[M - H2O + H]+	C18H37N6O4+	InChI=1S/C18H38N6O5/c1-10(2)8-12(19)15(25)23-13(9-11(3)4)16(26)24-14(18(27,28)29)6-5-7-22-17(20)21/h10-14,27-29H,5-9,19H2,1-4H3,(H,23,25)(H,24,26)(H4,20,21,22)	(2S)-2-amino-N-[(2S)-1-[[(2S)-5-(diaminomethylideneamino)-1,1,1-trihydroxypentan-2-yl]amino]-4-methyl-1-oxopentan-2-yl]-4-methylpentanamide	CC(C)CC(C(=O)NC(CC(C)C)C(=O)NC(CCCN=C(N)N)C(O)(O)O)N	-1.3	16741168	PUBCHEM:(16741168)	2.0	401.287	78.0	1.296	7.136869771734892e+17	7.136868207594947e+17	
454	KRNSPQJSDVYTBC	sirius	CCOC(=O)C(CCC1=CC=CC=C1)NC(C)C(=O)N2C(CCC2=O)C(=O)O																																																																																												1.0	1.0	0.061	0.061	-514.678	0.87	0.333	63.125	C20H26N2O6	[M + H3N + H]+	C20H30N3O6+	InChI=1S/C20H26N2O6/c1-3-28-20(27)15(10-9-14-7-5-4-6-8-14)21-13(2)18(24)22-16(19(25)26)11-12-17(22)23/h4-8,13,15-16,21H,3,9-12H2,1-2H3,(H,25,26)	(2S)-1-[2-[(1-ethoxy-1-oxo-4-phenylbutan-2-yl)amino]propanoyl]-5-oxopyrrolidine-2-carboxylic acid	CCOC(=O)C(CCC1=CC=CC=C1)NC(C)C(=O)N2C(CCC2=O)C(=O)O	2.089	5487891;22826073;70044228;13295422;13295426;13295428	MESH:(5487891);PUBCHEM:(5487891 22826073 70044228 13295422 13295426 13295428);DSSTox:(DTXSID90920046);PUBMED	137438953542.0	408.213	78.0	1.295	7.136869589744015e+17	7.136868207175516e+17	
455	IKPDIJPLQXQPJP	sirius	CCOC=C1C(=O)N(C(=S)S1)C2=CC=C(C=C2)C(=O)O																																																																																												1.0	1.0	0.206	0.206	-174.924	0.926	0.333	37.124	C13H11NO4S2	[M + H3N + H]+	C13H15N2O4S2+	InChI=1S/C13H11NO4S2/c1-2-18-7-10-11(15)14(13(19)20-10)9-5-3-8(4-6-9)12(16)17/h3-7H,2H2,1H3,(H,16,17)	4-[5-(Ethoxymethylidene)-4-oxo-2-sulfanylidene-1,3-thiazolidin-3-yl]benzoic acid	CCOC=C1C(=O)N(C(=S)S1)C2=CC=C(C=C2)C(=O)O	2.6	20831173;5382845;290281	PUBCHEM:(20831173 5382845 290281)	2.0	327.046	77.0	1.29	7.136869688058516e+17	7.136868206923858e+17	
456	XUGNJOCQALIQFG	sirius	C=CC1=NC2=CC=CC=C2C=C1																																																																																												1.0	3.0	0.412	0.412	-56.756	0.017	0.333	26.207	C11H9N	[M + H3N + H]+	C11H13N2+	InChI=1S/C11H9N/c1-2-10-8-7-9-5-3-4-6-11(9)12-10/h2-8H,1H2	2-Vinylquinoline	C=CC1=NC2=CC=CC=C2C=C1	2.805	135019694;102449712;69875	NORMAN:(NS00037888);PUBCHEM:(135019694 102449712 69875);DSSTox:(DTXSID4061123);PUBMED:(null)	137439215682.0	173.107	78.0	1.295	7.136869615664818e+17	7.136868207804663e+17	
457	NEGWDGSDQNLSHS	isdb																																														43.0	Amino acids and Peptides	0.4	Small peptides	0.4	Dipeptides	0.3	1.0	0.23255807	ISDB															['Unknown']	['Unknown']	['Unknown']	['Unknown']	['Unknown']	['Unknown']	['Unknown']	['Unknown']	['Unknown']											0.0	0.0	0.9302322864532472	1.0																								
457	SYCONJXDWYYZED	sirius	CC(C)CCNC(=O)CN1C=NC2=C1C(=O)N(C(=O)N2C)C																																																																																												1.0	1.0	0.021	0.021	-392.409	0.53	1.0	69.241	C14H21N5O3	[M + Na]+	C14H21N5NaO3+	InChI=1S/C14H21N5O3/c1-9(2)5-6-15-10(20)7-19-8-16-12-11(19)13(21)18(4)14(22)17(12)3/h8-9H,5-7H2,1-4H3,(H,15,20)	2-(1,3-dimethyl-2,6-dioxo-1,2,3,6-tetrahydro-7H-purin-7-yl)-N-(3-methylbutyl)acetamide	CC(C)CCNC(=O)CN1C=NC2=C1C(=O)N(C(=O)N2C)C	0.731	788703	SUPERNATURAL:(SN0358459);PUBCHEM:(788703)	1048578.0	330.153	78.0	1.301	7.136869605137114e+17	7.136868208266036e+17	
458	MKCVLTRITQNGQI	gnps	O=C(N[C@H](C(O)=O)[C@@H](C)CC)[C@H]1NC(CC1)=O	CCMSLIB00003137597	spectra_filtered.mgf	GNPS-NIST14-MATCHES.mgf	0.661565	99281700.0	0.0	0.564829	6.0	0.000137329	243.134	1.0	temp/spectra_filtered.mgf458	1.0	Spectral Match to PyroGlu-Ile from NIST14	LC-ESI	qTof	Isolated	Data from Dr. Katherine R. Duncan	Data deposited by kduncan	M+H	243.134	0.0	1.0			O=C(N[C@H](C(O)=O)[C@@H](C)CC)[C@H]1NC(CC1)=O	InChI=1S/C11H18N2O4/c1-3-6(2)9(11(16)17)13-10(15)7-4-5-8(14)12-7/h6-7,9H,3-5H2,1-2H3,(H,12,14)(H,13,15)(H,16,17)/t6-,7-,9-/m0/s1		3.0	Positive	GNPS-NIST14-MATCHES	243.134	UPDATE-SINGLE-ANNOTATED-BRONZE	Bronze		C11H18N2O4	MKCVLTRITQNGQI-ZKWXMUAHSA-N	Organic acids and derivatives	Carboxylic acids and derivatives	Amino acids, peptides, and analogues	Small peptides	Dipeptides	Amino acids and Peptides	mzspec:GNPS:GNPS-LIBRARY:CCMSLIB00003137597																																																																							
458	XXSAFGVAPGOYNT	isdb																																														7.0	Amino acids and Peptides	0.4761904761904761	Small peptides	0.4642857142857143	Dipeptides	0.4285714285714285	1.0	0.6670502	ISDB															['Unknown']	['Unknown']	['Unknown']	['Unknown']	['Unknown']	['Unknown']	['Unknown']	['Unknown']	['Unknown']											0.0	0.0	2.668200731277466	1.0																								
458	YBAFDPFAUTYYRW	sirius	CC(C)CC(C(=O)O)NC(=O)C(CCC(=O)O)N																																																																																												1.0	2.0	0.915	0.925	-60.764	0.2	0.333	66.626	C11H20N2O5	[M - H2O + H]+	C11H19N2O4+	InChI=1S/C11H20N2O5/c1-6(2)5-8(11(17)18)13-10(16)7(12)3-4-9(14)15/h6-8H,3-5,12H2,1-2H3,(H,13,16)(H,14,15)(H,17,18)	2-(2-amino-4-carboxybutanamido)-4-methylpentanoic acid	CC(C)CC(C(=O)O)NC(=O)C(CCC(=O)O)N	-0.457	64887981;64888761;9856500;124433150;91974018;79001418;122173491	PUBCHEMANNOTATIONBIO:(null);COCONUT:(CNP0128313);HMDB:(HMDB0028823);CHEBI:(73506);SUPERNATURAL:(SN0445471);FooDB:(FDB111867);PUBCHEM:(64887981 64888761 9856500 124433150 91974018 79001418 122173491);DSSTox:(DTXSID201315070);LOTUS:(Q27140586);PUBMED:(null)	138264182890.0	243.134	78.0	1.301	7.136869556063749e+17	7.136868208056321e+17	
459	PBBLVNFNKBFGOK	sirius	CC(C)CC1=C(N=C(S1)NC(=O)CCC(C)C2CCC3C2(C(CC4C3CCC5C4(CCC(C5)O)C)O)C)C(=O)OC																																																																																												1.0	4.0	0.039	0.039	-651.753	0.046	0.082	24.504	C33H52N2O5S	[M + H]+	C33H53N2O5S+	InChI=1S/C33H52N2O5S/c1-18(2)15-26-29(30(39)40-6)35-31(41-26)34-28(38)12-7-19(3)23-10-11-24-22-9-8-20-16-21(36)13-14-32(20,4)25(22)17-27(37)33(23,24)5/h18-25,27,36-37H,7-17H2,1-6H3,(H,34,35,38)	methyl 2-(4-{7,11-dihydroxy-9a,11a-dimethyl-hexadecahydro-1H-cyclopenta[a]phenanthren-1-yl}pentanamido)-5-(2-methylpropyl)-1,3-thiazole-4-carboxylate	CC(C)CC1=C(N=C(S1)NC(=O)CCC(C)C2CCC3C2(C(CC4C3CCC5C4(CCC(C5)O)C)O)C)C(=O)OC	7.4	163004170;71692085;78149675	COCONUT:(CNP0278292);SUPERNATURAL:(SN0280561);PUBCHEM:(163004170 71692085 78149675)	3145730.0	589.367	78.0	1.307	7.136871173974679e+17	7.136868208937125e+17	
460	CGWAPUBOXJWXMS	gnps	C1=CC=C(C=C1)CC(C(=O)O)NC(=O)C(CC2=CC=C(C=C2)O)N	CCMSLIB00003138775	spectra_filtered.mgf	GNPS-NIST14-MATCHES.mgf	0.879143	195436000.0	0.0	4.91395	8.0	0.00161743	329.149	1.0	temp/spectra_filtered.mgf460	1.0	Spectral Match to Tyr-Phe from NIST14	ESI	qTof	Isolated	Data from Pieter C. Dorrestein	Data deposited by daniel	M+H	329.151	328.142	1.0			C1=CC=C(C=C1)CC(C(=O)O)NC(=O)C(CC2=CC=C(C=C2)O)N	InChI=1S/C18H20N2O4/c19-15(10-13-6-8-14(21)9-7-13)17(22)20-16(18(23)24)11-12-4-2-1-3-5-12/h1-9,15-16,21H,10-11,19H2,(H,20,22)(H,23,24)		3.0	Positive	GNPS-NIST14-MATCHES	329.151	UPDATE-SINGLE-ANNOTATED-BRONZE	Bronze		C18H20N2O4	CGWAPUBOXJWXMS-UHFFFAOYSA-N	Organic acids and derivatives	Carboxylic acids and derivatives	Amino acids, peptides, and analogues	Small peptides	Dipeptides	Amino acids and Peptides	mzspec:GNPS:GNPS-LIBRARY:CCMSLIB00003138775																																																																							
460	FSXRLASFHBWESK	isdb	N[C@@H](Cc1ccccc1)C(=O)N[C@@H](Cc1ccc(O)cc1)C(=O)O																																													7.0	Amino acids and Peptides	0.4761904761904761	Small peptides	0.4642857142857143	Dipeptides	0.4285714285714285	2.0	0.2518109	ISDB	http://www.wikidata.org/entity/Q27142982	FSXRLASFHBWESK-HOTGVXAUSA-N	InChI=1S/C18H20N2O4/c19-15(10-12-4-2-1-3-5-12)17(22)20-16(18(23)24)11-13-6-8-14(21)9-7-13/h1-9,15-16,21H,10-11,19H2,(H,20,22)(H,23,24)/t15-,16-/m0/s1	N[C@@H](Cc1ccccc1)C(=O)N[C@@H](Cc1ccc(O)cc1)C(=O)O	C18H20N2O4		328.14230712	CID 7009556	Amino acids and Peptides	Small peptides	Dipeptides	http://www.wikidata.org/entity/Q4688339	Aeromonas veronii	704628.0	['Bacteria']	['Unknown']	['Proteobacteria']	['Gammaproteobacteria']	['Aeromonadales']	['Aeromonadaceae']	['Unknown']	['Aeromonas']	['Aeromonas veronii']											0.0	3.0	2.507243633270264	1.0																								
460	PPXPQOAPBXXNGH	sirius	C1=CC=C(C=C1)CC2C(=O)NC(C(=O)O2)CC3=CC=C(C=C3)O																																																																																												1.0	1.0	0.427	0.427	-359.456	0.8	0.333	58.613	C18H17NO4	[M + H3N + H]+	C18H21N2O4+	InChI=1S/C18H17NO4/c20-14-8-6-13(7-9-14)10-15-18(22)23-16(17(21)19-15)11-12-4-2-1-3-5-12/h1-9,15-16,20H,10-11H2,(H,19,21)	6-benzyl-3-[(4-hydroxyphenyl)methyl]morpholine-2,5-dione	C1=CC=C(C=C1)CC2C(=O)NC(C(=O)O2)CC3=CC=C(C=C3)O	2.9	163031231;101905618	COCONUT:(CNP0309851);SUPERNATURAL:(SN0292044);PUBCHEM:(163031231 101905618);LOTUS:(Q105213087)	271581186.0	329.149	79.0	1.308	7.136869582487868e+17	7.136868208517695e+17	
461	OZMXZVCAXAQCHJ	sirius	CC(C)(C)OC(=O)NCCOCCOCCC(=O)O																																																																																												1.0	3.0	0.094	0.094	-188.966	0.017	0.333	26.032	C12H23NO6	[M + H3N + H]+	C12H27N2O6+	InChI=1S/C12H23NO6/c1-12(2,3)19-11(16)13-5-7-18-9-8-17-6-4-10(14)15/h4-9H2,1-3H3,(H,13,16)(H,14,15)	N-Boc-3-[2-(2-aminoethoxy)ethoxy]propionic acid	CC(C)(C)OC(=O)NCCOCCOCCC(=O)O	0.1	23591749	PUBCHEMANNOTATIONSAFETYANDTOXIC:(null);PUBCHEM:(23591749)	67108866.0	295.187	78.0	1.308	7.136869744765513e+17	7.13686820872741e+17	
462	PKAUMAVONPSDRW	sirius	CC(C)(C)OC(=O)NCC(C(=O)O)NC(=O)OCC1C2=CC=CC=C2C3=CC=CC=C13																																																																																												1.0	1.0	0.019	0.377	-382.295	0.796	0.333	34.822	C23H26N2O6	[M + H3N + H]+	C23H30N3O6+	InChI=1S/C23H26N2O6/c1-23(2,3)31-21(28)24-12-19(20(26)27)25-22(29)30-13-18-16-10-6-4-8-14(16)15-9-5-7-11-17(15)18/h4-11,18-19H,12-13H2,1-3H3,(H,24,28)(H,25,29)(H,26,27)	3-{[(tert-butoxy)carbonyl]amino}-2-({[(9H-fluoren-9-yl)methoxy]carbonyl}amino)propanoic acid	CC(C)(C)OC(=O)NCC(C(=O)O)NC(=O)OCC1C2=CC=CC=C2C3=CC=CC=C13	3.4	17040127;7019525;3605438;2756103	COCONUT:(CNP0033590);PUBCHEMANNOTATIONSAFETYANDTOXIC;PUBCHEM:(17040127 7019525 3605438 2756103);DSSTox:(DTXSID80941689)	137508159490.0	444.213	79.0	1.32	7.136869702151379e+17	7.13686820914684e+17	
463	CGWAPUBOXJWXMS	gnps	C1=CC=C(C=C1)CC(C(=O)O)NC(=O)C(CC2=CC=C(C=C2)O)N	CCMSLIB00003138775	spectra_filtered.mgf	GNPS-NIST14-MATCHES.mgf	0.907804	206510000.0	0.0	228.267	8.0	0.0751343	329.226	1.0	temp/spectra_filtered.mgf463	1.0	Spectral Match to Tyr-Phe from NIST14	ESI	qTof	Isolated	Data from Pieter C. Dorrestein	Data deposited by daniel	M+H	329.151	328.142	1.0			C1=CC=C(C=C1)CC(C(=O)O)NC(=O)C(CC2=CC=C(C=C2)O)N	InChI=1S/C18H20N2O4/c19-15(10-13-6-8-14(21)9-7-13)17(22)20-16(18(23)24)11-12-4-2-1-3-5-12/h1-9,15-16,21H,10-11,19H2,(H,20,22)(H,23,24)		3.0	Positive	GNPS-NIST14-MATCHES	329.151	UPDATE-SINGLE-ANNOTATED-BRONZE	Bronze		C18H20N2O4	CGWAPUBOXJWXMS-UHFFFAOYSA-N	Organic acids and derivatives	Carboxylic acids and derivatives	Amino acids, peptides, and analogues	Small peptides	Dipeptides	Amino acids and Peptides	mzspec:GNPS:GNPS-LIBRARY:CCMSLIB00003138775																																																																							
463	ORCHBLUZBVZPOF	sirius	CCCCCCCCOC1=C(C=C(C=C1)N)CSCCO																																																																																												1.0	1.0	0.025	0.025	-415.564	0.521	0.254	34.916	C17H29NO2S	[M + H3N + H]+	C17H33N2O2S+	InChI=1S/C17H29NO2S/c1-2-3-4-5-6-7-11-20-17-9-8-16(18)13-15(17)14-21-12-10-19/h8-9,13,19H,2-7,10-12,14,18H2,1H3	Ethanol, 2-((5-amino-4-(octyloxy)benzyl)thio)-	CCCCCCCCOC1=C(C=C(C=C1)N)CSCCO	4.4	201333	PUBCHEMANNOTATIONSAFETYANDTOXIC;PUBCHEM:(201333);DSSTox:(DTXSID70206916)	137506062338.0	329.226	80.0	1.332	7.136869766114523e+17	7.136868211537594e+17	
464	YOZVYYDLDDYBLR	sirius	CCC(C)C(C(=O)N1CCC(CC1)C(=O)NC(CC2=CC=CC=C2)C(=O)O)NC(=O)OC(C)(C)C																																																																																												1.0	1.0	0.284	0.284	-368.308	0.632	0.3	19.399	C26H39N3O6	[M + H3N + H]+	C26H43N4O6+	InChI=1S/C26H39N3O6/c1-6-17(2)21(28-25(34)35-26(3,4)5)23(31)29-14-12-19(13-15-29)22(30)27-20(24(32)33)16-18-10-8-7-9-11-18/h7-11,17,19-21H,6,12-16H2,1-5H3,(H,27,30)(H,28,34)(H,32,33)	2-{[1-(2-{[(tert-butoxy)carbonyl]amino}-3-methylpentanoyl)piperidin-4-yl]formamido}-3-phenylpropanoic acid	CCC(C)C(C(=O)N1CCC(CC1)C(=O)NC(CC2=CC=CC=C2)C(=O)O)NC(=O)OC(C)(C)C	3.5	4366652;16394713;40872613;25562917	COCONUT:(CNP0124381);SUPERNATURAL:(SN0456447);PUBCHEM:(4366652 16394713 40872613 25562917)	3145730.0	507.318	79.0	1.321	7.136869668387228e+17	7.136868209398499e+17	
465	WSBOYOYQOJYXMU	sirius	C1CC(N(C1)C(=O)C=CC2=CC=CC=C2)C(=O)O																																																																																												1.0	1.0	0.699	0.699	-324.96	0.588	0.333	24.51	C14H15NO3	[M + H3N + H]+	C14H19N2O3+	InChI=1S/C14H15NO3/c16-13(9-8-11-5-2-1-3-6-11)15-10-4-7-12(15)14(17)18/h1-3,5-6,8-9,12H,4,7,10H2,(H,17,18)	1-(3-Phenylacryloyl)-L-proline	C1CC(N(C1)C(=O)C=CC2=CC=CC=C2)C(=O)O	1.989	28171976;129361811;129361812;78922100;54446780;54446781;13610683;10933758	MESH:(54446780);PUBCHEM:(28171976 129361811 129361812 78922100 54446780 54446781 13610683 10933758);DSSTox:(DTXSID20711409);PUBMED:(null)	137438953542.0	263.139	79.0	1.325	7.136869502083052e+17	7.136868209901815e+17	
466	QZQQFGBQJALFMS	sirius	C1C2=C1OC3=CC=CC=C3C2=O																																																																																												1.0	2.0	0.229	0.229	-49.139	0.489	0.333	60.764	C10H6O2	[M + H3N + H]+	C10H10NO2+	InChI=1S/C10H6O2/c11-10-6-3-1-2-4-8(6)12-9-5-7(9)10/h1-4H,5H2	Cyclopropa[b]chromanone	C1C2=C1OC3=CC=CC=C3C2=O	1.6	146020738	PUBCHEM:(146020738)	2.0	176.071	80.0	1.325	7.136869565836477e+17	7.136868210153473e+17	
467	WMCYOTXPFPIAEG	sirius	C1COCCN2CCOCCN3CCOCCN1CCOCCN(CCOCC2)CCOCC3																																																																																												1.0	1.0	0.033	0.033	-257.563	1.0	0.623	18.122	C24H48N4O6	[M + Na]+	C24H48N4NaO6+	InChI=1S/C24H48N4O6/c1-13-29-16-4-26-7-19-32-21-9-27-5-17-30-14-2-25(1)3-15-31-18-6-28(10-22-33-20-8-26)12-24-34-23-11-27/h1-24H2		C1COCCN2CCOCCN3CCOCCN1CCOCCN(CCOCC2)CCOCC3	-1.2	194023	PUBCHEMANNOTATIONBIO:(null);HMDB:(HMDB0257531);BloodExposome:(194023);MESH:(194023);PUBCHEM:(194023);DSSTox:(DTXSID80205253);PUBMED:(null)	137459925070.0	511.347	80.0	1.33	7.13686952108325e+17	7.136868210824562e+17	
468	BELXYLCQCHLEIB	sirius	CCCCCC(=O)N1CCCC1C(=O)NC(CC2=CC=C(C=C2)O)C(=O)O																																																																																												1.0	1.0	0.22	0.22	-401.116	0.8	0.333	83.224	C20H28N2O5	[M + H3N + H]+	C20H32N3O5+	InChI=1S/C20H28N2O5/c1-2-3-4-7-18(24)22-12-5-6-17(22)19(25)21-16(20(26)27)13-14-8-10-15(23)11-9-14/h8-11,16-17,23H,2-7,12-13H2,1H3,(H,21,25)(H,26,27)	n-Caproyl-l-prolyl-l-tyrosine	CCCCCC(=O)N1CCCC1C(=O)NC(CC2=CC=C(C=C2)O)C(=O)O	2.7	129778181;129778732;129778861;90805427	BloodExposome:(90805427);PUBCHEM:(129778181 129778732 129778861 90805427);PUBMED:(null)	4194370.0	394.234	80.0	1.332	7.136869611806058e+17	7.136868211285935e+17	
469	LCPYQJIKPJDLLB	gnps	CC(C)C[C@@H](C(=O)N[C@@H](CC(C)C)C(=O)O)N	CCMSLIB00003136638	spectra_filtered.mgf	GNPS-NIST14-MATCHES.mgf	0.943454	133630000.0	0.0	0.935426	6.0	0.000457764	489.364	1.0	temp/spectra_filtered.mgf469	1.0	Spectral Match to Leu-Leu from NIST14	ESI	qTof	Isolated	Data from Christopher A. Lowry	Data deposited by fevargas	2M+H	489.364	244.179	1.0	3303319		CC(C)C[C@@H](C(=O)N[C@@H](CC(C)C)C(=O)O)N	InChI=1S/C12H24N2O3/c1-7(2)5-9(13)11(15)14-10(12(16)17)6-8(3)4/h7-10H,5-6,13H2,1-4H3,(H,14,15)(H,16,17)/t9-,10-/m0/s1		3.0	Positive	GNPS-NIST14-MATCHES	489.364	UPDATE-SINGLE-ANNOTATED-BRONZE	Bronze		C12H24N2O3	LCPYQJIKPJDLLB-UWVGGRQHSA-N	Organic acids and derivatives	Carboxylic acids and derivatives	Amino acids, peptides, and analogues	Small peptides	Dipeptides	Amino acids and Peptides	mzspec:GNPS:GNPS-LIBRARY:CCMSLIB00003136638																																																																							
469	UTLOEUFWOTVRJD	sirius	CCC(C)C(C(=O)NC(C(C)CC)C(=O)OC)NC(=O)C(CC(C)C)NC(=O)OC(C)(C)C																																																																																												1.0	1.0	0.09	0.09	-181.923	0.8	0.321	25.031	C24H45N3O6	[M + H3N + H]+	C24H49N4O6+	InChI=1S/C24H45N3O6/c1-11-15(5)18(21(29)27-19(16(6)12-2)22(30)32-10)26-20(28)17(13-14(3)4)25-23(31)33-24(7,8)9/h14-19H,11-13H2,1-10H3,(H,25,31)(H,26,28)(H,27,29)	Boc-Leu-Ile-Ile-OMe	CCC(C)C(C(=O)NC(C(C)CC)C(=O)OC)NC(=O)C(CC(C)C)NC(=O)OC(C)(C)C	4.186	134827453	PUBCHEM:(134827453);PUBMED:(null)	66.0	489.364	80.0	1.332	7.136869761836333e+17	7.136868211034277e+17	
470	JFGQTRRCWGNSKV	sirius	CC=CC(=O)NC1=CC(=CC=C1)OC(=O)NC(C)C																																																																																												1.0	1.0	0.129	0.129	-241.516	0.999	1.0	21.945	C14H18N2O3	[M + Na]+	C14H18N2NaO3+	InChI=1S/C14H18N2O3/c1-4-6-13(17)16-11-7-5-8-12(9-11)19-14(18)15-10(2)3/h4-10H,1-3H3,(H,15,18)(H,16,17)	[3-(but-2-enoylamino)phenyl] N-propan-2-ylcarbamate	CC=CC(=O)NC1=CC(=CC=C1)OC(=O)NC(C)C	2.84	5864051;28772	PUBCHEMANNOTATIONSAFETYANDTOXIC:(null);PUBCHEM:(5864051 28772)	67108866.0	285.121	79.0	1.323	7.136869742920019e+17	7.136868210363188e+17	
471	AZLASBBHHSLQDB	sirius	CCC(C)C(C(=O)O)NC(=O)C(CC(C)C)N																																																																																												1.0	4.0	0.725	0.783	-155.527	0.065	0.055	11.66	C12H24N2O3	[M + Na]+	C12H24N2NaO3+	InChI=1S/C12H24N2O3/c1-5-8(4)10(12(16)17)14-11(15)9(13)6-7(2)3/h7-10H,5-6,13H2,1-4H3,(H,14,15)(H,16,17)	2-[(2-amino-1-hydroxy-4-methylpentylidene)amino]-3-methylpentanoic acid	CCC(C)C(C(=O)O)NC(=O)C(CC(C)C)N	1.07	113342193;7010533;7010534;92148271;92178695;92271636;92271637;92271638;61159028;61173670;61174008;13879968;13879969;92529444;92529445;435718	COCONUT:(CNP0081590);HMDB:(HMDB0028932);BloodExposome:(7010534 435718);CHEBI:(74540);SUPERNATURAL:(SN0019506);FooDB:(FDB111959);PUBCHEM:(113342193 7010533 7010534 92148271 92178695 92271636 92271637 92271638 61159028 61173670 61174008 13879968 13879969 92529444 92529445 435718);DSSTox:(DTXSID20426667);LOTUS:(Q27144717);GNPS:(CCMSLIB00003139268 CCMSLIB00003137691);PUBMED:(null)	138251604074.0	267.168	80.0	1.339	7.136869650351718e+17	7.136868212502284e+17	
472	KTHADMDGDNYQRX	isdb	COC(=O)Cc1c[nH]c2ccccc12																																													11.0	Alkaloids	0.6666666666666666	Tryptophan alkaloids	0.6666666666666666	Simple indole alkaloids	0.6666666666666666	4.0	0.0	MS1_match	http://www.wikidata.org/entity/Q27140143	KTHADMDGDNYQRX-UHFFFAOYSA-N	InChI=1S/C11H11NO2/c1-14-11(13)6-8-7-12-10-5-3-2-4-9(8)10/h2-5,7,12H,6H2,1H3	COC(=O)Cc1c[nH]c2ccccc12	C11H11NO2	pos_1_1proton1acetonitrile	189.078978592	methyl 2-(1H-indol-3-yl)acetate	Alkaloids	Tryptophan alkaloids	Simple indole alkaloids	http://www.wikidata.org/entity/Q7255002	Pseudomonas amygdali	602767.0	['Bacteria']	['Unknown']	['Proteobacteria']	['Gammaproteobacteria']	['Pseudomonadales']	['Pseudomonadaceae']	['Unknown']	['Pseudomonas']	['Pseudomonas amygdali']		['Bacteria']		['Proteobacteria']	['Gammaproteobacteria']	['Pseudomonadales']	['Pseudomonadaceae']		['Pseudomonas']		6.0	3.0	7.5	1.0																								
472	ZQBJNKLSHWFEPJ	sirius	COC(=O)C1C=CC2=C1C3=CC=CC=C3N2																																																																																												1.0	1.0	0.55	0.55	-124.24	0.992	0.333	99.291	C13H11NO2	[M + H3N + H]+	C13H15N2O2+	InChI=1S/C13H11NO2/c1-16-13(15)9-6-7-11-12(9)8-4-2-3-5-10(8)14-11/h2-7,9,14H,1H3	Methyl 1,4-dihydrocyclopenta[b]indole-1-carboxylate	COC(=O)C1C=CC2=C1C3=CC=CC=C3N2	2.4	85702936	SUPERNATURAL:(SN0477240);PUBCHEM:(85702936);LOTUS:(Q105381370)	269484034.0	231.113	80.0	1.333	7.136869552330817e+17	7.136868211789252e+17	
472	ZUPHXNBLQCSEIA	gnps	CC1NC(C(=O)O)Cc2c1[nH]c1ccccc21	CCMSLIB00010106421	spectra_filtered.mgf	BERKELEY-LAB.mgf	0.869127	73972900.0	0.0	1.38648	8.0	0.000320435	231.113	1.0	temp/spectra_filtered.mgf472	1.0	5470-37-1 CollisionEnergy:102040	LC-ESI	Orbitrap	Commercial	Trent Northen	JGI	M+H	231.113	0.0	1.0			CC1NC(C(=O)O)Cc2c1[nH]c1ccccc21	"""InChI=1S/C13H14N2O2/c1-7-12-9(6-11(14-7)13(16)17)8-4-2-3-5-10(8)15-12/h2-5,7,11,14-15H,6H2,1H3,(H,16,17)"""		3.0	Positive	BERKELEY-LAB	231.113	UPDATE-SINGLE-ANNOTATED-BRONZE	Bronze		C13H14N2O2	ZUPHXNBLQCSEIA-UHFFFAOYSA-N				Tryptophan alkaloids	Carboline alkaloids	Alkaloids	mzspec:GNPS:GNPS-LIBRARY:CCMSLIB00010106421																																																																							
473	DCIJAGJQBHKBNH	isdb	CCCCCC/C=C/CC(CC(=O)OC(CCCCCCC)CC(=O)O)O[C@@H]1O[C@@H](C)[C@H](O)[C@@H](O)[C@H]1O																																													25.0	Fatty acids	0.25	Miscellaneous alkaloids	0.25	Rhamnolipids	0.25	1.0	0.0	MS1_match	http://www.wikidata.org/entity/Q104975400	DCIJAGJQBHKBNH-IWRMTKMNSA-N	InChI=1S/C28H50O9/c1-4-6-8-10-11-13-15-17-22(37-28-27(34)26(33)25(32)20(3)35-28)19-24(31)36-21(18-23(29)30)16-14-12-9-7-5-2/h13,15,20-22,25-28,32-34H,4-12,14,16-19H2,1-3H3,(H,29,30)/b15-13+/t20-,21?,22?,25-,26+,27+,28-/m0/s1	CCCCCC/C=C/CC(CC(=O)OC(CCCCCCC)CC(=O)O)O[C@@H]1O[C@@H](C)[C@H](O)[C@@H](O)[C@H]1O	C28H50O9	pos_1_1sodium	530.34548318	3-[(E)-3-[(2R,3R,4R,5R,6S)-3,4,5-trihydroxy-6-methyloxan-2-yl]oxydodec-5-enoyl]oxydecanoic acid	Fatty acids	Fatty acyl glycosides	Rhamnolipids	http://www.wikidata.org/entity/Q131143	Pseudomonas	281374.0	['Bacteria']	['Unknown']	['Proteobacteria']	['Gammaproteobacteria']	['Pseudomonadales']	['Pseudomonadaceae']	['Unknown']	['Pseudomonas']	['Unknown']		['Bacteria']		['Proteobacteria']	['Gammaproteobacteria']	['Pseudomonadales']	['Pseudomonadaceae']		['Pseudomonas']		6.0	3.0	7.5	1.0																								
473	GWXLTEUAMDVFFH	isdb	CCCC/C=C/CC(CC(=O)OC(CCCCCCCCC)CC(=O)O)O[C@@H]1O[C@@H](C)[C@H](O)[C@@H](O)[C@H]1O																																													25.0	Fatty acids	0.25	Miscellaneous alkaloids	0.25	Rhamnolipids	0.25	1.0	0.0	MS1_match	http://www.wikidata.org/entity/Q105022873	GWXLTEUAMDVFFH-SBYIBVSJSA-N	InChI=1S/C28H50O9/c1-4-6-8-10-11-13-15-16-21(18-23(29)30)36-24(31)19-22(17-14-12-9-7-5-2)37-28-27(34)26(33)25(32)20(3)35-28/h12,14,20-22,25-28,32-34H,4-11,13,15-19H2,1-3H3,(H,29,30)/b14-12+/t20-,21?,22?,25-,26+,27+,28-/m0/s1	CCCC/C=C/CC(CC(=O)OC(CCCCCCCCC)CC(=O)O)O[C@@H]1O[C@@H](C)[C@H](O)[C@@H](O)[C@H]1O	C28H50O9	pos_1_1sodium	530.34548318	3-[(E)-3-[(2R,3R,4R,5R,6S)-3,4,5-trihydroxy-6-methyloxan-2-yl]oxydec-5-enoyl]oxydodecanoic acid	Fatty acids	Fatty acyl glycosides	Rhamnolipids	http://www.wikidata.org/entity/Q131143	Pseudomonas	281374.0	['Bacteria']	['Unknown']	['Proteobacteria']	['Gammaproteobacteria']	['Pseudomonadales']	['Pseudomonadaceae']	['Unknown']	['Pseudomonas']	['Unknown']		['Bacteria']		['Proteobacteria']	['Gammaproteobacteria']	['Pseudomonadales']	['Pseudomonadaceae']		['Pseudomonas']		6.0	3.0	7.5	1.0																								
473	XJGPJMVYQFDHEG	isdb	CCCC/C=C\CCCC(CC(=O)OC(CCCCCCC)CC(=O)O)OC1O[C@@H](C)[C@H](O)[C@@H](O)[C@H]1O																																													25.0	Fatty acids	0.25	Miscellaneous alkaloids	0.25	Rhamnolipids	0.25	1.0	0.0	MS1_match	http://www.wikidata.org/entity/Q110170839	XJGPJMVYQFDHEG-HFDPWBFESA-N	InChI=1S/C28H50O9/c1-4-6-8-10-11-13-15-17-22(37-28-27(34)26(33)25(32)20(3)35-28)19-24(31)36-21(18-23(29)30)16-14-12-9-7-5-2/h10-11,20-22,25-28,32-34H,4-9,12-19H2,1-3H3,(H,29,30)/b11-10-/t20-,21?,22?,25-,26+,27+,28?/m0/s1	CCCC/C=C\CCCC(CC(=O)OC(CCCCCCC)CC(=O)O)OC1O[C@@H](C)[C@H](O)[C@@H](O)[C@H]1O	C28H50O9	pos_1_1sodium	530.34548318	3-[(Z)-3-[(3R,4R,5R,6S)-3,4,5-trihydroxy-6-methyloxan-2-yl]oxydodec-7-enoyl]oxydecanoic acid	Fatty acids	Fatty acyl glycosides	Rhamnolipids	http://www.wikidata.org/entity/Q131143	Pseudomonas	281374.0	['Bacteria']	['Unknown']	['Proteobacteria']	['Gammaproteobacteria']	['Pseudomonadales']	['Pseudomonadaceae']	['Unknown']	['Pseudomonas']	['Unknown']		['Bacteria']		['Proteobacteria']	['Gammaproteobacteria']	['Pseudomonadales']	['Pseudomonadaceae']		['Pseudomonas']		6.0	3.0	7.5	1.0																								
473	YUEZMPCHLCXEBG	sirius	CC(C)CC(C(=O)NC(CC(=O)O)C(=O)N1CCCC1C(=O)NC(CCCCN)C(=O)O)NC(=O)C(C(C)C)N																																																																																												1.0	2.0	0.895	0.895	-151.354	0.199	0.333	62.412	C26H46N6O8	[M - H2O + H]+	C26H45N6O7+	InChI=1S/C26H46N6O8/c1-14(2)12-17(30-24(37)21(28)15(3)4)22(35)31-18(13-20(33)34)25(38)32-11-7-9-19(32)23(36)29-16(26(39)40)8-5-6-10-27/h14-19,21H,5-13,27-28H2,1-4H3,(H,29,36)(H,30,37)(H,31,35)(H,33,34)(H,39,40)	H-Val-Leu-Asp-Pro-Lys-OH	CC(C)CC(C(=O)NC(CC(=O)O)C(=O)N1CCCC1C(=O)NC(CCCCN)C(=O)O)NC(=O)C(C(C)C)N	-0.755	9808140	PUBCHEM:(9808140)	2.0	553.334	80.0	1.335	7.136869756970939e+17	7.136868211998967e+17	
476	QLYMAIYXJXENHJ	sirius	B1(OC(C(O1)(C)C)(C)C)C2=CC3=NC=CN=C3N=C2																																																																																												1.0	2.0	0.016	0.016	-258.555	0.093	0.331	7.092	C13H16BN3O2	[M + H]+	C13H17BN3O2+	InChI=1S/C13H16BN3O2/c1-12(2)13(3,4)19-14(18-12)9-7-10-11(17-8-9)16-6-5-15-10/h5-8H,1-4H3	7-(4,4,5,5-Tetramethyl-1,3,2-dioxaborolan-2-YL)pyrido[2,3-B]pyrazine	B1(OC(C(O1)(C)C)(C)C)C2=CC3=NC=CN=C3N=C2	1.65	44119519	PUBCHEMANNOTATIONSAFETYANDTOXIC;PUBCHEM:(44119519);DSSTox:(DTXSID90657264)	137506062338.0	257.145	80.0	1.338	7.136869662263543e+17	7.136868212963657e+17	
477	WNYNLZIGNIJEJM	sirius	CC(C(=O)N)NC(=O)C(CC1=CC=CC=C1)NC(=O)C2CCCN2C(=O)C(CC3=CC=C(C=C3)O)N																																																																																												1.0	1.0	0.229	0.51	-350.049	0.809	0.333	92.074	C26H33N5O5	[M + H3N + H]+	C26H37N6O5+	InChI=1S/C26H33N5O5/c1-16(23(28)33)29-24(34)21(15-17-6-3-2-4-7-17)30-25(35)22-8-5-13-31(22)26(36)20(27)14-18-9-11-19(32)12-10-18/h2-4,6-7,9-12,16,20-22,32H,5,8,13-15,27H2,1H3,(H2,28,33)(H,29,34)(H,30,35)	H-Tyr-Pro-Phe-Ala-NH2	CC(C(=O)N)NC(=O)C(CC1=CC=CC=C1)NC(=O)C2CCCN2C(=O)C(CC3=CC=C(C=C3)O)N	1.055	16091151;44428877	PUBCHEMANNOTATIONBIO;PUBCHEM:(16091151 44428877);PUBMED	16777282.0	513.282	81.0	1.347	7.136869813090732e+17	7.136868213215315e+17	
478	RDQFDLUMOCOKPX	sirius	CC(C)(CO)C(C(=O)NCCC(CO)O)O																																																																																												1.0	1.0	0.101	0.101	-250.42	1.0	0.331	6.761	C10H21NO5	[M - H2O + H]+	C10H20NO4+	InChI=1S/C10H21NO5/c1-10(2,6-13)8(15)9(16)11-4-3-7(14)5-12/h7-8,12-15H,3-6H2,1-2H3,(H,11,16)	(2R)-N-(3,4-dihydroxybutyl)-2,4-dihydroxy-3,3-dimethylbutanamide	CC(C)(CO)C(C(=O)NCCC(CO)O)O	-1.5	57339421	PUBCHEMANNOTATIONBIO:(null);PUBCHEM:(57339421)	16777218.0	218.14	81.0	1.345	7.136869611680229e+17	7.13686821342503e+17	
478	XMQSOOJRRVEHRO	gnps	CC(C)C[C@@H](C(=O)N[C@@H](CCCN=C(N)N)C(=O)O)NC(=O)[C@H](CC1=CC=CC=C1)N	CCMSLIB00003137676	spectra_filtered.mgf	GNPS-NIST14-MATCHES.mgf	0.636368	19243300.0	0.0	1.04925	8.0	217.132	218.139	2.0	temp/spectra_filtered.mgf478	1.0	Spectral Match to Phe-Leu-Arg from NIST14	ESI	qTof	Isolated	Data from Pieter Dorrestein	Data deposited by lfnothias	M+2H	218.139	434.264	1.0			CC(C)C[C@@H](C(=O)N[C@@H](CCCN=C(N)N)C(=O)O)NC(=O)[C@H](CC1=CC=CC=C1)N	InChI=1S/C21H34N6O4/c1-13(2)11-17(27-18(28)15(22)12-14-7-4-3-5-8-14)19(29)26-16(20(30)31)9-6-10-25-21(23)24/h3-5,7-8,13,15-17H,6,9-12,22H2,1-2H3,(H,26,29)(H,27,28)(H,30,31)(H4,23,24,25)/t15-,16-,17-/m0/s1		3.0	Positive	GNPS-NIST14-MATCHES	218.139	UPDATE-SINGLE-ANNOTATED-BRONZE	Bronze		C21H34N6O4	XMQSOOJRRVEHRO-ULQDDVLXSA-N	Organic acids and derivatives	Carboxylic acids and derivatives	Amino acids, peptides, and analogues	Small peptides	Tripeptides	Amino acids and Peptides	mzspec:GNPS:GNPS-LIBRARY:CCMSLIB00003137676																																																																							
479	RGDKRCPIFODMHK	sirius	CC(C)CC(C(=O)NC(CC(C)C)C(=O)NC(CC1=CN=CN1)C(=O)O)NC(=O)C(C)N																																																																																												1.0	2.0	0.541	0.541	-469.529	0.2	0.333	101.004	C21H36N6O5	[M - H2O + H]+	C21H35N6O4+	InChI=1S/C21H36N6O5/c1-11(2)6-15(25-18(28)13(5)22)19(29)26-16(7-12(3)4)20(30)27-17(21(31)32)8-14-9-23-10-24-14/h9-13,15-17H,6-8,22H2,1-5H3,(H,23,24)(H,25,28)(H,26,29)(H,27,30)(H,31,32)	H-DL-Ala-DL-Leu-DL-Leu-DL-His-OH	CC(C)CC(C(=O)NC(CC(C)C)C(=O)NC(CC1=CN=CN1)C(=O)O)NC(=O)C(C)N	-1.4	18236754;71464563	CHEBI:(73365);SUPERNATURAL:(SN0324424);PUBCHEM:(18236754 71464563);LOTUS:(Q27140463)	269484066.0	435.271	81.0	1.349	7.136869850755585e+17	7.136868213634746e+17	
480	MFEZJNMQTQMDRQ	sirius	CC1=C2C(=CC(=N1)C(=O)O)C3=CC=CC=C3N2																																																																																												1.0	2.0	0.698	0.698	-42.554	0.051	0.333	35.55	C13H10N2O2	[M + H]+	C13H11N2O2+	InChI=1S/C13H10N2O2/c1-7-12-9(6-11(14-7)13(16)17)8-4-2-3-5-10(8)15-12/h2-6,15H,1H3,(H,16,17)	Harman-3-Carboxylic Acid	CC1=C2C(=CC(=N1)C(=O)O)C3=CC=CC=C3N2	2.6	6943513;5406157	PUBCHEMANNOTATIONBIO:(null);COCONUT:(CNP0393277);MiMeDB:(MMDBc0000826);BloodExposome:(5406157);SUPERNATURAL:(SN0223976);MESH:(5406157);PUBCHEM:(6943513 5406157);DSSTox:(DTXSID30176868);LOTUS:(Q83047198);GNPS:(CCMSLIB00000080347);PUBMED:(null);KNAPSACK:(MFEZJNMQTQMDRQ-UHFFFAOYSA-N)	138805252182.0	227.081	81.0	1.353	7.136869785492209e+17	7.136868214096119e+17	
482	ONVSKAMABXAZDW	sirius	CCC(C)C(C(=O)N(C)C(C(C)C)C(=O)N(C)C(C)C(=O)NNC(=O)OC(C)(C)C)NC(=O)C1CCCN1C(=O)C(CC(C)C)O																																																																																												1.0	1.0	0.159	0.159	-359.127	1.0	1.0	28.877	C32H58N6O8	[M + Na]+	C32H58N6NaO8+	InChI=1S/C32H58N6O8/c1-13-20(6)24(33-27(41)22-15-14-16-38(22)28(42)23(39)17-18(2)3)29(43)37(12)25(19(4)5)30(44)36(11)21(7)26(40)34-35-31(45)46-32(8,9)10/h18-25,39H,13-17H2,1-12H3,(H,33,41)(H,34,40)(H,35,45)	tert-butyl N-[[(2S)-2-[[(2S)-2-[[(2S,3S)-2-[[(2S)-1-[(2R)-2-hydroxy-4-methylpentanoyl]pyrrolidine-2-carbonyl]amino]-3-methylpentanoyl]-methylamino]-3-methylbutanoyl]-methylamino]propanoyl]amino]carbamate	CCC(C)C(C(=O)N(C)C(C(C)C)C(=O)N(C)C(C)C(=O)NNC(=O)OC(C)(C)C)NC(=O)C1CCCN1C(=O)C(CC(C)C)O	3.4	101058147	PUBCHEM:(101058147)	2.0	677.421	77.0	1.29	7.136869643263343e+17	7.136868206714143e+17	
483	AUEJLPRZGVVDNU	sirius	CC(C)CC(C(=O)O)NC(=O)C(CC1=CC=C(C=C1)O)N																																																																																												1.0	2.0	0.728	0.728	-106.353	0.202	0.333	86.427	C15H22N2O4	[M - H2O + H]+	C15H21N2O3+	InChI=1S/C15H22N2O4/c1-9(2)7-13(15(20)21)17-14(19)12(16)8-10-3-5-11(18)6-4-10/h3-6,9,12-13,18H,7-8,16H2,1-2H3,(H,17,19)(H,20,21)	2-[2-amino-3-(4-hydroxyphenyl)propanamido]-4-methylpentanoic acid	CC(C)CC(C(=O)O)NC(=O)C(CC1=CC=C(C=C1)O)N	1.134	103869061;103869070;4466134;67313913;7009561;102185128;92259273;92259274;61158063;87071;61725835	COCONUT:(CNP0356676);HMDB:(HMDB0029109);BloodExposome:(87071 4466134);CHEBI:(75003);SUPERNATURAL:(SN0015522);MESH:(87071 4466134);FooDB:(FDB098231);PUBCHEM:(103869061 103869070 4466134 67313913 7009561 102185128 92259273 92259274 61158063 87071 61725835);DSSTox:(DTXSID20874720 DTXSID30938403);GNPS:(CCMSLIB00003138902 CCMSLIB00003140099);PUBMED:(null)	137983168622.0	277.155	82.0	1.367	7.136869770896031e+17	7.136868214305834e+17	
483	GENSLUDVKWKQMX	isdb	CC(C)CC1NC(=O)C(Cc2ccc(O)cc2)NC1=O																																													42.0	Amino acids and Peptides	0.7777777777777778	Small peptides	0.7777777777777778	Dipeptides	0.7777777777777778	2.0	0.6490758	ISDB	http://www.wikidata.org/entity/Q105007244	GENSLUDVKWKQMX-UHFFFAOYSA-N	InChI=1S/C15H20N2O3/c1-9(2)7-12-14(19)17-13(15(20)16-12)8-10-3-5-11(18)6-4-10/h3-6,9,12-13,18H,7-8H2,1-2H3,(H,16,20)(H,17,19)	CC(C)CC1NC(=O)C(Cc2ccc(O)cc2)NC1=O	C15H20N2O3		276.1473925	Cyclo(Tyr-Leu)	Amino acids and Peptides	Small peptides	Dipeptides	http://www.wikidata.org/entity/Q158015	Portulaca oleracea	883494.0	['Eukaryota']	['Archaeplastida']	['Streptophyta']	['Magnoliopsida']	['Caryophyllales']	['Portulacaceae']	['Unknown']	['Portulaca']	['Portulaca oleracea']											0.0	3.0	4.096303224563599	1.0																								
485	IIYKLCYWWXLYAF	isdb	CC(C)=C1NC(=O)[C@@](C/C=C/CC(C)O)([C@H]2CC(=O)O[C@H](C)C2)C1=O																																													58.0	Polyketides	0.1111111111111111					1.0	0.5078234	ISDB	http://www.wikidata.org/entity/Q105113829	IIYKLCYWWXLYAF-KOGDREQUSA-N	InChI=1S/C19H27NO5/c1-11(2)16-17(23)19(18(24)20-16,8-6-5-7-12(3)21)14-9-13(4)25-15(22)10-14/h5-6,12-14,21H,7-10H2,1-4H3,(H,20,24)/b6-5+/t12?,13-,14-,19+/m1/s1	CC(C)=C1NC(=O)[C@@](C/C=C/CC(C)O)([C@H]2CC(=O)O[C@H](C)C2)C1=O	C19H27NO5		349.188922964	Cladosporiumin C	Polyketides			http://www.wikidata.org/entity/Q134055	Cladosporium	984626.0	['Eukaryota']	['Fungi']	['Ascomycota']	['Dothideomycetes']	['Capnodiales']	['Cladosporiaceae']	['Unknown']	['Cladosporium']	['Unknown']											0.0	1.0	2.531293630599976	1.0																								
485	NHXZRXLFOBFMDM	sirius	CC(C)CC(C(=O)O)NC(=O)C1CCCN1C(=O)C(C(C)C)N																																																																																												1.0	1.0	0.818	0.818	-159.551	0.997	0.935	27.475	C16H29N3O4	[M + Na]+	C16H29N3NaO4+	InChI=1S/C16H29N3O4/c1-9(2)8-11(16(22)23)18-14(20)12-6-5-7-19(12)15(21)13(17)10(3)4/h9-13H,5-8,17H2,1-4H3,(H,18,20)(H,22,23)	Diprotin B	CC(C)CC(C(=O)O)NC(=O)C1CCCN1C(=O)C(C(C)C)N	0.794	4311310;102565440;7408179;92177215;92470593;129360251;129360252;146208	PUBCHEMANNOTATIONBIO:(null);COCONUT:(CNP0315235);PUBCHEMANNOTATIONSAFETYANDTOXIC:(null);CHEBI:(166345);SUPERNATURAL:(SN0246079);MESH:(146208);PUBCHEM:(4311310 102565440 7408179 92177215 92470593 129360251 129360252 146208);DSSTox:(DTXSID20920276);LOTUS:(Q82892954);PUBMED:(null);KNAPSACK:(NHXZRXLFOBFMDM-UHFFFAOYSA-N)	137794420854.0	350.205	81.0	1.352	7.136869729204644e+17	7.136868213844461e+17	
486	HGCNKOLVKRAVHD	gnps|isdb	CSCC[C@@H](C(=O)N[C@@H](CC1=CC=CC=C1)C(=O)O)N	CCMSLIB00003139887	spectra_filtered.mgf	GNPS-NIST14-MATCHES.mgf	0.923052	25214900.0	0.0	1.54064	9.0	0.000457764	297.126	1.0	temp/spectra_filtered.mgf486	1.0	Spectral Match to Met-Phe from NIST14	ESI	qTof	Isolated	Data from Chris Turck	Data deposited by fevargas	M+H	297.126	296.12	1.0	14492149		CSCC[C@@H](C(=O)N[C@@H](CC1=CC=CC=C1)C(=O)O)N	InChI=1S/C14H20N2O3S/c1-20-8-7-11(15)13(17)16-12(14(18)19)9-10-5-3-2-4-6-10/h2-6,11-12H,7-9,15H2,1H3,(H,16,17)(H,18,19)/t11-,12-/m0/s1		3.0	Positive	GNPS-NIST14-MATCHES	297.126	UPDATE-SINGLE-ANNOTATED-BRONZE	Bronze		C14H20N2O3S	HGCNKOLVKRAVHD-RYUDHWBXSA-N	Organic acids and derivatives	Carboxylic acids and derivatives	Amino acids, peptides, and analogues	Small peptides	Dipeptides	Amino acids and Peptides	mzspec:GNPS:GNPS-LIBRARY:CCMSLIB00003139887	43.0	Amino acids and Peptides	0.4	Small peptides	0.4	Dipeptides	0.3	1.0	0.43217337	ISDB															['Unknown']	['Unknown']	['Unknown']	['Unknown']	['Unknown']	['Unknown']	['Unknown']	['Unknown']	['Unknown']											0.0	0.0	1.7286934852600098	1.0																								
486	PGHHBYWJELGPJX	sirius	C1CC1NC(=O)CSC(CC2=CC=CC=C2)C(=O)O																																																																																												1.0	1.0	0.073	0.073	-209.009	0.798	0.333	46.056	C14H17NO3S	[M + H3N + H]+	C14H21N2O3S+	InChI=1S/C14H17NO3S/c16-13(15-11-6-7-11)9-19-12(14(17)18)8-10-4-2-1-3-5-10/h1-5,11-12H,6-9H2,(H,15,16)(H,17,18)	2-[2-(Cyclopropylamino)-2-oxoethyl]sulfanyl-3-phenylpropanoic acid	C1CC1NC(=O)CSC(CC2=CC=CC=C2)C(=O)O	2.4	60793193	PUBCHEM:(60793193)	2.0	297.126	83.0	1.376	7.136869625856979e+17	7.13686821451555e+17	
487	AUEJLPRZGVVDNU	gnps	CC(C)C[C@@H](C(=O)O)NC(=O)[C@H](CC1=CC=C(C=C1)O)N	CCMSLIB00003138902	spectra_filtered.mgf	GNPS-NIST14-MATCHES.mgf	0.944478	67205600.0	0.0	3.72211	8.0	0.00109863	295.165	1.0	temp/spectra_filtered.mgf487	1.0	Spectral Match to Tyr-Leu from NIST14	ESI	qTof	Isolated	Data from Chris Turck	Data deposited by fevargas	M+H	295.164	294.158	1.0			CC(C)C[C@@H](C(=O)O)NC(=O)[C@H](CC1=CC=C(C=C1)O)N	InChI=1S/C15H22N2O4/c1-9(2)7-13(15(20)21)17-14(19)12(16)8-10-3-5-11(18)6-4-10/h3-6,9,12-13,18H,7-8,16H2,1-2H3,(H,17,19)(H,20,21)/t12-,13-/m0/s1		3.0	Positive	GNPS-NIST14-MATCHES	295.164	UPDATE-SINGLE-ANNOTATED-BRONZE	Bronze		C15H22N2O4	AUEJLPRZGVVDNU-STQMWFEESA-N	Organic acids and derivatives	Carboxylic acids and derivatives	Amino acids, peptides, and analogues	Small peptides	Dipeptides	Amino acids and Peptides	mzspec:GNPS:GNPS-LIBRARY:CCMSLIB00003138902																																																																							
487	QJKMCQRFHJRIPU	isdb	CC[C@H](C)[C@H](NC(=O)[C@@H](N)Cc1ccc(O)cc1)C(=O)O																																													7.0	Amino acids and Peptides	0.4761904761904761	Small peptides	0.4642857142857143	Dipeptides	0.4285714285714285	2.0	0.6307314	ISDB	http://www.wikidata.org/entity/Q27145058	QJKMCQRFHJRIPU-XDTLVQLUSA-N	InChI=1S/C15H22N2O4/c1-3-9(2)13(15(20)21)17-14(19)12(16)8-10-4-6-11(18)7-5-10/h4-7,9,12-13,18H,3,8,16H2,1-2H3,(H,17,19)(H,20,21)/t9-,12-,13-/m0/s1	CC[C@H](C)[C@H](NC(=O)[C@@H](N)Cc1ccc(O)cc1)C(=O)O	C15H22N2O4		294.157957184	Tyr-Ile	Amino acids and Peptides	Small peptides	Dipeptides	http://www.wikidata.org/entity/Q158695	Arabidopsis thaliana	309263.0	['Eukaryota']	['Archaeplastida']	['Streptophyta']	['Magnoliopsida']	['Brassicales']	['Brassicaceae']	['Camelineae']	['Arabidopsis']	['Arabidopsis thaliana']											0.0	3.0	4.022925615310669	1.0																								
487	QNVDTXQSBZEJNN	sirius	CCC(C)C(C(=O)O)NC(=O)C=CC1=CC=C(C=C1)O																																																																																												1.0	1.0	0.251	0.251	-199.543	0.799	0.333	45.643	C15H19NO4	[M + H3N + H]+	C15H23N2O4+	InChI=1S/C15H19NO4/c1-3-10(2)14(15(19)20)16-13(18)9-6-11-4-7-12(17)8-5-11/h4-10,14,17H,3H2,1-2H3,(H,16,18)(H,19,20)	(2S)-2-[3-(4-hydroxyphenyl)prop-2-enoylamino]-3-methylpentanoic acid	CCC(C)C(C(=O)O)NC(=O)C=CC1=CC=C(C=C1)O	2.6	112496431;112497321;43356414;61172408	PUBCHEM:(112496431 112497321 43356414 61172408)	2.0	295.165	83.0	1.379	7.136869698586221e+17	7.136868214767208e+17	
488	MAXMRHKNUKPNDN	sirius	C#CCN(CC1CC1)C(=O)CC2=CC=CC=C2C(=O)O																																																																																												1.0	2.0	0.039	0.039	-182.442	0.276	0.333	42.497	C16H17NO3	[M + H3N + H]+	C16H21N2O3+	InChI=1S/C16H17NO3/c1-2-9-17(11-12-7-8-12)15(18)10-13-5-3-4-6-14(13)16(19)20/h1,3-6,12H,7-11H2,(H,19,20)	2-[2-[Cyclopropylmethyl(prop-2-ynyl)amino]-2-oxoethyl]benzoic acid	C#CCN(CC1CC1)C(=O)CC2=CC=CC=C2C(=O)O	1.7	104601723	PUBCHEM:(104601723)	2.0	289.154	83.0	1.38	7.136869793209729e+17	7.136868214976924e+17	
489	UTGIMLSHGSMIJU	sirius	C1CCC(CC1)C(=O)NC(C2=CC=CC=C2)C(=O)O																																																																																												1.0	1.0	0.146	0.146	-387.83	0.8	0.333	31.763	C15H19NO3	[M + H3N + H]+	C15H23N2O3+	InChI=1S/C15H19NO3/c17-14(12-9-5-2-6-10-12)16-13(15(18)19)11-7-3-1-4-8-11/h1,3-4,7-8,12-13H,2,5-6,9-10H2,(H,16,17)(H,18,19)	N-Cyclohexanoyl-2-phenylglycine	C1CCC(CC1)C(=O)NC(C2=CC=CC=C2)C(=O)O	2.9	41097770;10377966;152957	MESH:(152957);PUBCHEM:(41097770 10377966 152957);DSSTox:(DTXSID10950921);PUBMED:(null)	137438953542.0	279.17	85.0	1.415	7.13686958815018e+17	7.13686821699019e+17	
490	BRPMXFSTKXXNHF	sirius	C1CC(NC1)C(=O)NCC(=O)N2CCCC2C(=O)O																																																																																												1.0	1.0	0.076	0.076	-273.246	0.801	0.333	129.769	C12H19N3O4	[M + H3N + H]+	C12H23N4O4+	InChI=1S/C12H19N3O4/c16-10(15-6-2-4-9(15)12(18)19)7-14-11(17)8-3-1-5-13-8/h8-9,13H,1-7H2,(H,14,17)(H,18,19)	(2S)-1-[2-[[(2S)-pyrrolidine-2-carbonyl]amino]acetyl]pyrrolidine-2-carboxylic Acid	C1CC(NC1)C(=O)NCC(=O)N2CCCC2C(=O)O	-3.0	9903507;145457474;20455010	PUBCHEMANNOTATIONBIO;HMDB:(HMDB0260136);BloodExposome:(9903507);CHEBI:(162325);MESH:(9903507 145457474);PUBCHEM:(9903507 145457474 20455010);DSSTox:(DTXSID80432628);PUBMED	137459925102.0	287.171	83.0	1.383	7.136869599852289e+17	7.13686821518664e+17	
490	WICOLBXWGGDYCT	isdb																																														-1.0							1.0	0.59769094	ISDB															['Unknown']	['Unknown']	['Unknown']	['Unknown']	['Unknown']	['Unknown']	['Unknown']	['Unknown']	['Unknown']											0.0	0.0	2.390763759613037	1.0																								
490	YPCASTMKDJIXPW	gnps	CCCCCCC(NC(C(O)=O)CCCNC(N)=N)=O	CCMSLIB00011434881	spectra_filtered.mgf	ECG-ACYL-AMIDES-C4-C24-LIBRARY.mgf	0.87859	10718700.0	0.0	128.038	11.0	0.0367737	287.171	1.0	temp/spectra_filtered.mgf490	1.0	Arg-C7:0	ESI	Orbitrap	Commercial	Dorrestein	Ipsita	M+H	287.208	286.2	1.0			CCCCCCC(NC(C(O)=O)CCCNC(N)=N)=O	InChI=1S/C13H26N4O3/c1-2-3-4-5-8-11(18)17-10(12(19)20)7-6-9-16-13(14)15/h10H,2-9H2,1H3,(H,17,18)(H,19,20)(H4,14,15,16)		1.0	Positive	ECG-ACYL-AMIDES-C4-C24-LIBRARY	287.208	UPDATE-SINGLE-ANNOTATED-GOLD	Gold		C13H26N4O3	YPCASTMKDJIXPW-UHFFFAOYSA-N	Organic acids and derivatives	Carboxylic acids and derivatives	Amino acids, peptides, and analogues	Small peptides	Dipeptides	Amino acids and Peptides	mzspec:GNPS:GNPS-LIBRARY:CCMSLIB00011434881																																																																							
491	JIEPPWMHTXIHGQ	sirius	CC(C)CC(C(=O)NC(CC(C)C)C(=O)O)NC(=O)C(CCSC)NC=O																																																																																												1.0	1.0	0.454	0.454	-175.901	0.35	0.729	27.271	C18H33N3O5S	[M + Na]+	C18H33N3NaO5S+	InChI=1S/C18H33N3O5S/c1-11(2)8-14(17(24)21-15(18(25)26)9-12(3)4)20-16(23)13(19-10-22)6-7-27-5/h10-15H,6-9H2,1-5H3,(H,19,22)(H,20,23)(H,21,24)(H,25,26)	N-Formyl-L-methionyl-L-leucyl-L-leucine	CC(C)CC(C(=O)NC(CC(C)C)C(=O)O)NC(=O)C(CCSC)NC=O	1.698	71442645	PUBCHEM:(71442645);DSSTox:(DTXSID50851509)	137438953474.0	426.202	83.0	1.385	7.136869740487323e+17	7.136868215438298e+17	
492	MKCVLTRITQNGQI	gnps	O=C(N[C@H](C(O)=O)[C@@H](C)CC)[C@H]1NC(CC1)=O	CCMSLIB00003137597	spectra_filtered.mgf	GNPS-NIST14-MATCHES.mgf	0.62171	111549000.0	0.0	0.690346	8.0	0.000167847	243.134	1.0	temp/spectra_filtered.mgf492	1.0	Spectral Match to PyroGlu-Ile from NIST14	LC-ESI	qTof	Isolated	Data from Dr. Katherine R. Duncan	Data deposited by kduncan	M+H	243.134	0.0	1.0			O=C(N[C@H](C(O)=O)[C@@H](C)CC)[C@H]1NC(CC1)=O	InChI=1S/C11H18N2O4/c1-3-6(2)9(11(16)17)13-10(15)7-4-5-8(14)12-7/h6-7,9H,3-5H2,1-2H3,(H,12,14)(H,13,15)(H,16,17)/t6-,7-,9-/m0/s1		3.0	Positive	GNPS-NIST14-MATCHES	243.134	UPDATE-SINGLE-ANNOTATED-BRONZE	Bronze		C11H18N2O4	MKCVLTRITQNGQI-ZKWXMUAHSA-N	Organic acids and derivatives	Carboxylic acids and derivatives	Amino acids, peptides, and analogues	Small peptides	Dipeptides	Amino acids and Peptides	mzspec:GNPS:GNPS-LIBRARY:CCMSLIB00003137597																																																																							
492	XXSAFGVAPGOYNT	isdb																																														7.0	Amino acids and Peptides	0.4761904761904761	Small peptides	0.4642857142857143	Dipeptides	0.4285714285714285	1.0	0.6563927	ISDB															['Unknown']	['Unknown']	['Unknown']	['Unknown']	['Unknown']	['Unknown']	['Unknown']	['Unknown']	['Unknown']											0.0	0.0	2.625570774078369	1.0																								
492	YBAFDPFAUTYYRW	sirius	CC(C)CC(C(=O)O)NC(=O)C(CCC(=O)O)N																																																																																												1.0	2.0	0.934	0.934	-60.16	0.2	0.333	62.614	C11H20N2O5	[M - H2O + H]+	C11H19N2O4+	InChI=1S/C11H20N2O5/c1-6(2)5-8(11(17)18)13-10(16)7(12)3-4-9(14)15/h6-8H,3-5,12H2,1-2H3,(H,13,16)(H,14,15)(H,17,18)	2-(2-amino-4-carboxybutanamido)-4-methylpentanoic acid	CC(C)CC(C(=O)O)NC(=O)C(CCC(=O)O)N	-0.457	64887981;64888761;9856500;124433150;91974018;79001418;122173491	PUBCHEMANNOTATIONBIO:(null);COCONUT:(CNP0128313);HMDB:(HMDB0028823);CHEBI:(73506);SUPERNATURAL:(SN0445471);FooDB:(FDB111867);PUBCHEM:(64887981 64888761 9856500 124433150 91974018 79001418 122173491);DSSTox:(DTXSID201315070);LOTUS:(Q27140586);PUBMED:(null)	138264182890.0	243.134	83.0	1.389	7.136869689987896e+17	7.136868215899671e+17	
493	BAAXBGJDMMSSOH	sirius	CC(C)CC1C(=O)NC(C(=O)NC(C(=O)NC(C(=O)N1)CCC(=O)O)CC(C)C)CCC(=O)O																																																																																												1.0	2.0	0.178	0.178	-183.258	0.157	0.333	42.034	C22H36N4O8	[M + H]+	C22H37N4O8+	InChI=1S/C22H36N4O8/c1-11(2)9-15-21(33)23-14(6-8-18(29)30)20(32)26-16(10-12(3)4)22(34)24-13(19(31)25-15)5-7-17(27)28/h11-16H,5-10H2,1-4H3,(H,23,33)(H,24,34)(H,25,31)(H,26,32)(H,27,28)(H,29,30)	Cyclo-(L-Leu-L-Glu-L-Leu-L-Glu)	CC(C)CC1C(=O)NC(C(=O)NC(C(=O)NC(C(=O)N1)CCC(=O)O)CC(C)C)CCC(=O)O	0.6	162836274;139591616	COCONUT:(CNP0097761);SUPERNATURAL:(SN0019946);PUBCHEM:(162836274 139591616);LOTUS:(Q104922043 Q103816595)	271581186.0	485.261	83.0	1.387	7.136870441942789e+17	7.136868215648013e+17	
494	NAIPAPCKKRCMBL	isdb																																														1.0	Amino acids and Peptides	0.1219512195121951	Small peptides	0.1097560975609756	Tripeptides	0.073170731707317	1.0	0.8903553	ISDB															['Unknown']	['Unknown']	['Unknown']	['Unknown']	['Unknown']	['Unknown']	['Unknown']	['Unknown']	['Unknown']											0.0	0.0	3.561421155929565	1.0																								
494	QWCZXKIFPWPQHR	sirius	CC(C)C(C(=O)N1CCCC1C(=O)NC(CC2=CC=C(C=C2)O)C(=O)O)N																																																																																												1.0	2.0	0.413	0.413	-360.848	0.169	0.0	54.022	C19H27N3O5	[M - H2O + H]+	C19H26N3O4+	InChI=1S/C19H27N3O5/c1-11(2)16(20)18(25)22-9-3-4-15(22)17(24)21-14(19(26)27)10-12-5-7-13(23)8-6-12/h5-8,11,14-16,23H,3-4,9-10,20H2,1-2H3,(H,21,24)(H,26,27)	2-[[1-(2-Amino-3-methylbutanoyl)pyrrolidine-2-carbonyl]amino]-3-(4-hydroxyphenyl)propanoic acid	CC(C)C(C(=O)N1CCCC1C(=O)NC(CC2=CC=C(C=C2)O)C(=O)O)N	0.859	18232496;49856428	CHEBI:(166351);MESH:(49856428);PUBCHEM:(18232496 49856428);PUBMED	102.0	360.192	84.0	1.392	7.136869640411215e+17	7.136868216109386e+17	
495	ZAGJIJPPTIEVOL	sirius	CC(C)CC(C(=O)N)NC(=O)C1CC(CCN1C(=O)C2=CC=CO2)NC(=O)C3CCNCC3																																																																																												1.0	1.0	0.116	0.116	-439.132	0.799	0.333	59.353	C23H35N5O5	[M + H3N + H]+	C23H39N6O5+	InChI=1S/C23H35N5O5/c1-14(2)12-17(20(24)29)27-22(31)18-13-16(26-21(30)15-5-8-25-9-6-15)7-10-28(18)23(32)19-4-3-11-33-19/h3-4,11,14-18,25H,5-10,12-13H2,1-2H3,(H2,24,29)(H,26,30)(H,27,31)	N-(1-amino-4-methyl-1-oxopentan-2-yl)-1-(furan-2-carbonyl)-4-(piperidine-4-carbonylamino)piperidine-2-carboxamide	CC(C)CC(C(=O)N)NC(=O)C1CC(CCN1C(=O)C2=CC=CO2)NC(=O)C3CCNCC3	0.7	3831409	SUPERNATURAL:(SN0465013);PUBCHEM:(3831409)	1048578.0	479.298	85.0	1.409	7.136869701690006e+17	7.136868216361044e+17	
496	VSZGPKBBMSAYNT	sirius	CCC(CC)OC1C=C(CC(C1NC(=O)C)N)C(=O)OCC																																																																																												1.0	1.0	0.103	0.103	-341.523	0.719	0.333	44.469	C16H28N2O4	[M + H3N + H]+	C16H32N3O4+	InChI=1S/C16H28N2O4/c1-5-12(6-2)22-14-9-11(16(20)21-7-3)8-13(17)15(14)18-10(4)19/h9,12-15H,5-8,17H2,1-4H3,(H,18,19)	Oseltamivir	CCC(CC)OC1C=C(CC(C1NC(=O)C)N)C(=O)OCC	1.1	74331957;40468109;40468111;76973243;51064085;42052045;124190593;124484052;6093482;119090971;70909882;25110712;25144224;25145487;25145488;25145489;25145490;25145634;71751351;44512453;139025630;59650107;4603;65028;78001;49849800;57369371;24848267	PUBCHEMANNOTATIONBIO;HMDB:(HMDB0014343);PUBCHEMANNOTATIONSAFETYANDTOXIC;BloodExposome:(65028);SUPERNATURAL:(SN0399270);HSDB:(196618-13-0);MESH:(65028);PUBCHEM:(74331957 40468109 40468111 76973243 51064085 42052045 124190593 124484052 6093482 119090971 70909882 25110712 25144224 25145487 25145488 25145489 25145490 25145634 71751351 44512453 139025630 59650107 4603 65028 78001 49849800 57369371 24848267);COCONUT:(CNP0079585);NORMAN:(NS00000301);CHEBI:(7798);KEGG:(C08092);DSSTox:(DTXSID9044291 DTXSID90861485 DTXSID90942607);LOTUS:(Q211509);PUBCHEMANNOTATIONDRUG;PUBMED	137832432494.0	330.238	83.0	1.385	7.136869852139706e+17	7.13686821657076e+17	
496	YHFPHRUWZMEOIX	isdb																																														1.0	Amino acids and Peptides	0.1219512195121951	Small peptides	0.1097560975609756	Tripeptides	0.073170731707317	1.0	0.63754284	ISDB															['Unknown']	['Unknown']	['Unknown']	['Unknown']	['Unknown']	['Unknown']	['Unknown']	['Unknown']	['Unknown']											0.0	0.0	2.550171375274658	1.0																								
497	QRKPPYRUWUGZLH	sirius	CC(=CC1C(C1(C)C)C(=O)OC)C=NO																																																																																												1.0	1.0	0.084	0.084	-225.945	0.8	0.333	32.754	C11H17NO3	[M + H3N + H]+	C11H21N2O3+	InChI=1S/C11H17NO3/c1-7(6-12-14)5-8-9(10(13)15-4)11(8,2)3/h5-6,8-9,14H,1-4H3	methyl 3-[3-(hydroxyimino)-2-methylprop-1-en-1-yl]-2,2-dimethylcyclopropane-1-carboxylate	CC(=CC1C(C1(C)C)C(=O)OC)C=NO	1.625	86675008;162900976;76460316;56926938;89287346;89287347;88992813	COCONUT:(CNP0169020);TeroMol:(TKC170112);SUPERNATURAL:(SN0313192);PUBCHEM:(86675008 162900976 76460316 56926938 89287346 89287347 88992813)	11534338.0	229.155	85.0	1.416	7.13686949545605e+17	7.136868217241848e+17	
498	NZMWVTYLYLSAJR	sirius	COC1=CC(=CC(=C1OC)OC)CNC(=O)NC2=CC(=C(C(=C2)OC)OC)OC																																																																																												1.0	1.0	0.008	0.008	-537.241	0.8	0.333	72.836	C20H26N2O7	[M + H3N + H]+	C20H30N3O7+	InChI=1S/C20H26N2O7/c1-24-14-7-12(8-15(25-2)18(14)28-5)11-21-20(23)22-13-9-16(26-3)19(29-6)17(10-13)27-4/h7-10H,11H2,1-6H3,(H2,21,22,23)	Urea, N-(3,4,5-trimethoxyphenyl)-N'-((3,4,5-trimethoxyphenyl)methyl)-	COC1=CC(=CC(=C1OC)OC)CNC(=O)NC2=CC(=C(C(=C2)OC)OC)OC	2.2	3051897	PUBCHEMANNOTATIONSAFETYANDTOXIC:(null);PUBCHEM:(3051897);DSSTox:(DTXSID60218260)	137506062338.0	424.208	85.0	1.419	7.136869724716737e+17	7.136868217451564e+17	
499	VDWWRSCFVPXUGX	sirius	CCC(C)C1C(=O)NC(C(=O)NCC(=O)NC(C(=O)N1)C)C(C)CC																																																																																												1.0	1.0	0.092	0.092	-170.303	0.996	0.333	70.358	C17H30N4O4	[M - H2O + H]+	C17H29N4O3+	InChI=1S/C17H30N4O4/c1-6-9(3)13-16(24)18-8-12(22)19-11(5)15(23)20-14(10(4)7-2)17(25)21-13/h9-11,13-14H,6-8H2,1-5H3,(H,18,24)(H,19,22)(H,20,23)(H,21,25)	(3S,6S,9S)-3,6-bis[(2S)-butan-2-yl]-9-methyl-1,4,7,10-tetrazacyclododecane-2,5,8,11-tetrone	CCC(C)C1C(=O)NC(C(=O)NCC(=O)NC(C(=O)N1)C)C(C)CC	1.2	24853605	PUBCHEM:(24853605)	2.0	337.223	85.0	1.421	7.136870194982149e+17	7.136868216780475e+17	
499	YDRGSXMNNVCYGU	isdb																																														54.0	Alkaloids	0.5	Tryptophan alkaloids	0.5	Aspidosperma type	0.5	1.0	0.39964682	ISDB															['Unknown']	['Unknown']	['Unknown']	['Unknown']	['Unknown']	['Unknown']	['Unknown']	['Unknown']	['Unknown']											0.0	0.0	1.5985872745513916	1.0																								
500	QPBSRMDNJOTFAL	sirius	CC(C)CC(C(=O)NC(CC(C)C)C(=O)NC(C(C)O)C(=O)O)NC(=O)C(C)N																																																																																												1.0	2.0	0.119	0.119	-239.965	0.2	0.333	33.189	C19H36N4O6	[M - H2O + H]+	C19H35N4O5+	InChI=1S/C19H36N4O6/c1-9(2)7-13(21-16(25)11(5)20)17(26)22-14(8-10(3)4)18(27)23-15(12(6)24)19(28)29/h9-15,24H,7-8,20H2,1-6H3,(H,21,25)(H,22,26)(H,23,27)(H,28,29)	H-DL-Ala-DL-Leu-DL-Leu-DL-xiThr-OH	CC(C)CC(C(=O)NC(CC(C)C)C(=O)NC(C(C)O)C(=O)O)NC(=O)C(C)N	0.058	18236761;71464519	CHEBI:(73368);PUBCHEM:(18236761 71464519)	34.0	399.26	85.0	1.422	7.136869858976421e+17	7.136868217661279e+17	
501	XRMUDZVYUDATJJ	sirius	CC(C)(C)OC(=O)N1CCC2(CC1)CNCC2C(=O)OC																																																																																												1.0	1.0	0.131	0.131	-286.013	0.767	0.333	52.052	C15H26N2O4	[M + H3N + H]+	C15H30N3O4+	InChI=1S/C15H26N2O4/c1-14(2,3)21-13(19)17-7-5-15(6-8-17)10-16-9-11(15)12(18)20-4/h11,16H,5-10H2,1-4H3	8-Tert-butyl 4-methyl 2,8-diazaspiro[4.5]decane-4,8-dicarboxylate	CC(C)(C)OC(=O)N1CCC2(CC1)CNCC2C(=O)OC	0.9	132351014	PUBCHEMANNOTATIONSAFETYANDTOXIC:(null);PUBCHEM:(132351014)	67108866.0	316.223	85.0	1.423	7.136869870259101e+17	7.136868218080709e+17	
502	DEJDFBQJDGPDLX	sirius	CC(C)CCCCCC(=O)C1(C(C(C(C(O1)OC2C(OC(C(C2O)N)OC3C(OC(C(C3O)N)O)CO)CO)N)O)O)CO																																																																																												1.0	1.0	-inf	-inf	-351.865	1.0	1.0	29.034	C27H51N3O14	[M + H]+	C27H52N3O14+	InChI=1S/C27H51N3O14/c1-11(2)6-4-3-5-7-14(34)27(10-33)23(38)20(37)17(30)26(44-27)43-22-13(9-32)41-25(16(29)19(22)36)42-21-12(8-31)40-24(39)15(28)18(21)35/h11-13,15-26,31-33,35-39H,3-10,28-30H2,1-2H3	1-[(2R,3S,4R,5R,6S)-5-amino-6-[(2R,4R,5R,6S)-5-amino-6-[(2R,4R,5R,6R)-5-amino-4,6-dihydroxy-2-(hydroxymethyl)oxan-3-yl]oxy-4-hydroxy-2-(hydroxymethyl)oxan-3-yl]oxy-3,4-dihydroxy-2-(hydroxymethyl)oxan-2-yl]-7-methyloctan-1-one	CC(C)CCCCCC(=O)C1(C(C(C(C(O1)OC2C(OC(C(C2O)N)OC3C(OC(C(C3O)N)O)CO)CO)N)O)O)CO	-4.9	145821486	PUBCHEM:(145821486)	2.0	642.346	86.0	1.425	7.136870354827089e+17	7.136868217870994e+17	
503	PFPUFNLHBXKPHY	sirius	CCC(C)C(C(=O)NC(C(C)CC)C(=O)NC(CO)C(=O)O)N																																																																																												1.0	1.0	0.177	0.236	-110.122	1.0	1.0	58.333	C15H29N3O5	[M + Na]+	C15H29N3NaO5+	InChI=1S/C15H29N3O5/c1-5-8(3)11(16)13(20)18-12(9(4)6-2)14(21)17-10(7-19)15(22)23/h8-12,19H,5-7,16H2,1-4H3,(H,17,21)(H,18,20)(H,22,23)	2-[[2-[(2-Amino-3-methylpentanoyl)amino]-3-methylpentanoyl]amino]-3-hydroxypropanoic acid	CCC(C)C(C(=O)NC(C(C)CC)C(=O)NC(CO)C(=O)O)N	-0.133	145456183;18221786	CHEBI:(158520);PUBCHEM:(145456183 18221786)	34.0	354.2	86.0	1.441	7.136869919374409e+17	7.136868218290424e+17	
504	SCMSYZJDIQPSDI	sirius	CC(C)CCNC(=O)C(CC(C)C)NC(=O)C1C(O1)C(=O)O																																																																																												1.0	1.0	0.188	0.188	-242.956	0.8	0.333	52.292	C15H26N2O5	[M + H3N + H]+	C15H30N3O5+	InChI=1S/C15H26N2O5/c1-8(2)5-6-16-13(18)10(7-9(3)4)17-14(19)11-12(22-11)15(20)21/h8-12H,5-7H2,1-4H3,(H,16,18)(H,17,19)(H,20,21)	3-({3-methyl-1-[(3-methylbutyl)-C-hydroxycarbonimidoyl]butyl}-C-hydroxycarbonimidoyl)oxirane-2-carboxylic acid	CC(C)CCNC(=O)C(CC(C)C)NC(=O)C1C(O1)C(=O)O	1.6	101085273;9995770;6712523;50943114;50943118;50943119;50943188;50943190;50943192;50943193;50943269;50943266;50943268;50943344;134694028;7067166;40536238;92449659;54298536;88661208;59805911;3188;13208200;123664	PUBCHEMANNOTATIONBIO:(null);COCONUT:(CNP0290475);HMDB:(HMDB0247379);PUBCHEMANNOTATIONSAFETYANDTOXIC:(null);BloodExposome:(123664 54298536);CHEBI:(188280);SUPERNATURAL:(SN0341778);MESH:(123664);PUBCHEM:(101085273 9995770 6712523 50943114 50943118 50943119 50943188 50943190 50943192 50943193 50943269 50943266 50943268 50943344 134694028 7067166 40536238 92449659 54298536 88661208 59805911 3188 13208200 123664);DSSTox:(DTXSID10997997);PUBMED:(null)	137530179694.0	332.218	87.0	1.443	7.136869869168582e+17	7.136868218542083e+17	
505	IRUHEXAXGSHUAY	sirius	CC1N(C(CS1)C(=O)O)C(=O)NC2=C(C(=CC=C2)Br)C																																																																																												1.0	1.0	0.074	0.074	-151.019	0.586	0.602	85.617	C13H15BrN2O3S	[M + Na]+	C13H15BrN2NaO3S+	InChI=1S/C13H15BrN2O3S/c1-7-9(14)4-3-5-10(7)15-13(19)16-8(2)20-6-11(16)12(17)18/h3-5,8,11H,6H2,1-2H3,(H,15,19)(H,17,18)	3-[(3-Bromo-2-methylphenyl)carbamoyl]-2-methyl-1,3-thiazolidine-4-carboxylic acid	CC1N(C(CS1)C(=O)O)C(=O)NC2=C(C(=CC=C2)Br)C	2.7	107627128	PUBCHEM:(107627128)	2.0	380.987	87.0	1.445	7.136870561354632e+17	7.136868218751798e+17	
506	GJCOKGHYIMLMPB	sirius	CC1=CC(=NC=C1)C2=NC=CC(=C2)CO																																																																																												1.0	1.0	0.024	0.024	-139.707	1.0	0.333	18.185	C12H12N2O	[M - H2O + H]+	C12H11N2+	InChI=1S/C12H12N2O/c1-9-2-4-13-11(6-9)12-7-10(8-15)3-5-14-12/h2-7,15H,8H2,1H3	{4'-methyl-[2,2'-bipyridin]-4-yl}methanol	CC1=CC(=NC=C1)C2=NC=CC(=C2)CO	1.0	2754750	COCONUT:(CNP0278645);PUBCHEMANNOTATIONSAFETYANDTOXIC;PUBCHEM:(2754750);DSSTox:(DTXSID80373047)	137508159490.0	183.092	87.0	1.449	7.136869867742519e+17	7.136868218961513e+17	
508	PPXPQOAPBXXNGH	sirius	C1=CC=C(C=C1)CC2C(=O)NC(C(=O)O2)CC3=CC=C(C=C3)O																																																																																												1.0	1.0	0.354	0.354	-392.551	0.8	0.333	76.455	C18H17NO4	[M + H3N + H]+	C18H21N2O4+	InChI=1S/C18H17NO4/c20-14-8-6-13(7-9-14)10-15-18(22)23-16(17(21)19-15)11-12-4-2-1-3-5-12/h1-9,15-16,20H,10-11H2,(H,19,21)	6-benzyl-3-[(4-hydroxyphenyl)methyl]morpholine-2,5-dione	C1=CC=C(C=C1)CC2C(=O)NC(C(=O)O2)CC3=CC=C(C=C3)O	2.9	163031231;101905618	COCONUT:(CNP0309851);SUPERNATURAL:(SN0292044);PUBCHEM:(163031231 101905618);LOTUS:(Q105213087)	271581186.0	329.15	87.0	1.454	7.13687028457249e+17	7.136868219297057e+17	
509	OMQNYWZURFTFHE	sirius	CCCNC(=O)C1C(O1)C(=O)NC(C(C)CC)C(=O)N2CCCC2C(=O)OCC3=CC=CC=C3																																																																																												1.0	1.0	0.653	0.653	-315.479	0.795	0.333	25.742	C25H35N3O6	[M + H3N + H]+	C25H39N4O6+	InChI=1S/C25H35N3O6/c1-4-13-26-22(29)20-21(34-20)23(30)27-19(16(3)5-2)24(31)28-14-9-12-18(28)25(32)33-15-17-10-7-6-8-11-17/h6-8,10-11,16,18-21H,4-5,9,12-15H2,1-3H3,(H,26,29)(H,27,30)	Benzyl N-({(2s,3s)-3-[(Propylamino)carbonyl]oxiran-2-Yl}carbonyl)-L-Isoleucyl-L-Prolinate	CCCNC(=O)C1C(O1)C(=O)NC(C(C)CC)C(=O)N2CCCC2C(=O)OCC3=CC=CC=C3	2.7	22850133;19103160	PUBCHEMANNOTATIONBIO:(null);NORMAN:(NS00071201);PUBCHEM:(22850133 19103160)	17039362.0	491.286	88.0	1.464	7.136870241119498e+17	7.136868219506772e+17	
509	RITYBYCZDREYDS	isdb	CC(C)C[C@H](NC(=O)[C@@H]1CCCN1C(=O)[C@@H](NC(=O)[C@@H](N)Cc1ccc(O)cc1)C(C)C)C(=O)O																																													1.0	Amino acids and Peptides	0.1219512195121951	Small peptides	0.1097560975609756	Tripeptides	0.073170731707317	1.0	0.35727647	ISDB	http://www.wikidata.org/entity/Q105237133	RITYBYCZDREYDS-TUFLPTIASA-N	InChI=1S/C25H38N4O6/c1-14(2)12-19(25(34)35)27-23(32)20-6-5-11-29(20)24(33)21(15(3)4)28-22(31)18(26)13-16-7-9-17(30)10-8-16/h7-10,14-15,18-21,30H,5-6,11-13,26H2,1-4H3,(H,27,32)(H,28,31)(H,34,35)/t18-,19-,20-,21-/m0/s1	CC(C)C[C@H](NC(=O)[C@@H]1CCCN1C(=O)[C@@H](NC(=O)[C@@H](N)Cc1ccc(O)cc1)C(C)C)C(=O)O	C25H38N4O6		490.279134936	l-Tyrosyl-l-valyl-l-prolyl-l-leucine	Amino acids and Peptides	Small peptides	Tripeptides	http://www.wikidata.org/entity/Q7254484	Pseudoalteromonas haloplanktis	749117.0	['Bacteria']	['Unknown']	['Proteobacteria']	['Gammaproteobacteria']	['Alteromonadales']	['Pseudoalteromonadaceae']	['Unknown']	['Pseudoalteromonas']	['Pseudoalteromonas haloplanktis']											0.0	3.0	2.9291058778762817	1.0																								
510	SZJNCZMRZAUNQT	gnps	O=C1NC(C(=O)N2CCCC12)CC(C)C	CCMSLIB00005739084	spectra_filtered.mgf	MASSBANK.mgf	0.873335	40438100.0	0.0	0.0722672	6.0	1.52588e-05	211.144	1.0	temp/spectra_filtered.mgf510	1.0	Massbank:PR311142 Cyclo(leucylprolyl)	ESI	qTof	Isolated	Massbank	Massbank	M+H	211.144	0.0	1.0			O=C1NC(C(=O)N2CCCC12)CC(C)C	1S/C11H18N2O2/c1-7(2)6-8-11(15)13-5-3-4-9(13)10(14)12-8/h7-9H,3-6H2,1-2H3,(H,12,14)		3.0	Positive	MASSBANK	211.144	UPDATE-SINGLE-ANNOTATED-BRONZE	Bronze		C11H18N2O2	SZJNCZMRZAUNQT-UHFFFAOYSA-N	Organic acids and derivatives	Carboxylic acids and derivatives	Amino acids, peptides, and analogues	Small peptides	Dipeptides	Amino acids and Peptides	mzspec:GNPS:GNPS-LIBRARY:CCMSLIB00005739084																																																																							
510	ZKQOUHVVXABNDG	sirius	CC(C)CC(C(=O)O)NC(=O)C1CCCN1																																																																																												1.0	1.0	0.412	0.412	-191.012	1.0	0.333	66.024	C11H20N2O3	[M - H2O + H]+	C11H19N2O2+	InChI=1S/C11H20N2O3/c1-7(2)6-9(11(15)16)13-10(14)8-4-3-5-12-8/h7-9,12H,3-6H2,1-2H3,(H,13,14)(H,15,16)	4-methyl-2-[(pyrrolidin-2-yl)formamido]pentanoic acid	CC(C)CC(C(=O)O)NC(=O)C1CCCN1	0.827	103869063;7082009;40518077;40518078;40518083;78975731;61158249;61160401;1784491;1784492;444109;3527720;44368932	PUBCHEMANNOTATIONBIO:(null);HMDB:(HMDB0253028);BloodExposome:(444109 3527720);SUPERNATURAL:(SN0472993);MESH:(444109 3527720);PUBCHEM:(103869063 7082009 40518077 40518078 40518083 78975731 61158249 61160401 1784491 1784492 444109 3527720 44368932);GNPS:(CCMSLIB00003135785);COCONUT:(CNP0371928);NORMAN:(NS00014907);METACYC:(CPD-20355);CHEBI:(74791);DSSTox:(DTXSID80393341);LOTUS:(Q27144902);PUBMED:(null)	137731774574.0	211.144	88.0	1.466	7.136869910440539e+17	7.136868219758431e+17	
511	DTDFTNHEILPJMU	sirius	CN1C=C(C(=C1C2=NC3=C(N2C)C=CC(=C3)NC(=O)C4CCCC4)O)C(=O)N5CCOCC5																																																																																												1.0	1.0	0.078	0.078	-836.772	0.808	0.333	85.266	C24H29N5O4	[M + H3N + H]+	C24H33N6O4+	InChI=1S/C24H29N5O4/c1-27-14-17(24(32)29-9-11-33-12-10-29)21(30)20(27)22-26-18-13-16(7-8-19(18)28(22)2)25-23(31)15-5-3-4-6-15/h7-8,13-15,30H,3-6,9-12H2,1-2H3,(H,25,31)	N-{2-[3-hydroxy-1-methyl-4-(morpholine-4-carbonyl)-1H-pyrrol-2-yl]-1-methyl-1H-1,3-benzodiazol-5-yl}cyclopentanecarboxamide	CN1C=C(C(=C1C2=NC3=C(N2C)C=CC(=C3)NC(=O)C4CCCC4)O)C(=O)N5CCOCC5	1.9	135638552	COCONUT:(CNP0396689);SUPERNATURAL:(SN0074757);PUBCHEM:(135638552)	3145730.0	469.256	88.0	1.466	7.136869998940362e+17	7.136868219968146e+17	
512	MWMJCGBSIORNCD	sirius	CC(C)CC(C(=O)NC(CC(C)C)C(=O)O)NC(=O)C(CCC(=O)O)N																																																																																												1.0	2.0	0.599	0.599	-50.07	0.189	0.333	74.134	C17H31N3O6	[M + H]+	C17H32N3O6+	InChI=1S/C17H31N3O6/c1-9(2)7-12(19-15(23)11(18)5-6-14(21)22)16(24)20-13(17(25)26)8-10(3)4/h9-13H,5-8,18H2,1-4H3,(H,19,23)(H,20,24)(H,21,22)(H,25,26)	2-[[2-[(2-Amino-4-carboxybutanoyl)amino]-4-methylpentanoyl]amino]-4-methylpentanoic acid	CC(C)CC(C(=O)NC(CC(C)C)C(=O)O)NC(=O)C(CCC(=O)O)N	0.409	145455425;18220326	CHEBI:(163035);PUBCHEM:(145455425 18220326)	34.0	374.228	88.0	1.469	7.136870178917964e+17	7.136868220177861e+17	
515	KCHBZKXCYRHBDY	sirius	C(COCCOCCOCCOCCC#N)C#N																																																																																												1.0	1.0	0.014	0.014	-210.95	1.0	1.0	15.163	C12H20N2O4	[M + Na]+	C12H20N2NaO4+	InChI=1S/C12H20N2O4/c13-3-1-5-15-7-9-17-11-12-18-10-8-16-6-2-4-14/h1-2,5-12H2	4,7,10,13-Tetraoxahexadecanedinitrile	C(COCCOCCOCCOCCC#N)C#N	-1.0	93786	NORMAN:(NS00033778);PUBCHEM:(93786);DSSTox:(DTXSID60206440)	137439215618.0	279.131	89.0	1.478	7.136869889385129e+17	7.136868220387576e+17	
516	NNUHXHORMREBAM	sirius	CCC(C(=O)NC(C)C(=O)NC(C(C)C)C(=O)O)O																																																																																												1.0	2.0	0.405	0.405	-107.238	0.2	0.333	74.209	C12H22N2O5	[M - H2O + H]+	C12H21N2O4+	InChI=1S/C12H22N2O5/c1-5-8(15)11(17)13-7(4)10(16)14-9(6(2)3)12(18)19/h6-9,15H,5H2,1-4H3,(H,13,17)(H,14,16)(H,18,19)	(2S)-2-[[(2S)-2-(2-hydroxybutanoylamino)propanoyl]amino]-3-methylbutanoic acid	CCC(C(=O)NC(C)C(=O)NC(C(C)C)C(=O)O)O	0.264	142599772	PUBCHEM:(142599772)	2.0	257.149	89.0	1.482	7.136869889762618e+17	7.136868220639235e+17	
517	NJSKYYVPEMGMLW	sirius	CC1C(CC(=O)NCCC(CC(C(=O)N1)NC(=O)C(C(C)O)NC(=O)CCCCCCCCCC(C)C)O)O																																																																																												1.0	1.0	0.101	0.101	-406.686	0.406	0.007	19.337	C28H52N4O7	[M + H3N + H]+	C28H56N5O7+	InChI=1S/C28H52N4O7/c1-18(2)12-10-8-6-5-7-9-11-13-24(36)32-26(20(4)33)28(39)31-22-16-21(34)14-15-29-25(37)17-23(35)19(3)30-27(22)38/h18-23,26,33-35H,5-17H2,1-4H3,(H,29,37)(H,30,38)(H,31,39)(H,32,36)	N-[(2S,3R)-1-[[(4R,5S,8S,10S)-4,10-dihydroxy-5-methyl-2,7-dioxo-1,6-diazacyclododec-8-yl]amino]-3-hydroxy-1-oxobutan-2-yl]-11-methyldodecanamide	CC1C(CC(=O)NCCC(CC(C(=O)N1)NC(=O)C(C(C)O)NC(=O)CCCCCCCCCC(C)C)O)O	2.9	155908663	PUBCHEMANNOTATIONBIO;PUBCHEM:(155908663)	16777218.0	574.417	90.0	1.493	7.136869876215014e+17	7.13686822084895e+17	
518	JEQMKTMBVXSCBU	sirius	CC(C)CC(C(CC=O)O)NC(=O)C(C)NC(=O)CC(C(CC(C)C)NC(=O)C(C(C)C)NC(=O)C(C(C)C)NC(=O)CC(C)C)O																																																																																												1.0	1.0	0.559	0.559	-189.684	0.801	0.297	51.04	C34H63N5O8	[M + H3N + H]+	C34H67N6O8+	InChI=1S/C34H63N5O8/c1-18(2)14-24(26(41)12-13-40)36-32(45)23(11)35-29(44)17-27(42)25(15-19(3)4)37-33(46)31(22(9)10)39-34(47)30(21(7)8)38-28(43)16-20(5)6/h13,18-27,30-31,41-42H,12,14-17H2,1-11H3,(H,35,44)(H,36,45)(H,37,46)(H,38,43)(H,39,47)	(3R,4R)-3-hydroxy-N-[(2R)-1-[[(3R,4R)-3-hydroxy-6-methyl-1-oxoheptan-4-yl]amino]-1-oxopropan-2-yl]-6-methyl-4-[[(2S)-3-methyl-2-[[(2R)-3-methyl-2-(3-methylbutanoylamino)butanoyl]amino]butanoyl]amino]heptanamide	CC(C)CC(C(CC=O)O)NC(=O)C(C)NC(=O)CC(C(CC(C)C)NC(=O)C(C(C)C)NC(=O)C(C(C)C)NC(=O)CC(C)C)O	2.9	5496992;117791718	PUBCHEMANNOTATIONBIO:(null);PUBCHEM:(5496992 117791718)	16777218.0	687.501	90.0	1.494	7.136869863002954e+17	7.136868221058665e+17	
519	FKNRTNSLAHZFMH	sirius	CC(CCCCNC(=O)OC(C)(C)C)C(=O)NCCCNCCCNC(=O)C(CCCCNC(=O)OC(C)(C)C)NC(=O)OC(C)(C)C																																																																																												1.0	1.0	-inf	-inf	-558.086	0.997	0.009	16.242	C34H66N6O8	[M + Na]+	C34H66N6NaO8+	InChI=1S/C34H66N6O8/c1-25(17-11-13-21-38-29(43)46-32(2,3)4)27(41)36-23-15-19-35-20-16-24-37-28(42)26(40-31(45)48-34(8,9)10)18-12-14-22-39-30(44)47-33(5,6)7/h25-26,35H,11-24H2,1-10H3,(H,36,41)(H,37,42)(H,38,43)(H,39,44)(H,40,45)	tert-butyl N-[(5R)-6-[3-[3-[[(2R)-2,6-bis[(2-methylpropan-2-yl)oxycarbonylamino]hexanoyl]amino]propylamino]propylamino]-5-methyl-6-oxohexyl]carbamate	CC(CCCCNC(=O)OC(C)(C)C)C(=O)NCCCNCCCNC(=O)C(CCCCNC(=O)OC(C)(C)C)NC(=O)OC(C)(C)C	4.0	129148815;129148816	PUBCHEM:(129148815 129148816)	2.0	709.483	90.0	1.494	7.1368701871388e+17	7.136868221310323e+17	
520	JKSIBWITFMQTOA	sirius	CCC(C)C(C(=O)NC(C(C)C)C(=O)O)NC(=O)C(CC(C)C)N																																																																																												1.0	1.0	0.642	0.681	-57.467	0.998	0.986	34.698	C17H33N3O4	[M + Na]+	C17H33N3NaO4+	InChI=1S/C17H33N3O4/c1-7-11(6)14(20-15(21)12(18)8-9(2)3)16(22)19-13(10(4)5)17(23)24/h9-14H,7-8,18H2,1-6H3,(H,19,22)(H,20,21)(H,23,24)	2-[[2-[(2-Amino-4-methylpentanoyl)amino]-3-methylpentanoyl]amino]-3-methylbutanoic acid	CCC(C)C(C(=O)NC(C(C)C)C(=O)O)NC(=O)C(CC(C)C)N	1.487	145456455;18222150	CHEBI:(159303);PUBCHEM:(145456455 18222150)	34.0	366.236	90.0	1.497	7.136870283440028e+17	7.136868221520038e+17	
520	MIBQEEUTDAZFDR	isdb	CCC(C)[C@H](NC)C(=O)N[C@@H](CCC1C=CC(NC(C)=O)C=C1)C(=O)O																																													-1.0							1.0	0.39265737	ISDB	http://www.wikidata.org/entity/Q110172040	MIBQEEUTDAZFDR-QBVSNWLOSA-N	InChI=1S/C19H31N3O4/c1-5-12(2)17(20-4)18(24)22-16(19(25)26)11-8-14-6-9-15(10-7-14)21-13(3)23/h6-7,9-10,12,14-17,20H,5,8,11H2,1-4H3,(H,21,23)(H,22,24)(H,25,26)/t12?,14?,15?,16-,17-/m0/s1	CCC(C)[C@H](NC)C(=O)N[C@@H](CCC1C=CC(NC(C)=O)C=C1)C(=O)O	C19H31N3O4		365.231456472	Stravidin S5	Amino acids and Peptides	Small peptides	Dipeptides	http://www.wikidata.org/entity/Q1144013	Streptomyces	772892.0	['Bacteria']	['Unknown']	['Actinobacteria']	['Unknown']	['Streptomycetales']	['Streptomycetaceae']	['Unknown']	['Streptomyces']	['Unknown']											0.0	0.0	1.5706294775009155	1.0																								
521	YSNUPQBCFKUKMM	sirius	CC(C)C(C(=O)NC(C(C)C)C(=O)OC)NC(=O)C1CCCC1																																																																																												1.0	1.0	0.249	0.249	-136.013	0.8	0.333	33.322	C17H30N2O4	[M + H3N + H]+	C17H34N3O4+	InChI=1S/C17H30N2O4/c1-10(2)13(18-15(20)12-8-6-7-9-12)16(21)19-14(11(3)4)17(22)23-5/h10-14H,6-9H2,1-5H3,(H,18,20)(H,19,21)	methyl (2S)-2-[[(2S)-2-(cyclopentanecarbonylamino)-3-methylbutanoyl]amino]-3-methylbutanoate	CC(C)C(C(=O)NC(C(C)C)C(=O)OC)NC(=O)C1CCCC1	3.1	54525049	PUBCHEM:(54525049)	2.0	344.254	90.0	1.497	7.136869953599932e+17	7.136868221771697e+17	
524	KSIHMACFIAFKIG	gnps|isdb	N1(C(=O)[C@@H](NC(=O)[C@H]2N(C(=O)[C@@H](NC(=O)[C@@H](N)C(C)C)CC(C)C)CCC2)C(C)C)C(C(=O)N[C@H](C(=O)O)CCC(=O)N)CCC1	CCMSLIB00004679264	spectra_filtered.mgf	GNPS-LIBRARY.mgf	0.852549	35300100.0	0.0	3.46153	17.0	0.0022583	652.402	1.0	temp/spectra_filtered.mgf524	1.0	val-leu-pro-val-pro	LC-ESI	qTof	Lysate	Pieter Dorrestein	Daniel Petras	M+H	652.4	652.403	1.0	 	 	N1(C(=O)[C@@H](NC(=O)[C@H]2N(C(=O)[C@@H](NC(=O)[C@@H](N)C(C)C)CC(C)C)CCC2)C(C)C)C(C(=O)N[C@H](C(=O)O)CCC(=O)N)CCC1	InChI=1S/C31H53N7O8/c1-16(2)15-20(35-28(42)24(33)17(3)4)29(43)37-13-7-10-22(37)27(41)36-25(18(5)6)30(44)38-14-8-9-21(38)26(40)34-19(31(45)46)11-12-23(32)39/h16-22,24-25H,7-15,33H2,1-6H3,(H2,32,39)(H,34,40)(H,35,42)(H,36,41)(H,45,46)/t19-,20-,21?,22-,24-,25-/m0/s1	 	3.0	Positive	GNPS-LIBRARY	652.4	UPDATE-SINGLE-ANNOTATED-BRONZE	Bronze		C31H53N7O8	KSIHMACFIAFKIG-FSFMBLRGSA-N	Organic acids and derivatives	Carboxylic acids and derivatives	Amino acids, peptides, and analogues	Oligopeptides|Small peptides	Linear peptides|Tripeptides	Amino acids and Peptides	mzspec:GNPS:GNPS-LIBRARY:CCMSLIB00004679264	25.0	Fatty acids	0.25	Miscellaneous alkaloids	0.25	Rhamnolipids	0.25	1.0	0.26332012	ISDB															['Unknown']	['Unknown']	['Unknown']	['Unknown']	['Unknown']	['Unknown']	['Unknown']	['Unknown']	['Unknown']											0.0	0.0	1.053280472755432	1.0																								
524	VAYOHDABBSPZOH	sirius	CCC(C)C(C(=O)NC(CC(C)C)C(=O)NC(CC1=CC=C(C=C1)O)C(=O)N)NC(=O)C(CCC(=O)O)NC(=O)C(C(C)C)N																																																																																												1.0	1.0	0.125	0.125	-304.252	0.801	0.333	50.585	C31H50N6O8	[M + H3N + H]+	C31H54N7O8+	InChI=1S/C31H50N6O8/c1-7-18(6)26(37-28(42)21(12-13-24(39)40)34-30(44)25(32)17(4)5)31(45)36-23(14-16(2)3)29(43)35-22(27(33)41)15-19-8-10-20(38)11-9-19/h8-11,16-18,21-23,25-26,38H,7,12-15,32H2,1-6H3,(H2,33,41)(H,34,44)(H,35,43)(H,36,45)(H,37,42)(H,39,40)	H-Val-Glu-Ile-Leu-Tyr-NH2	CCC(C)C(C(=O)NC(CC(C)C)C(=O)NC(CC1=CC=C(C=C1)O)C(=O)N)NC(=O)C(CCC(=O)O)NC(=O)C(C(C)C)N	1.279	102585879	PUBCHEM:(102585879)	2.0	652.402	91.0	1.514	7.136869891901713e+17	7.136868222191127e+17	
525	KSIHMACFIAFKIG	gnps	[H]OC(=O)[C@@]([H])(N([H])C(=O)[C@]1([H])N(C(=O)[C@@]([H])(N([H])C(=O)[C@@]2([H])N(C(=O)[C@@]([H])(N([H])C(=O)[C@@]([H])(N([H])[H])C([H])(C([H])([H])[H])C([H])([H])[H])C([H])([H])C([H])(C([H])([H])[H])C([H])([H])[H])C([H])([H])C([H])([H])C2([H])[H])C([H])(C([H])([H])[H])C([H])([H])[H])C([H])([H])C([H])([H])C1([H])[H])C([H])([H])C([H])([H])C(=O)N([H])[H]	CCMSLIB00000577601	spectra_filtered.mgf	DEREPLICATOR_IDENTIFIED_LIBRARY.mgf	0.629994	9560160.0	0.0	2.61549	10.0	0.00170898	326.705	2.0	temp/spectra_filtered.mgf525	1.0	none_16904_dereplictor_pv_3.86203e-22				Pevzner		M+2H	326.704	0.0	2.0			[H]OC(=O)[C@@]([H])(N([H])C(=O)[C@]1([H])N(C(=O)[C@@]([H])(N([H])C(=O)[C@@]2([H])N(C(=O)[C@@]([H])(N([H])C(=O)[C@@]([H])(N([H])[H])C([H])(C([H])([H])[H])C([H])([H])[H])C([H])([H])C([H])(C([H])([H])[H])C([H])([H])[H])C([H])([H])C([H])([H])C2([H])[H])C([H])(C([H])([H])[H])C([H])([H])[H])C([H])([H])C([H])([H])C1([H])[H])C([H])([H])C([H])([H])C(=O)N([H])[H]	InChI=1S/C31H53N7O8/c1-16(2)15-20(35-28(42)24(33)17(3)4)29(43)37-13-7-10-22(37)27(41)36-25(18(5)6)30(44)38-14-8-9-21(38)26(40)34-19(31(45)46)11-12-23(32)39/h16-22,24-25H,7-15,33H2,1-6H3,(H2,32,39)(H,34,40)(H,35,42)(H,36,41)(H,45,46)/t19-,20-,21+,22-,24-,25-/m0/s1		3.0		DEREPLICATOR_IDENTIFIED_LIBRARY	326.704	UPDATE-SINGLE-ANNOTATED-BRONZE	Bronze		C31H53N7O8	KSIHMACFIAFKIG-AMAPAYRQSA-N	Organic acids and derivatives	Carboxylic acids and derivatives	Amino acids, peptides, and analogues	Oligopeptides|Small peptides	Linear peptides|Tripeptides	Amino acids and Peptides	mzspec:GNPS:GNPS-LIBRARY:CCMSLIB00000577601																																																																							
527	PNPGEHPADZCWTQ	sirius	CCCCC(C(=O)NC(CC(C)C)C(=O)NC(CC1=CC=CC=C1)C(=O)O)NC(=O)OC(C)(C)C																																																																																												1.0	1.0	0.201	0.201	-334.881	0.8	0.33	29.641	C26H41N3O6	[M + H3N + H]+	C26H45N4O6+	InChI=1S/C26H41N3O6/c1-7-8-14-19(29-25(34)35-26(4,5)6)22(30)27-20(15-17(2)3)23(31)28-21(24(32)33)16-18-12-10-9-11-13-18/h9-13,17,19-21H,7-8,14-16H2,1-6H3,(H,27,30)(H,28,31)(H,29,34)(H,32,33)	Boc-DL-Nle-DL-Leu-DL-Phe-OH	CCCCC(C(=O)NC(CC(C)C)C(=O)NC(CC1=CC=CC=C1)C(=O)O)NC(=O)OC(C)(C)C	4.484	5107922;21149570	MESH:(21149570);PUBCHEM:(5107922 21149570);DSSTox:(DTXSID00998751);PUBMED	137438953542.0	509.333	91.0	1.521	7.136870209368614e+17	7.136868222400844e+17	
528	ULSIYEODSMZIPX	sirius	C1=CC=C(C=C1)C(CN)O																																																																																												1.0	1.0	0.664	0.664	-23.936	0.989	0.333	22.738	C8H11NO	[M - H2O + H]+	C8H10N+	InChI=1S/C8H11NO/c9-6-8(10)7-4-2-1-3-5-7/h1-5,8,10H,6,9H2	Bisnorephedrine	C1=CC=C(C=C1)C(CN)O	0.315	6951163;6951164;6951165;15968885;4745144;643217;71751616;10606812;1000;450537	PUBCHEMANNOTATIONBIO:(null);HMDB:(HMDB0001065 HMDB0062626);MiMeDB:(MMDBc0031991);PUBCHEMANNOTATIONSAFETYANDTOXIC:(null);BloodExposome:(1000);SUPERNATURAL:(SN0373767);MESH:(1000);FooDB:(FDB022404);PUBCHEM:(6951163 6951164 6951165 15968885 4745144 643217 71751616 10606812 1000 450537);COCONUT:(CNP0107878);NORMAN:(NS00014647);METACYC:(PHENYLETHANOLAMINE);CHEBI:(57741 16343);KEGG:(C02735);DSSTox:(DTXSID10864094 DTXSID40963403 DTXSID60481694 DTXSID90426230);LOTUS:(Q7181429 Q72501909);PUBCHEMANNOTATIONDRUG:(null);PUBMED:(null)	139443046766.0	120.08	91.0	1.52	7.136869919332466e+17	7.136868223071932e+17	
529	OJXNSJRNAYHZJI	sirius	CC(C)C(C(=O)O)NC(=O)CCCC=C																																																																																												1.0	1.0	0.408	0.408	-255.035	0.8	0.333	46.745	C11H19NO3	[M + H3N + H]+	C11H23N2O3+	InChI=1S/C11H19NO3/c1-4-5-6-7-9(13)12-10(8(2)3)11(14)15/h4,8,10H,1,5-7H2,2-3H3,(H,12,13)(H,14,15)	(2S)-2-(Hex-5-enoylamino)-3-methylbutanoic acid	CC(C)C(C(=O)O)NC(=O)CCCC=C	1.9	119359893;119368688	PUBCHEMANNOTATIONSAFETYANDTOXIC:(null);PUBCHEM:(119359893 119368688)	67108866.0	231.17	91.0	1.522	7.136869865100108e+17	7.136868222862217e+17	
529	PNVLWFYAPWAQMU	gnps|isdb	CC[C@H](C)[C@H](NC(=O)[C@@H](N)C(C)C)C(=O)O	CCMSLIB00003134815	spectra_filtered.mgf	GNPS-NIST14-MATCHES.mgf	0.882048	153582000.0	0.0	3.23432	6.0	0.000747681	231.17	1.0	temp/spectra_filtered.mgf529	1.0	Spectral Match to Val-Ile from NIST14	ESI	qTof	Isolated	Data from Gabriel Haddad	Data deposited by mjmeehan	M+H	231.171	230.163	1.0	20556143		CC[C@H](C)[C@@H](C(=O)O)NC(=O)[C@H](C(C)C)N	InChI=1S/C11H22N2O3/c1-5-7(4)9(11(15)16)13-10(14)8(12)6(2)3/h6-9H,5,12H2,1-4H3,(H,13,14)(H,15,16)/t7-,8-,9-/m0/s1		3.0	Positive	GNPS-NIST14-MATCHES	231.171	UPDATE-SINGLE-ANNOTATED-BRONZE	Bronze		C11H22N2O3	PNVLWFYAPWAQMU-CIUDSAMLSA-N	Organic acids and derivatives	Carboxylic acids and derivatives	Amino acids, peptides, and analogues	Small peptides	Dipeptides	Amino acids and Peptides	mzspec:GNPS:GNPS-LIBRARY:CCMSLIB00003134815	7.0	Amino acids and Peptides	0.4761904761904761	Small peptides	0.4642857142857143	Dipeptides	0.4285714285714285	1.0	0.6085611	ISDB	http://www.wikidata.org/entity/Q27145071	PNVLWFYAPWAQMU-CIUDSAMLSA-N	InChI=1S/C11H22N2O3/c1-5-7(4)9(11(15)16)13-10(14)8(12)6(2)3/h6-9H,5,12H2,1-4H3,(H,13,14)(H,15,16)/t7-,8-,9-/m0/s1	CC[C@H](C)[C@H](NC(=O)[C@@H](N)C(C)C)C(=O)O	C11H22N2O3		230.163042564	Val-Ile	Amino acids and Peptides	Small peptides	Dipeptides	http://www.wikidata.org/entity/Q4688339	Aeromonas veronii	704628.0	['Bacteria']	['Unknown']	['Proteobacteria']	['Gammaproteobacteria']	['Aeromonadales']	['Aeromonadaceae']	['Unknown']	['Aeromonas']	['Aeromonas veronii']											0.0	3.0	3.934244394302368	1.0																								
530	ITZHIKXZFQDTKX	sirius	CC(C=O)NC(=O)C(C(C)O)NC(=O)C(CCC(=O)N)NC(=O)C(CCCCN)NC(=O)C(C(C)O)NC(=O)C(CCCN=C(N)N)N																																																																																												1.0	4.0	0.245	0.245	-337.1	0.087	0.116	27.545	C28H53N11O9	[M + K]+	C28H53KN11O9+	InChI=1S/C28H53N11O9/c1-14(13-40)35-26(47)21(15(2)41)39-25(46)19(9-10-20(31)43)36-24(45)18(8-4-5-11-29)37-27(48)22(16(3)42)38-23(44)17(30)7-6-12-34-28(32)33/h13-19,21-22,41-42H,4-12,29-30H2,1-3H3,(H2,31,43)(H,35,47)(H,36,45)(H,37,48)(H,38,44)(H,39,46)(H4,32,33,34)	H-Arg-Thr-Lys-Gln-Thr-Ala-al	CC(C=O)NC(=O)C(C(C)O)NC(=O)C(CCC(=O)N)NC(=O)C(CCCCN)NC(=O)C(C(C)O)NC(=O)C(CCCN=C(N)N)N	-5.9	118703106	PUBCHEMANNOTATIONBIO;PUBCHEM:(118703106)	16777218.0	726.367	91.0	1.524	7.13687021150771e+17	7.136868223281647e+17	
531	XCEZCXFVJLMPKG	isdb																																														7.0	Amino acids and Peptides	0.4761904761904761	Small peptides	0.4642857142857143	Dipeptides	0.4285714285714285	1.0	0.6320355	ISDB															['Unknown']	['Unknown']	['Unknown']	['Unknown']	['Unknown']	['Unknown']	['Unknown']	['Unknown']	['Unknown']											0.0	0.0	2.528141975402832	1.0																								
531	XMBSYZWANAQXEV	sirius	C1=CC=C(C=C1)CC(C(=O)O)NC(=O)C(CCC(=O)O)N																																																																																												1.0	2.0	0.982	0.993	-56.274	0.2	0.333	55.952	C14H18N2O5	[M - H2O + H]+	C14H17N2O4+	InChI=1S/C14H18N2O5/c15-10(6-7-12(17)18)13(19)16-11(14(20)21)8-9-4-2-1-3-5-9/h1-5,10-11H,6-8,15H2,(H,16,19)(H,17,18)(H,20,21)	4-amino-4-[(1-carboxy-2-phenylethyl)carbamoyl]butanoic acid	C1=CC=C(C=C1)CC(C(=O)O)NC(=O)C(CCC(=O)O)N	0.03	64889716;19365626;104901999;141796044;18653118	COCONUT:(CNP0224845);HMDB:(HMDB0029156);CHEBI:(157850);SUPERNATURAL:(SN0433952);PUBCHEM:(64889716 19365626 104901999 141796044 18653118);DSSTox:(DTXSID601310965);GNPS:(CCMSLIB00003138557);PUBMED:(null)	137442103402.0	277.118	92.0	1.527	7.136869895341042e+17	7.136868223491363e+17	
532	NJEYLEUCEPGDMG	sirius	CCC1(C(=O)NC(C(=O)N2CC(CC2C(=O)NC(C(=O)N1)CCCCCC(=O)C(C)O)C)CC3=CC=CC=C3)C																																																																																												1.0	1.0	0.203	0.203	-375.465	0.545	0.316	23.364	C30H44N4O6	[M + Na]+	C30H44N4NaO6+	InChI=1S/C30H44N4O6/c1-5-30(4)29(40)32-23(17-21-12-8-6-9-13-21)28(39)34-18-19(2)16-24(34)27(38)31-22(26(37)33-30)14-10-7-11-15-25(36)20(3)35/h6,8-9,12-13,19-20,22-24,35H,5,7,10-11,14-18H2,1-4H3,(H,31,38)(H,32,40)(H,33,37)	Fr235222	CCC1(C(=O)NC(C(=O)N2CC(CC2C(=O)NC(C(=O)N1)CCCCCC(=O)C(C)O)C)CC3=CC=CC=C3)C	2.7	9937606;10209646;71588560;44563529;11731378;44365254	COCONUT:(CNP0353412);BloodExposome:(10209646);SUPERNATURAL:(SN0247035);MESH:(10209646);PUBCHEM:(9937606 10209646 71588560 44563529 11731378 44365254);LOTUS:(Q77369241);PUBMED;KNAPSACK:(NJEYLEUCEPGDMG-UHFFFAOYSA-N)	275775574.0	579.314	92.0	1.532	7.136869860234714e+17	7.136868223701078e+17	
533	KFKWRHQBZQICHA	sirius	CC(C)CC(C(=O)NC(CC1=CC=CC=C1)C(=O)O)N																																																																																												1.0	1.0	0.639	0.698	-202.232	0.998	0.998	46.721	C15H22N2O3	[M + Na]+	C15H22N2NaO3+	InChI=1S/C15H22N2O3/c1-10(2)8-12(16)14(18)17-13(15(19)20)9-11-6-4-3-5-7-11/h3-7,10,12-13H,8-9,16H2,1-2H3,(H,17,18)(H,19,20)	2-(2-amino-4-methylpentanamido)-3-phenylpropanoic acid	CC(C)CC(C(=O)NC(CC1=CC=CC=C1)C(=O)O)N	1.557	103868977;103869028;6992311;6992309;6992310;6992312;6992313;6992314;6992315;6992316;129635912;12940412;61156965;259325	PUBCHEMANNOTATIONBIO:(null);HMDB:(HMDB0013243 HMDB0302841);MiMeDB:(MMDBc0000658);BloodExposome:(259325 6992310);SUPERNATURAL:(SN0184192);MESH:(259325 6992310);FooDB:(FDB006480 FDB111642);PUBCHEM:(103868977 103869028 6992311 6992309 6992310 6992312 6992313 6992314 6992315 6992316 129635912 12940412 61156965 259325);GNPS:(CCMSLIB00003134995 CCMSLIB00003137982);COCONUT:(CNP0118564);CHEBI:(73585);DSSTox:(DTXSID201044504 DTXSID301313172 DTXSID501036415 DTXSID60952899 DTXSID80426305);LOTUS:(Q27141902);PUBCHEMANNOTATIONDRUG:(null);PUBMED:(null)	139375677550.0	301.152	92.0	1.534	7.13687031103855e+17	7.136868223952736e+17	
534	RTQRKQRIFDCLKZ	sirius	CC(C)CC(C(=O)OC(C)(C)C)NC(=O)C(C)NC(=O)C(CC1=CC=CC=C1)NC(=O)COC2=CC=CC=C2																																																																																												1.0	1.0	0.828	0.828	-273.832	0.8	0.332	27.225	C30H41N3O6	[M + H3N + H]+	C30H45N4O6+	InChI=1S/C30H41N3O6/c1-20(2)17-25(29(37)39-30(4,5)6)33-27(35)21(3)31-28(36)24(18-22-13-9-7-10-14-22)32-26(34)19-38-23-15-11-8-12-16-23/h7-16,20-21,24-25H,17-19H2,1-6H3,(H,31,36)(H,32,34)(H,33,35)	tert-butyl 4-methyl-2-{2-[2-(2-phenoxyacetamido)-3-phenylpropanamido]propanamido}pentanoate	CC(C)CC(C(=O)OC(C)(C)C)NC(=O)C(C)NC(=O)C(CC1=CC=CC=C1)NC(=O)COC2=CC=CC=C2	4.736	75117387;45490432	COCONUT:(CNP0364003);SUPERNATURAL:(SN0335006);PUBCHEM:(75117387 45490432)	3145730.0	557.333	92.0	1.536	7.136869857424529e+17	7.136868224162451e+17	
535	UTGIMLSHGSMIJU	sirius	C1CCC(CC1)C(=O)NC(C2=CC=CC=C2)C(=O)O																																																																																												1.0	1.0	0.198	0.198	-437.512	0.8	0.333	42.521	C15H19NO3	[M + H3N + H]+	C15H23N2O3+	InChI=1S/C15H19NO3/c17-14(12-9-5-2-6-10-12)16-13(15(18)19)11-7-3-1-4-8-11/h1,3-4,7-8,12-13H,2,5-6,9-10H2,(H,16,17)(H,18,19)	N-Cyclohexanoyl-2-phenylglycine	C1CCC(CC1)C(=O)NC(C2=CC=CC=C2)C(=O)O	2.9	41097770;10377966;152957	MESH:(152957);PUBCHEM:(41097770 10377966 152957);DSSTox:(DTXSID10950921);PUBMED:(null)	137438953542.0	279.17	92.0	1.539	7.136870203244929e+17	7.136868224456052e+17	
536	GSHBZIROFLLWJC	sirius	CC(C)(C)OC(=O)N1CCCC1C(=O)N2CCC(CC2)C(=O)NC(CSC)C(=O)O																																																																																												1.0	1.0	0.21	0.21	-440.031	0.798	0.296	43.254	C20H33N3O6S	[M + H3N + H]+	C20H37N4O6S+	InChI=1S/C20H33N3O6S/c1-20(2,3)29-19(28)23-9-5-6-15(23)17(25)22-10-7-13(8-11-22)16(24)21-14(12-30-4)18(26)27/h13-15H,5-12H2,1-4H3,(H,21,24)(H,26,27)	2-[(1-{1-[(tert-butoxy)carbonyl]pyrrolidine-2-carbonyl}piperidin-4-yl)formamido]-3-(methylsulfanyl)propanoic acid	CC(C)(C)OC(=O)N1CCCC1C(=O)N2CCC(CC2)C(=O)NC(CSC)C(=O)O	1.2	16400542;3765266	COCONUT:(CNP0381315);SUPERNATURAL:(SN0114010);PUBCHEM:(16400542 3765266)	3145730.0	461.242	93.0	1.544	7.136869879906002e+17	7.136868224707711e+17	
537	HNWPAYLOEFDTJN	sirius	CCCCCC(=O)N1CCCC1C(=O)NC(CC2=CC=C(C=C2)O)C(=O)OC																																																																																												1.0	1.0	0.415	0.415	-425.83	0.8	0.333	28.625	C21H30N2O5	[M + H3N + H]+	C21H34N3O5+	InChI=1S/C21H30N2O5/c1-3-4-5-8-19(25)23-13-6-7-18(23)20(26)22-17(21(27)28-2)14-15-9-11-16(24)12-10-15/h9-12,17-18,24H,3-8,13-14H2,1-2H3,(H,22,26)	methyl (2R)-2-[[(2S)-1-hexanoylpyrrolidine-2-carbonyl]amino]-3-(4-hydroxyphenyl)propanoate	CCCCCC(=O)N1CCCC1C(=O)NC(CC2=CC=C(C=C2)O)C(=O)OC	3.1	9821787;15817423;15817424;56694129;45035588	PUBCHEMANNOTATIONBIO:(null);HMDB:(HMDB0251364);BloodExposome:(9821787);MESH:(9821787 56694129);PUBCHEM:(9821787 15817423 15817424 56694129 45035588);PUBMED:(null)	20971598.0	408.249	93.0	1.549	7.136870114199846e+17	7.136868225378799e+17	
537	NRFGTHFONZYFNY	isdb																																														1.0	Amino acids and Peptides	0.1219512195121951	Small peptides	0.1097560975609756	Tripeptides	0.073170731707317	1.0	0.59255177	ISDB															['Unknown']	['Unknown']	['Unknown']	['Unknown']	['Unknown']	['Unknown']	['Unknown']	['Unknown']	['Unknown']											0.0	0.0	2.3702070713043213	1.0																								
538	OCYROESYHWUPBP	sirius	CCC(C)C(C(=O)O)NC(=O)C1CCCN1																																																																																												1.0	1.0	0.523	0.75	-145.221	1.0	0.333	63.642	C11H20N2O3	[M - H2O + H]+	C11H19N2O2+	InChI=1S/C11H20N2O3/c1-3-7(2)9(11(15)16)13-10(14)8-5-4-6-12-8/h7-9,12H,3-6H2,1-2H3,(H,13,14)(H,15,16)	3-methyl-2-[(pyrrolidin-2-yl)formamido]pentanoic acid	CCC(C)C(C(=O)O)NC(=O)C1CCCN1	0.827	103869473;16397737;7079600;7079601;92174300;133126585;104901042;61159030;61173136;61174501;104014;3764656	COCONUT:(CNP0218391);HMDB:(HMDB0304810);METACYC:(CPD-20356);CHEBI:(74790);SUPERNATURAL:(SN0262042);MESH:(104014 7079601);FooDB:(FDB098399);PUBCHEM:(103869473 16397737 7079600 7079601 92174300 133126585 104901042 61159030 61173136 61174501 104014 3764656);DSSTox:(DTXSID20874265 DTXSID50966248);GNPS:(CCMSLIB00003135124 CCMSLIB00003136156);PUBMED:(null)	137978976366.0	211.144	93.0	1.554	7.136870008503375e+17	7.136868225630458e+17	
538	SZJNCZMRZAUNQT	gnps|isdb	CC(C)C[C@@H]1NC(=O)[C@@H]2CCCN2C1=O	CCMSLIB00005739084	spectra_filtered.mgf	MASSBANK.mgf	0.931956	42585300.0	0.0	0.0	9.0	0.0	211.144	1.0	temp/spectra_filtered.mgf538	1.0	Massbank:PR311142 Cyclo(leucylprolyl)	ESI	qTof	Isolated	Massbank	Massbank	M+H	211.144	0.0	1.0			O=C1NC(C(=O)N2CCCC12)CC(C)C	1S/C11H18N2O2/c1-7(2)6-8-11(15)13-5-3-4-9(13)10(14)12-8/h7-9H,3-6H2,1-2H3,(H,12,14)		3.0	Positive	MASSBANK	211.144	UPDATE-SINGLE-ANNOTATED-BRONZE	Bronze		C11H18N2O2	SZJNCZMRZAUNQT-UHFFFAOYSA-N	Organic acids and derivatives	Carboxylic acids and derivatives	Amino acids, peptides, and analogues	Small peptides	Dipeptides	Amino acids and Peptides	mzspec:GNPS:GNPS-LIBRARY:CCMSLIB00005739084	42.0	Amino acids and Peptides	0.7777777777777778	Small peptides	0.7777777777777778	Dipeptides	0.7777777777777778	1.0	0.8964575	ISDB	http://www.wikidata.org/entity/Q81988364	SZJNCZMRZAUNQT-IUCAKERBSA-N	InChI=1S/C11H18N2O2/c1-7(2)6-8-11(15)13-5-3-4-9(13)10(14)12-8/h7-9H,3-6H2,1-2H3,(H,12,14)/t8-,9-/m0/s1	CC(C)C[C@@H]1NC(=O)[C@@H]2CCCN2C1=O	C11H18N2O2		210.136827816	(3S,8aS)-3-Isobutylhexahydropyrrolo[1,2-a]pyrazine-1,4-dione	Amino acids and Peptides	Small peptides	Dipeptides	http://www.wikidata.org/entity/Q31856	Pseudomonas aeruginosa	216671.0	['Bacteria']	['Unknown']	['Proteobacteria']	['Gammaproteobacteria']	['Pseudomonadales']	['Pseudomonadaceae']	['Unknown']	['Pseudomonas']	['Pseudomonas aeruginosa']		['Bacteria']		['Proteobacteria']	['Gammaproteobacteria']	['Pseudomonadales']	['Pseudomonadaceae']		['Pseudomonas']	['Pseudomonas aeruginosa']	7.0	3.0	12.085829973220823	1.0																								
539	JNTMAZFVYNDPLB	sirius	CCC(C)C(C(=O)N1CCCC1C(=O)NC(C(C)CC)C(=O)O)N																																																																																												1.0	1.0	0.606	0.731	-181.78	1.0	0.999	37.283	C17H31N3O4	[M + Na]+	C17H31N3NaO4+	InChI=1S/C17H31N3O4/c1-5-10(3)13(18)16(22)20-9-7-8-12(20)15(21)19-14(17(23)24)11(4)6-2/h10-14H,5-9,18H2,1-4H3,(H,19,21)(H,23,24)	Diprotin A	CCC(C)C(C(=O)N1CCCC1C(=O)NC(C(C)CC)C(=O)O)N	1.243	124824909;7408144;7408145;124420575;98664144;3107;94701;13419895;46781405;11902899	PUBCHEMANNOTATIONBIO:(null);HMDB:(HMDB0251473);MiMeDB:(MMDBc0020920);PUBCHEMANNOTATIONSAFETYANDTOXIC:(null);BloodExposome:(3107 94701);SUPERNATURAL:(SN0170392);MESH:(94701);PUBCHEM:(124824909 7408144 7408145 124420575 98664144 3107 94701 13419895 46781405 11902899);GNPS:(CCMSLIB00003136514);COCONUT:(CNP0336221);CHEBI:(93213);DSSTox:(DTXSID80920277);LOTUS:(Q27164930);PUBCHEMANNOTATIONDRUG:(null);PUBMED:(null);KNAPSACK:(JNTMAZFVYNDPLB-UHFFFAOYSA-N)	138905915518.0	364.22	93.0	1.546	7.136870145363528e+17	7.136868224917426e+17	
540	OBXLIGQQGKBYRU	sirius	CCCC(C(=O)C(=O)NCC=C)NC(=O)C1C(CCN1C(=O)C(C(C)(C)C)NC(=O)NC(CCOC(=O)OC(C)C)C(C)C)C(C)C																																																																																												1.0	1.0	0.036	0.036	-384.259	0.8	0.254	32.885	C34H59N5O8	[M + H3N + H]+	C34H63N6O8+	InChI=1S/C34H59N5O8/c1-12-14-25(27(40)30(42)35-17-13-2)36-29(41)26-23(20(3)4)15-18-39(26)31(43)28(34(9,10)11)38-32(44)37-24(21(5)6)16-19-46-33(45)47-22(7)8/h13,20-26,28H,2,12,14-19H2,1,3-11H3,(H,35,42)(H,36,41)(H2,37,38,44)	[(3R)-3-[[1-[(3R)-2-[[1,2-dioxo-1-(prop-2-enylamino)hexan-3-yl]carbamoyl]-3-propan-2-ylpyrrolidin-1-yl]-3,3-dimethyl-1-oxobutan-2-yl]carbamoylamino]-4-methylpentyl] propan-2-yl carbonate	CCCC(C(=O)C(=O)NCC=C)NC(=O)C1C(CCN1C(=O)C(C(C)(C)C)NC(=O)NC(CCOC(=O)OC(C)C)C(C)C)C(C)C	5.8	143355526	PUBCHEM:(143355526)	2.0	683.47	94.0	1.563	7.136869862080207e+17	7.136868226301546e+17	
541	YDZCNFDFFOTRRU	sirius	CCCCCCCCCC(CCCCCCCCC)(CNC(=O)C(C(C(C(CO)O)O)O)O)CNC(=O)C(C(C(C(CO)O)O)O)O																																																																																												1.0	2.0	0.023	0.023	-356.942	0.109	0.401	25.419	C33H66N2O12	[M + Na]+	C33H66N2NaO12+	InChI=1S/C33H66N2O12/c1-3-5-7-9-11-13-15-17-33(18-16-14-12-10-8-6-4-2,21-34-31(46)29(44)27(42)25(40)23(38)19-36)22-35-32(47)30(45)28(43)26(41)24(39)20-37/h23-30,36-45H,3-22H2,1-2H3,(H,34,46)(H,35,47)	5,5'-[Nonadecane-10,10-diylbis(methyleneiminocarbonyl)]bis(pentane-1,2,3,4,5-pentol)	CCCCCCCCCC(CCCCCCCCC)(CNC(=O)C(C(C(C(CO)O)O)O)O)CNC(=O)C(C(C(C(CO)O)O)O)O	2.0	101986480	PUBCHEM:(101986480)	2.0	705.452	94.0	1.564	7.136870132654785e+17	7.136868226511261e+17	
542	SGTARGLTBKHQRV	sirius	CC(C)CC(C(=O)O)NC(=O)C(CC1=CC=C(C=C1)OCC=C)NC(=O)C																																																																																												1.0	1.0	0.591	0.591	-271.12	0.8	0.333	53.325	C20H28N2O5	[M + H3N + H]+	C20H32N3O5+	InChI=1S/C20H28N2O5/c1-5-10-27-16-8-6-15(7-9-16)12-17(21-14(4)23)19(24)22-18(20(25)26)11-13(2)3/h5-9,13,17-18H,1,10-12H2,2-4H3,(H,21,23)(H,22,24)(H,25,26)	(2S)-2-[[(2S)-2-acetamido-3-(4-prop-2-enoxyphenyl)propanoyl]amino]-4-methylpentanoic acid	CC(C)CC(C(=O)O)NC(=O)C(CC1=CC=C(C=C1)OCC=C)NC(=O)C	2.497	155436681;155436682	PUBCHEM:(155436681 155436682)	2.0	394.233	94.0	1.564	7.136870098177604e+17	7.136868226720977e+17	
543	JNTMAZFVYNDPLB	gnps	CC[C@H](C)[C@H](N)C(=O)N1CCC[C@H]1C(=O)N[C@H](C(=O)O)[C@@H](C)CC	CCMSLIB00012329398	spectra_filtered.mgf	MSNLIB-POSITIVE.mgf	0.76896	393186000.0	0.0	1.24839	6.0	0.000427246	342.239	1.0	temp/spectra_filtered.mgf543	1.0	diprotin A	ESI	Orbitrap	Crude	Tomas Pluskal	Corinna Brungs	[M+H]+	342.239	341.231	1.0			CC[C@H](C)[C@H](N)C(=O)N1CCC[C@H]1C(=O)N[C@H](C(=O)O)[C@@H](C)CC	InChI=1S/C17H31N3O4/c1-5-10(3)13(18)16(22)20-9-7-8-12(20)15(21)19-14(17(23)24)11(4)6-2/h10-14H,5-9,18H2,1-4H3,(H,19,21)(H,23,24)/t10-,11-,12-,13-,14-/m0/s1	JNTMAZFVYNDPLB-PEDHHIEDSA-N	1.0	Positive	MSNLIB-POSITIVE	342.239	UPDATE-SINGLE-ANNOTATED-GOLD	Gold		C17H31N3O4	JNTMAZFVYNDPLB-PEDHHIEDSA-N	Organic acids and derivatives	Carboxylic acids and derivatives	Amino acids, peptides, and analogues	Small peptides	Dipeptides	Amino acids and Peptides	mzspec:GNPS:GNPS-LIBRARY:CCMSLIB00012329398																																																																							
543	NWVKTWPLASMNKP	sirius	CCC(C)C(C(=O)N1CCCC1C(NC(C(C)CC)C(=O)O)(O)O)N																																																																																												1.0	2.0	0.433	0.215	-337.147	0.2	0.333	62.997	C17H33N3O5	[M - H2O + H]+	C17H32N3O4+	InChI=1S/C17H33N3O5/c1-5-10(3)13(18)15(21)20-9-7-8-12(20)17(24,25)19-14(16(22)23)11(4)6-2/h10-14,19,24-25H,5-9,18H2,1-4H3,(H,22,23)	(2S,3S)-2-[[[(2S)-1-[(2S,3S)-2-amino-3-methylpentanoyl]pyrrolidin-2-yl]-dihydroxymethyl]amino]-3-methylpentanoic acid	CCC(C)C(C(=O)N1CCCC1C(NC(C(C)CC)C(=O)O)(O)O)N	-1.6	447441	PUBCHEMANNOTATIONBIO:(null);PUBCHEM:(447441)	16777218.0	342.239	93.0	1.548	7.136869866777829e+17	7.136868225169084e+17	
544	NHQTWPIRJAOESO	sirius	CC(C)CC(C(=O)NC(CCCC(=O)O)C(=O)O)N																																																																																												1.0	1.0	0.323	0.323	-161.458	0.998	0.333	54.495	C12H22N2O5	[M - H2O + H]+	C12H21N2O4+	InChI=1S/C12H22N2O5/c1-7(2)6-8(13)11(17)14-9(12(18)19)4-3-5-10(15)16/h7-9H,3-6,13H2,1-2H3,(H,14,17)(H,15,16)(H,18,19)	(2R)-2-[[(2R)-2-amino-4-methylpentanoyl]amino]hexanedioic acid	CC(C)CC(C(=O)NC(CCCC(=O)O)C(=O)O)N	-0.008	107835595;107835629;107835636	PUBCHEM:(107835595 107835629 107835636)	2.0	257.15	94.0	1.567	7.136869890475649e+17	7.136868226049888e+17	
544	TYFQFVWCELRYAO	isdb	O=C(O)CCCCCCC(=O)O																																													103.0	Fatty acids	0.3333333333333333	Fatty Acids and Conjugates	0.3333333333333333	Dicarboxylic acids	0.3333333333333333	1.0	0.0	MS1_match	http://www.wikidata.org/entity/Q899074	TYFQFVWCELRYAO-UHFFFAOYSA-N	InChI=1S/C8H14O4/c9-7(10)5-3-1-2-4-6-8(11)12/h1-6H2,(H,9,10)(H,11,12)	O=C(O)CCCCCCC(=O)O	C8H14O4	pos_1_1proton2acetonitrile	174.089208928	Hydron;octanedioate	Fatty acids	Fatty Acids and Conjugates	Dicarboxylic acids	http://www.wikidata.org/entity/Q31856	Pseudomonas aeruginosa	216671.0	['Bacteria']	['Unknown']	['Proteobacteria']	['Gammaproteobacteria']	['Pseudomonadales']	['Pseudomonadaceae']	['Unknown']	['Pseudomonas']	['Pseudomonas aeruginosa']		['Bacteria']		['Proteobacteria']	['Gammaproteobacteria']	['Pseudomonadales']	['Pseudomonadaceae']		['Pseudomonas']	['Pseudomonas aeruginosa']	7.0	3.0	8.5	1.0																								
545	KDWGTTDKRDKZQC	sirius	CCC(C)C(C(=O)NC(C(C)C)C(=O)NC(C(C)O)C(=O)NC(CC(C)C)C(=O)O)N																																																																																												1.0	2.0	0.056	0.056	-202.372	0.2	0.333	32.186	C21H40N4O6	[M - H2O + H]+	C21H39N4O5+	InChI=1S/C21H40N4O6/c1-8-12(6)15(22)18(27)24-16(11(4)5)19(28)25-17(13(7)26)20(29)23-14(21(30)31)9-10(2)3/h10-17,26H,8-9,22H2,1-7H3,(H,23,29)(H,24,27)(H,25,28)(H,30,31)	H-DL-xiIle-DL-Val-DL-xiThr-DL-Leu-OH	CCC(C)C(C(=O)NC(C(C)C)C(=O)NC(C(C)O)C(=O)NC(CC(C)C)C(=O)O)N	0.737	22702388	PUBCHEM:(22702388)	2.0	427.291	94.0	1.571	7.136869872440141e+17	7.136868226930692e+17	
546	MDNWGZNJNJKROK	sirius	CC(C)C(=O)NC1=CC=CC=C1C(=O)O																																																																																												1.0	1.0	0.632	0.632	-69.646	0.985	0.333	44.508	C11H13NO3	[M - H2O + H]+	C11H12NO2+	InChI=1S/C11H13NO3/c1-7(2)10(13)12-9-6-4-3-5-8(9)11(14)15/h3-7H,1-2H3,(H,12,13)(H,14,15)	2-(2-Methylpropanoylamino)benzoate	CC(C)C(=O)NC1=CC=CC=C1C(=O)O	1.761	6952744;880187	PUBCHEMANNOTATIONSAFETYANDTOXIC:(null);PUBCHEM:(6952744 880187);DSSTox:(DTXSID60358195);PUBMED:(null)	137506062402.0	190.086	95.0	1.585	7.136870147334852e+17	7.13686822718235e+17	
547	PDPYJYDVMZXUKQ	sirius	CC(C)C1C(OC1=O)C(=O)NC(C(C)C)C(=O)NC(C(C)C)C(=O)O																																																																																												1.0	1.0	0.174	0.174	-304.0	0.8	0.333	58.507	C17H28N2O6	[M + H3N + H]+	C17H32N3O6+	InChI=1S/C17H28N2O6/c1-7(2)10-13(25-17(10)24)15(21)18-11(8(3)4)14(20)19-12(9(5)6)16(22)23/h7-13H,1-6H3,(H,18,21)(H,19,20)(H,22,23)	Cystargolide B	CC(C)C1C(OC1=O)C(=O)NC(C(C)C)C(=O)NC(C(C)C)C(=O)O	2.2	134576145;122177664;122204526;122204528	COCONUT:(CNP0281661);SUPERNATURAL:(SN0282596);MESH:(122177664 122204528);PUBCHEM:(134576145 122177664 122204526 122204528);LOTUS:(Q105206668);PUBMED:(null)	271581254.0	374.228	95.0	1.586	7.136869916857825e+17	7.136868227392065e+17	
548	OGGRSJFVXREKOR	isdb	CC[C@H](C)[C@H](NC(=O)[C@@H](N)CCSC)C(=O)O																																													43.0	Amino acids and Peptides	0.4	Small peptides	0.4	Dipeptides	0.3	1.0	0.5898608	ISDB	http://www.wikidata.org/entity/Q27144842	OGGRSJFVXREKOR-CIUDSAMLSA-N	InChI=1S/C11H22N2O3S/c1-4-7(2)9(11(15)16)13-10(14)8(12)5-6-17-3/h7-9H,4-6,12H2,1-3H3,(H,13,14)(H,15,16)/t7-,8-,9-/m0/s1	CC[C@H](C)[C@H](NC(=O)[C@@H](N)CCSC)C(=O)O	C11H22N2O3S		262.135113564	(2S,3S)-2-[[(2S)-2-azaniumyl-4-methylsulfanylbutanoyl]amino]-3-methylpentanoate	Amino acids and Peptides	Small peptides	Dipeptides	http://www.wikidata.org/entity/Q158695	Arabidopsis thaliana	309263.0	['Eukaryota']	['Archaeplastida']	['Streptophyta']	['Magnoliopsida']	['Brassicales']	['Brassicaceae']	['Camelineae']	['Arabidopsis']	['Arabidopsis thaliana']											0.0	3.0	3.859443187713623	1.0																								
548	QOGLOPIIXCXZFO	sirius	CCCCN(C)CC1C(C(CO1)NS(=O)(=O)C)O																																																																																												1.0	1.0	0.01	0.01	-586.662	0.998	0.333	81.106	C11H24N2O4S	[M - H2O + H]+	C11H23N2O3S+	InChI=1S/C11H24N2O4S/c1-4-5-6-13(2)7-10-11(14)9(8-17-10)12-18(3,15)16/h9-12,14H,4-8H2,1-3H3	N-(5-{[butyl(methyl)amino]methyl}-4-hydroxyoxolan-3-yl)methanesulfonamide	CCCCN(C)CC1C(C(CO1)NS(=O)(=O)C)O	-0.2	163077639;125417676	COCONUT:(CNP0380324);SUPERNATURAL:(SN0310801);PUBCHEM:(163077639 125417676)	3145730.0	263.142	96.0	1.598	7.136869912160205e+17	7.13686822760178e+17	
549	VKVDRTGWLVZJOM	isdb	CC(C)C[C@H](N)C(=O)N[C@H](C(=O)N[C@@H](CO)C(=O)O)C(C)C																																													39.0	Amino acids and Peptides	0.2	Small peptides	0.2	Tripeptides	0.2	1.0	0.26211888	ISDB	http://www.wikidata.org/entity/Q27141628	VKVDRTGWLVZJOM-DCAQKATOSA-N	InChI=1S/C14H27N3O5/c1-7(2)5-9(15)12(19)17-11(8(3)4)13(20)16-10(6-18)14(21)22/h7-11,18H,5-6,15H2,1-4H3,(H,16,20)(H,17,19)(H,21,22)/t9-,10-,11-/m0/s1	CC(C)C[C@H](N)C(=O)N[C@H](C(=O)N[C@@H](CO)C(=O)O)C(C)C	C14H27N3O5		317.195070964	Leu-Val-Ser	Amino acids and Peptides	Small peptides	Tripeptides	http://www.wikidata.org/entity/Q33244	Trypanosoma brucei	494245.0	['Eukaryota']	['Unknown']	['Unknown']	['Unknown']	['Kinetoplastea']	['Unknown']	['Unknown']	['Trypanosoma']	['Trypanosoma brucei']											0.0	3.0	2.548475503921509	1.0																								
549	XXISCGZTUNMEFW	sirius	CC(C)(CN1CCCN(C1=O)CC(C)(C)C(=O)O)C(=O)O																																																																																												1.0	2.0	0.027	0.027	-260.123	0.144	0.333	109.121	C14H24N2O5	[M + H3N + H]+	C14H28N3O5+	InChI=1S/C14H24N2O5/c1-13(2,10(17)18)8-15-6-5-7-16(12(15)21)9-14(3,4)11(19)20/h5-9H2,1-4H3,(H,17,18)(H,19,20)	Dihydro-alpha,alpha,alpha',alpha'-tetramethyl-2-oxo-2H,4H-pyrimidine-1,3-dipropionic acid	CC(C)(CN1CCCN(C1=O)CC(C)(C)C(=O)O)C(=O)O	0.7	100481	NORMAN:(NS00030160);PUBCHEM:(100481);DSSTox:(DTXSID30190620);PUBMED:(null)	137439215682.0	318.202	96.0	1.598	7.136870135800515e+17	7.136868227811496e+17	
550	NVGGIHKSKVAPEY	sirius	CCCCCCC#CC1=NC(=C2C(=N1)N(C=N2)C3C(C(C(O3)CO)O)O)N																																																																																												1.0	3.0	0.029	0.029	-306.707	0.133	0.159	105.298	C18H25N5O4	[M + H3N + H]+	C18H29N6O4+	InChI=1S/C18H25N5O4/c1-2-3-4-5-6-7-8-12-21-16(19)13-17(22-12)23(10-20-13)18-15(26)14(25)11(9-24)27-18/h10-11,14-15,18,24-26H,2-6,9H2,1H3,(H2,19,21,22)	2-(6-Amino-2-oct-1-ynylpurin-9-yl)-5-(hydroxymethyl)oxolane-3,4-diol	CCCCCCC#CC1=NC(=C2C(=N1)N(C=N2)C3C(C(C(O3)CO)O)O)N	1.368	9799762;146370155;13830119;146207;46875357;57306020;57832492	PUBCHEMANNOTATIONBIO:(null);BloodExposome:(146207);MESH:(146207);PUBCHEM:(9799762 146370155 13830119 146207 46875357 57306020 57832492);DSSTox:(DTXSID10238211);PUBMED:(null)	137459925062.0	393.223	96.0	1.598	7.136870020666858e+17	7.136868228272869e+17	
550	UYOVOOPXFQQWGM	isdb	CC(=O)OC[C@]1(C)CCC[C@@]2(C)[C@H]1C(=O)C=C(C)[C@]21CC[C@@](C)(CC(=O)O)O1																																													88.0	Terpenoids	0.5	Diterpenoids	0.5	Labdane diterpenoids	0.5	1.0	0.2022704	ISDB	http://www.wikidata.org/entity/Q105281766	UYOVOOPXFQQWGM-KNOXWWKRSA-N	InChI=1S/C22H32O6/c1-14-11-16(24)18-19(3,13-27-15(2)23)7-6-8-21(18,5)22(14)10-9-20(4,28-22)12-17(25)26/h11,18H,6-10,12-13H2,1-5H3,(H,25,26)/t18-,19-,20-,21-,22+/m0/s1	CC(=O)OC[C@]1(C)CCC[C@@]2(C)[C@H]1C(=O)C=C(C)[C@]21CC[C@@](C)(CC(=O)O)O1	C22H32O6		392.219888744	2-[(2'S,4R,4aS,8R,8aS)-4-(acetyloxymethyl)-2',4,7,8a-tetramethyl-5-oxospiro[1,2,3,4a-tetrahydronaphthalene-8,5'-oxolane]-2'-yl]acetic acid	Terpenoids	Diterpenoids	Labdane diterpenoids	http://www.wikidata.org/entity/Q12059153	Grindelia hirsutula	278958.0	['Eukaryota']	['Archaeplastida']	['Streptophyta']	['Magnoliopsida']	['Asterales']	['Asteraceae']	['Astereae']	['Grindelia']	['Grindelia hirsutula']											0.0	3.0	2.3090816140174866	1.0																								
551	CGWAPUBOXJWXMS	gnps|sirius	C1=CC=C(C=C1)CC(C(=O)O)NC(=O)C(CC2=CC=C(C=C2)O)N	CCMSLIB00003138775	spectra_filtered.mgf	GNPS-NIST14-MATCHES.mgf	0.92648	28033800.0	0.0	4.07951	8.0	0.00134277	329.15	1.0	temp/spectra_filtered.mgf551	1.0	Spectral Match to Tyr-Phe from NIST14	ESI	qTof	Isolated	Data from Pieter C. Dorrestein	Data deposited by daniel	M+H	329.151	328.142	1.0			C1=CC=C(C=C1)CC(C(=O)O)NC(=O)C(CC2=CC=C(C=C2)O)N	InChI=1S/C18H20N2O4/c19-15(10-13-6-8-14(21)9-7-13)17(22)20-16(18(23)24)11-12-4-2-1-3-5-12/h1-9,15-16,21H,10-11,19H2,(H,20,22)(H,23,24)		3.0	Positive	GNPS-NIST14-MATCHES	329.151	UPDATE-SINGLE-ANNOTATED-BRONZE	Bronze		C18H20N2O4	CGWAPUBOXJWXMS-UHFFFAOYSA-N	Organic acids and derivatives	Carboxylic acids and derivatives	Amino acids, peptides, and analogues	Small peptides	Dipeptides	Amino acids and Peptides	mzspec:GNPS:GNPS-LIBRARY:CCMSLIB00003138775																																																1.0	3.0	0.839	0.982	-82.474	0.258	0.333	42.296	C18H20N2O4	[M + H]+	C18H21N2O4+	InChI=1S/C18H20N2O4/c19-15(10-13-6-8-14(21)9-7-13)17(22)20-16(18(23)24)11-12-4-2-1-3-5-12/h1-9,15-16,21H,10-11,19H2,(H,20,22)(H,23,24)	2-[2-amino-3-(4-hydroxyphenyl)propanamido]-3-phenylpropanoic acid	C1=CC=C(C=C1)CC(C(=O)O)NC(=O)C(CC2=CC=C(C=C2)O)N	1.622	9996594;5255823;7009599;7009600;40520327;40520329;40520331;3421919;44369253	PUBCHEMANNOTATIONBIO:(null);COCONUT:(CNP0315754);HMDB:(HMDB0029112);BloodExposome:(3421919);CHEBI:(75005);SUPERNATURAL:(SN0045415);FooDB:(FDB112115);PUBCHEM:(9996594 5255823 7009599 7009600 40520327 40520329 40520331 3421919 44369253);DSSTox:(DTXSID70828430 DTXSID90392345);GNPS:(CCMSLIB00003138775);PUBCHEMANNOTATIONDRUG:(null);PUBMED:(null)	138033500266.0	329.15	96.0	1.598	7.136870012655738e+17	7.136868228063154e+17	
551	FSXRLASFHBWESK	isdb	N[C@@H](Cc1ccccc1)C(=O)N[C@@H](Cc1ccc(O)cc1)C(=O)O																																													7.0	Amino acids and Peptides	0.4761904761904761	Small peptides	0.4642857142857143	Dipeptides	0.4285714285714285	2.0	0.26574612	ISDB	http://www.wikidata.org/entity/Q27142982	FSXRLASFHBWESK-HOTGVXAUSA-N	InChI=1S/C18H20N2O4/c19-15(10-12-4-2-1-3-5-12)17(22)20-16(18(23)24)11-13-6-8-14(21)9-7-13/h1-9,15-16,21H,10-11,19H2,(H,20,22)(H,23,24)/t15-,16-/m0/s1	N[C@@H](Cc1ccccc1)C(=O)N[C@@H](Cc1ccc(O)cc1)C(=O)O	C18H20N2O4		328.14230712	CID 7009556	Amino acids and Peptides	Small peptides	Dipeptides	http://www.wikidata.org/entity/Q4688339	Aeromonas veronii	704628.0	['Bacteria']	['Unknown']	['Proteobacteria']	['Gammaproteobacteria']	['Aeromonadales']	['Aeromonadaceae']	['Unknown']	['Aeromonas']	['Aeromonas veronii']											0.0	3.0	2.5629844665527344	1.0																								
553	HIPIVCGGQBFNBS	sirius	CCN(CC)C(=O)OC[Si](C)(CC(C)C)COC(=O)N(CC)CC																																																																																												1.0	2.0	0.015	0.015	-301.693	0.193	0.0	44.143	C17H36N2O4Si	[M - H2O + H]+	C17H35N2O3Si+	InChI=1S/C17H36N2O4Si/c1-8-18(9-2)16(20)22-13-24(7,12-15(5)6)14-23-17(21)19(10-3)11-4/h15H,8-14H2,1-7H3	[diethylcarbamoyloxymethyl-methyl-(2-methylpropyl)silyl]methyl N,N-diethylcarbamate	CCN(CC)C(=O)OC[Si](C)(CC(C)C)COC(=O)N(CC)CC	3.985	141623473	PUBCHEM:(141623473)	2.0	343.242	94.0	1.56	7.136870097590401e+17	7.136868225840173e+17	
554	QSACCXVHEVWNMX	sirius	CC(=O)NC1=CC=CC=C1C(=O)O																																																																																												1.0	1.0	0.09	0.293	-107.884	0.999	0.333	46.697	C9H9NO3	[M - H2O + H]+	C9H8NO2+	InChI=1S/C9H9NO3/c1-6(11)10-8-5-3-2-4-7(8)9(12)13/h2-5H,1H3,(H,10,11)(H,12,13)	N-Acetyl-Orto-Aminobenzoic Acid	CC(=O)NC1=CC=CC=C1C(=O)O	0.794	5460071;6971;132564697	PUBCHEMANNOTATIONBIO:(null);MiMeDB:(MMDBc0030323);PUBCHEMANNOTATIONSAFETYANDTOXIC:(null);BloodExposome:(5460071 6971);SUPERNATURAL:(SN0313623);MESH:(6971);PUBCHEM:(5460071 6971 132564697);COCONUT:(CNP0241625);NORMAN:(NS00017743 NS00083944);METACYC:(N-ACETYLANTHRANILATE);CHEBI:(16803 36555);KEGG:(C06332);DSSTox:(DTXSID30182863 DTXSID9058991);LOTUS:(Q6951344);PUBCHEMANNOTATIONDRUG:(null);PUBMED:(null)	138906175846.0	162.055	97.0	1.616	7.136870163189322e+17	7.136868228482584e+17	
555	IWIANZLCJVYEFX	sirius	C1CC(NC1)C(=O)NC(CC2=CC=CC=C2)C(=O)O																																																																																												1.0	1.0	0.83	0.83	-173.581	0.982	0.333	54.823	C14H18N2O3	[M - H2O + H]+	C14H17N2O2+	InChI=1S/C14H18N2O3/c17-13(11-7-4-8-15-11)16-12(14(18)19)9-10-5-2-1-3-6-10/h1-3,5-6,11-12,15H,4,7-9H2,(H,16,17)(H,18,19)	3-phenyl-2-[(pyrrolidin-2-yl)formamido]propanoic acid	C1CC(NC1)C(=O)NC(CC2=CC=CC=C2)C(=O)O	1.314	103868978;103869007;5226097;53938781;7081633;6351946;56845412;61157145;61174540;1770052;1770053;44369053	PUBCHEMANNOTATIONBIO:(null);COCONUT:(CNP0401040);HMDB:(HMDB0011179);BloodExposome:(5226097);CHEBI:(74795);SUPERNATURAL:(SN0157008);FooDB:(FDB027951);PUBCHEM:(103868978 103869007 5226097 53938781 7081633 6351946 56845412 61157145 61174540 1770052 1770053 44369053);DSSTox:(DTXSID70874553);GNPS:(CCMSLIB00003139555 CCMSLIB00003135281);PUBMED:(null)	137999945834.0	245.128	97.0	1.62	7.136870026413056e+17	7.136868228734243e+17	
555	QZBUWPVZSXDWSB	isdb	O=C1N[C@@H](Cc2ccccc2)C(=O)N2CCC[C@@H]12																																													42.0	Amino acids and Peptides	0.7777777777777778	Small peptides	0.7777777777777778	Dipeptides	0.7777777777777778	1.0	0.79626423	ISDB	http://www.wikidata.org/entity/Q27104973	QZBUWPVZSXDWSB-RYUDHWBXSA-N	InChI=1S/C14H16N2O2/c17-13-12-7-4-8-16(12)14(18)11(15-13)9-10-5-2-1-3-6-10/h1-3,5-6,11-12H,4,7-9H2,(H,15,17)/t11-,12-/m0/s1	O=C1N[C@@H](Cc2ccccc2)C(=O)N2CCC[C@@H]12	C14H16N2O2		244.121177752	Cyclo(L-Phe-L-Pro)	Amino acids and Peptides	Small peptides	Dipeptides	http://www.wikidata.org/entity/Q7162857	Penicillium bilaiae	448566.0	['Eukaryota']	['Fungi']	['Ascomycota']	['Eurotiomycetes']	['Eurotiales']	['Trichocomaceae']	['Unknown']	['Penicillium']	['Penicillium bilaiae']											0.0	3.0	4.685056924819946	1.0																								
556	DQUHYEDEGRNAFO	sirius	CC(C)(C)OC(=O)NC(CCCCN)C(=O)O																																																																																												1.0	2.0	0.113	0.113	-288.837	0.2	0.333	19.749	C11H22N2O4	[M - H2O + H]+	C11H21N2O3+	InChI=1S/C11H22N2O4/c1-11(2,3)17-10(16)13-8(9(14)15)6-4-5-7-12/h8H,4-7,12H2,1-3H3,(H,13,16)(H,14,15)	6-amino-2-{[(tert-butoxy)carbonyl]amino}hexanoic acid	CC(C)(C)OC(=O)NC(CCCCN)C(=O)O	-1.6	58756956;6992652;87265104;23323290;58219024;7018769;7018770;140957027;100148;2733284	COCONUT:(CNP0024899);NORMAN:(NS00051581);PUBCHEMANNOTATIONSAFETYANDTOXIC:(null);MESH:(2733284);PUBCHEM:(58756956 6992652 87265104 23323290 58219024 7018769 7018770 140957027 100148 2733284);DSSTox:(DTXSID10910101);PUBMED:(null)	137508421702.0	229.154	97.0	1.623	7.136869849119807e+17	7.136868229153673e+17	
557	FVYQEZHJPQIKGW	sirius	CCC=CC(=O)NC(CC1=CC=CC=C1)C(=O)O																																																																																												1.0	1.0	0.437	0.437	-185.265	0.8	0.333	29.857	C14H17NO3	[M + H3N + H]+	C14H21N2O3+	InChI=1S/C14H17NO3/c1-2-3-9-13(16)15-12(14(17)18)10-11-7-5-4-6-8-11/h3-9,12H,2,10H2,1H3,(H,15,16)(H,17,18)	N-pentenoylphenylalanine	CCC=CC(=O)NC(CC1=CC=CC=C1)C(=O)O	2.453	129660725	PUBCHEM:(129660725)	2.0	265.155	97.0	1.623	7.136869911069684e+17	7.136868228943958e+17	
557	GJNDXQBALKCYSZ	gnps	CC(C)[C@H](N)C(=O)N[C@@H](Cc1ccccc1)C(=O)O	CCMSLIB00012288639	spectra_filtered.mgf	MSNLIB-POSITIVE.mgf	0.974136	59387600.0	0.0	1.7264	7.0	0.000457764	265.155	1.0	temp/spectra_filtered.mgf557	1.0	H-VAL-PHE-OH	ESI	Orbitrap	Crude	Tomas Pluskal	Corinna Brungs	[M+H]+	265.155	264.147	1.0			CC(C)[C@H](N)C(=O)N[C@@H](Cc1ccccc1)C(=O)O	InChI=1S/C14H20N2O3/c1-9(2)12(15)13(17)16-11(14(18)19)8-10-6-4-3-5-7-10/h3-7,9,11-12H,8,15H2,1-2H3,(H,16,17)(H,18,19)/t11-,12-/m0/s1	GJNDXQBALKCYSZ-RYUDHWBXSA-N	1.0	Positive	MSNLIB-POSITIVE	265.155	UPDATE-SINGLE-ANNOTATED-GOLD	Gold		C14H20N2O3	GJNDXQBALKCYSZ-RYUDHWBXSA-N	Organic acids and derivatives	Carboxylic acids and derivatives	Amino acids, peptides, and analogues	Small peptides	Dipeptides	Amino acids and Peptides	mzspec:GNPS:GNPS-LIBRARY:CCMSLIB00012288639																																																																							
558	QKNOLJBQLJGNKI	sirius	CC1C(NC(=O)C(NC(=O)C(NC(=O)C(NC1=O)C(C)C)C)CC2=CC=C(C=C2)O)CC=CCCC(=O)O																																																																																												1.0	1.0	0.201	0.201	-382.999	0.708	0.25	69.611	C27H38N4O7	[M - H2O + H]+	C27H37N4O6+	InChI=1S/C27H38N4O7/c1-15(2)23-27(38)28-17(4)25(36)30-21(14-18-10-12-19(32)13-11-18)26(37)29-20(16(3)24(35)31-23)8-6-5-7-9-22(33)34/h5-6,10-13,15-17,20-21,23,32H,7-9,14H2,1-4H3,(H,28,38)(H,29,37)(H,30,36)(H,31,35)(H,33,34)	6-{8-[(4-hydroxyphenyl)methyl]-5,12-dimethyl-3,6,9,13-tetraoxo-2-(propan-2-yl)-1,4,7,10-tetraazacyclotridecan-11-yl}hex-4-enoic acid	CC1C(NC(=O)C(NC(=O)C(NC(=O)C(NC1=O)C(C)C)C)CC2=CC=C(C=C2)O)CC=CCCC(=O)O	2.1	163051691;163051692;16095114	PUBCHEMANNOTATIONBIO;COCONUT:(CNP0335575);SUPERNATURAL:(SN0307979);PUBCHEM:(163051691 163051692 16095114);LOTUS:(Q105223223);PUBMED	288358466.0	513.269	98.0	1.627	7.136870623388392e+17	7.13686822936339e+17	
559	OMQNYWZURFTFHE	sirius	CCCNC(=O)C1C(O1)C(=O)NC(C(C)CC)C(=O)N2CCCC2C(=O)OCC3=CC=CC=C3																																																																																												1.0	1.0	0.53	0.53	-316.229	0.8	0.333	31.181	C25H35N3O6	[M + H3N + H]+	C25H39N4O6+	InChI=1S/C25H35N3O6/c1-4-13-26-22(29)20-21(34-20)23(30)27-19(16(3)5-2)24(31)28-14-9-12-18(28)25(32)33-15-17-10-7-6-8-11-17/h6-8,10-11,16,18-21H,4-5,9,12-15H2,1-3H3,(H,26,29)(H,27,30)	Benzyl N-({(2s,3s)-3-[(Propylamino)carbonyl]oxiran-2-Yl}carbonyl)-L-Isoleucyl-L-Prolinate	CCCNC(=O)C1C(O1)C(=O)NC(C(C)CC)C(=O)N2CCCC2C(=O)OCC3=CC=CC=C3	2.7	22850133;19103160	PUBCHEMANNOTATIONBIO:(null);NORMAN:(NS00071201);PUBCHEM:(22850133 19103160)	17039362.0	491.286	98.0	1.628	7.136869863590157e+17	7.136868229573105e+17	
559	RITYBYCZDREYDS	isdb	CC(C)C[C@H](NC(=O)[C@@H]1CCCN1C(=O)[C@@H](NC(=O)[C@@H](N)Cc1ccc(O)cc1)C(C)C)C(=O)O																																													1.0	Amino acids and Peptides	0.1219512195121951	Small peptides	0.1097560975609756	Tripeptides	0.073170731707317	1.0	0.42012662	ISDB	http://www.wikidata.org/entity/Q105237133	RITYBYCZDREYDS-TUFLPTIASA-N	InChI=1S/C25H38N4O6/c1-14(2)12-19(25(34)35)27-23(32)20-6-5-11-29(20)24(33)21(15(3)4)28-22(31)18(26)13-16-7-9-17(30)10-8-16/h7-10,14-15,18-21,30H,5-6,11-13,26H2,1-4H3,(H,27,32)(H,28,31)(H,34,35)/t18-,19-,20-,21-/m0/s1	CC(C)C[C@H](NC(=O)[C@@H]1CCCN1C(=O)[C@@H](NC(=O)[C@@H](N)Cc1ccc(O)cc1)C(C)C)C(=O)O	C25H38N4O6		490.279134936	l-Tyrosyl-l-valyl-l-prolyl-l-leucine	Amino acids and Peptides	Small peptides	Tripeptides	http://www.wikidata.org/entity/Q7254484	Pseudoalteromonas haloplanktis	749117.0	['Bacteria']	['Unknown']	['Proteobacteria']	['Gammaproteobacteria']	['Alteromonadales']	['Pseudoalteromonadaceae']	['Unknown']	['Pseudoalteromonas']	['Pseudoalteromonas haloplanktis']											0.0	3.0	3.180506467819214	1.0																								
561	MVXNIMXNLQSDDH	sirius	COC1=CC=CC2=NC(=O)C=C(C21)C(=O)NCCOC3=CC=CC=C3OCC4CC4																																																																																												1.0	2.0	0.075	0.075	-318.696	0.189	0.162	55.388	C23H24N2O5	[M + H3N + H]+	C23H28N3O5+	InChI=1S/C23H24N2O5/c1-28-20-8-4-5-17-22(20)16(13-21(26)25-17)23(27)24-11-12-29-18-6-2-3-7-19(18)30-14-15-9-10-15/h2-8,13,15,22H,9-12,14H2,1H3,(H,24,27)		COC1=CC=CC2=NC(=O)C=C(C21)C(=O)NCCOC3=CC=CC=C3OCC4CC4	2.3	156906884	PUBCHEMANNOTATIONBIO:(null);PUBCHEM:(156906884)	16777218.0	426.202	98.0	1.634	7.136870164741215e+17	7.136868230453908e+17	
562	NHXZRXLFOBFMDM	isdb	CC(C)C[C@H](NC(=O)[C@@H]1CCCN1C(=O)[C@@H](N)C(C)C)C(=O)O																																													1.0	Amino acids and Peptides	0.1219512195121951	Small peptides	0.1097560975609756	Tripeptides	0.073170731707317	1.0	0.8591153	ISDB	http://www.wikidata.org/entity/Q82892954	NHXZRXLFOBFMDM-AVGNSLFASA-N	InChI=1S/C16H29N3O4/c1-9(2)8-11(16(22)23)18-14(20)12-6-5-7-19(12)15(21)13(17)10(3)4/h9-13H,5-8,17H2,1-4H3,(H,18,20)(H,22,23)/t11-,12-,13-/m0/s1	CC(C)C[C@H](NC(=O)[C@@H]1CCCN1C(=O)[C@@H](N)C(C)C)C(=O)O	C16H29N3O4		327.215806408	CID 7408179	Amino acids and Peptides	Small peptides	Dipeptides	http://www.wikidata.org/entity/Q131307	Bacillus cereus	5284557.0	['Bacteria']	['Unknown']	['Firmicutes']	['Bacilli']	['Bacillales']	['Bacillaceae']	['Unknown']	['Bacillus']	['Bacillus cereus']											0.0	2.0	4.436461210250855	1.0																								
562	QWWPYKKLXWOITQ	sirius	CC(C)CC(C(=O)NC(C(C)O)C(=O)NC(CC(C)C)C(=O)O)N																																																																																												1.0	2.0	0.431	0.431	-247.414	0.2	0.333	63.128	C16H31N3O5	[M - H2O + H]+	C16H30N3O4+	InChI=1S/C16H31N3O5/c1-8(2)6-11(17)14(21)19-13(10(5)20)15(22)18-12(16(23)24)7-9(3)4/h8-13,20H,6-7,17H2,1-5H3,(H,18,22)(H,19,21)(H,23,24)	2-[[2-[(2-Amino-4-methylpentanoyl)amino]-3-hydroxybutanoyl]amino]-4-methylpentanoic acid	CC(C)CC(C(=O)NC(C(C)O)C(=O)NC(CC(C)C)C(=O)O)N	0.319	10291247;18222264	CHEBI:(159535);PUBCHEM:(10291247 18222264)	34.0	328.223	98.0	1.631	7.136869949783114e+17	7.136868230244193e+17	
563	GKZIWHRNKRBEOH	gnps	C1=CC=C(C=C1)CC(C(=O)NC(CC2=CC=CC=C2)C(=O)O)N	CCMSLIB00003138708	spectra_filtered.mgf	GNPS-NIST14-MATCHES.mgf	0.982675	142835000.0	0.0	1.75414	6.0	0.000549316	313.155	1.0	temp/spectra_filtered.mgf563	1.0	Spectral Match to Phe-Phe from NIST14	ESI	Ion Trap	Isolated	Data from Pieter Dorrestein	Data deposited by daniel	M+H	313.154	312.147	1.0	2577404		C1=CC=C(C=C1)CC(C(=O)NC(CC2=CC=CC=C2)C(=O)O)N	InChI=1S/C18H20N2O3/c19-15(11-13-7-3-1-4-8-13)17(21)20-16(18(22)23)12-14-9-5-2-6-10-14/h1-10,15-16H,11-12,19H2,(H,20,21)(H,22,23)		3.0	Positive	GNPS-NIST14-MATCHES	313.154	UPDATE-SINGLE-ANNOTATED-BRONZE	Bronze		C18H20N2O3	GKZIWHRNKRBEOH-UHFFFAOYSA-N	Organic acids and derivatives	Carboxylic acids and derivatives	Amino acids, peptides, and analogues	Small peptides	Dipeptides	Amino acids and Peptides	mzspec:GNPS:GNPS-LIBRARY:CCMSLIB00003138708																																																																							
563	YFHVCODMDZNZEA	sirius	C1=CC=C(C=C1)CC(C(=O)O)NC(=O)C=CC2=CC=CC=C2																																																																																												1.0	1.0	0.616	0.616	-204.415	0.8	0.333	30.175	C18H17NO3	[M + H3N + H]+	C18H21N2O3+	InChI=1S/C18H17NO3/c20-17(12-11-14-7-3-1-4-8-14)19-16(18(21)22)13-15-9-5-2-6-10-15/h1-12,16H,13H2,(H,19,20)(H,21,22)	(2R)-3-phenyl-2-[[(Z)-3-phenylprop-2-enoyl]amino]propanoic acid	C1=CC=C(C=C1)CC(C(=O)O)NC(=O)C=CC2=CC=CC=C2	3.17	6919200;6247145;6435245;92523935;92523936;36690741;52111;275092	PUBCHEM:(6919200 6247145 6435245 92523935 92523936 36690741 52111 275092);PUBMED:(null)	66.0	313.155	99.0	1.649	7.136869873782318e+17	7.136868231124997e+17	
564	ZZOJKZUDMDSPPF	sirius	CC(C=C[Si](C)(C)C(C)(C)C)C(C=O)NC(=O)OC(C)(C)C																																																																																												1.0	1.0	0.048	0.048	-306.937	0.8	0.333	62.112	C17H33NO3Si	[M + H3N + H]+	C17H37N2O3Si+	InChI=1S/C17H33NO3Si/c1-13(10-11-22(8,9)17(5,6)7)14(12-19)18-15(20)21-16(2,3)4/h10-14H,1-9H3,(H,18,20)	tert-butyl N-[(2S,3S)-5-[tert-butyl(dimethyl)silyl]-3-methyl-1-oxopent-4-en-2-yl]carbamate	CC(C=C[Si](C)(C)C(C)(C)C)C(C=O)NC(=O)OC(C)(C)C	4.373	155622715;155622784	PUBCHEM:(155622715 155622784)	2.0	345.258	99.0	1.646	7.136870203454644e+17	7.136868230873339e+17	
565	FPPCCQGECVKLDY	sirius	CC(C)CC(C(=O)NC(C(C)C)C(=O)NC(CC(C)C)C(=O)O)N																																																																																												1.0	1.0	0.782	0.782	-69.63	0.999	0.997	36.558	C17H33N3O4	[M + Na]+	C17H33N3NaO4+	InChI=1S/C17H33N3O4/c1-9(2)7-12(18)15(21)20-14(11(5)6)16(22)19-13(17(23)24)8-10(3)4/h9-14H,7-8,18H2,1-6H3,(H,19,22)(H,20,21)(H,23,24)	Leu-Val-Leu	CC(C)CC(C(=O)NC(C(C)C)C(=O)NC(CC(C)C)C(=O)O)N	1.487	23276434;14211309;11515702	CHEBI:(159646);PUBCHEM:(23276434 14211309 11515702);DSSTox:(DTXSID40467916);PUBMED:(null)	137438953570.0	366.236	99.0	1.651	7.136870147796225e+17	7.136868231334712e+17	
567	VOBMWJBVCVIDJJ	sirius	CC(C)C(C(=O)NC(C(C)C)C(=O)NC(CC1=CC=C(C=C1)O)C(=O)N2CCCC2C(=O)O)N																																																																																												1.0	2.0	0.81	0.81	-207.996	0.2	0.333	50.085	C24H36N4O6	[M - H2O + H]+	C24H35N4O5+	InChI=1S/C24H36N4O6/c1-13(2)19(25)21(30)27-20(14(3)4)22(31)26-17(12-15-7-9-16(29)10-8-15)23(32)28-11-5-6-18(28)24(33)34/h7-10,13-14,17-20,29H,5-6,11-12,25H2,1-4H3,(H,26,31)(H,27,30)(H,33,34)	H-DL-Val-DL-Val-DL-Tyr-DL-Pro-OH	CC(C)C(C(=O)NC(C(C)C)C(=O)NC(CC1=CC=C(C=C1)O)C(=O)N2CCCC2C(=O)O)N	1.276	17980096;9891161;10390242	BloodExposome:(9891161);MESH:(9891161);PUBCHEM:(17980096 9891161 10390242);PUBMED:(null)	4194374.0	459.26	100.0	1.662	7.136869949112026e+17	7.136868231921915e+17	
567	WXZSUBHBYQYTNM	isdb	COc1c(NC(=O)C2NCCC[C@H]2O)ccc2c1[C@@H]1CO[C@@H]3[C@H]4C[C@@H](CO)[C@@H]([C@H](C2)N31)N4C																																													1.0	Amino acids and Peptides	0.1219512195121951	Small peptides	0.1097560975609756	Tripeptides	0.073170731707317	1.0	0.24760042	ISDB	http://www.wikidata.org/entity/Q82902149	WXZSUBHBYQYTNM-WMDJANBXSA-N	InChI=1S/C24H34N4O5/c1-27-16-9-13(10-29)21(27)15-8-12-5-6-14(26-23(31)20-18(30)4-3-7-25-20)22(32-2)19(12)17-11-33-24(16)28(15)17/h5-6,13,15-18,20-21,24-25,29-30H,3-4,7-11H2,1-2H3,(H,26,31)/t13-,15-,16+,17-,18+,20?,21-,24+/m0/s1	COc1c(NC(=O)C2NCCC[C@H]2O)ccc2c1[C@@H]1CO[C@@H]3[C@H]4C[C@@H](CO)[C@@H]([C@H](C2)N31)N4C	C24H34N4O5		458.252920188	Tetrazomine	Alkaloids	Tyrosine alkaloids	Morphinan alkaloids	http://www.wikidata.org/entity/Q26283624	Saccharothrix mutabilis	820469.0	['Bacteria']	['Unknown']	['Actinobacteria']	['Unknown']	['Pseudonocardiales']	['Pseudonocardiaceae']	['Unknown']	['Saccharothrix']	['Saccharothrix mutabilis']		['Bacteria']									1.0	0.0	1.9904016852378843	1.0																								
568	QFCZPEBYWMBLRX	sirius	CCCCCS(=O)(=O)CC(=O)NC1=CC=C(C=C1)NC(=O)CN2CCOCC2																																																																																												1.0	1.0	0.051	0.051	-219.202	0.998	0.33	20.456	C19H29N3O5S	[M - H2O + H]+	C19H28N3O4S+	InChI=1S/C19H29N3O5S/c1-2-3-4-13-28(25,26)15-19(24)21-17-7-5-16(6-8-17)20-18(23)14-22-9-11-27-12-10-22/h5-8H,2-4,9-15H2,1H3,(H,20,23)(H,21,24)	2-morpholin-4-yl-N-[4-[(2-pentylsulfonylacetyl)amino]phenyl]acetamide	CCCCCS(=O)(=O)CC(=O)NC1=CC=C(C=C1)NC(=O)CN2CCOCC2	1.7	56474361	PUBCHEM:(56474361)	2.0	394.179	101.0	1.676	7.136870228830186e+17	7.136868232173573e+17	
569	HIPIVCGGQBFNBS	sirius	CCN(CC)C(=O)OC[Si](C)(CC(C)C)COC(=O)N(CC)CC																																																																																												1.0	1.0	0.008	0.008	-231.792	0.929	0.002	28.886	C17H36N2O4Si	[M - H2O + H]+	C17H35N2O3Si+	InChI=1S/C17H36N2O4Si/c1-8-18(9-2)16(20)22-13-24(7,12-15(5)6)14-23-17(21)19(10-3)11-4/h15H,8-14H2,1-7H3	[diethylcarbamoyloxymethyl-methyl-(2-methylpropyl)silyl]methyl N,N-diethylcarbamate	CCN(CC)C(=O)OC[Si](C)(CC(C)C)COC(=O)N(CC)CC	3.985	141623473	PUBCHEM:(141623473)	2.0	343.242	99.0	1.648	7.136870075444474e+17	7.136868229824763e+17	
570	AJCHMYCBPJPVPA	sirius	CC(C)CC(C(C(=O)NC(C(C)C)C(=O)NC(C(C)C)C(=O)O)O)N																																																																																												1.0	1.0	0.229	0.229	-307.159	0.784	0.333	28.153	C17H33N3O5	[M - H2O + H]+	C17H32N3O4+	InChI=1S/C17H33N3O5/c1-8(2)7-11(18)14(21)16(23)19-12(9(3)4)15(22)20-13(10(5)6)17(24)25/h8-14,21H,7,18H2,1-6H3,(H,19,23)(H,20,22)(H,24,25)	2-[2-(3-amino-2-hydroxy-5-methylhexanamido)-3-methylbutanamido]-3-methylbutanoic acid	CC(C)CC(C(C(=O)NC(C(C)C)C(=O)NC(C(C)C)C(=O)O)O)N	-0.9	162877219;121434254;121434256	COCONUT:(CNP0142549);SUPERNATURAL:(SN0006979);PUBCHEM:(162877219 121434254 121434256)	3145730.0	342.239	99.0	1.651	7.1368700749831e+17	7.136868230663624e+17	
570	JNTMAZFVYNDPLB	isdb	CC[C@H](C)[C@H](N)C(=O)N1CCC[C@H]1C(=O)N[C@H](C(=O)O)[C@@H](C)CC																																													1.0	Amino acids and Peptides	0.1219512195121951	Small peptides	0.1097560975609756	Tripeptides	0.073170731707317	2.0	0.8136367	ISDB	http://www.wikidata.org/entity/Q27164930	JNTMAZFVYNDPLB-PEDHHIEDSA-N	InChI=1S/C17H31N3O4/c1-5-10(3)13(18)16(22)20-9-7-8-12(20)15(21)19-14(17(23)24)11(4)6-2/h10-14H,5-9,18H2,1-4H3,(H,19,21)(H,23,24)/t10-,11-,12-,13-,14-/m0/s1	CC[C@H](C)[C@H](N)C(=O)N1CCC[C@H]1C(=O)N[C@H](C(=O)O)[C@@H](C)CC	C17H31N3O4		341.231456472	(2S,3S)-2-[[(2S)-1-[(2S,3S)-2-azaniumyl-3-methylpentanoyl]pyrrolidine-2-carbonyl]amino]-3-methylpentanoate	Amino acids and Peptides	Small peptides	Dipeptides	http://www.wikidata.org/entity/Q131307	Bacillus cereus	5284557.0	['Bacteria']	['Unknown']	['Firmicutes']	['Bacilli']	['Bacillales']	['Bacillaceae']	['Unknown']	['Bacillus']	['Bacillus cereus']											0.0	2.0	4.254546880722046	1.0																								
572	JVWZZAVZXFCXBV	sirius	CC(C)C(C(=O)N)N(C)C(=O)C(C(C)C)N(C)C(=O)C(CC1=CC=C(C=C1)OC)O																																																																																												1.0	1.0	0.044	0.044	-485.244	0.8	0.333	58.287	C22H35N3O5	[M + H3N + H]+	C22H39N4O5+	InChI=1S/C22H35N3O5/c1-13(2)18(20(23)27)24(5)22(29)19(14(3)4)25(6)21(28)17(26)12-15-8-10-16(30-7)11-9-15/h8-11,13-14,17-19,26H,12H2,1-7H3,(H2,23,27)		CC(C)C(C(=O)N)N(C)C(=O)C(C(C)C)N(C)C(=O)C(CC1=CC=C(C=C1)OC)O	2.2	163110276;156581233	COCONUT:(CNP0430535);SUPERNATURAL:(SN0176728);PUBCHEM:(163110276 156581233);LOTUS:(Q110169961)	271581186.0	439.292	102.0	1.694	7.136869849539237e+17	7.136868232425231e+17	
573	HIWFGKURPYYVGU	sirius	CC(=O)NC(CC=CC1=CC=CC=C1)C(=O)OC																																																																																												1.0	1.0	0.183	0.183	-355.321	0.8	0.333	31.36	C14H17NO3	[M + H3N + H]+	C14H21N2O3+	InChI=1S/C14H17NO3/c1-11(16)15-13(14(17)18-2)10-6-9-12-7-4-3-5-8-12/h3-9,13H,10H2,1-2H3,(H,15,16)	methyl 2-acetamido-5-phenylpent-4-enoate	CC(=O)NC(CC=CC1=CC=CC=C1)C(=O)OC	1.988	101207218;76591546;66776807;11010278;91089205;57683470;57683479	COCONUT:(CNP0211142);PUBCHEM:(101207218 76591546 66776807 11010278 91089205 57683470 57683479);DSSTox:(DTXSID90735753)	137441050626.0	265.155	102.0	1.699	7.136869994326627e+17	7.13686823267689e+17	
574	BAYFTTOREOSFMU	sirius	CCC(C)C(C(=O)N1CCCC1C(=O)O)NC(=O)C2CCCN2C(=O)C(CC(C)C)N																																																																																												1.0	1.0	0.617	0.617	-90.08	1.0	0.997	45.014	C22H38N4O5	[M + Na]+	C22H38N4NaO5+	InChI=1S/C22H38N4O5/c1-5-14(4)18(21(29)26-11-7-9-17(26)22(30)31)24-19(27)16-8-6-10-25(16)20(28)15(23)12-13(2)3/h13-18H,5-12,23H2,1-4H3,(H,24,27)(H,30,31)	H-DL-Leu-DL-Pro-DL-xiIle-DL-Pro-OH	CCC(C)C(C(=O)N1CCCC1C(=O)O)NC(=O)C2CCCN2C(=O)C(CC(C)C)N	-0.5	18300131	PUBCHEM:(18300131)	2.0	461.273	102.0	1.706	7.136869994913829e+17	7.136868232886605e+17	
575	WUKLZPHVWAMZQV	sirius	CCC(C)C(C(=O)NC(CCC(=O)O)C(=O)NC(C(C)C)C(=O)O)N																																																																																												1.0	2.0	0.315	0.315	-154.745	0.2	0.333	55.235	C16H29N3O6	[M - H2O + H]+	C16H28N3O5+	InChI=1S/C16H29N3O6/c1-5-9(4)12(17)15(23)18-10(6-7-11(20)21)14(22)19-13(8(2)3)16(24)25/h8-10,12-13H,5-7,17H2,1-4H3,(H,18,23)(H,19,22)(H,20,21)(H,24,25)	4-[(2-Amino-3-methylpentanoyl)amino]-5-[(1-carboxy-2-methylpropyl)amino]-5-oxopentanoic acid	CCC(C)C(C(=O)NC(CCC(=O)O)C(=O)NC(C(C)C)C(=O)O)N	-0.04	145456142;18221715	CHEBI:(158408);PUBCHEM:(145456142 18221715)	34.0	342.204	98.0	1.629	7.136870046965147e+17	7.136868230034478e+17	
576	DLCOFDAHNMMQPP	sirius	CC(C)CC(C(=O)NC(CC(=O)O)C(=O)NC(CC(C)C)C(=O)O)N																																																																																												1.0	2.0	0.548	0.548	-114.518	0.27	0.333	60.141	C16H29N3O6	[M + H]+	C16H30N3O6+	InChI=1S/C16H29N3O6/c1-8(2)5-10(17)14(22)18-11(7-13(20)21)15(23)19-12(16(24)25)6-9(3)4/h8-12H,5-7,17H2,1-4H3,(H,18,22)(H,19,23)(H,20,21)(H,24,25)	2-[[2-[(2-Amino-4-methylpentanoyl)amino]-3-carboxypropanoyl]amino]-4-methylpentanoic acid	CC(C)CC(C(=O)NC(CC(=O)O)C(=O)NC(CC(C)C)C(=O)O)N	-0.04	9885188;18222038	CHEBI:(159057);PUBCHEM:(9885188 18222038)	34.0	360.213	103.0	1.713	7.136870144902154e+17	7.13686823309632e+17	
576	PDQDCFBVYXEFSD	isdb	CC(C)C[C@H](NC(=O)[C@@H](N)CC(C)C)C(=O)N[C@@H](CC(=O)O)C(=O)O																																													1.0	Amino acids and Peptides	0.1219512195121951	Small peptides	0.1097560975609756	Tripeptides	0.073170731707317	1.0	0.462709	ISDB	http://www.wikidata.org/entity/Q27140681	PDQDCFBVYXEFSD-SRVKXCTJSA-N	InChI=1S/C16H29N3O6/c1-8(2)5-10(17)14(22)18-11(6-9(3)4)15(23)19-12(16(24)25)7-13(20)21/h8-12H,5-7,17H2,1-4H3,(H,18,22)(H,19,23)(H,20,21)(H,24,25)/t10-,11-,12-/m0/s1	CC(C)C[C@H](NC(=O)[C@@H](N)CC(C)C)C(=O)N[C@@H](CC(=O)O)C(=O)O	C16H29N3O6		359.205635648	Leu-Leu-Asp	Amino acids and Peptides	Small peptides	Tripeptides	http://www.wikidata.org/entity/Q33244	Trypanosoma brucei	494245.0	['Eukaryota']	['Unknown']	['Unknown']	['Unknown']	['Kinetoplastea']	['Unknown']	['Unknown']	['Trypanosoma']	['Trypanosoma brucei']											0.0	3.0	3.350836038589477	1.0																								
577	IWIANZLCJVYEFX	sirius	C1CC(NC1)C(=O)NC(CC2=CC=CC=C2)C(=O)O																																																																																												1.0	1.0	0.442	0.442	-187.833	0.916	0.333	66.328	C14H18N2O3	[M - H2O + H]+	C14H17N2O2+	InChI=1S/C14H18N2O3/c17-13(11-7-4-8-15-11)16-12(14(18)19)9-10-5-2-1-3-6-10/h1-3,5-6,11-12,15H,4,7-9H2,(H,16,17)(H,18,19)	3-phenyl-2-[(pyrrolidin-2-yl)formamido]propanoic acid	C1CC(NC1)C(=O)NC(CC2=CC=CC=C2)C(=O)O	1.314	103868978;103869007;5226097;53938781;7081633;6351946;56845412;61157145;61174540;1770052;1770053;44369053	PUBCHEMANNOTATIONBIO:(null);COCONUT:(CNP0401040);HMDB:(HMDB0011179);BloodExposome:(5226097);CHEBI:(74795);SUPERNATURAL:(SN0157008);FooDB:(FDB027951);PUBCHEM:(103868978 103869007 5226097 53938781 7081633 6351946 56845412 61157145 61174540 1770052 1770053 44369053);DSSTox:(DTXSID70874553);GNPS:(CCMSLIB00003139555 CCMSLIB00003135281);PUBMED:(null)	137999945834.0	245.128	103.0	1.717	7.136869917822516e+17	7.136868233347978e+17	
578	BKBHOVGGQVBAAY	sirius	CC(C)C(C(=O)NC(C(C)C)C(=O)O)NC(=O)C1CCCCC1																																																																																												1.0	1.0	0.447	0.447	-143.616	0.8	0.333	59.804	C17H30N2O4	[M + H3N + H]+	C17H34N3O4+	InChI=1S/C17H30N2O4/c1-10(2)13(16(21)19-14(11(3)4)17(22)23)18-15(20)12-8-6-5-7-9-12/h10-14H,5-9H2,1-4H3,(H,18,20)(H,19,21)(H,22,23)	(2S)-2-[[(2S)-2-(cyclohexanecarbonylamino)-3-methylbutanoyl]amino]-3-methylbutanoic acid	CC(C)C(C(=O)NC(C(C)C)C(=O)O)NC(=O)C1CCCCC1	3.3	70223074	PUBCHEM:(70223074)	2.0	344.254	99.0	1.652	7.136870027000259e+17	7.136868231544428e+17	
578	FPPCCQGECVKLDY	isdb																																														1.0	Amino acids and Peptides	0.1219512195121951	Small peptides	0.1097560975609756	Tripeptides	0.073170731707317	1.0	0.7154811	ISDB															['Unknown']	['Unknown']	['Unknown']	['Unknown']	['Unknown']	['Unknown']	['Unknown']	['Unknown']	['Unknown']											0.0	0.0	2.861924409866333	1.0																								
579	OXRVFGIFRDORPX	sirius	CC(C1CCC(C(O1)OC2C(CC(C(C2NC)O)OC)O)N)N																																																																																												1.0	1.0	0.012	0.012	-347.57	0.993	0.995	25.19	C15H31N3O5	[M + K]+	C15H31KN3O5+	InChI=1S/C15H31N3O5/c1-7(16)10-5-4-8(17)15(22-10)23-14-9(19)6-11(21-3)13(20)12(14)18-2/h7-15,18-20H,4-6,16-17H2,1-3H3	2-[3-Amino-6-(1-aminoethyl)oxan-2-yl]oxy-5-methoxy-3-(methylamino)cyclohexane-1,4-diol	CC(C1CCC(C(O1)OC2C(CC(C(C2NC)O)OC)O)N)N	-2.2	196186	MESH:(196186);PUBCHEM:(196186);DSSTox:(DTXSID401001819);PUBMED:(null)	137438953542.0	372.189	104.0	1.733	7.136870061099953e+17	7.136868233977124e+17	
580	REKRTOLWJQMGGP	sirius	CCC(C)C(C(=O)OC)NC(=O)C(C)N1CC2=CC=CC=C2C1=O																																																																																												1.0	1.0	0.033	0.07	-419.576	0.799	0.333	29.766	C18H24N2O4	[M + H3N + H]+	C18H28N3O4+	InChI=1S/C18H24N2O4/c1-5-11(2)15(18(23)24-4)19-16(21)12(3)20-10-13-8-6-7-9-14(13)17(20)22/h6-9,11-12,15H,5,10H2,1-4H3,(H,19,21)	methyl 3-methyl-2-[2-(1-oxo-2,3-dihydro-1H-isoindol-2-yl)propanamido]pentanoate	CCC(C)C(C(=O)OC)NC(=O)C(C)N1CC2=CC=CC=C2C1=O	2.3	85511022;39378422	COCONUT:(CNP0271170);SUPERNATURAL:(SN0323115);PUBCHEM:(85511022 39378422)	3145730.0	350.207	104.0	1.734	7.136869896221846e+17	7.136868233767409e+17	
581	CGWAPUBOXJWXMS	sirius	C1=CC=C(C=C1)CC(C(=O)O)NC(=O)C(CC2=CC=C(C=C2)O)N																																																																																												1.0	2.0	0.797	0.945	-76.225	0.161	0.325	93.16	C18H20N2O4	[M - H2O + H]+	C18H19N2O3+	InChI=1S/C18H20N2O4/c19-15(10-13-6-8-14(21)9-7-13)17(22)20-16(18(23)24)11-12-4-2-1-3-5-12/h1-9,15-16,21H,10-11,19H2,(H,20,22)(H,23,24)	2-[2-amino-3-(4-hydroxyphenyl)propanamido]-3-phenylpropanoic acid	C1=CC=C(C=C1)CC(C(=O)O)NC(=O)C(CC2=CC=C(C=C2)O)N	1.622	9996594;5255823;7009599;7009600;40520327;40520329;40520331;3421919;44369253	PUBCHEMANNOTATIONBIO:(null);COCONUT:(CNP0315754);HMDB:(HMDB0029112);BloodExposome:(3421919);CHEBI:(75005);SUPERNATURAL:(SN0045415);FooDB:(FDB112115);PUBCHEM:(9996594 5255823 7009599 7009600 40520327 40520329 40520331 3421919 44369253);DSSTox:(DTXSID70828430 DTXSID90392345);GNPS:(CCMSLIB00003138775);PUBCHEMANNOTATIONDRUG:(null);PUBMED:(null)	138033500266.0	311.139	104.0	1.735	7.136870077080252e+17	7.136868234186839e+17	
581	GRWVBLRIPRGGPD	isdb	O=C1N[C@@H](Cc2ccc(O)cc2)C(=O)N[C@H]1Cc1ccccc1																																													42.0	Amino acids and Peptides	0.7777777777777778	Small peptides	0.7777777777777778	Dipeptides	0.7777777777777778	1.0	0.6184267	ISDB	http://www.wikidata.org/entity/Q27139754	GRWVBLRIPRGGPD-HOTGVXAUSA-N	InChI=1S/C18H18N2O3/c21-14-8-6-13(7-9-14)11-16-18(23)19-15(17(22)20-16)10-12-4-2-1-3-5-12/h1-9,15-16,21H,10-11H2,(H,19,23)(H,20,22)/t15-,16-/m0/s1	O=C1N[C@@H](Cc2ccc(O)cc2)C(=O)N[C@H]1Cc1ccccc1	C18H18N2O3		310.131742436	cyclo(L-tyrosyl-L-phenylalanyl)	Amino acids and Peptides	Small peptides	Dipeptides	http://www.wikidata.org/entity/Q158015	Portulaca oleracea	883494.0	['Eukaryota']	['Archaeplastida']	['Streptophyta']	['Magnoliopsida']	['Caryophyllales']	['Portulacaceae']	['Unknown']	['Portulaca']	['Portulaca oleracea']											0.0	3.0	3.9737067222595215	1.0																								
582	VMKCFZOFQZWKPR	sirius	CC1=NC(=CS1)C2=C(N=C(S2)C3=CC=CC=C3)O																																																																																												1.0	3.0	0.167	0.167	-88.356	0.135	0.333	40.466	C13H10N2OS2	[M + H]+	C13H11N2OS2+	InChI=1S/C13H10N2OS2/c1-8-14-10(7-17-8)11-12(16)15-13(18-11)9-5-3-2-4-6-9/h2-7,16H,1H3	5-(2-Methyl-1,3-thiazol-4-yl)-2-phenyl-1,3-thiazol-4-ol	CC1=NC(=CS1)C2=C(N=C(S2)C3=CC=CC=C3)O	3.7	86025630	PUBCHEM:(86025630)	2.0	275.031	104.0	1.741	7.136870283901402e+17	7.136868234396554e+17	
583	OFXUPDJWFBSIGG	isdb	CC(C)[C@H](COC(=O)[C@H](NC=O)C(C)C)NC=O																																													-1.0							1.0	0.2162492	ISDB	http://www.wikidata.org/entity/Q105191458	OFXUPDJWFBSIGG-WDEREUQCSA-N	InChI=1S/C12H22N2O4/c1-8(2)10(13-6-15)5-18-12(17)11(9(3)4)14-7-16/h6-11H,5H2,1-4H3,(H,13,15)(H,14,16)/t10-,11+/m0/s1	CC(C)[C@H](COC(=O)[C@H](NC=O)C(C)C)NC=O	C12H22N2O4		258.157957184	[(2R)-2-formamido-3-methylbutyl] (2R)-2-formamido-3-methylbutanoate	Amino acids and Peptides	Small peptides	Dipeptides	http://www.wikidata.org/entity/Q10702744	Trichoderma polysporum	3798177.0	['Eukaryota']	['Fungi']	['Ascomycota']	['Sordariomycetes']	['Hypocreales']	['Hypocreaceae']	['Unknown']	['Hypocrea']	['Trichoderma polysporum']											0.0	0.0	0.8649967908859253	1.0																								
583	WRDLRBISLUXLKZ	sirius	CC(C)(C)OC(=O)NC1CC(CC=C1)C(=O)O																																																																																												1.0	2.0	0.071	0.071	-197.062	0.092	0.333	71.981	C12H19NO4	[M + H3N + H]+	C12H23N2O4+	InChI=1S/C12H19NO4/c1-12(2,3)17-11(16)13-9-6-4-5-8(7-9)10(14)15/h4,6,8-9H,5,7H2,1-3H3,(H,13,16)(H,14,15)	5-Boc-amino-cyclohex-3-enecarboxylic acid	CC(C)(C)OC(=O)NC1CC(CC=C1)C(=O)O	1.5	124203333;59781721;11622842;24720886;24720905	PUBCHEMANNOTATIONSAFETYANDTOXIC:(null);PUBCHEM:(124203333 59781721 11622842 24720886 24720905)	67108866.0	259.165	105.0	1.749	7.136870181392604e+17	7.13686823460627e+17	
585	ZGNOBLPNALARAO	sirius	CC(C)C(CO)N=C(C)C1=C(CC(CC1=O)(C)C)O																																																																																												1.0	2.0	0.348	0.348	-171.61	0.069	0.333	43.33	C15H25NO3	[M + H3N + H]+	C15H29N2O3+	InChI=1S/C15H25NO3/c1-9(2)11(8-17)16-10(3)14-12(18)6-15(4,5)7-13(14)19/h9,11,17-18H,6-8H2,1-5H3	3-hydroxy-2-[N-[(2R)-1-hydroxy-3-methylbutan-2-yl]-C-methylcarbonimidoyl]-5,5-dimethylcyclohex-2-en-1-one	CC(C)C(CO)N=C(C)C1=C(CC(CC1=O)(C)C)O	1.8	163171367;137796094;136269310	COCONUT:(CNP0471186);PUBCHEM:(163171367 137796094 136269310)	2097154.0	285.217	106.0	1.762	7.136869983379492e+17	7.136868235067643e+17	
586	ASUSNOUQHQMQFW	sirius	CC(=O)NC(CC1=CC=CC=C1)C(=O)NCC=CC(=O)O																																																																																												1.0	1.0	0.158	0.158	-321.988	0.755	0.333	40.439	C15H18N2O4	[M + H]+	C15H19N2O4+	InChI=1S/C15H18N2O4/c1-11(18)17-13(10-12-6-3-2-4-7-12)15(21)16-9-5-8-14(19)20/h2-8,13H,9-10H2,1H3,(H,16,21)(H,17,18)(H,19,20)	(E)-4-[(2-acetamido-3-phenylpropanoyl)amino]but-2-enoic acid	CC(=O)NC(CC1=CC=CC=C1)C(=O)NCC=CC(=O)O	0.864	20839400;6439870	MESH:(6439870);PUBCHEM:(20839400 6439870);PUBMED:(null)	70.0	291.134	107.0	1.777	7.136870199386168e+17	7.136868235277358e+17	
587	ASUSNOUQHQMQFW	sirius	CC(=O)NC(CC1=CC=CC=C1)C(=O)NCC=CC(=O)O																																																																																												1.0	1.0	0.4	0.4	-264.069	0.999	0.995	14.452	C15H18N2O4	[M + Na]+	C15H18N2NaO4+	InChI=1S/C15H18N2O4/c1-11(18)17-13(10-12-6-3-2-4-7-12)15(21)16-9-5-8-14(19)20/h2-8,13H,9-10H2,1H3,(H,16,21)(H,17,18)(H,19,20)	(E)-4-[(2-acetamido-3-phenylpropanoyl)amino]but-2-enoic acid	CC(=O)NC(CC1=CC=CC=C1)C(=O)NCC=CC(=O)O	0.864	20839400;6439870	MESH:(6439870);PUBCHEM:(20839400 6439870);PUBMED:(null)	70.0	313.116	107.0	1.775	7.136870017143643e+17	7.136868235487073e+17	
588	BMZHNHHJUGMMLV	sirius	CCOC(=O)C(CCC1=CC=CC=C1)N2C(C(=O)N3CCCC3C2=O)C																																																																																												1.0	1.0	0.266	0.266	-446.872	0.8	0.333	50.702	C20H26N2O4	[M + H3N + H]+	C20H30N3O4+	InChI=1S/C20H26N2O4/c1-3-26-20(25)17(12-11-15-8-5-4-6-9-15)22-14(2)18(23)21-13-7-10-16(21)19(22)24/h4-6,8-9,14,16-17H,3,7,10-13H2,1-2H3	ethyl (2S)-2-(3-methyl-1,4-dioxo-6,7,8,8a-tetrahydro-3H-pyrrolo[1,2-a]pyrazin-2-yl)-4-phenylbutanoate	CCOC(=O)C(CCC1=CC=CC=C1)N2C(C(=O)N3CCCC3C2=O)C	2.6	14962498;21304021;89876607;68025364	PUBCHEMANNOTATIONSAFETYANDTOXIC;PUBCHEM:(14962498 21304021 89876607 68025364);DSSTox:(DTXSID10151178)	137506062338.0	376.223	108.0	1.795	7.136870258316146e+17	7.136868235906504e+17	
588	FZBGMXYQPACKNC	isdb																																														1.0	Amino acids and Peptides	0.1219512195121951	Small peptides	0.1097560975609756	Tripeptides	0.073170731707317	1.0	0.5372268	ISDB															['Unknown']	['Unknown']	['Unknown']	['Unknown']	['Unknown']	['Unknown']	['Unknown']	['Unknown']	['Unknown']											0.0	0.0	2.14890718460083	1.0																								
589	IPMNTSUIIMMKHF	sirius	CC(C)(C)OC(=O)N1CCCC1C(=O)NCC2CCC(CC2)C(=O)NC(C3=CC=CC=C3)C(=O)O																																																																																												1.0	1.0	0.077	0.077	-579.118	0.8	0.327	31.56	C26H37N3O6	[M + H3N + H]+	C26H41N4O6+	InChI=1S/C26H37N3O6/c1-26(2,3)35-25(34)29-15-7-10-20(29)23(31)27-16-17-11-13-19(14-12-17)22(30)28-21(24(32)33)18-8-5-4-6-9-18/h4-6,8-9,17,19-21H,7,10-16H2,1-3H3,(H,27,31)(H,28,30)(H,32,33)	2-({4-[({1-[(tert-butoxy)carbonyl]pyrrolidin-2-yl}formamido)methyl]cyclohexyl}formamido)-2-phenylacetic acid	CC(C)(C)OC(=O)N1CCCC1C(=O)NCC2CCC(CC2)C(=O)NC(C3=CC=CC=C3)C(=O)O	3.0	16404085;4839167	COCONUT:(CNP0388253);SUPERNATURAL:(SN0151797);PUBCHEM:(16404085 4839167)	3145730.0	505.302	108.0	1.808	7.136869935103049e+17	7.136868236325934e+17	
590	VOCCKKOZEAWMRN	sirius	C1CC(CC(C1)C2=NC(=NC(=N2)NCCO)NCCO)C3=NC(=NC(=N3)NCCO)NCCO																																																																																												1.0	4.0	0.037	0.037	-153.162	0.031	0.001	18.395	C20H34N10O4	[M - H2O + H]+	C20H33N10O3+	InChI=1S/C20H34N10O4/c31-8-4-21-17-25-15(26-18(29-17)22-5-9-32)13-2-1-3-14(12-13)16-27-19(23-6-10-33)30-20(28-16)24-7-11-34/h13-14,31-34H,1-12H2,(H2,21,22,25,26,29)(H2,23,24,27,28,30)	2-[[4-[3-[4,6-Bis(2-hydroxyethylamino)-1,3,5-triazin-2-yl]cyclohexyl]-6-(2-hydroxyethylamino)-1,3,5-triazin-2-yl]amino]ethanol	C1CC(CC(C1)C2=NC(=NC(=N2)NCCO)NCCO)C3=NC(=NC(=N3)NCCO)NCCO	-0.2	54402042	PUBCHEM:(54402042)	2.0	461.273	105.0	1.755	7.136870209746102e+17	7.136868235696788e+17	
591	JVWZZAVZXFCXBV	sirius	CC(C)C(C(=O)N)N(C)C(=O)C(C(C)C)N(C)C(=O)C(CC1=CC=C(C=C1)OC)O																																																																																												1.0	1.0	0.024	0.024	-314.968	0.658	0.333	35.842	C22H35N3O5	[M + H3N + H]+	C22H39N4O5+	InChI=1S/C22H35N3O5/c1-13(2)18(20(23)27)24(5)22(29)19(14(3)4)25(6)21(28)17(26)12-15-8-10-16(30-7)11-9-15/h8-11,13-14,17-19,26H,12H2,1-7H3,(H2,23,27)		CC(C)C(C(=O)N)N(C)C(=O)C(C(C)C)N(C)C(=O)C(CC1=CC=C(C=C1)OC)O	2.2	163110276;156581233	COCONUT:(CNP0430535);SUPERNATURAL:(SN0176728);PUBCHEM:(163110276 156581233);LOTUS:(Q110169961)	271581186.0	439.292	106.0	1.76	7.136869902429417e+17	7.136868236116219e+17	
592	LVNQVIZBPSRXAN	sirius	C1COCCN2CCOCCN1CCOCCOCC2																																																																																												1.0	2.0	0.134	0.134	-139.365	0.359	0.333	35.319	C14H28N2O4	[M - H2O + H]+	C14H27N2O3+	InChI=1S/C14H28N2O4/c1-7-17-9-3-16-4-10-18-8-2-15(1)5-11-19-13-14-20-12-6-16/h1-14H2	4,7,13,18-Tetraoxa-1,10-diazabicyclo[8.5.5]icosane	C1COCCN2CCOCCN1CCOCCOCC2	-0.7	5255076;169276	NORMAN:(NS00029046);PUBCHEMANNOTATIONSAFETYANDTOXIC;BloodExposome:(169276);MESH:(169276);PUBCHEM:(5255076 169276);DSSTox:(DTXSID60185180);PUBMED	137510518854.0	271.202	109.0	1.816	7.136870162224632e+17	7.136868236577592e+17	
593	VIIHKIVLSGBEII	sirius	C=CC1C=CC2=CC=CC=C2C1=C=O																																																																																												1.0	5.0	0.163	0.163	-56.766	0.014	0.016	51.312	C13H10O	[M + H3N + H]+	C13H14NO+	InChI=1S/C13H10O/c1-2-10-7-8-11-5-3-4-6-12(11)13(10)9-14/h2-8,10H,1H2		C=CC1C=CC2=CC=CC=C2C1=C=O	3.4	134873691	PUBCHEM:(134873691)	2.0	200.107	109.0	1.82	7.136869909685564e+17	7.136868236787309e+17	
594	PMHYKALNNKMSHX	sirius	CCC(C)C(C(=O)O)NC(=O)C1CC(C1)C																																																																																												1.0	1.0	0.24	0.24	-129.979	0.8	0.333	52.641	C12H21NO3	[M + H3N + H]+	C12H25N2O3+	InChI=1S/C12H21NO3/c1-4-8(3)10(12(15)16)13-11(14)9-5-7(2)6-9/h7-10H,4-6H2,1-3H3,(H,13,14)(H,15,16)	3-Methyl-2-[(3-methylcyclobutanecarbonyl)amino]pentanoic acid	CCC(C)C(C(=O)O)NC(=O)C1CC(C1)C	1.969	115909831	PUBCHEM:(115909831)	2.0	245.186	110.0	1.825	7.136870108579479e+17	7.136868236997024e+17	
595	IQSZWFJPRBOXGM	sirius	CC(C)CC(C(=O)NC(CC1=CC=C(C=C1)O)C(=O)NC(CC2=CC=C(C=C2)O)C(=O)O)N(C)C(=O)C(C)N																																																																																												1.0	2.0	0.961	0.961	-447.179	0.202	0.333	37.339	C28H38N4O7	[M - H2O + H]+	C28H37N4O6+	InChI=1S/C28H38N4O7/c1-16(2)13-24(32(4)27(37)17(3)29)26(36)30-22(14-18-5-9-20(33)10-6-18)25(35)31-23(28(38)39)15-19-7-11-21(34)12-8-19/h5-12,16-17,22-24,33-34H,13-15,29H2,1-4H3,(H,30,36)(H,31,35)(H,38,39)	H-Ala-N(Me)Leu-Tyr-Tyr-OH	CC(C)CC(C(=O)NC(CC1=CC=C(C=C1)O)C(=O)NC(CC2=CC=C(C=C2)O)C(=O)O)N(C)C(=O)C(C)N	0.2	11987880	PUBCHEMANNOTATIONBIO:(null);PUBCHEM:(11987880)	16777218.0	525.271	110.0	1.835	7.136870000911685e+17	7.136868237248682e+17	
596	IGWBXKOQZXRBMR	sirius	CC(C)C(C(=O)NC(C)C(=O)N1CCCC1C(=O)NC(CC2=CC=CC=C2)C(=O)N3CCCC3C(=O)NC(CCC(=O)O)C(=O)O)N																																																																																												1.0	2.0	0.376	0.376	-286.348	0.298	0.315	60.118	C32H46N6O9	[M + H]+	C32H47N6O9+	InChI=1S/C32H46N6O9/c1-18(2)26(33)29(43)34-19(3)30(44)37-15-7-11-23(37)28(42)36-22(17-20-9-5-4-6-10-20)31(45)38-16-8-12-24(38)27(41)35-21(32(46)47)13-14-25(39)40/h4-6,9-10,18-19,21-24,26H,7-8,11-17,33H2,1-3H3,(H,34,43)(H,35,41)(H,36,42)(H,39,40)(H,46,47)	L-Valyl-L-alanyl-L-prolyl-L-phenylalanyl-L-prolyl-L-glutamic acid	CC(C)C(C(=O)NC(C)C(=O)N1CCCC1C(=O)NC(CC2=CC=CC=C2)C(=O)N3CCCC3C(=O)NC(CCC(=O)O)C(=O)O)N	-1.6	16036488	PUBCHEM:(16036488);DSSTox:(DTXSID30581211)	137438953474.0	659.34	110.0	1.837	7.136870393498573e+17	7.136868237416454e+17	
597	MDSUKZSLOATHMH	sirius	CC(C)CC(C(=O)NC(C(C)C)C(=O)O)N																																																																																												1.0	2.0	0.505	0.505	-97.078	0.202	0.333	57.741	C11H22N2O3	[M - H2O + H]+	C11H21N2O2+	InChI=1S/C11H22N2O3/c1-6(2)5-8(12)10(14)13-9(7(3)4)11(15)16/h6-9H,5,12H2,1-4H3,(H,13,14)(H,15,16)	2-(2-amino-4-methylpentanamido)-3-methylbutanoic acid	CC(C)CC(C(=O)NC(C(C)C)C(=O)O)N	0.62	103868893;6993115;6993116;129635900;6427009;148549452;61157156;61172247;36689033;36689034;36689035;36689036;79009905;352038;18640546	PUBCHEMANNOTATIONBIO:(null);HMDB:(HMDB0028942);BloodExposome:(6993116 352038);SUPERNATURAL:(SN0222848);FooDB:(FDB111965);PUBCHEM:(103868893 6993115 6993116 129635900 6427009 148549452 61157156 61172247 36689033 36689034 36689035 36689036 79009905 352038 18640546);GNPS:(CCMSLIB00003137144);COCONUT:(CNP0233149);METACYC:(CPD-20385);CHEBI:(73579 177272);DSSTox:(DTXSID20653193 DTXSID80929169);LOTUS:(Q27141751);PUBCHEMANNOTATIONDRUG:(null);PUBMED:(null)	138301937770.0	213.16	111.0	1.844	7.136869994746057e+17	7.136868237668113e+17	
597	XIQXUFYJMBDYSU	isdb	CC[C@H](C)[C@@H]1NC(=O)[C@H](C(C)C)NC1=O																																													42.0	Amino acids and Peptides	0.7777777777777778	Small peptides	0.7777777777777778	Dipeptides	0.7777777777777778	1.0	0.6350001	ISDB	http://www.wikidata.org/entity/Q105328694	XIQXUFYJMBDYSU-CIUDSAMLSA-N	InChI=1S/C11H20N2O2/c1-5-7(4)9-11(15)12-8(6(2)3)10(14)13-9/h6-9H,5H2,1-4H3,(H,12,15)(H,13,14)/t7-,8-,9-/m0/s1	CC[C@H](C)[C@@H]1NC(=O)[C@H](C(C)C)NC1=O	C11H20N2O2		212.15247788	3alpha-[(S)-sec-Butyl]-6alpha-isopropylpiperazine-2,5-dione	Amino acids and Peptides	Small peptides	Dipeptides	http://www.wikidata.org/entity/Q16982656	Halobacillus litoralis	487581.0	['Bacteria']	['Unknown']	['Firmicutes']	['Bacilli']	['Bacillales']	['Bacillaceae']	['Unknown']	['Halobacillus']	['Halobacillus litoralis']											0.0	3.0	4.0400004386901855	1.0																								
598	DNDWZFHLZVYOGF	isdb																																														1.0	Amino acids and Peptides	0.1219512195121951	Small peptides	0.1097560975609756	Tripeptides	0.073170731707317	1.0	0.6829894	ISDB															['Unknown']	['Unknown']	['Unknown']	['Unknown']	['Unknown']	['Unknown']	['Unknown']	['Unknown']	['Unknown']											0.0	0.0	2.7319576740264893	1.0																								
598	UGULXJVFFSVMIS	sirius	CCC(CC1CCCC1)C(=O)NCC(=O)NC(CC(C)C)C(=O)O																																																																																												1.0	1.0	0.214	0.214	-228.618	0.799	0.333	46.073	C18H32N2O4	[M + H3N + H]+	C18H36N3O4+	InChI=1S/C18H32N2O4/c1-4-14(10-13-7-5-6-8-13)17(22)19-11-16(21)20-15(18(23)24)9-12(2)3/h12-15H,4-11H2,1-3H3,(H,19,22)(H,20,21)(H,23,24)	(2S)-2-[[2-[2-(cyclopentylmethyl)butanoylamino]acetyl]amino]-4-methylpentanoic acid	CCC(CC1CCCC1)C(=O)NCC(=O)NC(CC(C)C)C(=O)O	3.6	120694474	PUBCHEM:(120694474)	2.0	358.27	111.0	1.846	7.136870092850838e+17	7.136868237877828e+17	
599	BKBHOVGGQVBAAY	sirius	CC(C)C(C(=O)NC(C(C)C)C(=O)O)NC(=O)C1CCCCC1																																																																																												1.0	1.0	0.225	0.225	-162.901	0.764	0.333	74.04	C17H30N2O4	[M + H3N + H]+	C17H34N3O4+	InChI=1S/C17H30N2O4/c1-10(2)13(16(21)19-14(11(3)4)17(22)23)18-15(20)12-8-6-5-7-9-12/h10-14H,5-9H2,1-4H3,(H,18,20)(H,19,21)(H,22,23)	(2S)-2-[[(2S)-2-(cyclohexanecarbonylamino)-3-methylbutanoyl]amino]-3-methylbutanoic acid	CC(C)C(C(=O)NC(C(C)C)C(=O)O)NC(=O)C1CCCCC1	3.3	70223074	PUBCHEM:(70223074)	2.0	344.255	112.0	1.873	7.136870173171767e+17	7.1368682380456e+17	
599	FPPCCQGECVKLDY	isdb																																														1.0	Amino acids and Peptides	0.1219512195121951	Small peptides	0.1097560975609756	Tripeptides	0.073170731707317	1.0	0.69133204	ISDB															['Unknown']	['Unknown']	['Unknown']	['Unknown']	['Unknown']	['Unknown']	['Unknown']	['Unknown']	['Unknown']											0.0	0.0	2.7653281688690186	1.0																								
600	CDSMSBUVCWHORP	gnps	C=C(C)C1CC=C(C(=O)O)CC1	CCMSLIB00010114693	spectra_filtered.mgf	BERKELEY-LAB.mgf	0.986015	4994160.0	0.0	563.757	6.0	0.0942078	167.013	1.0	temp/spectra_filtered.mgf600	1.0	(S)-(-)-Perillic acid CollisionEnergy:102040	LC-ESI	Orbitrap	Commercial	Trent Northen	JGI	M+H	167.107	0.0	1.0			C=C(C)C1CC=C(C(=O)O)CC1	"""InChI=1S/C10H14O2/c1-7(2)8-3-5-9(6-4-8)10(11)12/h5,8H,1,3-4,6H2,2H3,(H,11,12)/t8-/m1/s1"""		3.0	Positive	BERKELEY-LAB	167.107	UPDATE-SINGLE-ANNOTATED-BRONZE	Bronze		C10H14O2	CDSMSBUVCWHORP-UHFFFAOYSA-N	Lipids and lipid-like molecules	Prenol lipids	Monoterpenoids	Monoterpenoids	Menthane monoterpenoids	Terpenoids	mzspec:GNPS:GNPS-LIBRARY:CCMSLIB00010114693																																																																							
601	MUUXRHIHWJZCLF	isdb																																														53.0							1.0	0.31078222	ISDB															['Unknown']	['Unknown']	['Unknown']	['Unknown']	['Unknown']	['Unknown']	['Unknown']	['Unknown']	['Unknown']											0.0	0.0	1.2431288957595823	1.0																								
601	ZTVIQXQXZQPLEX	sirius	CC(C)C(C(=O)NC(C(C)C)C(=O)N1CCCC1C(=O)N2CCCC2C(=O)NC(CC3=CC=CC=C3)C(=O)O)N																																																																																												1.0	3.0	0.826	0.826	-213.977	0.14	0.333	33.23	C29H43N5O6	[M + H]+	C29H44N5O6+	InChI=1S/C29H43N5O6/c1-17(2)23(30)26(36)32-24(18(3)4)28(38)34-15-9-13-22(34)27(37)33-14-8-12-21(33)25(35)31-20(29(39)40)16-19-10-6-5-7-11-19/h5-7,10-11,17-18,20-24H,8-9,12-16,30H2,1-4H3,(H,31,35)(H,32,36)(H,39,40)	H-Val-Val-Pro-Pro-Phe-OH	CC(C)C(C(=O)NC(C(C)C)C(=O)N1CCCC1C(=O)N2CCCC2C(=O)NC(CC3=CC=CC=C3)C(=O)O)N	0.1	9807824	PUBCHEM:(9807824)	2.0	558.329	112.0	1.874	7.136870180260141e+17	7.136868238255315e+17	
603	HKOVMJGGVHCEHW	sirius	CCC(C)C(C(=O)O)NC(=O)C(CC(C)C)NCC1(C(C(C(CO1)O)O)O)O																																																																																												1.0	2.0	0.849	0.849	-192.619	0.119	0.326	91.175	C18H34N2O8	[M + H]+	C18H35N2O8+	InChI=1S/C18H34N2O8/c1-5-10(4)13(17(25)26)20-16(24)11(6-9(2)3)19-8-18(27)15(23)14(22)12(21)7-28-18/h9-15,19,21-23,27H,5-8H2,1-4H3,(H,20,24)(H,25,26)		CCC(C)C(C(=O)O)NC(=O)C(CC(C)C)NCC1(C(C(C(CO1)O)O)O)O	-2.5	146018663;146035617	COCONUT:(CNP0448108);SUPERNATURAL:(SN0128207);PUBCHEM:(146018663 146035617)	3145730.0	407.239	113.0	1.884	7.136870001331116e+17	7.136868238506973e+17	
604	YVBMXGVGOLXFFS	sirius	CC1=CC2=CC=CC=C2C=C(C1=O)C																																																																																												1.0	3.0	0.204	0.204	-75.19	0.047	0.333	26.091	C13H12O	[M + H3N + H]+	C13H16NO+	InChI=1S/C13H12O/c1-9-7-11-5-3-4-6-12(11)8-10(2)13(9)14/h3-8H,1-2H3	6,8-dimethyl-7H-benzo[7]annulen-7-one	CC1=CC2=CC=CC=C2C=C(C1=O)C	3.2	137610	COCONUT:(CNP0022920);PUBCHEM:(137610);DSSTox:(DTXSID40179547);PUBMED:(null)	137441050690.0	202.123	114.0	1.906	7.136869990174266e+17	7.136868238716689e+17	
607	KFKWRHQBZQICHA	gnps	CC(C)C[C@@H](C(=O)N[C@@H](CC1=CC=CC=C1)C(=O)O)N	CCMSLIB00003137982	spectra_filtered.mgf	GNPS-NIST14-MATCHES.mgf	0.951795	24485300.0	0.0	2.18631	7.0	0.000610352	279.171	1.0	temp/spectra_filtered.mgf607	1.0	Spectral Match to Leu-Phe from NIST14	ESI	qTof	Isolated	Data from Joshua Wollam	Data deposited by fevargas	M+H	279.17	278.163	1.0			CC(C)C[C@@H](C(=O)N[C@@H](CC1=CC=CC=C1)C(=O)O)N	InChI=1S/C15H22N2O3/c1-10(2)8-12(16)14(18)17-13(15(19)20)9-11-6-4-3-5-7-11/h3-7,10,12-13H,8-9,16H2,1-2H3,(H,17,18)(H,19,20)/t12-,13-/m0/s1		3.0	Positive	GNPS-NIST14-MATCHES	279.17	UPDATE-SINGLE-ANNOTATED-BRONZE	Bronze		C15H22N2O3	KFKWRHQBZQICHA-STQMWFEESA-N	Organic acids and derivatives	Carboxylic acids and derivatives	Amino acids, peptides, and analogues	Small peptides	Dipeptides	Amino acids and Peptides	mzspec:GNPS:GNPS-LIBRARY:CCMSLIB00003137982																																																																							
607	UTGIMLSHGSMIJU	sirius	C1CCC(CC1)C(=O)NC(C2=CC=CC=C2)C(=O)O																																																																																												1.0	1.0	0.119	0.119	-360.428	0.8	0.333	29.298	C15H19NO3	[M + H3N + H]+	C15H23N2O3+	InChI=1S/C15H19NO3/c17-14(12-9-5-2-6-10-12)16-13(15(18)19)11-7-3-1-4-8-11/h1,3-4,7-8,12-13H,2,5-6,9-10H2,(H,16,17)(H,18,19)	N-Cyclohexanoyl-2-phenylglycine	C1CCC(CC1)C(=O)NC(C2=CC=CC=C2)C(=O)O	2.9	41097770;10377966;152957	MESH:(152957);PUBCHEM:(41097770 10377966 152957);DSSTox:(DTXSID10950921);PUBMED:(null)	137438953542.0	279.171	115.0	1.919	7.136870116255055e+17	7.136868238926404e+17	
608	DCEXGJLXAGFTIK	sirius	CC(C)C(C(=O)NC(CC1=CC=CC=C1)C(=O)OC)N2CC3=CC=CC=C3C2=O																																																																																												1.0	1.0	0.255	0.255	-381.045	0.8	0.333	29.736	C23H26N2O4	[M + H3N + H]+	C23H30N3O4+	InChI=1S/C23H26N2O4/c1-15(2)20(25-14-17-11-7-8-12-18(17)22(25)27)21(26)24-19(23(28)29-3)13-16-9-5-4-6-10-16/h4-12,15,19-20H,13-14H2,1-3H3,(H,24,26)	methyl 2-[3-methyl-2-(1-oxo-2,3-dihydro-1H-isoindol-2-yl)butanamido]-3-phenylpropanoate	CC(C)C(C(=O)NC(CC1=CC=CC=C1)C(=O)OC)N2CC3=CC=CC=C3C2=O	3.6	85510870;39377644	COCONUT:(CNP0141885);SUPERNATURAL:(SN0061850);PUBCHEM:(85510870 39377644)	3145730.0	412.223	117.0	1.942	7.136870167131968e+17	7.13686823955555e+17	
610	RITYBYCZDREYDS	sirius	CC(C)CC(C(=O)O)NC(=O)C1CCCN1C(=O)C(C(C)C)NC(=O)C(CC2=CC=C(C=C2)O)N																																																																																												1.0	2.0	0.903	0.903	-289.631	0.2	0.333	60.405	C25H38N4O6	[M - H2O + H]+	C25H37N4O5+	InChI=1S/C25H38N4O6/c1-14(2)12-19(25(34)35)27-23(32)20-6-5-11-29(20)24(33)21(15(3)4)28-22(31)18(26)13-16-7-9-17(30)10-8-16/h7-10,14-15,18-21,30H,5-6,11-13,26H2,1-4H3,(H,27,32)(H,28,31)(H,34,35)	2-[(1-{2-[2-amino-3-(4-hydroxyphenyl)propanamido]-3-methylbutanoyl}pyrrolidin-2-yl)formamido]-4-methylpentanoic acid	CC(C)CC(C(=O)O)NC(=O)C1CCCN1C(=O)C(C(C)C)NC(=O)C(CC2=CC=C(C=C2)O)N	1.725	21778321;20046753	COCONUT:(CNP0353005);SUPERNATURAL:(SN0326521);PUBCHEM:(21778321 20046753);LOTUS:(Q105237133)	271581186.0	473.276	116.0	1.941	7.136869981324283e+17	7.136868239345834e+17	
611	NXDGLHJHHJJTSZ	gnps	CC1=C(C(=CC(=O)O1)OC)C(=O)CC(C)O	CCMSLIB00005435769	spectra_filtered.mgf	GNPS-LIBRARY.mgf	0.790794	12261800.0	0.0	237.531	6.0	0.0539398	227.139	1.0	temp/spectra_filtered.mgf611	1.0	Pyrenocine B putative	LC-ESI	Orbitrap	Crude	Dorrestein	lfnothias	M+H	227.085	0.0	1.0	 	 	CC1=C(C(=CC(=O)O1)OC)C(=O)CC(C)O	InChI=1S/C11H14O5/c1-6(12)4-8(13)11-7(2)16-10(14)5-9(11)15-3/h5-6,12H,4H2,1-3H3	 	3.0	Positive	GNPS-LIBRARY	227.085	UPDATE-SINGLE-ANNOTATED-BRONZE	Bronze		C11H14O5	NXDGLHJHHJJTSZ-UHFFFAOYSA-N	Organic oxygen compounds	Organooxygen compounds	Carbonyl compounds	Cyclic polyketides	2-pyrone derivatives	Polyketides	mzspec:GNPS:GNPS-LIBRARY:CCMSLIB00005435769																																																																							
611	ZCDYURFPECZAGS	sirius	CCCNC(=O)CNC(=O)CC(C)CC(=O)O																																																																																												1.0	2.0	0.296	0.296	-171.34	0.059	0.333	33.887	C11H20N2O4	[M - H2O + H]+	C11H19N2O3+	InChI=1S/C11H20N2O4/c1-3-4-12-10(15)7-13-9(14)5-8(2)6-11(16)17/h8H,3-7H2,1-2H3,(H,12,15)(H,13,14)(H,16,17)	3-Methyl-5-oxo-5-[[2-oxo-2-(propylamino)ethyl]amino]pentanoic acid	CCCNC(=O)CNC(=O)CC(C)CC(=O)O	0.0	55156756	PUBCHEM:(55156756)	2.0	227.139	117.0	1.943	7.136870093647756e+17	7.136868239765265e+17	
613	NWVKTWPLASMNKP	sirius	CCC(C)C(C(=O)N1CCCC1C(NC(C(C)CC)C(=O)O)(O)O)N																																																																																												1.0	2.0	0.461	0.264	-343.894	0.2	0.333	48.387	C17H33N3O5	[M - H2O + H]+	C17H32N3O4+	InChI=1S/C17H33N3O5/c1-5-10(3)13(18)15(21)20-9-7-8-12(20)17(24,25)19-14(16(22)23)11(4)6-2/h10-14,19,24-25H,5-9,18H2,1-4H3,(H,22,23)	(2S,3S)-2-[[[(2S)-1-[(2S,3S)-2-amino-3-methylpentanoyl]pyrrolidin-2-yl]-dihydroxymethyl]amino]-3-methylpentanoic acid	CCC(C)C(C(=O)N1CCCC1C(NC(C(C)CC)C(=O)O)(O)O)N	-1.6	447441	PUBCHEMANNOTATIONBIO:(null);PUBCHEM:(447441)	16777218.0	342.239	117.0	1.947	7.136870165034816e+17	7.13686823997498e+17	
614	QXDXIXFSFHUYAX	sirius	CCC(C)C(C(=O)NC(CC(C)C)C(=O)O)NC(=O)C(CCC(=O)O)N																																																																																												1.0	1.0	0.327	0.327	-152.37	0.815	0.333	63.244	C17H31N3O6	[M - H2O + H]+	C17H30N3O5+	InChI=1S/C17H31N3O6/c1-5-10(4)14(20-15(23)11(18)6-7-13(21)22)16(24)19-12(17(25)26)8-9(2)3/h9-12,14H,5-8,18H2,1-4H3,(H,19,24)(H,20,23)(H,21,22)(H,25,26)	2-[[2-[(2-Amino-4-carboxybutanoyl)amino]-3-methylpentanoyl]amino]-4-methylpentanoic acid	CCC(C)C(C(=O)NC(CC(C)C)C(=O)O)NC(=O)C(CCC(=O)O)N	0.409	18220306;11552504	CHEBI:(163001);PUBCHEM:(18220306 11552504)	34.0	356.218	118.0	1.964	7.13687015668815e+17	7.136868240184695e+17	
615	ITJJCOVDEYXBHX	sirius	CC(C)OC(=O)C(C(C)(C)C)NC(=O)NC(C1CCCCC1)C(=O)N2CCCC2C(=O)NC(CC3CC3)C(=O)C(=O)NCCC(=O)OC(C)(C)C																																																																																												1.0	2.0	0.37	0.37	-439.896	0.397	0.408	51.787	C37H61N5O9	[M + K]+	C37H61KN5O9+	InChI=1S/C37H61N5O9/c1-22(2)50-34(48)30(36(3,4)5)41-35(49)40-28(24-13-10-9-11-14-24)33(47)42-20-12-15-26(42)31(45)39-25(21-23-16-17-23)29(44)32(46)38-19-18-27(43)51-37(6,7)8/h22-26,28,30H,9-21H2,1-8H3,(H,38,46)(H,39,45)(H2,40,41,49)	Propan-2-yl 2-[[1-cyclohexyl-2-[2-[[1-cyclopropyl-4-[[3-[(2-methylpropan-2-yl)oxy]-3-oxopropyl]amino]-3,4-dioxobutan-2-yl]carbamoyl]pyrrolidin-1-yl]-2-oxoethyl]carbamoylamino]-3,3-dimethylbutanoate	CC(C)OC(=O)C(C(C)(C)C)NC(=O)NC(C1CCCCC1)C(=O)N2CCCC2C(=O)NC(CC3CC3)C(=O)C(=O)NCCC(=O)OC(C)(C)C	5.2	143102127	PUBCHEM:(143102127)	2.0	758.407	119.0	1.976	7.136870328444914e+17	7.136868240855784e+17	
616	GKRUPQCGSGTQDB	sirius	CN1C2=CC=CC=C2N(C1=O)CCC(=O)O																																																																																												1.0	1.0	0.202	0.202	-180.094	1.0	0.333	27.972	C11H12N2O3	[M - H2O + H]+	C11H11N2O2+	InChI=1S/C11H12N2O3/c1-12-8-4-2-3-5-9(8)13(11(12)16)7-6-10(14)15/h2-5H,6-7H2,1H3,(H,14,15)	3-(3-Methyl-2-oxobenzimidazol-1-yl)propanoate	CN1C2=CC=CC=C2N(C1=O)CCC(=O)O	0.932	4142628;661355	PUBCHEMANNOTATIONSAFETYANDTOXIC:(null);PUBCHEM:(4142628 661355);DSSTox:(DTXSID601184528);PUBMED:(null)	137506062402.0	203.082	119.0	1.975	7.136870043232216e+17	7.13686824039441e+17	
617	HIHIDUUTWXQLNB	sirius	C(COCCN)C(=O)NC(COCCC(=O)NCCOCCC(=O)O)(COCCC(=O)NCCOCCC(=O)O)COCCC(=O)NCCOCCC(=O)O																																																																																												1.0	9.0	0.511	0.511	-307.067	0.013	0.019	5.972	C33H59N5O17	[M - H2O + H]+	C33H58N5O16+	InChI=1S/C33H59N5O17/c34-8-19-49-12-4-29(42)38-33(23-53-13-1-26(39)35-9-20-50-16-5-30(43)44,24-54-14-2-27(40)36-10-21-51-17-6-31(45)46)25-55-15-3-28(41)37-11-22-52-18-7-32(47)48/h1-25,34H2,(H,35,39)(H,36,40)(H,37,41)(H,38,42)(H,43,44)(H,45,46)(H,47,48)	3-[2-[3-[2-[3-(2-Aminoethoxy)propanoylamino]-3-[3-[2-(2-carboxyethoxy)ethylamino]-3-oxopropoxy]-2-[[3-[2-(2-carboxyethoxy)ethylamino]-3-oxopropoxy]methyl]propoxy]propanoylamino]ethoxy]propanoic acid	C(COCCN)C(=O)NC(COCCC(=O)NCCOCCC(=O)O)(COCCC(=O)NCCOCCC(=O)O)COCCC(=O)NCCOCCC(=O)O	-8.7	132071122	PUBCHEM:(132071122)	2.0	780.389	118.0	1.974	7.1368706709518e+17	7.136868241107442e+17	
618	YAODSTOIAVANEI	sirius	COC(=O)C1=CC2=C(N1)C=CC=C2O																																																																																												1.0	2.0	0.234	0.281	-79.473	0.032	0.333	55.466	C10H9NO3	[M + H]+	C10H10NO3+	InChI=1S/C10H9NO3/c1-14-10(13)8-5-6-7(11-8)3-2-4-9(6)12/h2-5,11-12H,1H3	Methyl 4-hydroxy-1H-indole-2-carboxylate	COC(=O)C1=CC2=C(N1)C=CC=C2O	1.484	22310940	PUBCHEMANNOTATIONSAFETYANDTOXIC:(null);PUBCHEM:(22310940);DSSTox:(DTXSID30624612)	137506062338.0	192.065	119.0	1.987	7.136870053088832e+17	7.136868241317157e+17	
619	UTGIMLSHGSMIJU	sirius	C1CCC(CC1)C(=O)NC(C2=CC=CC=C2)C(=O)O																																																																																												1.0	1.0	0.217	0.217	-410.844	0.8	0.333	28.319	C15H19NO3	[M + H3N + H]+	C15H23N2O3+	InChI=1S/C15H19NO3/c17-14(12-9-5-2-6-10-12)16-13(15(18)19)11-7-3-1-4-8-11/h1,3-4,7-8,12-13H,2,5-6,9-10H2,(H,16,17)(H,18,19)	N-Cyclohexanoyl-2-phenylglycine	C1CCC(CC1)C(=O)NC(C2=CC=CC=C2)C(=O)O	2.9	41097770;10377966;152957	MESH:(152957);PUBCHEM:(41097770 10377966 152957);DSSTox:(DTXSID10950921);PUBMED:(null)	137438953542.0	279.17	120.0	1.999	7.13686986803612e+17	7.136868241526872e+17	
622	XQTXHLWXMMPLID	sirius	CC(CC1=CC(=O)C2=C(N1C)C=CC(=C2)O)O																																																																																												1.0	1.0	0.258	0.258	-232.379	0.994	0.333	75.056	C13H15NO3	[M - H2O + H]+	C13H14NO2+	InChI=1S/C13H15NO3/c1-8(15)5-9-6-13(17)11-7-10(16)3-4-12(11)14(9)2/h3-4,6-8,15-16H,5H2,1-2H3	Hystrolinone	CC(CC1=CC(=O)C2=C(N1C)C=CC(=C2)O)O	1.4	102449833;162857559;162857558	COCONUT:(CNP0120425);SUPERNATURAL:(SN0437509);PUBCHEM:(102449833 162857559 162857558)	3145730.0	216.102	121.0	2.01	7.136869917780572e+17	7.13686824177853e+17	
623	BKSYWSWWJYBIRP	sirius	CCCCC(CC)COC(=O)NCCCCCCN=C=O																																																																																												1.0	3.0	0.043	0.043	-270.377	0.117	0.333	82.33	C16H30N2O3	[M + H]+	C16H31N2O3+	InChI=1S/C16H30N2O3/c1-3-5-10-15(4-2)13-21-16(20)18-12-9-7-6-8-11-17-14-19/h15H,3-13H2,1-2H3,(H,18,20)	[(2R)-2-ethylhexyl] N-(6-isocyanatohexyl)carbamate	CCCCC(CC)COC(=O)NCCCCCCN=C=O	5.3	16205032;93481938;93481939	NORMAN:(NS00050901);PUBCHEMANNOTATIONSAFETYANDTOXIC:(null);PUBCHEM:(16205032 93481938 93481939);DSSTox:(DTXSID90949358)	137506324482.0	299.232	123.0	2.056	7.136869953767704e+17	7.136868242407676e+17	
624	MJALVONLCNWZHK	sirius	C1=CC(=C2C(=C1)N=C3C(=N2)C=CC=C3C(=O)O)C(=O)O																																																																																												1.0	2.0	0.434	0.778	-30.539	0.016	0.332	34.784	C14H8N2O4	[M + H]+	C14H9N2O4+	InChI=1S/C14H8N2O4/c17-13(18)7-3-1-5-9-11(7)16-10-6-2-4-8(14(19)20)12(10)15-9/h1-6H,(H,17,18)(H,19,20)	phenazine-1,6-dicarboxylic acid	C1=CC(=C2C(=C1)N=C3C(=N2)C=CC=C3C(=O)O)C(=O)O	1.7	23297480;193025	PUBCHEMANNOTATIONBIO;COCONUT:(CNP0219042);MiMeDB:(MMDBc0032892);METACYC:(CPD-12872);CHEBI:(70231 131980);SUPERNATURAL:(SN0227022);KEGG:(C12119);MESH:(193025 23297480);PUBCHEM:(23297480 193025);DSSTox:(DTXSID80178014);LOTUS:(Q27104985);PUBCHEMANNOTATIONDRUG;PUBMED	138834610534.0	269.056	123.0	2.057	7.136870154926542e+17	7.136868242197961e+17	
625	HEQOJEGTZCTHCF	sirius	C1=CC=C(C=C1)C(=O)CN																																																																																												1.0	3.0	0.658	0.782	-30.102	0.038	0.333	36.328	C8H9NO	[M + H]+	C8H10NO+	InChI=1S/C8H9NO/c9-6-8(10)7-4-2-1-3-5-7/h1-5H,6,9H2	2-amino-1-phenylethan-1-one	C1=CC=C(C=C1)C(=O)CN	0.559	53381458;4658461;11952;71313141	PUBCHEMANNOTATIONBIO:(null);HMDB:(HMDB0032628);BloodExposome:(2723597 11952);SUPERNATURAL:(SN0123503);MESH:(11952);FooDB:(FDB010572);PUBCHEM:(53381458 4658461 11952 71313141);COCONUT:(CNP0357301);NORMAN:(NS00034671 NS00080746);CHEBI:(104022);DSSTox:(DTXSID30735212 DTXSID80210206 DTXSID80884168);LOTUS:(Q27181279);PUBCHEMANNOTATIONDRUG:(null);PUBMED:(null)	138302193774.0	136.076	123.0	2.056	7.136869950747805e+17	7.136868241988246e+17	
626	YFHVCODMDZNZEA	sirius	C1=CC=C(C=C1)CC(C(=O)O)NC(=O)C=CC2=CC=CC=C2																																																																																												1.0	1.0	0.597	0.597	-207.826	0.8	0.333	27.268	C18H17NO3	[M + H3N + H]+	C18H21N2O3+	InChI=1S/C18H17NO3/c20-17(12-11-14-7-3-1-4-8-14)19-16(18(21)22)13-15-9-5-2-6-10-15/h1-12,16H,13H2,(H,19,20)(H,21,22)	(2R)-3-phenyl-2-[[(Z)-3-phenylprop-2-enoyl]amino]propanoic acid	C1=CC=C(C=C1)CC(C(=O)O)NC(=O)C=CC2=CC=CC=C2	3.17	6919200;6247145;6435245;92523935;92523936;36690741;52111;275092	PUBCHEM:(6919200 6247145 6435245 92523935 92523936 36690741 52111 275092);PUBMED:(null)	66.0	313.154	124.0	2.06	7.136870048978414e+17	7.136868242617391e+17	
627	LFELFTJBYYSIJD	sirius	CC(C)CC1C(=O)NC(C(=O)NC(C(=O)NC(C(=O)N2CCCC2C(=O)NCC(=O)N1)CC3=CC=C(C=C3)O)C(C)C(C)C)C(C)C																																																																																												1.0	3.0	0.434	0.434	-214.129	0.143	0.332	59.375	C34H52N6O7	[M + H]+	C34H53N6O7+	InChI=1S/C34H52N6O7/c1-18(2)15-24-30(43)38-28(20(5)6)32(45)39-29(21(7)19(3)4)33(46)37-25(16-22-10-12-23(41)13-11-22)34(47)40-14-8-9-26(40)31(44)35-17-27(42)36-24/h10-13,18-21,24-26,28-29,41H,8-9,14-17H2,1-7H3,(H,35,44)(H,36,42)(H,37,46)(H,38,43)(H,39,45)	15-[(4-hydroxyphenyl)methyl]-12-(3-methylbutan-2-yl)-6-(2-methylpropyl)-9-(propan-2-yl)-icosahydropyrrolo[1,2-a]1,4,7,10,13,16-hexaazacyclooctadecane-1,4,7,10,13,16-hexone	CC(C)CC1C(=O)NC(C(=O)NC(C(=O)NC(C(=O)N2CCCC2C(=O)NCC(=O)N1)CC3=CC=C(C=C3)O)C(C)C(C)C)C(C)C	3.7	162875581;162875582	COCONUT:(CNP0140693);SUPERNATURAL:(SN0203812);PUBCHEM:(162875581 162875582);LOTUS:(Q105150977)	271581186.0	657.397	125.0	2.085	7.136869908553102e+17	7.13686824286905e+17	
629	SYRTUBLKWNDSDK	sirius	CCC(C)C(C(=O)O)NC(=O)C(CC1=CC=CC=C1)NC(=O)C(CC(C)C)N																																																																																												1.0	2.0	0.402	0.444	-198.912	0.22	0.952	32.393	C21H33N3O4	[M + Na]+	C21H33N3NaO4+	InChI=1S/C21H33N3O4/c1-5-14(4)18(21(27)28)24-20(26)17(12-15-9-7-6-8-10-15)23-19(25)16(22)11-13(2)3/h6-10,13-14,16-18H,5,11-12,22H2,1-4H3,(H,23,25)(H,24,26)(H,27,28)	2-[[2-[(2-Amino-4-methylpentanoyl)amino]-3-phenylpropanoyl]amino]-3-methylpentanoic acid	CCC(C)C(C(=O)O)NC(=O)C(CC1=CC=CC=C1)NC(=O)C(CC(C)C)N	2.424	145456496;18222213	CHEBI:(159420);PUBCHEM:(145456496 18222213)	34.0	414.236	127.0	2.114	7.136870021463777e+17	7.136868243078765e+17	
630	CPJCTZLLUOLPFK	sirius	CC(C)CC(C(=O)O)NC(=O)C(CC1=CC=CC=C1)NC(=O)C2CCCC2																																																																																												1.0	1.0	0.833	0.833	-199.162	0.8	0.333	70.764	C21H30N2O4	[M + H3N + H]+	C21H34N3O4+	InChI=1S/C21H30N2O4/c1-14(2)12-18(21(26)27)23-20(25)17(13-15-8-4-3-5-9-15)22-19(24)16-10-6-7-11-16/h3-5,8-9,14,16-18H,6-7,10-13H2,1-2H3,(H,22,24)(H,23,25)(H,26,27)	(2S)-2-[[(2S)-2-(cyclopentanecarbonylamino)-3-phenylpropanoyl]amino]-4-methylpentanoic acid	CC(C)CC(C(=O)O)NC(=O)C(CC1=CC=CC=C1)NC(=O)C2CCCC2	3.543	15615055	PUBCHEM:(15615055)	2.0	392.254	127.0	2.114	7.13687004507771e+17	7.13686824328848e+17	
631	IJLJGYLZERRALS	sirius	CCOC(=O)C1=CC=CC=C1NC(=O)C(C)C																																																																																												1.0	1.0	0.164	0.164	-201.401	0.988	0.333	43.641	C13H17NO3	[M - H2O + H]+	C13H16NO2+	InChI=1S/C13H17NO3/c1-4-17-13(16)10-7-5-6-8-11(10)14-12(15)9(2)3/h5-9H,4H2,1-3H3,(H,14,15)	ethyl 2-(2-methylpropanamido)benzoate	CCOC(=O)C1=CC=CC=C1NC(=O)C(C)C	2.602	669252	COCONUT:(CNP0247408);SUPERNATURAL:(SN0147244);PUBCHEM:(669252)	3145730.0	218.118	130.0	2.159	7.136869968489711e+17	7.136868243498195e+17	
632	IVGNITNPTLTGIT	sirius	C1=CC=C(C(=C1)C(=O)O)NC2=CC=CC=C2N																																																																																												1.0	1.0	0.092	0.092	-160.543	1.0	0.333	31.605	C13H12N2O2	[M - H2O + H]+	C13H11N2O+	InChI=1S/C13H12N2O2/c14-10-6-2-4-8-12(10)15-11-7-3-1-5-9(11)13(16)17/h1-8,15H,14H2,(H,16,17)	Anthranilic acid, N-(o-aminophenyl)-	C1=CC=C(C(=C1)C(=O)O)NC2=CC=CC=C2N	2.175	154389929;214103;90480767	PUBCHEMANNOTATIONSAFETYANDTOXIC:(null);PUBCHEM:(154389929 214103 90480767);DSSTox:(DTXSID60182058)	137506062338.0	211.087	133.0	2.223	7.136870183028383e+17	7.136868243707912e+17	
633	QPDMOMIYLJMOQJ	gnps|isdb	CC(C)C[C@@H]1NC(=O)[C@H](Cc2ccccc2)NC1=O	CCMSLIB00000007061	spectra_filtered.mgf	GNPS-LIBRARY.mgf	0.871608	9919730.0	0.0	2.5708	8.0	0.000671387	261.16	1.0	temp/spectra_filtered.mgf633	1.0	cyclo(Phe-Leu)	DI-ESI	qTof	Isolated	Keyzers	R Keyzers	M+H	261.159	260.152	1.0	0		CC(C)C[C@H]1C(=O)N[C@H](C(=O)N1)CC2=CC=CC=C2	InChI=1S/C15H20N2O2/c1-10(2)8-12-14(18)17-13(15(19)16-12)9-11-6-4-3-5-7-11/h3-7,10,12-13H,8-9H2,1-2H3,(H,16,19)(H,17,18)/t12-,13-/m0/s1		3.0	Positive	GNPS-LIBRARY	261.159	UPDATE-SINGLE-ANNOTATED-BRONZE	Bronze		C15H20N2O2	QPDMOMIYLJMOQJ-STQMWFEESA-N	Organic acids and derivatives	Carboxylic acids and derivatives	Amino acids, peptides, and analogues	Peptide alkaloids|Small peptides	Dipeptides|Simple diketopiperazine alkaloids	Alkaloids|Amino acids and Peptides	mzspec:GNPS:GNPS-LIBRARY:CCMSLIB00000007061	42.0	Amino acids and Peptides	0.7777777777777778	Small peptides	0.7777777777777778	Dipeptides	0.7777777777777778	2.0	0.46372873	ISDB	http://www.wikidata.org/entity/Q27139751	QPDMOMIYLJMOQJ-STQMWFEESA-N	InChI=1S/C15H20N2O2/c1-10(2)8-12-14(18)17-13(15(19)16-12)9-11-6-4-3-5-7-11/h3-7,10,12-13H,8-9H2,1-2H3,(H,16,19)(H,17,18)/t12-,13-/m0/s1	CC(C)C[C@@H]1NC(=O)[C@H](Cc2ccccc2)NC1=O	C15H20N2O2		260.15247788	Cyclo(L-leucyl-L-phenylalanyl)	Amino acids and Peptides	Small peptides	Dipeptides	http://www.wikidata.org/entity/Q22285259	Streptomyces filamentosus	163080.0	['Bacteria']	['Unknown']	['Actinobacteria']	['Unknown']	['Streptomycetales']	['Streptomycetaceae']	['Unknown']	['Streptomyces']	['Streptomyces filamentosus']											0.0	3.0	3.354914903640747	1.0																								
633	RFCVXVPWSPOMFJ	sirius	CC(C)CC(C(=O)O)NC(=O)C(CC1=CC=CC=C1)N																																																																																												1.0	2.0	0.889	0.889	-113.107	0.198	0.333	83.359	C15H22N2O3	[M - H2O + H]+	C15H21N2O2+	InChI=1S/C15H22N2O3/c1-10(2)8-13(15(19)20)17-14(18)12(16)9-11-6-4-3-5-7-11/h3-7,10,12-13H,8-9,16H2,1-2H3,(H,17,18)(H,19,20)	Phe-Leu	CC(C)CC(C(=O)O)NC(=O)C(CC1=CC=CC=C1)N	1.557	4078229;23278178;7010521;78975638;78985342;78985484;61157878;76808;57147903;71359973;61724362;44372743	PUBCHEMANNOTATIONBIO:(null);COCONUT:(CNP0139131);HMDB:(HMDB0253025);BloodExposome:(76808 4078229);CHEBI:(190710 91150);SUPERNATURAL:(SN0323638);MESH:(76808);PUBCHEM:(4078229 23278178 7010521 78975638 78985342 78985484 61157878 76808 57147903 71359973 61724362 44372743);DSSTox:(DTXSID60954651 DTXSID70783792);LOTUS:(Q105235300 Q27163086);GNPS:(CCMSLIB00003136144 CCMSLIB00003134492);PUBCHEMANNOTATIONDRUG:(null);PUBMED:(null)	137765064814.0	261.16	135.0	2.257	7.136870086223836e+17	7.13686824395957e+17	
634	KPZYYKDXZKFBQU	isdb	NC(=O)c1cccc2nc3ccccc3nc12																																													92.0	Alkaloids	1.0	Anthranilic acid alkaloids	1.0	Phenazine alkaloids	1.0	1.0	0.0	MS1_match	http://www.wikidata.org/entity/Q27131710	KPZYYKDXZKFBQU-UHFFFAOYSA-N	InChI=1S/C13H9N3O/c14-13(17)8-4-3-7-11-12(8)16-10-6-2-1-5-9(10)15-11/h1-7H,(H2,14,17)	NC(=O)c1cccc2nc3ccccc3nc12	C13H9N3O	pos_1_1proton	223.074561908	Phenazine-1-carboxamide	Alkaloids	Anthranilic acid alkaloids	Phenazine alkaloids	http://www.wikidata.org/entity/Q31856	Pseudomonas aeruginosa	216671.0	['Bacteria']	['Unknown']	['Proteobacteria']	['Gammaproteobacteria']	['Pseudomonadales']	['Pseudomonadaceae']	['Unknown']	['Pseudomonas']	['Pseudomonas aeruginosa']		['Bacteria']		['Proteobacteria']	['Gammaproteobacteria']	['Pseudomonadales']	['Pseudomonadaceae']		['Pseudomonas']	['Pseudomonas aeruginosa']	7.0	3.0	8.5	1.0																								
634	WCAFWTGFKYFLEW	sirius	C1=CC2=C(C(=O)C3=C2C=CC(=C3)C#N)N=C1																																																																																												1.0	1.0	0.239	0.239	-103.429	0.999	0.257	42.999	C13H6N2O	[M + H3N + H]+	C13H10N3O+	InChI=1S/C13H6N2O/c14-7-8-3-4-9-10-2-1-5-15-12(10)13(16)11(9)6-8/h1-6H	9-Oxoindeno[2,1-b]pyridine-7-carbonitrile	C1=CC2=C(C(=O)C3=C2C=CC(=C3)C#N)N=C1	2.0	16110102	PUBCHEM:(16110102)	2.0	224.082	137.0	2.287	7.136870324502267e+17	7.136868244379e+17	
635	JGCSKOVQDXEQHI	sirius	C1=CC=C2C(=C1)N=C3C=CC=C(C3=N2)C(=O)O																																																																																												1.0	1.0	0.632	0.876	-20.653	1.0	0.255	8.805	C13H8N2O2	[M - H2O + H]+	C13H7N2O+	InChI=1S/C13H8N2O2/c16-13(17)8-4-3-7-11-12(8)15-10-6-2-1-5-9(10)14-11/h1-7H,(H,16,17)	Tubermycin B	C1=CC=C2C(=C1)N=C3C=CC=C(C3=N2)C(=O)O	2.2	7097402;95069	PUBCHEMANNOTATIONBIO;MiMeDB:(MMDBc0008900);PUBCHEMANNOTATIONSAFETYANDTOXIC;SUPERNATURAL:(SN0164558);MESH:(95069 7097402);PUBCHEM:(7097402 95069);GNPS:(CCMSLIB00000072561);COCONUT:(CNP0254586);METACYC:(CPD-9522);PLANTCYC:(CPD-9522);CHEBI:(62248 62412);KEGG:(C21442);DSSTox:(DTXSID30180026 DTXSID60150717);LOTUS:(Q27131864);PUBCHEMANNOTATIONDRUG;PUBMED	138901854566.0	207.055	137.0	2.285	7.13687001986994e+17	7.136868244169285e+17	
636	GWGUHKGNGCSCCT	sirius	COC(=O)NC1=C(C(=CC=C1)NC(=O)OC)F																																																																																												1.0	3.0	0.07	0.07	-241.319	0.04	0.231	9.917	C10H11FN2O4	[M - H2O + H]+	C10H10FN2O3+	InChI=1S/C10H11FN2O4/c1-16-9(14)12-6-4-3-5-7(8(6)11)13-10(15)17-2/h3-5H,1-2H3,(H,12,14)(H,13,15)	methyl N-[2-fluoro-3-(methoxycarbonylamino)phenyl]carbamate	COC(=O)NC1=C(C(=CC=C1)NC(=O)OC)F	1.2	2805721	NORMAN:(NS00018546);PUBCHEM:(2805721);PUBMED	262210.0	225.067	137.0	2.292	7.136870102036364e+17	7.136868244588716e+17	
638	CQCVSXXDUMTFCR	gnps|sirius	C1C(N=C(S1)C2=CC=CC=C2O)CO	CCMSLIB00005724313	spectra_filtered.mgf	GNPS-LIBRARY.mgf	0.893307	3599090.0	0.0	7.69986	6.0	0.00161743	210.058	1.0	temp/spectra_filtered.mgf638	1.0	Aerugine	LC-ESI	Orbitrap	Isolated	Dawn R.D. Bignell	Jingyu Liu	M+H	210.06	209.051	1.0	 	136030596	C1C(N=C(S1)C2=CC=CC=C2O)CO	InChI=1S/C10H11NO2S/c12-5-7-6-14-10(11-7)8-3-1-2-4-9(8)13/h1-4,7,12-13H,5-6H2/t7-/m1/s1	 	3.0	Positive	GNPS-LIBRARY	210.06	UPDATE-SINGLE-ANNOTATED-BRONZE	Bronze		C10H11NO2S	CQCVSXXDUMTFCR-UHFFFAOYSA-N	Benzenoids	Phenols	1-hydroxy-4-unsubstituted benzenoids	Serine alkaloids	Thiazole alkaloids	Alkaloids	mzspec:GNPS:GNPS-LIBRARY:CCMSLIB00005724313																																																1.0	3.0	0.086	0.086	-154.531	0.126	0.331	6.686	C10H11NO2S	[M + H]+	C10H12NO2S+	InChI=1S/C10H11NO2S/c12-5-7-6-14-10(11-7)8-3-1-2-4-9(8)13/h1-4,7,12-13H,5-6H2	Aerugine	C1C(N=C(S1)C2=CC=CC=C2O)CO	1.0	136030596;136270416;135798388	COCONUT:(CNP0313629 CNP0350309);CHEBI:(70579);SUPERNATURAL:(SN0052588 SN0462856);PUBCHEM:(136030596 136270416 135798388);DSSTox:(DTXSID60775186);LOTUS:(Q27138911);PUBMED	137710534754.0	210.058	140.0	2.34	7.136870277651887e+17	7.136868245008146e+17	
639	SAPBEXPMVFDOLY	sirius	CCCCC1=C(NC2=CC=CC=C2C1=O)C																																																																																												1.0	3.0	0.5	0.5	-93.142	0.017	0.33	22.767	C14H17NO	[M + H]+	C14H18NO+	InChI=1S/C14H17NO/c1-3-4-7-11-10(2)15-13-9-6-5-8-12(13)14(11)16/h5-6,8-9H,3-4,7H2,1-2H3,(H,15,16)	3-butyl-2-methylquinolin-4-ol	CCCCC1=C(NC2=CC=CC=C2C1=O)C	3.8	1747623	COCONUT:(CNP0329450);SUPERNATURAL:(SN0340291);PUBCHEM:(1747623);PUBMED:(null)	3145794.0	216.138	143.0	2.376	7.136869916186737e+17	7.136868245217861e+17	
640	NAGQWZHJDYNJPE	sirius	C1CSC(=C(C(=O)C=CC2=CC=CC=C2)C(=O)N)S1																																																																																												1.0	1.0	0.031	0.031	-283.24	1.0	0.333	87.089	C14H13NO2S2	[M + H3N + H]+	C14H17N2O2S2+	InChI=1S/C14H13NO2S2/c15-13(17)12(14-18-8-9-19-14)11(16)7-6-10-4-2-1-3-5-10/h1-7H,8-9H2,(H2,15,17)	2-(1,3-dithiolan-2-ylidene)-3-oxo-5-phenylpent-4-enamide	C1CSC(=C(C(=O)C=CC2=CC=CC=C2)C(=O)N)S1	2.9	4878813;2459243	COCONUT:(CNP0372164);SUPERNATURAL:(SN0240077);PUBCHEM:(4878813 2459243);PUBMED	3145794.0	309.073	149.0	2.483	7.136870174010628e+17	7.13686824546952e+17	
641	CECDPVOEINSAQG	gnps|sirius	C1C(N=C(S1)C2=CC=CC=C2O)C(=O)O	CCMSLIB00012873497	spectra_filtered.mgf	MSNLIB-POSITIVE.mgf	0.947174	7828790.0	0.0	1.63459	6.0	0.000366211	224.038	1.0	temp/spectra_filtered.mgf641	1.0	Dihydroaeruginoic acid	ESI	Orbitrap	Commercial	Tomas Pluskal	Corinna Brungs	[M+H]+	224.038	223.03	1.0			O=C(O)C1CSC(c2ccccc2O)=N1	InChI=1S/C10H9NO3S/c12-8-4-2-1-3-6(8)9-11-7(5-15-9)10(13)14/h1-4,7,12H,5H2,(H,13,14)	CECDPVOEINSAQG-UHFFFAOYSA-N	1.0	Positive	MSNLIB-POSITIVE	224.038	UPDATE-SINGLE-ANNOTATED-GOLD	Gold		C10H9NO3S	CECDPVOEINSAQG-UHFFFAOYSA-N	Organic acids and derivatives	Carboxylic acids and derivatives	Amino acids, peptides, and analogues	Serine alkaloids	Thiazole alkaloids	Alkaloids	mzspec:GNPS:GNPS-LIBRARY:CCMSLIB00012873497																																																1.0	2.0	0.749	0.749	-45.057	0.042	0.333	38.376	C10H9NO3S	[M + H]+	C10H10NO3S+	InChI=1S/C10H9NO3S/c12-8-4-2-1-3-6(8)9-11-7(5-15-9)10(13)14/h1-4,7,12H,5H2,(H,13,14)	(+)-(S)-Dihydroaeruginoic Acid	C1C(N=C(S1)C2=CC=CC=C2O)C(=O)O	1.4	135404232;135482070;3450410;98430	PUBCHEMANNOTATIONBIO:(null);COCONUT:(CNP0356512);CHEBI:(104585);SUPERNATURAL:(SN0043247);MESH:(98430);PUBCHEM:(135404232 135482070 3450410 98430);DSSTox:(DTXSID201197921);LOTUS:(Q77500401);PUBMED:(null)	137727311974.0	224.037	152.0	2.53	7.136870238141541e+17	7.136868245679235e+17	
641	OWWULYVDNVCJLP	isdb	CO[S@](=O)c1[nH]c2ccccc2c1C=O																																													41.0	Alkaloids	0.5	Tryptophan alkaloids	0.5	Simple indole alkaloids	0.5	1.0	0.0	MS1_match	http://www.wikidata.org/entity/Q105202359	OWWULYVDNVCJLP-HNNXBMFYSA-N	InChI=1S/C10H9NO3S/c1-14-15(13)10-8(6-12)7-4-2-3-5-9(7)11-10/h2-6,11H,1H3/t15-/m0/s1	CO[S@](=O)c1[nH]c2ccccc2c1C=O	C10H9NO3S	pos_1_1proton	223.030314148	methyl (S)-3-formyl-1H-indole-2-sulfinate	Alkaloids	Tryptophan alkaloids	Simple indole alkaloids	http://www.wikidata.org/entity/Q7255025	Pseudomonas cichorii	1091815.0	['Bacteria']	['Unknown']	['Proteobacteria']	['Gammaproteobacteria']	['Pseudomonadales']	['Pseudomonadaceae']	['Unknown']	['Pseudomonas']	['Pseudomonas cichorii']		['Bacteria']		['Proteobacteria']	['Gammaproteobacteria']	['Pseudomonadales']	['Pseudomonadaceae']		['Pseudomonas']		6.0	3.0	7.5	1.0																								
642	UCVBEULMPJTLLH	sirius	C1=CC=C(C(=C1)C2=NC(=CS2)C(=O)O)O																																																																																												1.0	3.0	0.502	0.61	-95.375	0.018	0.333	52.887	C10H7NO3S	[M + H]+	C10H8NO3S+	InChI=1S/C10H7NO3S/c12-8-4-2-1-3-6(8)9-11-7(5-15-9)10(13)14/h1-5,12H,(H,13,14)	2-(2-hydroxyphenyl)-1,3-thiazole-4-carboxylic acid	C1=CC=C(C(=C1)C2=NC(=CS2)C(=O)O)O	2.1	136077166	COCONUT:(CNP0108315);SUPERNATURAL:(SN0367014);PUBCHEM:(136077166);DSSTox:(DTXSID50710728);LOTUS:(Q105270164)	137710534658.0	222.022	155.0	2.587	7.136870132109526e+17	7.13686824588895e+17	
643	AVJWTAOORQVSBO	sirius	CCCCCOC1=CC=C(C=C1)C=CC(=O)NO																																																																																												1.0	1.0	0.072	0.072	-283.942	1.0	0.333	51.682	C14H19NO3	[M - H2O + H]+	C14H18NO2+	InChI=1S/C14H19NO3/c1-2-3-4-11-18-13-8-5-12(6-9-13)7-10-14(16)15-17/h5-10,17H,2-4,11H2,1H3,(H,15,16)	N-hydroxy-3-(4-pentoxyphenyl)prop-2-enamide	CCCCCOC1=CC=C(C=C1)C=CC(=O)NO	2.9	6433954;33364	PUBCHEMANNOTATIONSAFETYANDTOXIC:(null);PUBCHEM:(6433954 33364)	67108866.0	232.133	155.0	2.59	7.136870089747052e+17	7.136868246098665e+17	
645	GCTQKUMQPVBELP	sirius	C[CH]CC(C(=O)NN)NC(=O)OCC1=CC=C(C=C1)NC																																																																																												1.0	1.0	-inf	-inf	-362.083	0.711	0.015	17.59	C14H21N4O3	[M - H2O + H]+	C14H20N4O2+	InChI=1S/C14H21N4O3/c1-3-4-12(13(19)18-15)17-14(20)21-9-10-5-7-11(16-2)8-6-10/h3,5-8,12,16H,4,9,15H2,1-2H3,(H,17,20)(H,18,19)		C[CH]CC(C(=O)NN)NC(=O)OCC1=CC=C(C=C1)NC	1.3	58794926	PUBCHEM:(58794926)	2.0	276.159	158.0	2.629	7.136870027461632e+17	7.13686824630838e+17	
645	KIENYUDXZBOMJI	isdb	CC(C)=CCc1ccc2c(CC(=O)O)c[nH]c2c1																																													10.0	Alkaloids	0.625	Tryptophan alkaloids	0.6	Quinoline alkaloids	0.475	16.0	0.0	MS1_match	http://www.wikidata.org/entity/Q110171633	KIENYUDXZBOMJI-UHFFFAOYSA-N	InChI=1S/C15H17NO2/c1-10(2)3-4-11-5-6-13-12(8-15(17)18)9-16-14(13)7-11/h3,5-7,9,16H,4,8H2,1-2H3,(H,17,18)	CC(C)=CCc1ccc2c(CC(=O)O)c[nH]c2c1	C15H17NO2	pos_1_1proton1methanol	243.125928784	Monaprenylindole A	Alkaloids	Tryptophan alkaloids	Simple indole alkaloids	http://www.wikidata.org/entity/Q131143	Pseudomonas	281374.0	['Bacteria']	['Unknown']	['Proteobacteria']	['Gammaproteobacteria']	['Pseudomonadales']	['Pseudomonadaceae']	['Unknown']	['Pseudomonas']	['Unknown']		['Bacteria']		['Proteobacteria']	['Gammaproteobacteria']	['Pseudomonadales']	['Pseudomonadaceae']		['Pseudomonas']		6.0	2.0	7.0	1.0																								
646	UOXZWOFFAYIQFJ	sirius	CC(C(=O)C(C(C(C(CO)O)O)O)O)(F)F																																																																																												1.0	1.0	-inf	-inf	-195.069	0.428	0.101	22.283	C8H14F2O6	[M - H2O + H]+	C8H13F2O5+	InChI=1S/C8H14F2O6/c1-8(9,10)7(16)6(15)5(14)4(13)3(12)2-11/h3-6,11-15H,2H2,1H3	(4R,5S,6S,7R)-2,2-difluoro-4,5,6,7,8-pentahydroxyoctan-3-one	CC(C(=O)C(C(C(C(CO)O)O)O)O)(F)F	-2.2	126481561	PUBCHEM:(126481561)	2.0	227.072	159.0	2.645	7.136870262174906e+17	7.136868246518095e+17	
647	DRKWWMGEXDHBSK	sirius	CC(C)(C)OC(=O)NC(C(=O)O)C(F)(F)F																																																																																												1.0	1.0	0.024	0.024	-362.964	0.651	0.003	19.571	C8H12F3NO4	[M - H2O + H]+	C8H11F3NO3+	InChI=1S/C8H12F3NO4/c1-7(2,3)16-6(15)12-4(5(13)14)8(9,10)11/h4H,1-3H3,(H,12,15)(H,13,14)	N-(Tert-butoxycarbonyl)-3,3,3-trifluoroalanine	CC(C)(C)OC(=O)NC(C(=O)O)C(F)(F)F	1.7	53403782;86637827;97290397	PUBCHEMANNOTATIONSAFETYANDTOXIC:(null);PUBCHEM:(53403782 86637827 97290397);DSSTox:(DTXSID90695247)	137506062338.0	226.069	159.0	2.643	7.13687004851704e+17	7.136868246769754e+17	
648	JGCSKOVQDXEQHI	sirius	C1=CC=C2C(=C1)N=C3C=CC=C(C3=N2)C(=O)O																																																																																												1.0	1.0	0.108	0.108	-111.31	0.911	0.913	12.564	C13H8N2O2	[M + Na]+	C13H8N2NaO2+	InChI=1S/C13H8N2O2/c16-13(17)8-4-3-7-11-12(8)15-10-6-2-1-5-9(10)14-11/h1-7H,(H,16,17)	Tubermycin B	C1=CC=C2C(=C1)N=C3C=CC=C(C3=N2)C(=O)O	2.2	7097402;95069	PUBCHEMANNOTATIONBIO;MiMeDB:(MMDBc0008900);PUBCHEMANNOTATIONSAFETYANDTOXIC;SUPERNATURAL:(SN0164558);MESH:(95069 7097402);PUBCHEM:(7097402 95069);GNPS:(CCMSLIB00000072561);COCONUT:(CNP0254586);METACYC:(CPD-9522);PLANTCYC:(CPD-9522);CHEBI:(62248 62412);KEGG:(C21442);DSSTox:(DTXSID30180026 DTXSID60150717);LOTUS:(Q27131864);PUBCHEMANNOTATIONDRUG;PUBMED	138901854566.0	247.048	159.0	2.646	7.136870037527963e+17	7.136868246979469e+17	
649	JGCSKOVQDXEQHI	isdb	O=C(O)c1cccc2nc3ccccc3nc12																																													92.0	Alkaloids	1.0	Anthranilic acid alkaloids	1.0	Phenazine alkaloids	1.0	1.0	0.0	MS1_match	http://www.wikidata.org/entity/Q27131864	JGCSKOVQDXEQHI-UHFFFAOYSA-N	InChI=1S/C13H8N2O2/c16-13(17)8-4-3-7-11-12(8)15-10-6-2-1-5-9(10)14-11/h1-7H,(H,16,17)	O=C(O)c1cccc2nc3ccccc3nc12	C13H8N2O2	pos_1_1proton	224.058577496	Phenazine-1-carboxylic acid	Alkaloids	Anthranilic acid alkaloids	Phenazine alkaloids	http://www.wikidata.org/entity/Q31856	Pseudomonas aeruginosa	216671.0	['Bacteria']	['Unknown']	['Proteobacteria']	['Gammaproteobacteria']	['Pseudomonadales']	['Pseudomonadaceae']	['Unknown']	['Pseudomonas']	['Pseudomonas aeruginosa']		['Bacteria']		['Proteobacteria']	['Gammaproteobacteria']	['Pseudomonadales']	['Pseudomonadaceae']		['Pseudomonas']	['Pseudomonas aeruginosa']	7.0	3.0	8.5	1.0																								
649	JYBNOUMWGUMFBK	sirius	C1=CC=C(C(=C1)C(=O)O)NC(=O)C2=CN=CC=C2																																																																																												1.0	1.0	0.117	0.293	-86.914	0.999	0.333	62.451	C13H10N2O3	[M - H2O + H]+	C13H9N2O2+	InChI=1S/C13H10N2O3/c16-12(9-4-3-7-14-8-9)15-11-6-2-1-5-10(11)13(17)18/h1-8H,(H,15,16)(H,17,18)	2-(pyridine-3-amido)benzoic acid	C1=CC=C(C(=C1)C(=O)O)NC(=O)C2=CN=CC=C2	1.457	4099900;201533	COCONUT:(CNP0279578);PUBCHEMANNOTATIONSAFETYANDTOXIC:(null);SUPERNATURAL:(SN0178397);PUBCHEM:(4099900 201533);DSSTox:(DTXSID80210867);PUBMED:(null)	137509208130.0	225.066	159.0	2.647	7.136870322027628e+17	7.136868247482785e+17	
650	JGCSKOVQDXEQHI	sirius	C1=CC=C2C(=C1)N=C3C=CC=C(C3=N2)C(=O)O																																																																																												1.0	1.0	0.648	0.916	-21.356	1.0	0.325	22.013	C13H8N2O2	[M - H2O + H]+	C13H7N2O+	InChI=1S/C13H8N2O2/c16-13(17)8-4-3-7-11-12(8)15-10-6-2-1-5-9(10)14-11/h1-7H,(H,16,17)	Tubermycin B	C1=CC=C2C(=C1)N=C3C=CC=C(C3=N2)C(=O)O	2.2	7097402;95069	PUBCHEMANNOTATIONBIO;MiMeDB:(MMDBc0008900);PUBCHEMANNOTATIONSAFETYANDTOXIC;SUPERNATURAL:(SN0164558);MESH:(95069 7097402);PUBCHEM:(7097402 95069);GNPS:(CCMSLIB00000072561);COCONUT:(CNP0254586);METACYC:(CPD-9522);PLANTCYC:(CPD-9522);CHEBI:(62248 62412);KEGG:(C21442);DSSTox:(DTXSID30180026 DTXSID60150717);LOTUS:(Q27131864);PUBCHEMANNOTATIONDRUG;PUBMED	138901854566.0	207.055	159.0	2.647	7.136870023686758e+17	7.1368682476925e+17	
651	KIENYUDXZBOMJI	isdb	CC(C)=CCc1ccc2c(CC(=O)O)c[nH]c2c1																																													10.0	Alkaloids	0.625	Tryptophan alkaloids	0.6	Quinoline alkaloids	0.475	17.0	0.39435717	ISDB	http://www.wikidata.org/entity/Q110171633	KIENYUDXZBOMJI-UHFFFAOYSA-N	InChI=1S/C15H17NO2/c1-10(2)3-4-11-5-6-13-12(8-15(17)18)9-16-14(13)7-11/h3,5-7,9,16H,4,8H2,1-2H3,(H,17,18)	CC(C)=CCc1ccc2c(CC(=O)O)c[nH]c2c1	C15H17NO2		243.125928784	Monaprenylindole A	Alkaloids	Tryptophan alkaloids	Simple indole alkaloids	http://www.wikidata.org/entity/Q131143	Pseudomonas	281374.0	['Bacteria']	['Unknown']	['Proteobacteria']	['Gammaproteobacteria']	['Pseudomonadales']	['Pseudomonadaceae']	['Unknown']	['Pseudomonas']	['Unknown']		['Bacteria']		['Proteobacteria']	['Gammaproteobacteria']	['Pseudomonadales']	['Pseudomonadaceae']		['Pseudomonas']		6.0	2.0	8.577428698539734	1.0																								
651	KMMXSSSTIJWATP	sirius	CC(C1=C(C2=CC=CC=C2N(C1=O)C)O)C(C)(C)O																																																																																												1.0	1.0	0.667	0.667	-197.689	1.0	0.333	112.305	C15H19NO3	[M - H2O + H]+	C15H18NO2+	InChI=1S/C15H19NO3/c1-9(15(2,3)19)12-13(17)10-7-5-6-8-11(10)16(4)14(12)18/h5-9,17,19H,1-4H3	4-hydroxy-3-(3-hydroxy-3-methylbutan-2-yl)-1-methyl-1,2-dihydroquinolin-2-one	CC(C1=C(C2=CC=CC=C2N(C1=O)C)O)C(C)(C)O	1.4	162977467;54696163	COCONUT:(CNP0249370);SUPERNATURAL:(SN0189620);PUBCHEM:(162977467 54696163);LOTUS:(Q105143043)	271581186.0	244.133	159.0	2.647	7.13686991924858e+17	7.136868247231127e+17	
653	SDOAMLONCXNZLK	sirius	CC(C)CNC(=O)C=CCCC(C=CC=CC(C)O)O																																																																																												1.0	1.0	0.063	0.063	-239.472	0.768	0.333	38.914	C16H27NO3	[M + H3N + H]+	C16H31N2O3+	InChI=1S/C16H27NO3/c1-13(2)12-17-16(20)11-7-6-10-15(19)9-5-4-8-14(3)18/h4-5,7-9,11,13-15,18-19H,6,10,12H2,1-3H3,(H,17,20)	6,11-dihydroxy-N-(2-methylpropyl)dodeca-2,7,9-trienamide	CC(C)CNC(=O)C=CCCC(C=CC=CC(C)O)O	2.0	162952993	COCONUT:(CNP0223796);SUPERNATURAL:(SN0342581);PUBCHEM:(162952993);LOTUS:(Q105250759)	271581186.0	299.233	163.0	2.723	7.136870017814732e+17	7.136868248153874e+17	
654	PFRYWNLCZDQOHR	isdb																																														-1.0							1.0	0.51222	ISDB															['Unknown']	['Unknown']	['Unknown']	['Unknown']	['Unknown']	['Unknown']	['Unknown']	['Unknown']	['Unknown']											0.0	0.0	2.048880100250244	1.0																								
654	YFCMNHZEVBRDCQ	sirius	C1=CC=C(C(=C1)C(=O)NCC2=CC=CO2)NC(=O)C3=CC=CC=N3																																																																																												1.0	2.0	0.455	0.438	-89.472	0.083	0.322	25.013	C18H15N3O3	[M + H]+	C18H16N3O3+	InChI=1S/C18H15N3O3/c22-17(20-12-13-6-5-11-24-13)14-7-1-2-8-15(14)21-18(23)16-9-3-4-10-19-16/h1-11H,12H2,(H,20,22)(H,21,23)	N-[2-(furan-2-ylmethylcarbamoyl)phenyl]pyridine-2-carboxamide	C1=CC=C(C(=C1)C(=O)NCC2=CC=CO2)NC(=O)C3=CC=CC=N3	2.4	51283893	PUBCHEM:(51283893)	2.0	322.119	168.0	2.797	7.136870087398241e+17	7.136868248363589e+17	
655	KQXPEMHRIDDMQC	sirius	C1=CC=C(C(=C1)C2=NC(=CS2)C=O)O																																																																																												1.0	2.0	0.57	0.616	-63.394	0.033	0.333	48.074	C10H7NO2S	[M + H]+	C10H8NO2S+	InChI=1S/C10H7NO2S/c12-5-7-6-14-10(11-7)8-3-1-2-4-9(8)13/h1-6,13H	Aeruginaldehyde	C1=CC=C(C(=C1)C2=NC(=CS2)C=O)O	2.1	136259032	COCONUT:(CNP0149938);MiMeDB:(MMDBc0008097);SUPERNATURAL:(SN0193002);MESH:(136259032);PUBCHEM:(136259032);LOTUS:(Q77385908);PUBMED	1345323078.0	206.027	172.0	2.862	7.136869943533601e+17	7.136868248573304e+17	
656	DIBJPKPIMHBNDD	sirius	CCCCCCCC(=O)NC1=CC=CC=C1C(=O)O																																																																																												1.0	1.0	0.392	0.392	-282.824	1.0	0.333	35.72	C15H21NO3	[M - H2O + H]+	C15H20NO2+	InChI=1S/C15H21NO3/c1-2-3-4-5-6-11-14(17)16-13-10-8-7-9-12(13)15(18)19/h7-10H,2-6,11H2,1H3,(H,16,17)(H,18,19)	2-(Octanoylamino)benzoic acid	CCCCCCCC(=O)NC1=CC=CC=C1C(=O)O	3.633	4157220;20142310	PUBCHEMANNOTATIONBIO:(null);MiMeDB:(MMDBc0056154);CHEBI:(143722 143902);PUBCHEM:(4157220 20142310);PUBCHEMANNOTATIONDRUG:(null);PUBMED:(null)	1124073570.0	246.149	177.0	2.945	7.136869977884954e+17	7.136868250754342e+17	
657	NYBZAGXTZXPYND	sirius	CN1C(CSC1C2CSC(=N2)C3=CC=CC=C3O)C(=O)O																																																																																												1.0	1.0	0.635	0.333	-135.263	0.998	0.993	37.511	C14H16N2O3S2	[M + Na]+	C14H16N2NaO3S2+	InChI=1S/C14H16N2O3S2/c1-16-10(14(18)19)7-21-13(16)9-6-20-12(15-9)8-4-2-3-5-11(8)17/h2-5,9-10,13,17H,6-7H2,1H3,(H,18,19)	Pyochelin	CN1C(CSC1C2CSC(=N2)C3=CC=CC=C3O)C(=O)O	-0.3	136777522;136862320;146684603;5287441;135457329;135474352;135479930;135499974;135583337;135874851;135874852;135926557;443588;164680639	PUBCHEMANNOTATIONBIO;HMDB:(HMDB0256933);MiMeDB:(MMDBc0013436 MMDBc0032894);BloodExposome:(443588);SUPERNATURAL:(SN0258314 SN0398351);MESH:(443588 5287441 135583337);PUBCHEM:(136777522 136862320 146684603 5287441 135457329 135474352 135479930 135499974 135583337 135874851 135874852 135926557 443588 164680639);GNPS:(CCMSLIB00004679396);COCONUT:(CNP0316788 CNP0343258);METACYC:(CPD-12093 CPD-9992);CHEBI:(29669 67183 67185);KEGG:(C12037);DSSTox:(DTXSID00780158 DTXSID00855097 DTXSID601318690);LOTUS:(Q27135674 Q111269452 Q105291950 Q105187442 Q27110216);PUBCHEMANNOTATIONDRUG;PUBMED;KNAPSACK:(NYBZAGXTZXPYND-UHFFFAOYSA-N)	138838808958.0	347.049	176.0	2.939	7.136870347193454e+17	7.136868249454108e+17	
658	UKMWXNNSISWSGN	sirius	C1=CC(=CC=C1C(F)(F)F)NC(=O)CS(=O)CC(=O)O																																																																																												1.0	1.0	0.015	0.015	-113.916	1.0	0.298	46.563	C11H10F3NO4S	[M + H3N + H]+	C11H14F3N2O4S+	InChI=1S/C11H10F3NO4S/c12-11(13,14)7-1-3-8(4-2-7)15-9(16)5-20(19)6-10(17)18/h1-4H,5-6H2,(H,15,16)(H,17,18)	2-({2-Oxo-2-[4-(trifluoromethyl)anilino]ethyl}sulfinyl)acetic acid	C1=CC(=CC=C1C(F)(F)F)NC(=O)CS(=O)CC(=O)O	1.5	40541249;40541251;1483462	PUBCHEM:(40541249 40541251 1483462)	2.0	327.062	176.0	2.938	7.136870415812273e+17	7.136868248992735e+17	
658	YGFANAKPQTVDEE	isdb																																														96.0	Alkaloids	0.2857142857142857	Serine alkaloids	0.2857142857142857	Thiazole alkaloids	0.2857142857142857	1.0	0.51898843	ISDB															['Unknown']	['Unknown']	['Unknown']	['Unknown']	['Unknown']	['Unknown']	['Unknown']	['Unknown']	['Unknown']											0.0	0.0	2.075953722000122	1.0																								
659	NYBZAGXTZXPYND	gnps|isdb	CN1C([C@H]2CSC(c3ccccc3O)=N2)SC[C@H]1C(=O)O	CCMSLIB00005724305	spectra_filtered.mgf	GNPS-LIBRARY.mgf	0.972433	1578860000.0	0.0	1.03269	13.0	0.000335693	325.068	1.0	temp/spectra_filtered.mgf659	1.0	Pyochelin	LC-ESI	Orbitrap	Isolated	Dawn R.D. Bignell	Jingyu Liu	M+H	325.068	324.06	1.0	 	443588	CN1C(CSC1C2CSC(=N2)C3=CC=CC=C3O)C(=O)O	InChI=1S/C14H16N2O3S2/c1-16-10(14(18)19)7-21-13(16)9-6-20-12(15-9)8-4-2-3-5-11(8)17/h2-5,9-10,13,17H,6-7H2,1H3,(H,18,19)/t9-,10+,13?/m1/s1	 	3.0	Positive	GNPS-LIBRARY	325.068	UPDATE-SINGLE-ANNOTATED-BRONZE	Bronze		C14H16N2O3S2	NYBZAGXTZXPYND-UHFFFAOYSA-N	Organic acids and derivatives	Carboxylic acids and derivatives	Amino acids, peptides, and analogues	Serine alkaloids	Thiazole alkaloids	Alkaloids	mzspec:GNPS:GNPS-LIBRARY:CCMSLIB00005724305	96.0	Alkaloids	0.2857142857142857	Serine alkaloids	0.2857142857142857	Thiazole alkaloids	0.2857142857142857	3.0	0.48858386	ISDB	http://www.wikidata.org/entity/Q27110216	NYBZAGXTZXPYND-GDVCOKDOSA-N	InChI=1S/C14H16N2O3S2/c1-16-10(14(18)19)7-21-13(16)9-6-20-12(15-9)8-4-2-3-5-11(8)17/h2-5,9-10,13,17H,6-7H2,1H3,(H,18,19)/t9-,10+,13?/m1/s1	CN1C([C@H]2CSC(c3ccccc3O)=N2)SC[C@H]1C(=O)O	C14H16N2O3S2		324.060234372	(4R)-2-[(4R)-2-(2-hydroxyphenyl)-4,5-dihydro-1,3-thiazol-4-yl]-3-methyl-1,3-thiazolidine-4-carboxylic acid	Alkaloids	Serine alkaloids	Thiazole alkaloids	http://www.wikidata.org/entity/Q31856	Pseudomonas aeruginosa	216671.0	['Bacteria']	['Unknown']	['Proteobacteria']	['Gammaproteobacteria']	['Pseudomonadales']	['Pseudomonadaceae']	['Unknown']	['Pseudomonas']	['Pseudomonas aeruginosa']		['Bacteria']		['Proteobacteria']	['Gammaproteobacteria']	['Pseudomonadales']	['Pseudomonadaceae']		['Pseudomonas']	['Pseudomonas aeruginosa']	7.0	3.0	10.4543354511261	1.0																								
659	VJFZNWZNGQFKCT	sirius	C1CCC2=C(C1)C(=C(S2)NC(=O)C3=CC=CS3)C(=O)O																																																																																												1.0	1.0	0.017	0.017	-324.735	1.0	0.333	91.711	C14H13NO3S2	[M + H3N + H]+	C14H17N2O3S2+	InChI=1S/C14H13NO3S2/c16-12(10-6-3-7-19-10)15-13-11(14(17)18)8-4-1-2-5-9(8)20-13/h3,6-7H,1-2,4-5H2,(H,15,16)(H,17,18)	2-(Thiophene-2-carbonylamino)-4,5,6,7-tetrahydro-1-benzothiophene-3-carboxylate	C1CCC2=C(C1)C(=C(S2)NC(=O)C3=CC=CS3)C(=O)O	4.1	3385772;703864	PUBCHEMANNOTATIONBIO:(null);PUBCHEM:(3385772 703864);PUBMED:(null)	16777282.0	325.068	176.0	2.939	7.136870158365871e+17	7.136868249705766e+17	
661	ULELOBVZIKJPAC	sirius	C1=CC=C(C=C1)S(=O)(=O)CCS(=O)(=O)C2=CC=CC=C2																																																																																												1.0	1.0	0.068	0.068	-110.916	0.917	0.333	74.251	C14H14O4S2	[M + H3N + H]+	C14H18NO4S2+	InChI=1S/C14H14O4S2/c15-19(16,13-7-3-1-4-8-13)11-12-20(17,18)14-9-5-2-6-10-14/h1-10H,11-12H2	1,2-Bis(phenylsulfonyl)ethane	C1=CC=C(C=C1)S(=O)(=O)CCS(=O)(=O)C2=CC=CC=C2	2.1	69036	NORMAN:(NS00043876);PUBCHEMANNOTATIONSAFETYANDTOXIC:(null);MESH:(69036);PUBCHEM:(69036);DSSTox:(DTXSID30208613);PUBMED:(null)	137506324550.0	328.066	176.0	2.939	7.136870210333304e+17	7.136868249244393e+17	
662	JOSRMKRQHNMZMH	sirius	CC1=NN=C2N1CC(C2)C(=O)NC3CN(C3)S(=O)(=O)F																																																																																												1.0	3.0	0.043	0.043	-144.675	0.014	0.2	86.192	C10H14FN5O3S	[M + Na]+	C10H14FN5NaO3S+	InChI=1S/C10H14FN5O3S/c1-6-13-14-9-2-7(3-16(6)9)10(17)12-8-4-15(5-8)20(11,18)19/h7-8H,2-5H2,1H3,(H,12,17)	3-[(3-methyl-6,7-dihydro-5H-pyrrolo[2,1-c][1,2,4]triazole-6-carbonyl)amino]azetidine-1-sulfonyl fluoride	CC1=NN=C2N1CC(C2)C(=O)NC3CN(C3)S(=O)(=O)F	-1.2	166419715	PUBCHEM:(166419715)	2.0	326.07	176.0	2.937	7.136870088404874e+17	7.13686824878302e+17	
663	UZWVWOPQEPEGAE	sirius	C1=C(C(=O)OC1=O)[SiH3]																																																																																												1.0	3.0	0.113	0.113	-38.908	0.276	0.333	28.743	C4H4O3Si	[M + H3N + H]+	C4H8NO3Si+	InChI=1S/C4H4O3Si/c5-3-1-2(8)4(6)7-3/h1H,8H3	3-Silylfuran-2,5-dione	C1=C(C(=O)OC1=O)[SiH3]	-0.326	123405552	PUBCHEM:(123405552)	2.0	146.026	176.0	2.938	7.136870121917367e+17	7.136868250334912e+17	
666	BAQAVOSOZGMPRM	sirius	C(C1C(C(C(C(O1)OC2(C(C(C(O2)CCl)O)O)CCl)O)O)Cl)O																																																																																												1.0	7.0	0.159	0.159	-139.138	0.017	0.031	10.548	C12H19Cl3O8	[M + Na]+	C12H19Cl3NaO8+	InChI=1S/C12H19Cl3O8/c13-1-4-7(17)10(20)12(3-14,22-4)23-11-9(19)8(18)6(15)5(2-16)21-11/h4-11,16-20H,1-3H2	2-{[2,5-bis(chloromethyl)-3,4-dihydroxyoxolan-2-yl]oxy}-5-chloro-6-(hydroxymethyl)oxane-3,4-diol	C(C1C(C(C(C(O1)OC2(C(C(C(O2)CCl)O)O)CCl)O)O)Cl)O	-0.758	118891706;134294868;124582093;124893003;67987943;53384914;163285125;5066234;51064083;135314356;118372947;134528995;134693819;58013936;58013940;137699449;95858802;95858803;95858804;95858805;125462853;97054139;97961389;66509015;97289621;97289622;97289623;156614221;146159203;146242609;89546211;89666589;126543516;89888626;89988896;140847017;140906971;70683051;56973688;91849026;133126621;129009894;12848726;89126758;89126762;89140855;89220688;89337510;71752268;131632491;132129172;132132510;68009482;68080051;68360668;45040428;59806223;71485;46782953;133687165;57078006;138106575;141075403;57912333	PUBCHEMANNOTATIONBIO;HMDB:(HMDB0031554);PUBCHEMANNOTATIONSAFETYANDTOXIC;BloodExposome:(71485 5066234);SUPERNATURAL:(SN0020417);HSDB:(56038-13-2);MESH:(71485 5066234 70683051);PUBCHEM:(118891706 134294868 124582093 124893003 67987943 53384914 163285125 5066234 51064083 135314356 118372947 134528995 134693819 58013936 58013940 137699449 95858802 95858803 95858804 95858805 125462853 97054139 97961389 66509015 97289621 97289622 97289623 156614221 146159203 146242609 89546211 89666589 126543516 89888626 89988896 140847017 140906971 70683051 56973688 91849026 133126621 129009894 12848726 89126758 89126762 89140855 89220688 89337510 71752268 131632491 132129172 132132510 68009482 68080051 68360668 45040428 59806223 71485 46782953 133687165 57078006 138106575 141075403 57912333);COCONUT:(CNP0281789);NORMAN:(NS00000320);CHEBI:(32159);KEGG:(C12285);DSSTox:(DTXSID1040245 DTXSID301339960);PUBCHEMANNOTATIONDRUG;PUBCHEMANNOTATIONFOOD;PUBMED	137698214766.0	419.005	176.0	2.939	7.136870124350063e+17	7.136868250544627e+17	
667	JYBNOUMWGUMFBK	sirius	C1=CC=C(C(=C1)C(=O)O)NC(=O)C2=CN=CC=C2																																																																																												1.0	1.0	0.095	0.196	-103.252	1.0	0.329	17.778	C13H10N2O3	[M - H2O + H]+	C13H9N2O2+	InChI=1S/C13H10N2O3/c16-12(9-4-3-7-14-8-9)15-11-6-2-1-5-10(11)13(17)18/h1-8H,(H,15,16)(H,17,18)	2-(pyridine-3-amido)benzoic acid	C1=CC=C(C(=C1)C(=O)O)NC(=O)C2=CN=CC=C2	1.457	4099900;201533	COCONUT:(CNP0279578);PUBCHEMANNOTATIONSAFETYANDTOXIC:(null);SUPERNATURAL:(SN0178397);PUBCHEM:(4099900 201533);DSSTox:(DTXSID80210867);PUBMED:(null)	137509208130.0	225.066	178.0	2.968	7.136869956074572e+17	7.136868250964059e+17	
668	XSJCCBUJYNTKBH	sirius	C1=CSC(=C1)C(=O)C2=CON=C2C(=O)C3=CC=CS3																																																																																												1.0	3.0	0.133	0.133	-136.077	0.013	0.329	14.567	C13H7NO3S2	[M + H3N + H]+	C13H11N2O3S2+	InChI=1S/C13H7NO3S2/c15-12(9-3-1-5-18-9)8-7-17-14-11(8)13(16)10-4-2-6-19-10/h1-7H	3,4-Bis[(2-thienyl)carbonyl]isoxazole	C1=CSC(=C1)C(=O)C2=CON=C2C(=O)C3=CC=CS3	3.4	723681	PUBCHEM:(723681)	2.0	307.021	181.0	3.02	7.136870003218552e+17	7.136868251173774e+17	
669	KBROKGQCALWRSB	isdb	O=C1N[C@@H](Cc2ccccc2)C(=O)N2CCCC[C@H]12																																													10.0	Alkaloids	0.625	Tryptophan alkaloids	0.6	Quinoline alkaloids	0.475	3.0	0.7472527	ISDB	http://www.wikidata.org/entity/Q105138494	KBROKGQCALWRSB-QWHCGFSZSA-N	InChI=1S/C15H18N2O2/c18-14-13-8-4-5-9-17(13)15(19)12(16-14)10-11-6-2-1-3-7-11/h1-3,6-7,12-13H,4-5,8-10H2,(H,16,18)/t12-,13+/m0/s1	O=C1N[C@@H](Cc2ccccc2)C(=O)N2CCCC[C@H]12	C15H18N2O2		258.136827816	(3S,9aR)-3-benzyl-3,6,7,8,9,9a-hexahydro-2H-pyrido[1,2-a]pyrazine-1,4-dione	Amino acids and Peptides	Small peptides	Dipeptides	http://www.wikidata.org/entity/Q7254484	Pseudoalteromonas haloplanktis	749117.0	['Bacteria']	['Unknown']	['Proteobacteria']	['Gammaproteobacteria']	['Alteromonadales']	['Pseudoalteromonadaceae']	['Unknown']	['Pseudoalteromonas']	['Pseudoalteromonas haloplanktis']		['Bacteria']		['Proteobacteria']	['Gammaproteobacteria']						3.0	0.0	5.989010810852051	1.0																								
670	ICTVCUOZYWNYHM	sirius	CCCCCCCC1=CC(=O)C2=CC=CC=C2N1O																																																																																												1.0	1.0	0.59	0.782	-156.274	1.0	0.333	59.488	C16H21NO2	[M - H2O + H]+	C16H20NO+	InChI=1S/C16H21NO2/c1-2-3-4-5-6-9-13-12-16(18)14-10-7-8-11-15(14)17(13)19/h7-8,10-12,19H,2-6,9H2,1H3	2-n-heptyl-4-hydroxyquinoline n-oxide	CCCCCCCC1=CC(=O)C2=CC=CC=C2N1O	4.5	87858423;4634558;1561	PUBCHEMANNOTATIONBIO;MiMeDB:(MMDBc0032878);BloodExposome:(1561);SUPERNATURAL:(SN0142128 SN0259486);MESH:(1561);PUBCHEM:(87858423 4634558 1561);COCONUT:(CNP0449327);NORMAN:(NS00068535);METACYC:(CPD-23999 CPD-7975 SMA-0000187);CHEBI:(157768 28362);KEGG:(C04284);DSSTox:(DTXSID20955644);LOTUS:(Q105111165 Q27097153);PUBCHEMANNOTATIONDRUG;PUBMED	138839066982.0	242.154	185.0	3.076	7.136870257519227e+17	7.136868251425432e+17	
671	GZXKMBWMMKQDLL	sirius	CN1C2=CC=CC=C2C(=CC1=O)OCCCCCCO																																																																																												1.0	1.0	0.545	0.545	-170.14	1.0	0.333	67.514	C16H21NO3	[M - H2O + H]+	C16H20NO2+	InChI=1S/C16H21NO3/c1-17-14-9-5-4-8-13(14)15(12-16(17)19)20-11-7-3-2-6-10-18/h4-5,8-9,12,18H,2-3,6-7,10-11H2,1H3	4-(6-Hydroxyhexoxy)-1-methylquinolin-2-one	CN1C2=CC=CC=C2C(=CC1=O)OCCCCCCO	2.0	164525548	PUBCHEM:(164525548)	2.0	258.149	185.0	3.078	7.136870145866844e+17	7.136868252096521e+17	
671	OGNDPMMWXRHXND	isdb	COc1c(CC=C(C)C)c(=O)n(C)c2ccccc12																																													10.0	Alkaloids	0.625	Tryptophan alkaloids	0.6	Quinoline alkaloids	0.475	4.0	0.68130153	ISDB	http://www.wikidata.org/entity/Q104193346	OGNDPMMWXRHXND-UHFFFAOYSA-N	InChI=1S/C16H19NO2/c1-11(2)9-10-13-15(19-4)12-7-5-6-8-14(12)17(3)16(13)18/h5-9H,10H2,1-4H3	COc1c(CC=C(C)C)c(=O)n(C)c2ccccc12	C16H19NO2		257.141578848	N-Methylatanine	Alkaloids	Tryptophan alkaloids	Quinoline alkaloids	http://www.wikidata.org/entity/Q18083681	Zanthoxylum beecheyanum	743556.0	['Eukaryota']	['Archaeplastida']	['Streptophyta']	['Magnoliopsida']	['Sapindales']	['Rutaceae']	['Unknown']	['Zanthoxylum']	['Zanthoxylum beecheyanum']											0.0	3.0	4.225206136703491	1.0																								
672	VFAYVFXEKSOZAD	sirius	CC1CC=CC2C=C(C(C3C2(C(=O)CCC(=O)CC(=C1)C)C(=O)NC3CC4=CNC5=CC=CC=C54)C)CO																																																																																												1.0	2.0	0.039	0.12	-458.769	0.495	0.333	39.2	C32H38N2O4	[M + H]+	C32H39N2O4+	InChI=1S/C32H38N2O4/c1-19-7-6-8-24-15-23(18-35)21(3)30-28(16-22-17-33-27-10-5-4-9-26(22)27)34-31(38)32(24,30)29(37)12-11-25(36)14-20(2)13-19/h4-6,8-10,13,15,17,19,21,24,28,30,33,35H,7,11-12,14,16,18H2,1-3H3,(H,34,38)	Armochaetoglobin B	CC1CC=CC2C=C(C(C3C2(C(=O)CCC(=O)CC(=C1)C)C(=O)NC3CC4=CNC5=CC=CC=C54)C)CO	3.3	163063261;163063262;139583879;122180304	COCONUT:(CNP0353560);SUPERNATURAL:(SN0388555);PUBCHEM:(163063261 163063262 139583879 122180304);LOTUS:(Q115971701 Q75068773);PUBMED	271581250.0	515.29	185.0	3.077	7.136869917319199e+17	7.136868251844863e+17	
673	JYFNTDPGDPZMCM	isdb|sirius	CCCCCCCCCC1=CC(=O)C2=CC=CC=C2N1O																																													10.0	Alkaloids	0.625	Tryptophan alkaloids	0.6	Quinoline alkaloids	0.475	1.0	0.0	MS1_match	http://www.wikidata.org/entity/Q82932445	JYFNTDPGDPZMCM-UHFFFAOYSA-N	InChI=1S/C18H25NO2/c1-2-3-4-5-6-7-8-11-15-14-18(20)16-12-9-10-13-17(16)19(15)21/h9-10,12-14,21H,2-8,11H2,1H3	CCCCCCCCCc1cc(=O)c2ccccc2n1O	C18H25NO2	pos_1_1proton	287.18852904	2-Nonyl-4-hydroxyquinoline N-oxide	Alkaloids	Tryptophan alkaloids	Quinoline alkaloids	http://www.wikidata.org/entity/Q131143	Pseudomonas	281374.0	['Bacteria']	['Unknown']	['Proteobacteria']	['Gammaproteobacteria']	['Pseudomonadales']	['Pseudomonadaceae']	['Unknown']	['Pseudomonas']	['Unknown']		['Bacteria']		['Proteobacteria']	['Gammaproteobacteria']	['Pseudomonadales']	['Pseudomonadaceae']		['Pseudomonas']		6.0	3.0	7.5	1.0	1.0	2.0	0.462	0.752	-78.041	0.047	0.333	50.689	C18H25NO2	[M + H]+	C18H26NO2+	InChI=1S/C18H25NO2/c1-2-3-4-5-6-7-8-11-15-14-18(20)16-12-9-10-13-17(16)19(15)21/h9-10,12-14,21H,2-8,11H2,1H3	Nqno	CCCCCCCCCC1=CC(=O)C2=CC=CC=C2N1O	5.6	6398496;130804	PUBCHEMANNOTATIONBIO:(null);COCONUT:(CNP0272498);NORMAN:(NS00073263);SUPERNATURAL:(SN0178527 SN0209250);MESH:(130804);PUBCHEM:(6398496 130804);DSSTox:(DTXSID00953562);LOTUS:(Q82932445);PUBMED:(null)	137727574086.0	288.196	186.0	3.103	7.136869985183043e+17	7.136868252306236e+17	
675	MXZQJSKPUZWONN	sirius	CC(=O)NC12CCC(CC1C3C(=O)C=C4C(C3(CC2)C)(CCC5C4(C=C(C(=O)C5(C)C)C#N)C)C)(C)C																																																																																												1.0	3.0	0.067	0.067	-339.648	0.317	0.33	15.877	C32H44N2O3	[M - H2O + H]+	C32H43N2O2+	InChI=1S/C32H44N2O3/c1-19(35)34-32-13-11-27(2,3)17-21(32)25-22(36)15-24-29(6)16-20(18-33)26(37)28(4,5)23(29)9-10-30(24,7)31(25,8)12-14-32/h15-16,21,23,25H,9-14,17H2,1-8H3,(H,34,35)	N-[(4aS,6aR,6bS,8aR,12aS)-11-cyano-2,2,6a,6b,9,9,12a-heptamethyl-10,14-dioxo-1,3,4,5,6,7,8,8a,14a,14b-decahydropicen-4a-yl]acetamide	CC(=O)NC12CCC(CC1C3C(=O)C=C4C(C3(CC2)C)(CCC5C4(C=C(C(=O)C5(C)C)C#N)C)C)(C)C	5.7	77232699;156517610;66773655;155470169;68066028;44462873;138461508	PUBCHEMANNOTATIONBIO;PUBCHEM:(77232699 156517610 66773655 155470169 68066028 44462873 138461508)	16777218.0	487.332	188.0	3.133	7.136869986441335e+17	7.13686825276761e+17	
676	ZJDQJGJPYGJSGW	sirius	CCCCCCCC(=O)CC(=O)C1=CC=CC=C1N																																																																																												1.0	1.0	0.213	0.213	-324.974	1.0	0.333	15.071	C16H23NO2	[M - H2O + H]+	C16H22NO+	InChI=1S/C16H23NO2/c1-2-3-4-5-6-9-13(18)12-16(19)14-10-7-8-11-15(14)17/h7-8,10-11H,2-6,9,12,17H2,1H3	1-(2-Aminophenyl)decane-1,3-dione	CCCCCCCC(=O)CC(=O)C1=CC=CC=C1N	4.3	121596246	PUBCHEMANNOTATIONBIO:(null);METACYC:(CPD-19115 CPD-24743);CHEBI:(133039);KEGG:(C21490);PUBCHEM:(121596246);PUBCHEMANNOTATIONDRUG:(null);PUBMED:(null)	50334050.0	244.17	188.0	3.133	7.13687022832687e+17	7.136868253228983e+17	
677	ABYBSKYSXDSVJG	sirius	C(CCCNCCC#N)CCNCCC#N																																																																																												1.0	1.0	0.065	0.065	-114.287	0.622	0.664	4.913	C12H22N4	[M + Na]+	C12H22N4Na+	InChI=1S/C12H22N4/c13-7-5-11-15-9-3-1-2-4-10-16-12-6-8-14/h15-16H,1-6,9-12H2	3-[6-(2-Cyano-ethylamino)-hexylamino]-propionitrile	C(CCCNCCC#N)CCNCCC#N	0.2	4464462;7062679	NORMAN:(NS00026508);PUBCHEM:(4464462 7062679);DSSTox:(DTXSID00403572)	137439215618.0	245.173	188.0	3.134	7.136870165663962e+17	7.136868252977325e+17	
679	ULELOBVZIKJPAC	sirius	C1=CC=C(C=C1)S(=O)(=O)CCS(=O)(=O)C2=CC=CC=C2																																																																																												1.0	2.0	0.081	0.081	-104.457	0.055	0.245	56.304	C14H14O4S2	[M + H3N + H]+	C14H18NO4S2+	InChI=1S/C14H14O4S2/c15-19(16,13-7-3-1-4-8-13)11-12-20(17,18)14-9-5-2-6-10-14/h1-10H,11-12H2	1,2-Bis(phenylsulfonyl)ethane	C1=CC=C(C=C1)S(=O)(=O)CCS(=O)(=O)C2=CC=CC=C2	2.1	69036	NORMAN:(NS00043876);PUBCHEMANNOTATIONSAFETYANDTOXIC:(null);MESH:(69036);PUBCHEM:(69036);DSSTox:(DTXSID30208613);PUBMED:(null)	137506324550.0	328.066	191.0	3.182	7.13687035885362e+17	7.136868253690356e+17	
681	RKEYYYKEKAYVOO	sirius	C1=CC(=C(C=C1F)F)NC(=O)CSCC(=O)O																																																																																												1.0	1.0	0.052	0.042	-140.887	0.36	0.332	15.433	C10H9F2NO3S	[M + H3N + H]+	C10H13F2N2O3S+	InChI=1S/C10H9F2NO3S/c11-6-1-2-8(7(12)3-6)13-9(14)4-17-5-10(15)16/h1-3H,4-5H2,(H,13,14)(H,15,16)	2-{[2-(2,4-Difluoroanilino)-2-oxoethyl]sulfanyl}acetic acid	C1=CC(=C(C=C1F)F)NC(=O)CSCC(=O)O	1.581	2732308	PUBCHEM:(2732308)	2.0	279.062	191.0	3.182	7.136870212052969e+17	7.136868254193673e+17	
682	BQXGBFRCRSZCAN	sirius	CC1=CC=C(C=C1)C=C2C(=O)N(C(=S)S2)CCC(=O)O																																																																																												1.0	1.0	0.077	0.077	-177.092	1.0	0.333	83.507	C14H13NO3S2	[M + H3N + H]+	C14H17N2O3S2+	InChI=1S/C14H13NO3S2/c1-9-2-4-10(5-3-9)8-11-13(18)15(14(19)20-11)7-6-12(16)17/h2-5,8H,6-7H2,1H3,(H,16,17)	3-[(5E)-5-[(4-methylphenyl)methylidene]-4-oxo-2-sulfanylidene-1,3-thiazolidin-3-yl]propanoate	CC1=CC=C(C=C1)C=C2C(=O)N(C(=S)S2)CCC(=O)O	2.8	1861766;1861770;1230001;1230002;2852662	PUBCHEM:(1861766 1861770 1230001 1230002 2852662)	2.0	325.068	191.0	3.183	7.13687013697492e+17	7.136868253900072e+17	
682	NYBZAGXTZXPYND	gnps|isdb	CN1C([C@H]2CSC(c3ccccc3O)=N2)SC[C@H]1C(=O)O	CCMSLIB00005724305	spectra_filtered.mgf	GNPS-LIBRARY.mgf	0.984279	968226000.0	0.0	0.844925	12.0	0.000274658	325.068	1.0	temp/spectra_filtered.mgf682	1.0	Pyochelin	LC-ESI	Orbitrap	Isolated	Dawn R.D. Bignell	Jingyu Liu	M+H	325.068	324.06	1.0	 	443588	CN1C(CSC1C2CSC(=N2)C3=CC=CC=C3O)C(=O)O	InChI=1S/C14H16N2O3S2/c1-16-10(14(18)19)7-21-13(16)9-6-20-12(15-9)8-4-2-3-5-11(8)17/h2-5,9-10,13,17H,6-7H2,1H3,(H,18,19)/t9-,10+,13?/m1/s1	 	3.0	Positive	GNPS-LIBRARY	325.068	UPDATE-SINGLE-ANNOTATED-BRONZE	Bronze		C14H16N2O3S2	NYBZAGXTZXPYND-UHFFFAOYSA-N	Organic acids and derivatives	Carboxylic acids and derivatives	Amino acids, peptides, and analogues	Serine alkaloids	Thiazole alkaloids	Alkaloids	mzspec:GNPS:GNPS-LIBRARY:CCMSLIB00005724305	96.0	Alkaloids	0.2857142857142857	Serine alkaloids	0.2857142857142857	Thiazole alkaloids	0.2857142857142857	3.0	0.48883817	ISDB	http://www.wikidata.org/entity/Q27110216	NYBZAGXTZXPYND-GDVCOKDOSA-N	InChI=1S/C14H16N2O3S2/c1-16-10(14(18)19)7-21-13(16)9-6-20-12(15-9)8-4-2-3-5-11(8)17/h2-5,9-10,13,17H,6-7H2,1H3,(H,18,19)/t9-,10+,13?/m1/s1	CN1C([C@H]2CSC(c3ccccc3O)=N2)SC[C@H]1C(=O)O	C14H16N2O3S2		324.060234372	(4R)-2-[(4R)-2-(2-hydroxyphenyl)-4,5-dihydro-1,3-thiazol-4-yl]-3-methyl-1,3-thiazolidine-4-carboxylic acid	Alkaloids	Serine alkaloids	Thiazole alkaloids	http://www.wikidata.org/entity/Q31856	Pseudomonas aeruginosa	216671.0	['Bacteria']	['Unknown']	['Proteobacteria']	['Gammaproteobacteria']	['Pseudomonadales']	['Pseudomonadaceae']	['Unknown']	['Pseudomonas']	['Pseudomonas aeruginosa']		['Bacteria']		['Proteobacteria']	['Gammaproteobacteria']	['Pseudomonadales']	['Pseudomonadaceae']		['Pseudomonas']	['Pseudomonas aeruginosa']	7.0	3.0	10.455352663993835	1.0																								
684	CEIUIHOQDSVZJQ	isdb	CCCCCCCc1[nH]c2ccccc2c(=O)c1O																																													10.0	Alkaloids	0.625	Tryptophan alkaloids	0.6	Quinoline alkaloids	0.475	1.0	0.0	MS1_match	http://www.wikidata.org/entity/Q27110090	CEIUIHOQDSVZJQ-UHFFFAOYSA-N	InChI=1S/C16H21NO2/c1-2-3-4-5-6-11-14-16(19)15(18)12-9-7-8-10-13(12)17-14/h7-10,19H,2-6,11H2,1H3,(H,17,18)	CCCCCCCc1[nH]c2ccccc2c(=O)c1O	C16H21NO2	pos_1_1proton	259.157228912	2-Heptyl-3-hydroxy-4-quinolone	Alkaloids	Tryptophan alkaloids	Quinoline alkaloids	http://www.wikidata.org/entity/Q31856	Pseudomonas aeruginosa	216671.0	['Bacteria']	['Unknown']	['Proteobacteria']	['Gammaproteobacteria']	['Pseudomonadales']	['Pseudomonadaceae']	['Unknown']	['Pseudomonas']	['Pseudomonas aeruginosa']		['Bacteria']		['Proteobacteria']	['Gammaproteobacteria']	['Pseudomonadales']	['Pseudomonadaceae']		['Pseudomonas']	['Pseudomonas aeruginosa']	7.0	3.0	8.5	1.0																								
684	ICTVCUOZYWNYHM	isdb	CCCCCCCc1cc(=O)c2ccccc2n1O																																													10.0	Alkaloids	0.625	Tryptophan alkaloids	0.6	Quinoline alkaloids	0.475	1.0	0.0	MS1_match	http://www.wikidata.org/entity/Q105111165	ICTVCUOZYWNYHM-UHFFFAOYSA-N	InChI=1S/C16H21NO2/c1-2-3-4-5-6-9-13-12-16(18)14-10-7-8-11-15(14)17(13)19/h7-8,10-12,19H,2-6,9H2,1H3	CCCCCCCc1cc(=O)c2ccccc2n1O	C16H21NO2	pos_1_1proton	259.157228912	2-Heptyl-4-hydroxyquinoline n-oxide	Alkaloids	Tryptophan alkaloids	Quinoline alkaloids	http://www.wikidata.org/entity/Q31856	Pseudomonas aeruginosa	216671.0	['Bacteria']	['Unknown']	['Proteobacteria']	['Gammaproteobacteria']	['Pseudomonadales']	['Pseudomonadaceae']	['Unknown']	['Pseudomonas']	['Pseudomonas aeruginosa']		['Bacteria']		['Proteobacteria']	['Gammaproteobacteria']	['Pseudomonadales']	['Pseudomonadaceae']		['Pseudomonas']	['Pseudomonas aeruginosa']	7.0	3.0	8.5	1.0																								
684	SRDCUULDAZDTJU	sirius	CCCCCCC1=CC=C(C=C1)NC(=O)CCC(=O)O																																																																																												1.0	1.0	0.061	0.061	-347.504	1.0	0.333	43.029	C16H23NO3	[M - H2O + H]+	C16H22NO2+	InChI=1S/C16H23NO3/c1-2-3-4-5-6-13-7-9-14(10-8-13)17-15(18)11-12-16(19)20/h7-10H,2-6,11-12H2,1H3,(H,17,18)(H,19,20)	3-[(4-Hexylphenyl)carbamoyl]propanoic acid	CCCCCCC1=CC=C(C=C1)NC(=O)CCC(=O)O	3.5	23635854	PUBCHEMANNOTATIONBIO:(null);PUBCHEM:(23635854);PUBMED:(null)	16777282.0	260.165	197.0	3.289	7.136870254331556e+17	7.136868255787508e+17	
685	LAAYPPBQOSKYRF	isdb	CCCCCCCC1=N/C(=C\c2ccccc2)C(=O)O1																																													10.0	Alkaloids	0.625	Tryptophan alkaloids	0.6	Quinoline alkaloids	0.475	2.0	0.61008316	ISDB	http://www.wikidata.org/entity/Q113959523	LAAYPPBQOSKYRF-SQFISAMPSA-N	InChI=1S/C17H21NO2/c1-2-3-4-5-9-12-16-18-15(17(19)20-16)13-14-10-7-6-8-11-14/h6-8,10-11,13H,2-5,9,12H2,1H3/b15-13-	CCCCCCCC1=N/C(=C\c2ccccc2)C(=O)O1	C17H21NO2		271.157228912	Heptylphenazolone				http://www.wikidata.org/entity/Q7254497	Pseudoalteromonas rubra	867296.0	['Bacteria']	['Unknown']	['Proteobacteria']	['Gammaproteobacteria']	['Alteromonadales']	['Pseudoalteromonadaceae']	['Unknown']	['Pseudoalteromonas']	['Pseudoalteromonas rubra']		['Bacteria']		['Proteobacteria']	['Gammaproteobacteria']						3.0	0.0	5.440332651138306	1.0																								
685	PUYWOMGLUNDEFM	sirius	COC1=CC(=CCC1O)C=CC=CC(=O)N2CCCCC2																																																																																												1.0	1.0	0.12	0.12	-350.273	0.995	0.333	50.683	C17H23NO3	[M - H2O + H]+	C17H22NO2+	InChI=1S/C17H23NO3/c1-21-16-13-14(9-10-15(16)19)7-3-4-8-17(20)18-11-5-2-6-12-18/h3-4,7-9,13,15,19H,2,5-6,10-12H2,1H3	5-(4-hydroxy-5-methoxycyclohexa-1,5-dien-1-yl)-1-(piperidin-1-yl)penta-2,4-dien-1-one	COC1=CC(=CCC1O)C=CC=CC(=O)N2CCCCC2	1.7	162789456;131752910	PUBCHEMANNOTATIONBIO:(null);COCONUT:(CNP0002460);HMDB:(HMDB0040700);CHEBI:(174060);SUPERNATURAL:(SN0295879);FooDB:(FDB020502);PUBCHEM:(162789456 131752910);PUBCHEMANNOTATIONDRUG:(null)	590348330.0	272.164	194.0	3.231	7.136870246362378e+17	7.136868254655046e+17	
686	JYBNOUMWGUMFBK	sirius	C1=CC=C(C(=C1)C(=O)O)NC(=O)C2=CN=CC=C2																																																																																												1.0	1.0	0.075	0.168	-97.836	1.0	0.33	18.299	C13H10N2O3	[M - H2O + H]+	C13H9N2O2+	InChI=1S/C13H10N2O3/c16-12(9-4-3-7-14-8-9)15-11-6-2-1-5-10(11)13(17)18/h1-8H,(H,15,16)(H,17,18)	2-(pyridine-3-amido)benzoic acid	C1=CC=C(C(=C1)C(=O)O)NC(=O)C2=CN=CC=C2	1.457	4099900;201533	COCONUT:(CNP0279578);PUBCHEMANNOTATIONSAFETYANDTOXIC:(null);SUPERNATURAL:(SN0178397);PUBCHEM:(4099900 201533);DSSTox:(DTXSID80210867);PUBMED:(null)	137509208130.0	225.066	195.0	3.246	7.13687017996654e+17	7.136868254864762e+17	
688	CEIUIHOQDSVZJQ	isdb	CCCCCCCc1[nH]c2ccccc2c(=O)c1O																																													45.0	Alkaloids	0.5	Tryptophan alkaloids	0.5	Quinoline alkaloids	0.5	1.0	0.0	MS1_match	http://www.wikidata.org/entity/Q27110090	CEIUIHOQDSVZJQ-UHFFFAOYSA-N	InChI=1S/C16H21NO2/c1-2-3-4-5-6-11-14-16(19)15(18)12-9-7-8-10-13(12)17-14/h7-10,19H,2-6,11H2,1H3,(H,17,18)	CCCCCCCc1[nH]c2ccccc2c(=O)c1O	C16H21NO2	pos_2MH	259.157228912	2-Heptyl-3-hydroxy-4-quinolone	Alkaloids	Tryptophan alkaloids	Quinoline alkaloids	http://www.wikidata.org/entity/Q31856	Pseudomonas aeruginosa	216671.0	['Bacteria']	['Unknown']	['Proteobacteria']	['Gammaproteobacteria']	['Pseudomonadales']	['Pseudomonadaceae']	['Unknown']	['Pseudomonas']	['Pseudomonas aeruginosa']		['Bacteria']		['Proteobacteria']	['Gammaproteobacteria']	['Pseudomonadales']	['Pseudomonadaceae']		['Pseudomonas']	['Pseudomonas aeruginosa']	7.0	3.0	8.5	1.0																								
688	ICTVCUOZYWNYHM	isdb	CCCCCCCc1cc(=O)c2ccccc2n1O																																													45.0	Alkaloids	0.5	Tryptophan alkaloids	0.5	Quinoline alkaloids	0.5	1.0	0.0	MS1_match	http://www.wikidata.org/entity/Q105111165	ICTVCUOZYWNYHM-UHFFFAOYSA-N	InChI=1S/C16H21NO2/c1-2-3-4-5-6-9-13-12-16(18)14-10-7-8-11-15(14)17(13)19/h7-8,10-12,19H,2-6,9H2,1H3	CCCCCCCc1cc(=O)c2ccccc2n1O	C16H21NO2	pos_2MH	259.157228912	2-Heptyl-4-hydroxyquinoline n-oxide	Alkaloids	Tryptophan alkaloids	Quinoline alkaloids	http://www.wikidata.org/entity/Q31856	Pseudomonas aeruginosa	216671.0	['Bacteria']	['Unknown']	['Proteobacteria']	['Gammaproteobacteria']	['Pseudomonadales']	['Pseudomonadaceae']	['Unknown']	['Pseudomonas']	['Pseudomonas aeruginosa']		['Bacteria']		['Proteobacteria']	['Gammaproteobacteria']	['Pseudomonadales']	['Pseudomonadaceae']		['Pseudomonas']	['Pseudomonas aeruginosa']	7.0	3.0	8.5	1.0																								
688	QPXWFMKRERPZAQ	sirius	CC(=O)OC(CCC1=CC(=C(C=C1)O)OC2CCNCC2)CC(CCCCCCC3=CNC4=CC=CC=C43)O																																																																																												1.0	1.0	0.051	0.051	-606.744	0.972	0.333	22.679	C32H44N2O5	[M - H2O + H]+	C32H43N2O4+	InChI=1S/C32H44N2O5/c1-23(35)38-28(14-12-24-13-15-31(37)32(20-24)39-27-16-18-33-19-17-27)21-26(36)9-5-3-2-4-8-25-22-34-30-11-7-6-10-29(25)30/h6-7,10-11,13,15,20,22,26-28,33-34,36-37H,2-5,8-9,12,14,16-19,21H2,1H3	5-hydroxy-1-[4-hydroxy-3-(piperidin-4-yloxy)phenyl]-11-(1H-indol-3-yl)undecan-3-yl acetate	CC(=O)OC(CCC1=CC(=C(C=C1)O)OC2CCNCC2)CC(CCCCCCC3=CNC4=CC=CC=C43)O	6.4	162838326;162838327	COCONUT:(CNP0099421);SUPERNATURAL:(SN0312025);PUBCHEM:(162838326 162838327)	3145730.0	519.322	197.0	3.288	7.136870175352805e+17	7.13686825553585e+17	
690	OEHQUYWBDNCVJJ	sirius	CC1=CCCC(=C)C=CC=C(COCC#CC1)C2C3CCCC4(CCC(=C(C)C(=O)CC5=C6C(C(=O)NC(C6=CC=C5)N)NCC(C)O)C(C4(C3)C2O)CCCO)O																																																																																												1.0	1.0	0.063	0.071	-683.621	0.958	0.053	7.846	C48H65N3O7	[M - H2O + H]+	C48H64N3O6+	InChI=1S/C48H65N3O7/c1-30-12-5-6-25-58-29-36(17-8-15-31(2)14-7-13-30)41-35-18-10-22-47(57)23-21-37(39(20-11-24-52)48(47,27-35)44(41)55)33(4)40(54)26-34-16-9-19-38-42(34)43(50-28-32(3)53)46(56)51-45(38)49/h8-9,13,15-17,19,32,35,39,41,43-45,50,52-53,55,57H,2,7,10-12,14,18,20-29,49H2,1,3-4H3,(H,51,56)	1-amino-5-{3-[6,12-dihydroxy-2-(3-hydroxypropyl)-11-(11-methyl-7-methylidene-1-oxacyclopentadeca-3,5,10-trien-13-yn-3-yl)tricyclo[8.2.1.0¹,⁶]tridecan-3-ylidene]-2-oxobutyl}-4-[(2-hydroxypropyl)amino]-1,2,3,4-tetrahydroisoquinolin-3-one	CC1=CCCC(=C)C=CC=C(COCC#CC1)C2C3CCCC4(CCC(=C(C)C(=O)CC5=C6C(C(=O)NC(C6=CC=C5)N)NCC(C)O)C(C4(C3)C2O)CCCO)O	2.9	163033595;163033596	COCONUT:(CNP0312731);TeroMol:(TKC191705);SUPERNATURAL:(SN0263108);PUBCHEM:(163033595 163033596)	11534338.0	778.48	197.0	3.28	7.136870201651094e+17	7.136868255074477e+17	
692	KIENYUDXZBOMJI	isdb	CC(C)=CCc1ccc2c(CC(=O)O)c[nH]c2c1																																													10.0	Alkaloids	0.625	Tryptophan alkaloids	0.6	Quinoline alkaloids	0.475	15.0	0.0	MS1_match	http://www.wikidata.org/entity/Q110171633	KIENYUDXZBOMJI-UHFFFAOYSA-N	InChI=1S/C15H17NO2/c1-10(2)3-4-11-5-6-13-12(8-15(17)18)9-16-14(13)7-11/h3,5-7,9,16H,4,8H2,1-2H3,(H,17,18)	CC(C)=CCc1ccc2c(CC(=O)O)c[nH]c2c1	C15H17NO2	pos_1_1proton1isopropanol	243.125928784	Monaprenylindole A	Alkaloids	Tryptophan alkaloids	Simple indole alkaloids	http://www.wikidata.org/entity/Q131143	Pseudomonas	281374.0	['Bacteria']	['Unknown']	['Proteobacteria']	['Gammaproteobacteria']	['Pseudomonadales']	['Pseudomonadaceae']	['Unknown']	['Pseudomonas']	['Unknown']		['Bacteria']		['Proteobacteria']	['Gammaproteobacteria']	['Pseudomonadales']	['Pseudomonadaceae']		['Pseudomonas']		6.0	2.0	7.0	1.0																								
692	WYXPJLFVMNKAEA	sirius	CCCCCCOC1=CC(=O)N(C2=CC=CC=C21)OCCC																																																																																												1.0	1.0	0.38	0.38	-211.153	1.0	0.333	136.978	C18H25NO3	[M + H]+	C18H26NO3+	InChI=1S/C18H25NO3/c1-3-5-6-9-13-21-17-14-18(20)19(22-12-4-2)16-11-8-7-10-15(16)17/h7-8,10-11,14H,3-6,9,12-13H2,1-2H3	4-Hexoxy-1-propoxyquinolin-2-one	CCCCCCOC1=CC(=O)N(C2=CC=CC=C21)OCCC	4.5	140979707	PUBCHEM:(140979707)	2.0	304.191	199.0	3.31	7.13687000208609e+17	7.136868256458597e+17	
693	YAHWCSONUWAONO	sirius	CC1=C(C(=O)OC2=C1C=CC(=C2C)OCC3=CC=C(C=C3)C(C)(C)C)CCC(=O)N4CCC5(CCCCC5C4)O																																																																																												1.0	5.0	0.035	0.035	-463.625	0.02	0.222	31.548	C34H43NO5	[M + H3N + H]+	C34H47N2O5+	InChI=1S/C34H43NO5/c1-22-27-13-15-29(39-21-24-9-11-25(12-10-24)33(3,4)5)23(2)31(27)40-32(37)28(22)14-16-30(36)35-19-18-34(38)17-7-6-8-26(34)20-35/h9-13,15,26,38H,6-8,14,16-21H2,1-5H3	3-[3-(4a-hydroxy-decahydroisoquinolin-2-yl)-3-oxopropyl]-7-[(4-tert-butylphenyl)methoxy]-4,8-dimethyl-2H-chromen-2-one	CC1=C(C(=O)OC2=C1C=CC(=C2C)OCC3=CC=C(C=C3)C(C)(C)C)CCC(=O)N4CCC5(CCCCC5C4)O	6.0	4292919;6571325;16400861;92405477;1766813	COCONUT:(CNP0381815);SUPERNATURAL:(SN0444911);PUBCHEM:(4292919 6571325 16400861 92405477 1766813)	3145730.0	563.349	199.0	3.309	7.13687020546791e+17	7.136868256206939e+17	
694	NYUHDOGHVKWGSO	sirius	CCOC(=O)CCC(CCC(=O)OCC)C(=O)OCC																																																																																												1.0	1.0	0.116	0.116	-200.686	1.0	0.333	69.866	C14H24O6	[M + H3N + H]+	C14H28NO6+	InChI=1S/C14H24O6/c1-4-18-12(15)9-7-11(14(17)20-6-3)8-10-13(16)19-5-2/h11H,4-10H2,1-3H3	Triethyl pentane-1,3,5-tricarboxylate	CCOC(=O)CCC(CCC(=O)OCC)C(=O)OCC	1.5	96488	NORMAN:(NS00035493);PUBCHEM:(96488);DSSTox:(DTXSID90212958)	137439215618.0	306.191	202.0	3.366	7.136869904987944e+17	7.136868256878028e+17	
695	WJVKGFHBOLVZRZ	sirius	CCOC(=O)C(C1CC(=O)CC1C)C(=O)OCC																																																																																												1.0	1.0	0.149	0.149	-102.396	0.769	0.5	48.36	C13H20O5	[M + H]+	C13H21O5+	InChI=1S/C13H20O5/c1-4-17-12(15)11(13(16)18-5-2)10-7-9(14)6-8(10)3/h8,10-11H,4-7H2,1-3H3	Diethyl 2-(2-methyl-4-oxocyclopentyl)propanedioate	CCOC(=O)C(C1CC(=O)CC1C)C(=O)OCC	1.4	22084263	PUBCHEM:(22084263)	2.0	257.138	202.0	3.369	7.13686989819317e+17	7.136868257087743e+17	
696	CIKJANOSDPPCAU	sirius	CC(C)(C)OOC(=O)C1CCC(CC1)C(=O)OOC(C)(C)C																																																																																												1.0	1.0	0.098	0.098	-161.329	0.792	0.05	40.66	C16H28O6	[M + H3N + H]+	C16H32NO6+	InChI=1S/C16H28O6/c1-15(2,3)21-19-13(17)11-7-9-12(10-8-11)14(18)20-22-16(4,5)6/h11-12H,7-10H2,1-6H3	Di-t-butyl peroxy-hexahydro terephthalate	CC(C)(C)OOC(=O)C1CCC(CC1)C(=O)OOC(C)(C)C	3.2	2734075	NORMAN:(NS00058851);PUBCHEM:(2734075)	262146.0	334.222	202.0	3.369	7.136869901968044e+17	7.136868257297458e+17	
697	JYBNOUMWGUMFBK	sirius	C1=CC=C(C(=C1)C(=O)O)NC(=O)C2=CN=CC=C2																																																																																												1.0	1.0	0.064	0.205	-97.536	1.0	0.318	18.19	C13H10N2O3	[M - H2O + H]+	C13H9N2O2+	InChI=1S/C13H10N2O3/c16-12(9-4-3-7-14-8-9)15-11-6-2-1-5-10(11)13(17)18/h1-8H,(H,15,16)(H,17,18)	2-(pyridine-3-amido)benzoic acid	C1=CC=C(C(=C1)C(=O)O)NC(=O)C2=CN=CC=C2	1.457	4099900;201533	COCONUT:(CNP0279578);PUBCHEMANNOTATIONSAFETYANDTOXIC:(null);SUPERNATURAL:(SN0178397);PUBCHEM:(4099900 201533);DSSTox:(DTXSID80210867);PUBMED:(null)	137509208130.0	225.066	201.0	3.351	7.1368700104747e+17	7.136868256668312e+17	
698	NKFNBVMJTSYZDV	gnps|sirius	CCCCCCCCCCCCN(CCO)CCO	CCMSLIB00005761025	spectra_filtered.mgf	MASSBANK.mgf	0.944474	1105340.0	0.0	0.0	8.0	0.0	274.274	0.0	temp/spectra_filtered.mgf698	1.0	Massbank:LU030804 Lauryldiethanolamine|2-[dodecyl(2-hydroxyethyl)amino]ethanol	ESI	Hybrid FT	Isolated	Massbank	Massbank	M+H	274.274	0.0	1.0	1541-67-9		CCCCCCCCCCCCN(CCO)CCO	1S/C16H35NO2/c1-2-3-4-5-6-7-8-9-10-11-12-17(13-15-18)14-16-19/h18-19H,2-16H2,1H3		3.0	Positive	MASSBANK	274.274	UPDATE-SINGLE-ANNOTATED-BRONZE	Bronze		C16H35NO2	NKFNBVMJTSYZDV-UHFFFAOYSA-N	Organic nitrogen compounds	Organonitrogen compounds	Amines	Fatty acyls|Fatty amides	Fatty alcohols|N-acyl ethanolamines (endocannabinoids)	Fatty acids	mzspec:GNPS:GNPS-LIBRARY:CCMSLIB00005761025																																																1.0	1.0	0.426	0.426	-95.796	0.839	0.5	33.753	C16H35NO2	[M + H]+	C16H36NO2+	InChI=1S/C16H35NO2/c1-2-3-4-5-6-7-8-9-10-11-12-17(13-15-18)14-16-19/h18-19H,2-16H2,1H3		CCCCCCCCCCCCN(CCO)CCO	4.5	21224599;352309	COCONUT:(CNP0458539);NORMAN:(NS00047598);PUBCHEMANNOTATIONSAFETYANDTOXIC:(null);SUPERNATURAL:(SN0247817);PUBCHEM:(21224599 352309);DSSTox:(DTXSID30199113 DTXSID4042090);PUBMED:(null)	137509470274.0	274.274	204.0	3.401	7.136870188313206e+17	7.136868257507173e+17	
699	CBZMHCRRXADGKL	sirius	CCCCOC1=CC(=O)C2=CC=CC=C2N1OCCCC																																																																																												1.0	1.0	0.339	0.339	-166.673	1.0	0.333	65.819	C17H23NO3	[M - H2O + H]+	C17H22NO2+	InChI=1S/C17H23NO3/c1-3-5-11-20-17-13-16(19)14-9-7-8-10-15(14)18(17)21-12-6-4-2/h7-10,13H,3-6,11-12H2,1-2H3	1,2-Dibutoxyquinolin-4-one	CCCCOC1=CC(=O)C2=CC=CC=C2N1OCCCC	4.4	23300154	PUBCHEM:(23300154)	2.0	272.165	205.0	3.414	7.136869979227131e+17	7.136868257758831e+17	
699	LAAYPPBQOSKYRF	isdb	CCCCCCCC1=N/C(=C\c2ccccc2)C(=O)O1																																													10.0	Alkaloids	0.625	Tryptophan alkaloids	0.6	Quinoline alkaloids	0.475	2.0	0.62323016	ISDB	http://www.wikidata.org/entity/Q113959523	LAAYPPBQOSKYRF-SQFISAMPSA-N	InChI=1S/C17H21NO2/c1-2-3-4-5-9-12-16-18-15(17(19)20-16)13-14-10-7-6-8-11-14/h6-8,10-11,13H,2-5,9,12H2,1H3/b15-13-	CCCCCCCC1=N/C(=C\c2ccccc2)C(=O)O1	C17H21NO2		271.157228912	Heptylphenazolone				http://www.wikidata.org/entity/Q7254497	Pseudoalteromonas rubra	867296.0	['Bacteria']	['Unknown']	['Proteobacteria']	['Gammaproteobacteria']	['Alteromonadales']	['Pseudoalteromonadaceae']	['Unknown']	['Pseudoalteromonas']	['Pseudoalteromonas rubra']		['Bacteria']		['Proteobacteria']	['Gammaproteobacteria']						3.0	0.0	5.492920637130737	1.0																								
700	CNQOOEVGHXHNPR	isdb	COC(=O)c1cc(C)nc2c(CCC(C)(C)OC)cccc12																																													10.0	Alkaloids	0.625	Tryptophan alkaloids	0.6	Quinoline alkaloids	0.475	6.0	0.21439026	ISDB	http://www.wikidata.org/entity/Q77380072	CNQOOEVGHXHNPR-UHFFFAOYSA-N	InChI=1S/C18H23NO3/c1-12-11-15(17(20)21-4)14-8-6-7-13(16(14)19-12)9-10-18(2,3)22-5/h6-8,11H,9-10H2,1-5H3	COC(=O)c1cc(C)nc2c(CCC(C)(C)OC)cccc12	C18H23NO3		301.167793596	Methyl 8-(3-methoxy-3-methylbutyl)-2-methylquinoline-4-carboxylate	Alkaloids	Tryptophan alkaloids	Quinoline alkaloids	http://www.wikidata.org/entity/Q22286833	Streptomyces albidoflavus	772836.0	['Bacteria']	['Unknown']	['Actinobacteria']	['Unknown']	['Streptomycetales']	['Streptomycetaceae']	['Unknown']	['Streptomyces']	['Streptomyces albidoflavus']		['Bacteria']									1.0	3.0	3.3575610518455505	1.0																								
700	WYZXDBGGIORHFZ	sirius	CCOC1=C(C(=O)N(C2=C1C=CC=C2OC)C)CCC(C)(C)O																																																																																												1.0	1.0	0.08	0.08	-391.941	0.998	0.333	68.535	C18H25NO4	[M - H2O + H]+	C18H24NO3+	InChI=1S/C18H25NO4/c1-6-23-16-12-8-7-9-14(22-5)15(12)19(4)17(20)13(16)10-11-18(2,3)21/h7-9,21H,6,10-11H2,1-5H3	4-ethoxy-3-(3-hydroxy-3-methylbutyl)-8-methoxy-1-methyl-1,2-dihydroquinolin-2-one	CCOC1=C(C(=O)N(C2=C1C=CC=C2OC)C)CCC(C)(C)O	2.1	162997084	COCONUT:(CNP0270549);SUPERNATURAL:(SN0423828);PUBCHEM:(162997084)	3145730.0	302.175	205.0	3.418	7.136870255547904e+17	7.136868257968548e+17	
701	JSNKOGNZMPBVLJ	sirius	CCCCCCCOC1=C(C=C(C=C1)C=C(C)[N+](=O)[O-])OC																																																																																												1.0	1.0	0.032	0.032	-454.933	0.998	0.333	47.614	C17H25NO4	[M - H2O + H]+	C17H24NO3+	InChI=1S/C17H25NO4/c1-4-5-6-7-8-11-22-16-10-9-15(13-17(16)21-3)12-14(2)18(19)20/h9-10,12-13H,4-8,11H2,1-3H3	1-Heptoxy-2-methoxy-4-(2-nitroprop-1-enyl)benzene	CCCCCCCOC1=C(C=C(C=C1)C=C(C)[N+](=O)[O-])OC	5.4	5290162;3896239	SUPERNATURAL:(SN0174062);PUBCHEM:(5290162 3896239)	1048578.0	290.175	205.0	3.424	7.136870157610897e+17	7.136868258178263e+17	
703	WKRYWAALFUADRR	sirius	CCCCCCCCC1=CC(=C2C=CC=CC2N1O)[O-]																																																																																												1.0	1.0	0.232	0.232	-325.52	0.918	0.001	32.976	C17H25NO2	[M - H2O + H]+	C17H24NO+	InChI=1S/C17H25NO2/c1-2-3-4-5-6-7-10-14-13-17(19)15-11-8-9-12-16(15)18(14)20/h8-9,11-13,16,19-20H,2-7,10H2,1H3/p-1	2-n-octyl-4-hydroxyquinoline n-oxide	CCCCCCCCC1=CC(=C2C=CC=CC2N1O)[O-]	5.6	163146707;163173791	COCONUT:(CNP0472719);SUPERNATURAL:(SN0412905);PUBCHEM:(163146707 163173791)	3145730.0	258.186	209.0	3.486	7.136869901129183e+17	7.136868258387978e+17	
704	CEIUIHOQDSVZJQ	isdb	CCCCCCCc1[nH]c2ccccc2c(=O)c1O																																													45.0	Alkaloids	0.5	Tryptophan alkaloids	0.5	Quinoline alkaloids	0.5	1.0	0.0	MS1_match	http://www.wikidata.org/entity/Q27110090	CEIUIHOQDSVZJQ-UHFFFAOYSA-N	InChI=1S/C16H21NO2/c1-2-3-4-5-6-11-14-16(19)15(18)12-9-7-8-10-13(12)17-14/h7-10,19H,2-6,11H2,1H3,(H,17,18)	CCCCCCCc1[nH]c2ccccc2c(=O)c1O	C16H21NO2	pos_2MH	259.157228912	2-Heptyl-3-hydroxy-4-quinolone	Alkaloids	Tryptophan alkaloids	Quinoline alkaloids	http://www.wikidata.org/entity/Q31856	Pseudomonas aeruginosa	216671.0	['Bacteria']	['Unknown']	['Proteobacteria']	['Gammaproteobacteria']	['Pseudomonadales']	['Pseudomonadaceae']	['Unknown']	['Pseudomonas']	['Pseudomonas aeruginosa']		['Bacteria']		['Proteobacteria']	['Gammaproteobacteria']	['Pseudomonadales']	['Pseudomonadaceae']		['Pseudomonas']	['Pseudomonas aeruginosa']	7.0	3.0	8.5	1.0																								
704	ICTVCUOZYWNYHM	isdb	CCCCCCCc1cc(=O)c2ccccc2n1O																																													45.0	Alkaloids	0.5	Tryptophan alkaloids	0.5	Quinoline alkaloids	0.5	1.0	0.0	MS1_match	http://www.wikidata.org/entity/Q105111165	ICTVCUOZYWNYHM-UHFFFAOYSA-N	InChI=1S/C16H21NO2/c1-2-3-4-5-6-9-13-12-16(18)14-10-7-8-11-15(14)17(13)19/h7-8,10-12,19H,2-6,9H2,1H3	CCCCCCCc1cc(=O)c2ccccc2n1O	C16H21NO2	pos_2MH	259.157228912	2-Heptyl-4-hydroxyquinoline n-oxide	Alkaloids	Tryptophan alkaloids	Quinoline alkaloids	http://www.wikidata.org/entity/Q31856	Pseudomonas aeruginosa	216671.0	['Bacteria']	['Unknown']	['Proteobacteria']	['Gammaproteobacteria']	['Pseudomonadales']	['Pseudomonadaceae']	['Unknown']	['Pseudomonas']	['Pseudomonas aeruginosa']		['Bacteria']		['Proteobacteria']	['Gammaproteobacteria']	['Pseudomonadales']	['Pseudomonadaceae']		['Pseudomonas']	['Pseudomonas aeruginosa']	7.0	3.0	8.5	1.0																								
704	QPXWFMKRERPZAQ	sirius	CC(=O)OC(CCC1=CC(=C(C=C1)O)OC2CCNCC2)CC(CCCCCCC3=CNC4=CC=CC=C43)O																																																																																												1.0	1.0	0.04	0.04	-511.732	0.98	0.307	11.618	C32H44N2O5	[M - H2O + H]+	C32H43N2O4+	InChI=1S/C32H44N2O5/c1-23(35)38-28(14-12-24-13-15-31(37)32(20-24)39-27-16-18-33-19-17-27)21-26(36)9-5-3-2-4-8-25-22-34-30-11-7-6-10-29(25)30/h6-7,10-11,13,15,20,22,26-28,33-34,36-37H,2-5,8-9,12,14,16-19,21H2,1H3	5-hydroxy-1-[4-hydroxy-3-(piperidin-4-yloxy)phenyl]-11-(1H-indol-3-yl)undecan-3-yl acetate	CC(=O)OC(CCC1=CC(=C(C=C1)O)OC2CCNCC2)CC(CCCCCCC3=CNC4=CC=CC=C43)O	6.4	162838326;162838327	COCONUT:(CNP0099421);SUPERNATURAL:(SN0312025);PUBCHEM:(162838326 162838327)	3145730.0	519.323	210.0	3.5	7.136869969496344e+17	7.136868258597693e+17	
706	UUSKXLWDKYIARK	sirius	CCCCCCCC(=O)CC(=O)C1=CC=CC=C1NO																																																																																												1.0	1.0	0.062	0.062	-361.026	1.0	0.333	35.19	C16H23NO3	[M - H2O + H]+	C16H22NO2+	InChI=1S/C16H23NO3/c1-2-3-4-5-6-9-13(18)12-16(19)14-10-7-8-11-15(14)17-20/h7-8,10-11,17,20H,2-6,9,12H2,1H3	2-(Hydroxylamino)benzoyloctanoate	CCCCCCCC(=O)CC(=O)C1=CC=CC=C1NO	4.5	122706201	METACYC:(CPD-19119);PUBCHEM:(122706201);PUBMED:(null)	2114.0	260.165	211.0	3.516	7.136870085636634e+17	7.136868259059067e+17	
708	DUQBGCPHFYMBQE	isdb	CC(C)=C(C)CCC1=CCc2cc(C(=O)O)ccc2NC1																																													10.0	Alkaloids	0.625	Tryptophan alkaloids	0.6	Quinoline alkaloids	0.475	3.0	0.59667116	ISDB	http://www.wikidata.org/entity/Q110171308	DUQBGCPHFYMBQE-UHFFFAOYSA-N	InChI=1S/C18H23NO2/c1-12(2)13(3)4-5-14-6-7-15-10-16(18(20)21)8-9-17(15)19-11-14/h6,8-10,19H,4-5,7,11H2,1-3H3,(H,20,21)	CC(C)=C(C)CCC1=CCc2cc(C(=O)O)ccc2NC1	C18H23NO2		285.172878976	Methylbenzastatin K	Alkaloids	Tryptophan alkaloids	Simple indole alkaloids	http://www.wikidata.org/entity/Q68792845	Streptomyces lividans	624003.0	['Bacteria']	['Unknown']	['Actinobacteria']	['Unknown']	['Streptomycetales']	['Streptomycetaceae']	['Unknown']	['Streptomyces']	['Streptomyces lividans']		['Bacteria']									1.0	2.0	4.3866846561431885	1.0																								
708	WYXPJLFVMNKAEA	sirius	CCCCCCOC1=CC(=O)N(C2=CC=CC=C21)OCCC																																																																																												1.0	1.0	0.613	0.613	-169.042	0.999	0.333	43.915	C18H25NO3	[M - H2O + H]+	C18H24NO2+	InChI=1S/C18H25NO3/c1-3-5-6-9-13-21-17-14-18(20)19(22-12-4-2)16-11-8-7-10-15(16)17/h7-8,10-11,14H,3-6,9,12-13H2,1-2H3	4-Hexoxy-1-propoxyquinolin-2-one	CCCCCCOC1=CC(=O)N(C2=CC=CC=C21)OCCC	4.5	140979707	PUBCHEM:(140979707)	2.0	286.18	216.0	3.605	7.136870129467114e+17	7.136868259268782e+17	
710	QSYCFTXFKWQPER	sirius	CCCCCCCCCC(=O)NC1=CC=CC=C1C(=O)O																																																																																												1.0	1.0	0.555	0.555	-267.868	0.999	0.333	41.739	C17H25NO3	[M - H2O + H]+	C17H24NO2+	InChI=1S/C17H25NO3/c1-2-3-4-5-6-7-8-13-16(19)18-15-12-10-9-11-14(15)17(20)21/h9-12H,2-8,13H2,1H3,(H,18,19)(H,20,21)	2-(Decanoylamino)benzoate	CCCCCCCCCC(=O)NC1=CC=CC=C1C(=O)O	4.532	3470001;3470002	SUPERNATURAL:(SN0314367);PUBCHEM:(3470001 3470002)	1048578.0	274.18	218.0	3.626	7.13687005665399e+17	7.136868259688212e+17	
710	UKKYWOFQJOMYIL	isdb	CCCCCCCCc1cc(O)c2ccccc2[n+]1[O-]																																													10.0	Alkaloids	0.625	Tryptophan alkaloids	0.6	Quinoline alkaloids	0.475	1.0	0.0	MS1_match	http://www.wikidata.org/entity/Q104198309	UKKYWOFQJOMYIL-UHFFFAOYSA-N	InChI=1S/C17H23NO2/c1-2-3-4-5-6-7-10-14-13-17(19)15-11-8-9-12-16(15)18(14)20/h8-9,11-13,19H,2-7,10H2,1H3	CCCCCCCCc1cc(O)c2ccccc2[n+]1[O-]	C17H23NO2	pos_1_1proton	273.172878976		Alkaloids	Tryptophan alkaloids	Quinoline alkaloids	http://www.wikidata.org/entity/Q31856	Pseudomonas aeruginosa	216671.0	['Bacteria']	['Unknown']	['Proteobacteria']	['Gammaproteobacteria']	['Pseudomonadales']	['Pseudomonadaceae']	['Unknown']	['Pseudomonas']	['Pseudomonas aeruginosa']		['Bacteria']		['Proteobacteria']	['Gammaproteobacteria']	['Pseudomonadales']	['Pseudomonadaceae']		['Pseudomonas']	['Pseudomonas aeruginosa']	7.0	3.0	8.5	1.0																								
711	WPFWJFCLBZTNRQ	sirius	CC1C#CC2=CC(=NC=C2COC(CCC13CCCC3)CC(CCC4=CC(=C(C=C4)O)OC5CCCCC5)O)N																																																																																												1.0	1.0	0.048	0.048	-688.404	0.626	0.333	16.079	C34H46N2O4	[M + H]+	C34H47N2O4+	InChI=1S/C34H46N2O4/c1-24-9-12-26-20-33(35)36-22-27(26)23-39-30(15-18-34(24)16-5-6-17-34)21-28(37)13-10-25-11-14-31(38)32(19-25)40-29-7-3-2-4-8-29/h11,14,19-20,22,24,28-30,37-38H,2-8,10,13,15-18,21,23H2,1H3,(H2,35,36)	4-(4-{11'-amino-7'-methyl-8',9'-didehydro-3',4',5',7'-tetrahydro-1'H-spiro[cyclopentane-1,6'-oxacycloundeca[3,4-c]pyridin]-3'-yl}-3-hydroxybutyl)-2-(cyclohexyloxy)phenol	CC1C#CC2=CC(=NC=C2COC(CCC13CCCC3)CC(CCC4=CC(=C(C=C4)O)OC5CCCCC5)O)N	7.2	162991066;162991067;162991068	COCONUT:(CNP0264018);SUPERNATURAL:(SN0416329);PUBCHEM:(162991066 162991067 162991068)	3145730.0	547.353	218.0	3.628	7.136870231808142e+17	7.136868259897928e+17	
712	FJKAEAIWQJOGON	sirius	CCC1=CC=C(C=C1)NC(=O)C2CCCCC2C(=O)O																																																																																												1.0	1.0	0.024	0.024	-327.192	1.0	0.33	33.56	C16H21NO3	[M - H2O + H]+	C16H20NO2+	InChI=1S/C16H21NO3/c1-2-11-7-9-12(10-8-11)17-15(18)13-5-3-4-6-14(13)16(19)20/h7-10,13-14H,2-6H2,1H3,(H,17,18)(H,19,20)	2-[(4-Ethylphenyl)carbamoyl]cyclohexane-1-carboxylic acid	CCC1=CC=C(C=C1)NC(=O)C2CCCCC2C(=O)O	3.0	6950913;6950914;6950915;6950916;853832;853833;853834;853835;2856357	PUBCHEMANNOTATIONSAFETYANDTOXIC:(null);PUBCHEM:(6950913 6950914 6950915 6950916 853832 853833 853834 853835 2856357);PUBMED:(null)	67108930.0	258.15	218.0	3.635	7.136869887791293e+17	7.136868260317358e+17	
713	OCHZTELGZBWSJD	sirius	CCCCCCCCCCCCC(C(C(CO)N)O)O																																																																																												1.0	1.0	0.048	0.048	-333.277	0.996	0.333	5.7	C16H35NO3	[M - H2O + H]+	C16H34NO2+	InChI=1S/C16H35NO3/c1-2-3-4-5-6-7-8-9-10-11-12-15(19)16(20)14(17)13-18/h14-16,18-20H,2-13,17H2,1H3	2-aminohexadecane-1,3,4-triol	CCCCCCCCCCCCC(C(C(CO)N)O)O	3.6	163003966;163003967;163003968;11312307;11673695;72551566	COCONUT:(CNP0278039);MiMeDB:(MMDBc0033212);CHEBI:(76698 76699);SUPERNATURAL:(SN0261522);PUBCHEM:(163003966 163003967 163003968 11312307 11673695 72551566);YMDB:(YMDB01098)	1076953122.0	272.259	218.0	3.637	7.136870137646008e+17	7.136868260107643e+17	
714	KIENYUDXZBOMJI	isdb	CC(C)=CCc1ccc2c(CC(=O)O)c[nH]c2c1																																													10.0	Alkaloids	0.625	Tryptophan alkaloids	0.6	Quinoline alkaloids	0.475	1.0	0.0	MS1_match	http://www.wikidata.org/entity/Q110171633	KIENYUDXZBOMJI-UHFFFAOYSA-N	InChI=1S/C15H17NO2/c1-10(2)3-4-11-5-6-13-12(8-15(17)18)9-16-14(13)7-11/h3,5-7,9,16H,4,8H2,1-2H3,(H,17,18)	CC(C)=CCc1ccc2c(CC(=O)O)c[nH]c2c1	C15H17NO2	pos_1_1proton1methanol	243.125928784	Monaprenylindole A	Alkaloids	Tryptophan alkaloids	Simple indole alkaloids	http://www.wikidata.org/entity/Q131143	Pseudomonas	281374.0	['Bacteria']	['Unknown']	['Proteobacteria']	['Gammaproteobacteria']	['Pseudomonadales']	['Pseudomonadaceae']	['Unknown']	['Pseudomonas']	['Unknown']		['Bacteria']		['Proteobacteria']	['Gammaproteobacteria']	['Pseudomonadales']	['Pseudomonadaceae']		['Pseudomonas']		6.0	2.0	7.0	1.0																								
714	RRXQHLQCQYPPMF	sirius	CCCCCCOC1=CC=C(C=C1)C(CC(=O)O)C(=O)N																																																																																												1.0	1.0	0.32	0.32	-274.25	1.0	0.333	52.73	C16H23NO4	[M - H2O + H]+	C16H22NO3+	InChI=1S/C16H23NO4/c1-2-3-4-5-10-21-13-8-6-12(7-9-13)14(16(17)20)11-15(18)19/h6-9,14H,2-5,10-11H2,1H3,(H2,17,20)(H,18,19)	4-Amino-3-(4-hexoxyphenyl)-4-oxobutanoate	CCCCCCOC1=CC=C(C=C1)C(CC(=O)O)C(=O)N	2.6	4068528;7034525;7034526;7034527;7034528;651854	PUBCHEMANNOTATIONBIO:(null);PUBCHEM:(4068528 7034525 7034526 7034527 7034528 651854);PUBMED:(null)	16777282.0	276.16	219.0	3.652	7.136870201231663e+17	7.136868260569016e+17	
715	JYFNTDPGDPZMCM	sirius	CCCCCCCCCC1=CC(=O)C2=CC=CC=C2N1O																																																																																												1.0	1.0	0.276	0.697	-113.999	1.0	0.333	27.699	C18H25NO2	[M - H2O + H]+	C18H24NO+	InChI=1S/C18H25NO2/c1-2-3-4-5-6-7-8-11-15-14-18(20)16-12-9-10-13-17(16)19(15)21/h9-10,12-14,21H,2-8,11H2,1H3	Nqno	CCCCCCCCCC1=CC(=O)C2=CC=CC=C2N1O	5.6	6398496;130804	PUBCHEMANNOTATIONBIO:(null);COCONUT:(CNP0272498);NORMAN:(NS00073263);SUPERNATURAL:(SN0178527 SN0209250);MESH:(130804);PUBCHEM:(6398496 130804);DSSTox:(DTXSID00953562);LOTUS:(Q82932445);PUBMED:(null)	137727574086.0	270.185	221.0	3.688	7.136870064455396e+17	7.136868262078966e+17	
715	ZNTUDOOZDLMYAG	isdb	CCCCCCCC=Cc1cc(=O)c2ccccc2[nH]1																																													10.0	Alkaloids	0.625	Tryptophan alkaloids	0.6	Quinoline alkaloids	0.475	1.0	0.0	MS1_match	http://www.wikidata.org/entity/Q82648062	ZNTUDOOZDLMYAG-UHFFFAOYSA-N	InChI=1S/C18H23NO/c1-2-3-4-5-6-7-8-11-15-14-18(20)16-12-9-10-13-17(16)19-15/h8-14H,2-7H2,1H3,(H,19,20)	CCCCCCCC=Cc1cc(=O)c2ccccc2[nH]1	C18H23NO	pos_1_1proton	269.177964356	2-(Non-1-en-1-yl)quinolin-4(1H)-one	Alkaloids	Tryptophan alkaloids	Quinoline alkaloids	http://www.wikidata.org/entity/Q31856	Pseudomonas aeruginosa	216671.0	['Bacteria']	['Unknown']	['Proteobacteria']	['Gammaproteobacteria']	['Pseudomonadales']	['Pseudomonadaceae']	['Unknown']	['Pseudomonas']	['Pseudomonas aeruginosa']		['Bacteria']		['Proteobacteria']	['Gammaproteobacteria']	['Pseudomonadales']	['Pseudomonadaceae']		['Pseudomonas']	['Pseudomonas aeruginosa']	7.0	3.0	8.5	1.0																								
716	BLCKNMAZFRMCJJ	sirius	C1CCC(CC1)OC(=O)OOC(=O)OC2CCCCC2																																																																																												1.0	2.0	0.007	0.007	-173.469	0.399	0.5	130.526	C14H22O6	[M - H2O + H]+	C14H21O5+	InChI=1S/C14H22O6/c15-13(17-11-7-3-1-4-8-11)19-20-14(16)18-12-9-5-2-6-10-12/h11-12H,1-10H2	Dicyclohexyl peroxydicarbonate	C1CCC(CC1)OC(=O)OOC(=O)OC2CCCCC2	4.6	73797	NORMAN:(NS00047664);PUBCHEMANNOTATIONSAFETYANDTOXIC:(null);PUBCHEM:(73797);DSSTox:(DTXSID30862693)	137506324482.0	269.139	221.0	3.681	7.136870223629249e+17	7.136868261198162e+17	
716	NOPCFBOJEWSFKO	gnps	COc1ccccc1-c1oc2ccccc2c(=O)c1O	CCMSLIB00010105338	spectra_filtered.mgf	BERKELEY-LAB.mgf	0.610316	13324300.0	0.0	214.239	9.0	0.0576477	269.139	1.0	temp/spectra_filtered.mgf716	1.0	3-Hydroxy-2'-methoxyflavone CollisionEnergy:102040	LC-ESI	Orbitrap	Commercial	Trent Northen	JGI	M+H	269.081	0.0	1.0			COc1ccccc1-c1oc2ccccc2c(=O)c1O	"""InChI=1S/C16H12O4/c1-19-12-8-4-3-7-11(12)16-15(18)14(17)10-6-2-5-9-13(10)20-16/h2-9,18H,1H3"""		3.0	Positive	BERKELEY-LAB	269.081	UPDATE-SINGLE-ANNOTATED-BRONZE	Bronze		C16H12O4	NOPCFBOJEWSFKO-UHFFFAOYSA-N	Phenylpropanoids and polyketides	Flavonoids	Flavones	Flavonoids	Flavonols	Shikimates and Phenylpropanoids	mzspec:GNPS:GNPS-LIBRARY:CCMSLIB00010105338																																																																							
717	LJRSZGKUUZPHEB	sirius	CC(COC(C)COC(=O)C=C)OCC(C)OC(=O)C=C																																																																																												1.0	1.0	0.039	0.08	-129.144	0.999	0.843	19.639	C15H24O6	[M + Na]+	C15H24NaO6+	InChI=1S/C15H24O6/c1-6-14(16)20-9-12(4)18-8-11(3)19-10-13(5)21-15(17)7-2/h6-7,11-13H,1-2,8-10H2,3-5H3	Tripropylene glycol diacrylate	CC(COC(C)COC(=O)C=C)OCC(C)OC(=O)C=C	2.2	4128060;76956812;76956813;76956814;76956816;76956817;76956818	NORMAN:(NS00066793);PUBCHEMANNOTATIONSAFETYANDTOXIC:(null);MESH:(4128060);PUBCHEM:(4128060 76956812 76956813 76956814 76956816 76956817 76956818);DSSTox:(DTXSID7028015);PUBMED:(null)	137506324550.0	323.147	223.0	3.713	7.136869896850993e+17	7.13686826186925e+17	
718	LYUUVYQGUMRKOV	sirius	CCOC(=O)C(CC=C)(CC=C)C(=O)OCC																																																																																												1.0	1.0	0.208	0.208	-113.315	0.684	0.5	41.791	C13H20O4	[M + H]+	C13H21O4+	InChI=1S/C13H20O4/c1-5-9-13(10-6-2,11(14)16-7-3)12(15)17-8-4/h5-6H,1-2,7-10H2,3-4H3		CCOC(=O)C(CC=C)(CC=C)C(=O)OCC	2.9	101524920;101524921;76664	COCONUT:(CNP0455992);NORMAN:(NS00005030);PUBCHEMANNOTATIONSAFETYANDTOXIC:(null);CHEBI:(188661);SUPERNATURAL:(SN0219104);MESH:(76664);PUBCHEM:(101524920 101524921 76664);DSSTox:(DTXSID00185785);PUBMED:(null)	137509470310.0	241.144	221.0	3.68	7.136869938206835e+17	7.136868260778732e+17	
720	BSPDBROUVLBHSZ	isdb	CCCCCC(=O)O[C@H]1[C@H](O)CO[C@]12COC(=O)C2																																													36.0	Fatty acids	0.5	Fatty esters	0.5	Iridoids monoterpenoids	0.25	1.0	0.0	MS1_match	http://www.wikidata.org/entity/Q104945350	BSPDBROUVLBHSZ-JIMOISOXSA-N	InChI=1S/C13H20O6/c1-2-3-4-5-10(15)19-12-9(14)7-18-13(12)6-11(16)17-8-13/h9,12,14H,2-8H2,1H3/t9-,12+,13-/m1/s1	CCCCCC(=O)O[C@H]1[C@H](O)CO[C@]12COC(=O)C2	C13H20O6	pos_1_1proton1ethylamine	272.12598836	Secosyrin 1	Fatty acids	Fatty esters		http://www.wikidata.org/entity/Q311202	Pseudomonas syringae	413638.0	['Bacteria']	['Unknown']	['Proteobacteria']	['Gammaproteobacteria']	['Pseudomonadales']	['Pseudomonadaceae']	['Unknown']	['Pseudomonas']	['Pseudomonas syringae']		['Bacteria']		['Proteobacteria']	['Gammaproteobacteria']	['Pseudomonadales']	['Pseudomonadaceae']		['Pseudomonas']		6.0	2.0	7.0	1.0																								
720	HICRIPRTFAOBSR	isdb	CCCCCCCC(=O)O[C@H]1[C@H](O)CO[C@]12COC(=O)C2																																													36.0	Fatty acids	0.5	Fatty esters	0.5	Iridoids monoterpenoids	0.25	1.0	0.0	MS1_match	http://www.wikidata.org/entity/Q105028766	HICRIPRTFAOBSR-BYCMXARLSA-N	InChI=1S/C15H24O6/c1-2-3-4-5-6-7-12(17)21-14-11(16)9-20-15(14)8-13(18)19-10-15/h11,14,16H,2-10H2,1H3/t11-,14+,15-/m1/s1	CCCCCCCC(=O)O[C@H]1[C@H](O)CO[C@]12COC(=O)C2	C15H24O6	pos_1_1proton1ammonium	300.157288488	Secosyrin 2	Fatty acids	Fatty esters		http://www.wikidata.org/entity/Q311202	Pseudomonas syringae	413638.0	['Bacteria']	['Unknown']	['Proteobacteria']	['Gammaproteobacteria']	['Pseudomonadales']	['Pseudomonadaceae']	['Unknown']	['Pseudomonas']	['Pseudomonas syringae']		['Bacteria']		['Proteobacteria']	['Gammaproteobacteria']	['Pseudomonadales']	['Pseudomonadaceae']		['Pseudomonas']		6.0	2.0	7.0	1.0																								
720	UYGTTYYHVYNSOL	sirius	CCC1CC(=O)OC(CC(=O)OC(CC(=O)O1)CC)CC																																																																																												1.0	1.0	0.055	0.055	-135.929	1.0	0.333	104.878	C15H24O6	[M + H3N + H]+	C15H28NO6+	InChI=1S/C15H24O6/c1-4-10-7-13(16)20-12(6-3)9-15(18)21-11(5-2)8-14(17)19-10/h10-12H,4-9H2,1-3H3	(4R,8R,12R)-4,8,12-Triethyl-1,5,9-trioxacyclododecane-2,6,10-trione	CCC1CC(=O)OC(CC(=O)OC(CC(=O)O1)CC)CC	2.4	101674454;56989224	PUBCHEM:(101674454 56989224)	2.0	318.192	221.0	3.681	7.13687006521037e+17	7.13686826144982e+17	
725	HICRIPRTFAOBSR	isdb	CCCCCCCC(=O)O[C@H]1[C@H](O)CO[C@]12COC(=O)C2																																													36.0	Fatty acids	0.5	Fatty esters	0.5	Iridoids monoterpenoids	0.25	1.0	0.0	MS1_match	http://www.wikidata.org/entity/Q105028766	HICRIPRTFAOBSR-BYCMXARLSA-N	InChI=1S/C15H24O6/c1-2-3-4-5-6-7-12(17)21-14-11(16)9-20-15(14)8-13(18)19-10-15/h11,14,16H,2-10H2,1H3/t11-,14+,15-/m1/s1	CCCCCCCC(=O)O[C@H]1[C@H](O)CO[C@]12COC(=O)C2	C15H24O6	pos_1_1proton	300.157288488	Secosyrin 2	Fatty acids	Fatty esters		http://www.wikidata.org/entity/Q311202	Pseudomonas syringae	413638.0	['Bacteria']	['Unknown']	['Proteobacteria']	['Gammaproteobacteria']	['Pseudomonadales']	['Pseudomonadaceae']	['Unknown']	['Pseudomonas']	['Pseudomonas syringae']		['Bacteria']		['Proteobacteria']	['Gammaproteobacteria']	['Pseudomonadales']	['Pseudomonadaceae']		['Pseudomonas']		6.0	2.0	7.0	1.0																								
725	ODHUFJLMXDXVRC	sirius	CCCOC(=O)CC(CC(=O)OCCC)(C(=O)OCCC)O																																																																																												1.0	2.0	0.229	0.229	-139.22	0.015	0.5	130.467	C15H26O7	[M - H2O + H]+	C15H25O6+	InChI=1S/C15H26O7/c1-4-7-20-12(16)10-15(19,14(18)22-9-6-3)11-13(17)21-8-5-2/h19H,4-11H2,1-3H3	Tripropyl citrate	CCCOC(=O)CC(CC(=O)OCCC)(C(=O)OCCC)O	1.6	74113	NORMAN:(NS00025165);PUBCHEM:(74113);DSSTox:(DTXSID60166499)	137439215618.0	301.165	221.0	3.681	7.136870225726401e+17	7.136868260988447e+17	
726	QLSAVDKHKYMDCJ	sirius	CC(=C)C(=O)OCCCOCCCOCCCOC(=O)C(=C)C																																																																																												1.0	1.0	0.05	0.05	-130.611	0.464	0.325	44.818	C17H28O6	[M + H3N + H]+	C17H32NO6+	InChI=1S/C17H28O6/c1-14(2)16(18)22-12-6-10-20-8-5-9-21-11-7-13-23-17(19)15(3)4/h1,3,5-13H2,2,4H3	2-Propenoic acid, 2-methyl-, 1,3-propanediylbis(oxy-3,1-propanediyl) ester	CC(=C)C(=O)OCCCOCCCOCCCOC(=O)C(=C)C	2.7	111722	NORMAN:(NS00036741);PUBCHEM:(111722);DSSTox:(DTXSID2071819)	137439215618.0	346.223	221.0	3.682	7.136870098555091e+17	7.136868261659535e+17	
727	MPMBEUMSDRYLPT	sirius	CCCCCCCCCCCCCCCCN1CCCC1																																																																																												1.0	1.0	0.207	0.207	-94.302	0.999	0.5	26.852	C20H41N	[M + H3N + H]+	C20H45N2+	InChI=1S/C20H41N/c1-2-3-4-5-6-7-8-9-10-11-12-13-14-15-18-21-19-16-17-20-21/h2-20H2,1H3	1-Hexadecylpyrrolidine	CCCCCCCCCCCCCCCCN1CCCC1	8.5	4257840	PUBCHEM:(4257840);DSSTox:(DTXSID60401312)	137438953474.0	313.358	223.0	3.72	7.136870131102893e+17	7.136868262330624e+17	
729	LOTGKNBZZXMSGF	sirius	CC1(C(=O)N(C(=O)C(N1[O])(C)C)C(=O)C(C)(C)C)C																																																																																												1.0	2.0	0.019	0.019	-190.687	0.022	0.332	120.101	C13H21N2O4	[M + H3N + H]+	C13H25N3O4+	InChI=1S/C13H21N2O4/c1-11(2,3)8(16)14-9(17)12(4,5)15(19)13(6,7)10(14)18/h1-7H3		CC1(C(=O)N(C(=O)C(N1[O])(C)C)C(=O)C(C)(C)C)C	1.3	59360353	PUBCHEM:(59360353)	2.0	287.184	225.0	3.742	7.13687018135066e+17	7.136868262540339e+17	
729	OWAFRMWUUTWJDD	isdb	C=CC(C)(C)[C@H]1Nc2ccccc2C(=O)[C@@H]1CNC(C)=O																																													10.0	Alkaloids	0.625	Tryptophan alkaloids	0.6	Quinoline alkaloids	0.475	2.0	0.69613236	ISDB	http://www.wikidata.org/entity/Q77423886	OWAFRMWUUTWJDD-BBRMVZONSA-N	InChI=1S/C17H22N2O2/c1-5-17(3,4)16-13(10-18-11(2)20)15(21)12-8-6-7-9-14(12)19-16/h5-9,13,16,19H,1,10H2,2-4H3,(H,18,20)/t13-,16-/m0/s1	C=CC(C)(C)[C@H]1Nc2ccccc2C(=O)[C@@H]1CNC(C)=O	C17H22N2O2		286.168127944	Brocaeloid A	Alkaloids	Tryptophan alkaloids	Quinoline alkaloids	http://www.wikidata.org/entity/Q10622888	Penicillium brocae	1084807.0	['Eukaryota']	['Fungi']	['Ascomycota']	['Eurotiomycetes']	['Eurotiales']	['Trichocomaceae']	['Unknown']	['Penicillium']	['Penicillium brocae']											0.0	3.0	4.284529447555542	1.0																								
731	ALCBVHHVDJBCBM	sirius	B1(OC(C(O1)(C)C)(C)C)C2=CN(N=C2)C3=CC=NC=C3																																																																																												1.0	3.0	0.029	0.029	-242.274	0.015	0.333	61.16	C14H18BN3O2	[M + H3N + H]+	C14H22BN4O2+	InChI=1S/C14H18BN3O2/c1-13(2)14(3,4)20-15(19-13)11-9-17-18(10-11)12-5-7-16-8-6-12/h5-10H,1-4H3	4-[4-(tetramethyl-1,3,2-dioxaborolan-2-yl)-1H-pyrazol-1-yl]pyridine	B1(OC(C(O1)(C)C)(C)C)C2=CN(N=C2)C3=CC=NC=C3	2.342	66521283	PUBCHEMANNOTATIONSAFETYANDTOXIC;PUBCHEM:(66521283)	67108866.0	288.187	225.0	3.742	7.136870128208823e+17	7.136868262791997e+17	
731	VLMOVCPLUVXFOS	isdb	N=C(N)NCCC[C@H]1NCCc2c1[nH]c1ccc(O)cc21																																													10.0	Alkaloids	0.625	Tryptophan alkaloids	0.6	Quinoline alkaloids	0.475	2.0	0.38168958	ISDB	http://www.wikidata.org/entity/Q105288514	VLMOVCPLUVXFOS-CYBMUJFWSA-N	InChI=1S/C15H21N5O/c16-15(17)19-6-1-2-13-14-10(5-7-18-13)11-8-9(21)3-4-12(11)20-14/h3-4,8,13,18,20-21H,1-2,5-7H2,(H4,16,17,19)/t13-/m1/s1	N=C(N)NCCC[C@H]1NCCc2c1[nH]c1ccc(O)cc21	C15H21N5O		287.174610292	2-[3-[(1R)-6-hydroxy-2,3,4,9-tetrahydro-1H-pyrido[3,4-b]indol-1-yl]propyl]guanidine	Alkaloids	Tryptophan alkaloids	Carboline alkaloids	http://www.wikidata.org/entity/Q1894067	Parawixia bistriata	1055209.0	['Eukaryota']	['Metazoa']	['Arthropoda']	['Arachnida']	['Araneae']	['Araneidae']	['Unknown']	['Parawixia']	['Parawixia bistriata']											0.0	2.0	2.526758313179016	1.0																								
732	NQLWBXAFDHOBEJ	sirius	CC(C)(C)N(CCO)C(=O)C1=CC=CC=C1CCC(CC2=CC=CC=C2C(=O)N(CCO)C(C)(C)CC3=CC=CC=C3)O																																																																																												1.0	1.0	0.012	0.012	-515.311	0.749	0.333	25.786	C36H48N2O5	[M - H2O + H]+	C36H47N2O4+	InChI=1S/C36H48N2O5/c1-35(2,3)37(21-23-39)33(42)31-17-11-9-15-28(31)19-20-30(41)25-29-16-10-12-18-32(29)34(43)38(22-24-40)36(4,5)26-27-13-7-6-8-14-27/h6-18,30,39-41H,19-26H2,1-5H3	N-tert-butyl-2-(3-hydroxy-4-{2-[(2-hydroxyethyl)(2-methyl-1-phenylpropan-2-yl)carbamoyl]phenyl}butyl)-N-(2-hydroxyethyl)benzamide	CC(C)(C)N(CCO)C(=O)C1=CC=CC=C1CCC(CC2=CC=CC=C2C(=O)N(CCO)C(C)(C)CC3=CC=CC=C3)O	5.0	461059	PUBCHEMANNOTATIONBIO:(null);PUBCHEM:(461059);PUBMED:(null)	16777282.0	571.354	225.0	3.744	7.136869916480338e+17	7.136868263253371e+17	
733	DUQBGCPHFYMBQE	isdb	CC(C)=C(C)CCC1=CCc2cc(C(=O)O)ccc2NC1																																													10.0	Alkaloids	0.625	Tryptophan alkaloids	0.6	Quinoline alkaloids	0.475	4.0	0.5888476	ISDB	http://www.wikidata.org/entity/Q110171308	DUQBGCPHFYMBQE-UHFFFAOYSA-N	InChI=1S/C18H23NO2/c1-12(2)13(3)4-5-14-6-7-15-10-16(18(20)21)8-9-17(15)19-11-14/h6,8-10,19H,4-5,7,11H2,1-3H3,(H,20,21)	CC(C)=C(C)CCC1=CCc2cc(C(=O)O)ccc2NC1	C18H23NO2		285.172878976	Methylbenzastatin K	Alkaloids	Tryptophan alkaloids	Simple indole alkaloids	http://www.wikidata.org/entity/Q68792845	Streptomyces lividans	624003.0	['Bacteria']	['Unknown']	['Actinobacteria']	['Unknown']	['Streptomycetales']	['Streptomycetaceae']	['Unknown']	['Streptomyces']	['Streptomyces lividans']		['Bacteria']									1.0	2.0	4.355390310287476	1.0																								
733	PZDNYMGJYBHSNN	gnps	OC1=C(C)C(C/C=C/CCCCC)=[N+]([O-])C2=CC=CC=C21	CCMSLIB00008851488	spectra_filtered.mgf	GNPS-LIBRARY.mgf	0.646749	82546600.0	0.0	1.59957	7.0	0.000457764	286.18	1.0	temp/spectra_filtered.mgf733	1.0	HMOQ-N-oxide	LC-ESI	qTof	Crude	Neha Garg	Nicole Aiosa	M+H	286.18	285.173	1.0	 	 	OC1=C(C)C(C/C=C/CCCCC)=[N+]([O-])C2=CC=CC=C21	InChI=1S/C18H23NO2/c1-3-4-5-6-7-8-12-16-14(2)18(20)15-11-9-10-13-17(15)19(16)21/h7-11,13,20H,3-6,12H2,1-2H3/b8-7+	 	3.0	Positive	GNPS-LIBRARY	286.18	UPDATE-SINGLE-ANNOTATED-BRONZE	Bronze			PZDNYMGJYBHSNN-BQYQJAHWSA-N							mzspec:GNPS:GNPS-LIBRARY:CCMSLIB00008851488																																																																							
733	WYXPJLFVMNKAEA	sirius	CCCCCCOC1=CC(=O)N(C2=CC=CC=C21)OCCC																																																																																												1.0	1.0	0.677	0.677	-143.516	1.0	0.333	74.456	C18H25NO3	[M - H2O + H]+	C18H24NO2+	InChI=1S/C18H25NO3/c1-3-5-6-9-13-21-17-14-18(20)19(22-12-4-2)16-11-8-7-10-15(16)17/h7-8,10-11,14H,3-6,9,12-13H2,1-2H3	4-Hexoxy-1-propoxyquinolin-2-one	CCCCCCOC1=CC(=O)N(C2=CC=CC=C21)OCCC	4.5	140979707	PUBCHEM:(140979707)	2.0	286.18	225.0	3.743	7.136870119023296e+17	7.136868263001713e+17	
734	PTRNCNFJAWMJBV	isdb	CC[C@H](C)[C@H](NC(=O)N[C@H](C(=O)N[C@H]1CCCCNC(=O)/C=C\[C@H](C(C)C)NC1=O)[C@@H](C)CC)C(=O)O																																													51.0	Amino acids and Peptides	0.5	Oligopeptides	0.5	Anabaenopeptins	0.5	1.0	0.0	MS1_match	http://www.wikidata.org/entity/Q77374003	PTRNCNFJAWMJBV-HGDWBSSWSA-N	InChI=1S/C26H45N5O6/c1-7-16(5)21(30-26(37)31-22(25(35)36)17(6)8-2)24(34)29-19-11-9-10-14-27-20(32)13-12-18(15(3)4)28-23(19)33/h12-13,15-19,21-22H,7-11,14H2,1-6H3,(H,27,32)(H,28,33)(H,29,34)(H,35,36)(H2,30,31,37)/b13-12-/t16-,17-,18+,19-,21-,22-/m0/s1	CC[C@H](C)[C@H](NC(=O)N[C@H](C(=O)N[C@H]1CCCCNC(=O)/C=C\[C@H](C(C)C)NC1=O)[C@@H](C)CC)C(=O)O	C26H45N5O6	pos_2_2proton1ammonium	523.33698416	Syringolin G	Amino acids and Peptides	Oligopeptides	Anabaenopeptins	http://www.wikidata.org/entity/Q311202	Pseudomonas syringae	413638.0	['Bacteria']	['Unknown']	['Proteobacteria']	['Gammaproteobacteria']	['Pseudomonadales']	['Pseudomonadaceae']	['Unknown']	['Pseudomonas']	['Pseudomonas syringae']		['Bacteria']		['Proteobacteria']	['Gammaproteobacteria']	['Pseudomonadales']	['Pseudomonadaceae']		['Pseudomonas']		6.0	3.0	7.5	1.0																								
735	PBYKKPDZFGZSPK	sirius	CCCCCCCCN1C2=C(C=C(C1=O)C3=CC=CC=C3)N(C(=O)C(=C2)C4=CC=CC=C4)CCCCCCCC																																																																																												1.0	2.0	0.293	0.293	-220.215	0.247	0.316	11.894	C36H46N2O2	[M + H]+	C36H47N2O2+	InChI=1S/C36H46N2O2/c1-3-5-7-9-11-19-25-37-33-27-32(30-23-17-14-18-24-30)36(40)38(26-20-12-10-8-6-4-2)34(33)28-31(35(37)39)29-21-15-13-16-22-29/h13-18,21-24,27-28H,3-12,19-20,25-26H2,1-2H3	1,5-Dioctyl-3,7-diphenyl-1,5-naphthyridine-2,6-dione	CCCCCCCCN1C2=C(C=C(C1=O)C3=CC=CC=C3)N(C(=O)C(=C2)C4=CC=CC=C4)CCCCCCCC	9.8	146198091	PUBCHEM:(146198091)	2.0	539.364	227.0	3.783	7.136869953264388e+17	7.136868263463086e+17	
736	JYFNTDPGDPZMCM	sirius	CCCCCCCCCC1=CC(=O)C2=CC=CC=C2N1O																																																																																												1.0	1.0	0.497	0.787	-102.664	1.0	0.333	45.962	C18H25NO2	[M - H2O + H]+	C18H24NO+	InChI=1S/C18H25NO2/c1-2-3-4-5-6-7-8-11-15-14-18(20)16-12-9-10-13-17(16)19(15)21/h9-10,12-14,21H,2-8,11H2,1H3	Nqno	CCCCCCCCCC1=CC(=O)C2=CC=CC=C2N1O	5.6	6398496;130804	PUBCHEMANNOTATIONBIO:(null);COCONUT:(CNP0272498);NORMAN:(NS00073263);SUPERNATURAL:(SN0178527 SN0209250);MESH:(130804);PUBCHEM:(6398496 130804);DSSTox:(DTXSID00953562);LOTUS:(Q82932445);PUBMED:(null)	137727574086.0	270.186	227.0	3.786	7.136869995417146e+17	7.136868263672801e+17	
736	ZNTUDOOZDLMYAG	isdb	CCCCCCCC=Cc1cc(=O)c2ccccc2[nH]1																																													44.0	Alkaloids	0.75	Tryptophan alkaloids	0.5	Quinoline alkaloids	0.5	1.0	0.0	MS1_match	http://www.wikidata.org/entity/Q82648062	ZNTUDOOZDLMYAG-UHFFFAOYSA-N	InChI=1S/C18H23NO/c1-2-3-4-5-6-7-8-11-15-14-18(20)16-12-9-10-13-17(16)19-15/h8-14H,2-7H2,1H3,(H,19,20)	CCCCCCCC=Cc1cc(=O)c2ccccc2[nH]1	C18H23NO	pos_1_1proton	269.177964356	2-(Non-1-en-1-yl)quinolin-4(1H)-one	Alkaloids	Tryptophan alkaloids	Quinoline alkaloids	http://www.wikidata.org/entity/Q31856	Pseudomonas aeruginosa	216671.0	['Bacteria']	['Unknown']	['Proteobacteria']	['Gammaproteobacteria']	['Pseudomonadales']	['Pseudomonadaceae']	['Unknown']	['Pseudomonas']	['Pseudomonas aeruginosa']		['Bacteria']		['Proteobacteria']	['Gammaproteobacteria']	['Pseudomonadales']	['Pseudomonadaceae']		['Pseudomonas']	['Pseudomonas aeruginosa']	7.0	3.0	8.5	1.0																								
738	AAZVFJSUJKNOMS	sirius	CC(CC1=CC=CC=C1)C2CCCCC(C(CC#C2)C(CCC3=CC(=C(C=C3)O)OCCCC4=CCNC(=C4)N)O)O																																																																																												1.0	1.0	0.034	0.034	-582.512	0.771	0.244	57.531	C36H48N2O4	[M - H2O + H]+	C36H47N2O3+	InChI=1S/C36H48N2O4/c1-26(23-27-9-3-2-4-10-27)30-12-5-6-15-32(39)31(14-7-13-30)33(40)18-16-29-17-19-34(41)35(24-29)42-22-8-11-28-20-21-38-36(37)25-28/h2-4,9-10,17,19-20,24-26,30-33,38-41H,5-6,8,11-12,14-16,18,21-23,37H2,1H3		CC(CC1=CC=CC=C1)C2CCCCC(C(CC#C2)C(CCC3=CC(=C(C=C3)O)OCCCC4=CCNC(=C4)N)O)O	7.4	163116631;163116632	COCONUT:(CNP0436921);SUPERNATURAL:(SN0000771);PUBCHEM:(163116631 163116632)	3145730.0	555.359	227.0	3.788	7.136870276980799e+17	7.136868264134175e+17	
739	XJLSIHLNCRSPKR	sirius	CCCOC1=CC=C(C=C1)C(=O)CCN2CCCCCC2																																																																																												1.0	1.0	0.045	0.045	-360.307	1.0	0.333	11.433	C18H27NO2	[M - H2O + H]+	C18H26NO+	InChI=1S/C18H27NO2/c1-2-15-21-17-9-7-16(8-10-17)18(20)11-14-19-12-5-3-4-6-13-19/h7-10H,2-6,11-15H2,1H3	Hexacaine	CCCOC1=CC=C(C=C1)C(=O)CCN2CCCCCC2	3.6	7033557;197945	PUBCHEMANNOTATIONSAFETYANDTOXIC:(null);MESH:(197945);PUBCHEM:(7033557 197945);DSSTox:(DTXSID40168198);PUBMED:(null)	137506062406.0	272.201	230.0	3.829	7.136869987699626e+17	7.136868264553605e+17	
740	RGDMNJYOLNVKTG	sirius	CC1(C2C3CCC(C2(C4C#CCC5=C(CC6CCCC(C6)C4(C3)O1)C(=CC(=C5)O)CNC)N)CO)C7CCCCC7																																																																																												1.0	2.0	0.025	0.025	-750.866	0.334	0.333	12.88	C36H52N2O3	[M - H2O + H]+	C36H51N2O2+	InChI=1S/C36H52N2O3/c1-34(27-10-4-3-5-11-27)33-25-14-15-29(22-39)36(33,37)32-13-7-9-24-18-30(40)19-26(21-38-2)31(24)17-23-8-6-12-28(16-23)35(32,20-25)41-34/h18-19,23,25,27-29,32-33,38-40H,3-6,8-12,14-17,20-22,37H2,1-2H3	18-amino-24-cyclohexyl-19-(hydroxymethyl)-24-methyl-9-[(methylamino)methyl]-25-oxahexacyclo[20.3.1.1²,⁶.0¹,¹⁷.0⁸,¹³.0¹⁸,²³]heptacosa-8,10,12-trien-15-yn-11-ol	CC1(C2C3CCC(C2(C4C#CCC5=C(CC6CCCC(C6)C4(C3)O1)C(=CC(=C5)O)CNC)N)CO)C7CCCCC7	6.3	163072929;163072930;163072931	COCONUT:(CNP0369343);SUPERNATURAL:(SN0324426);PUBCHEM:(163072929 163072930 163072931)	3145730.0	543.395	230.0	3.828	7.136870025825853e+17	7.13686826434389e+17	
743	LEHCVXSBPMHNNP	sirius	CC(=O)OCC(COC(=O)C)(C1CCC(C2CCC(C2C1O)(C)O)(C)O)O																																																																																												1.0	1.0	0.294	0.294	-191.441	0.988	0.329	50.555	C19H32O8	[M + H3N + H]+	C19H36NO8+	InChI=1S/C19H32O8/c1-11(20)26-9-19(25,10-27-12(2)21)14-6-7-17(3,23)13-5-8-18(4,24)15(13)16(14)22/h13-16,22-25H,5-10H2,1-4H3	3-(acetyloxy)-2-hydroxy-2-(3,4,8-trihydroxy-3,8-dimethyl-decahydroazulen-5-yl)propyl acetate	CC(=O)OCC(COC(=O)C)(C1CCC(C2CCC(C2C1O)(C)O)(C)O)O	0.0	101128712;162911038	COCONUT:(CNP0179913);TeroMol:(TKC035385);SUPERNATURAL:(SN0203098);PUBCHEM:(101128712 162911038);LOTUS:(Q105150564)	279969794.0	406.244	230.0	3.826	7.136870221532097e+17	7.136868264973036e+17	
744	NFEXMBMBZZNYQK	sirius	CCC(C)C(C(=O)NC(CCCN=C(N)N)CO)NC(=O)C(CCC1=CC=C(C=C1)O)O																																																																																												1.0	1.0	0.392	0.392	-369.896	0.732	0.328	25.406	C22H37N5O5	[M - H2O + H]+	C22H36N5O4+	InChI=1S/C22H37N5O5/c1-3-14(2)19(21(32)26-16(13-28)5-4-12-25-22(23)24)27-20(31)18(30)11-8-15-6-9-17(29)10-7-15/h6-7,9-10,14,16,18-19,28-30H,3-5,8,11-13H2,1-2H3,(H,26,32)(H,27,31)(H4,23,24,25)	nostosin b	CCC(C)C(C(=O)NC(CCCN=C(N)N)CO)NC(=O)C(CCC1=CC=C(C=C1)O)O	0.5	118711063;163150632;163150633;146683698;101913910	COCONUT:(CNP0458180);SUPERNATURAL:(SN0243858);MESH:(146683698);PUBCHEM:(118711063 163150632 163150633 146683698 101913910);DSSTox:(DTXSID301046739);LOTUS:(Q110159399 Q105178426);PUBMED	137710534726.0	434.275	231.0	3.858	7.136870306005385e+17	7.136868265182752e+17	
745	QSYCFTXFKWQPER	sirius	CCCCCCCCCC(=O)NC1=CC=CC=C1C(=O)O																																																																																												1.0	1.0	0.298	0.298	-295.394	0.991	0.333	18.19	C17H25NO3	[M - H2O + H]+	C17H24NO2+	InChI=1S/C17H25NO3/c1-2-3-4-5-6-7-8-13-16(19)18-15-12-10-9-11-14(15)17(20)21/h9-12H,2-8,13H2,1H3,(H,18,19)(H,20,21)	2-(Decanoylamino)benzoate	CCCCCCCCCC(=O)NC1=CC=CC=C1C(=O)O	4.532	3470001;3470002	SUPERNATURAL:(SN0314367);PUBCHEM:(3470001 3470002)	1048578.0	274.18	233.0	3.88	7.136870389388155e+17	7.136868265392467e+17	
746	GOPTUOOLIKXWBH	sirius	CCCCCCOC1=CC2=C(C=C1)C(=CC(=O)N2CCCC)O																																																																																												1.0	1.0	0.293	0.293	-184.497	0.999	0.333	32.759	C19H27NO3	[M - H2O + H]+	C19H26NO2+	InChI=1S/C19H27NO3/c1-3-5-7-8-12-23-15-9-10-16-17(13-15)20(11-6-4-2)19(22)14-18(16)21/h9-10,13-14,21H,3-8,11-12H2,1-2H3	1-Butyl-7-hexoxy-4-hydroxyquinolin-2-one	CCCCCCOC1=CC2=C(C=C1)C(=CC(=O)N2CCCC)O	4.4	139718186	PUBCHEM:(139718186)	2.0	300.196	235.0	3.914	7.136870407675323e+17	7.136868265602182e+17	
746	HMCYNESTDVUAKN	isdb	CCCCCC/C=C/Cc1c(C)c(=O)c2ccccc2n1O																																													10.0	Alkaloids	0.625	Tryptophan alkaloids	0.6	Quinoline alkaloids	0.475	1.0	0.68317187	ISDB	http://www.wikidata.org/entity/Q77386422	HMCYNESTDVUAKN-CMDGGOBGSA-N	InChI=1S/C19H25NO2/c1-3-4-5-6-7-8-9-13-17-15(2)19(21)16-12-10-11-14-18(16)20(17)22/h8-12,14,22H,3-7,13H2,1-2H3/b9-8+	CCCCCC/C=C/Cc1c(C)c(=O)c2ccccc2n1O	C19H25NO2		299.18852904	1-hydroxy-3-methyl-2-[(E)-non-2-enyl]quinolin-4-one	Alkaloids	Tryptophan alkaloids	Quinoline alkaloids	http://www.wikidata.org/entity/Q310202	Arthrobacter	430873.0	['Bacteria']	['Unknown']	['Actinobacteria']	['Unknown']	['Micrococcales']	['Micrococcaceae']	['Unknown']	['Arthrobacter']	['Unknown']		['Bacteria']									1.0	3.0	5.232687473297119	1.0																								
747	PSFYADMURLIVMO	sirius	CC1=CC(=O)C=C2C1(C3C(CC2)C4CCC(C4(CC3=O)C)(C(=O)COC(=O)C)O)C																																																																																												1.0	1.0	0.133	0.133	-278.656	0.439	0.217	23.792	C24H30O6	[M + H3N + H]+	C24H34NO6+	InChI=1S/C24H30O6/c1-13-9-16(26)10-15-5-6-17-18-7-8-24(29,20(28)12-30-14(2)25)22(18,3)11-19(27)21(17)23(13,15)4/h9-10,17-18,21,29H,5-8,11-12H2,1-4H3	[2-[(8S,9S,10S,13S,14S,17R)-17-hydroxy-1,10,13-trimethyl-3,11-dioxo-6,7,8,9,12,14,15,16-octahydrocyclopenta[a]phenanthren-17-yl]-2-oxoethyl] acetate	CC1=CC(=O)C=C2C1(C3C(CC2)C4CCC(C4(CC3=O)C)(C(=O)COC(=O)C)O)C	2.433	22842165	BloodExposome:(22842165);PUBCHEM:(22842165);PUBMED:(null)	4194370.0	432.238	236.0	3.93	7.136870436825738e+17	7.136868266021613e+17	
747	WVULKSPCQVQLCU	gnps	C[C@H](CCC(=O)NCC(=O)O)[C@H]1CC[C@H]2[C@@H]3CC[C@@H]4C[C@H](O)CC[C@]4(C)[C@H]3C[C@H](O)[C@]12C	CCMSLIB00012336920	spectra_filtered.mgf	MSNLIB-POSITIVE.mgf	0.919849	5250960.0	0.0	168.432	8.0	0.0728149	432.238	1.0	temp/spectra_filtered.mgf747	1.0	glycodeoxycholic acid	ESI	Orbitrap	Crude	Tomas Pluskal	Corinna Brungs	[M+H-H2O]+	432.311	449.314	1.0			C[C@H](CCC(=O)NCC(=O)O)[C@H]1CC[C@H]2[C@@H]3CC[C@@H]4C[C@H](O)CC[C@]4(C)[C@H]3C[C@H](O)[C@]12C	InChI=1S/C26H43NO5/c1-15(4-9-23(30)27-14-24(31)32)19-7-8-20-18-6-5-16-12-17(28)10-11-25(16,2)21(18)13-22(29)26(19,20)3/h15-22,28-29H,4-14H2,1-3H3,(H,27,30)(H,31,32)/t15-,16-,17-,18+,19-,20+,21+,22+,25+,26-/m1/s1	WVULKSPCQVQLCU-BUXLTGKBSA-N	1.0	Positive	MSNLIB-POSITIVE	432.311	UPDATE-SINGLE-ANNOTATED-GOLD	Gold		C26H43NO5	WVULKSPCQVQLCU-BUXLTGKBSA-N	Lipids and lipid-like molecules	Steroids and steroid derivatives	Bile acids, alcohols and derivatives	Steroids	Cholane steroids	Terpenoids	mzspec:GNPS:GNPS-LIBRARY:CCMSLIB00012336920																																																																							
748	BBWMRBSEGFTSQC	sirius	CCCCCCCCCCOC1=CC=C(C=C1)OCC(=O)COC2=CC=C(C=C2)C(=O)O																																																																																												1.0	2.0	0.108	0.108	-368.125	0.315	0.333	51.287	C26H34O6	[M + H3N + H]+	C26H38NO6+	InChI=1S/C26H34O6/c1-2-3-4-5-6-7-8-9-18-30-23-14-16-25(17-15-23)32-20-22(27)19-31-24-12-10-21(11-13-24)26(28)29/h10-17H,2-9,18-20H2,1H3,(H,28,29)	4-[3-[4-(Decyloxy)phenoxy]acetonyloxy]benzoic acid	CCCCCCCCCCOC1=CC=C(C=C1)OCC(=O)COC2=CC=C(C=C2)C(=O)O	6.594	9846199	PUBCHEMANNOTATIONBIO:(null);PUBCHEM:(9846199);PUBMED:(null)	16777282.0	460.27	236.0	3.929	7.13687033142287e+17	7.136868265811898e+17	
750	PSARXZDIEJMUNZ	sirius	C1CN(CCN(CCN1CC(CO)O)[CH]O)CC(CO)O																																																																																												1.0	1.0	-inf	-inf	-278.024	1.0	0.306	24.94	C13H28N3O5	[M - H2O + H]+	C13H27N3O4+	InChI=1S/C13H28N3O5/c17-9-12(20)7-14-1-2-15(8-13(21)10-18)4-6-16(11-19)5-3-14/h11-13,17-21H,1-10H2		C1CN(CCN(CCN1CC(CO)O)[CH]O)CC(CO)O	-3.1	59071433	PUBCHEM:(59071433)	2.0	289.199	237.0	3.956	7.136870395469897e+17	7.136868266441043e+17	
751	IZJCLXWPUMBGDF	sirius	CCCC1=C(NC(=O)C(=C1O)C)CC=C(C)CC=CC(C)O																																																																																												1.0	1.0	0.121	0.121	-348.491	1.0	0.333	55.84	C18H27NO3	[M - H2O + H]+	C18H26NO2+	InChI=1S/C18H27NO3/c1-5-7-15-16(19-18(22)14(4)17(15)21)11-10-12(2)8-6-9-13(3)20/h6,9-10,13,20H,5,7-8,11H2,1-4H3,(H2,19,21,22)	Iromycin D	CCCC1=C(NC(=O)C(=C1O)C)CC=C(C)CC=CC(C)O	2.9	163058097;139584101;54708419	COCONUT:(CNP0345461);SUPERNATURAL:(SN0159369);PUBCHEM:(163058097 139584101 54708419);LOTUS:(Q77279646 Q104169285 Q110178346);PUBMED:(null)	271581250.0	288.196	237.0	3.957	7.1368703414892e+17	7.136868266692701e+17	
751	JYFNTDPGDPZMCM	isdb	CCCCCCCCCc1cc(=O)c2ccccc2n1O																																													10.0	Alkaloids	0.625	Tryptophan alkaloids	0.6	Quinoline alkaloids	0.475	1.0	0.0	MS1_match	http://www.wikidata.org/entity/Q82932445	JYFNTDPGDPZMCM-UHFFFAOYSA-N	InChI=1S/C18H25NO2/c1-2-3-4-5-6-7-8-11-15-14-18(20)16-12-9-10-13-17(16)19(15)21/h9-10,12-14,21H,2-8,11H2,1H3	CCCCCCCCCc1cc(=O)c2ccccc2n1O	C18H25NO2	pos_1_1proton	287.18852904	2-Nonyl-4-hydroxyquinoline N-oxide	Alkaloids	Tryptophan alkaloids	Quinoline alkaloids	http://www.wikidata.org/entity/Q131143	Pseudomonas	281374.0	['Bacteria']	['Unknown']	['Proteobacteria']	['Gammaproteobacteria']	['Pseudomonadales']	['Pseudomonadaceae']	['Unknown']	['Pseudomonas']	['Unknown']		['Bacteria']		['Proteobacteria']	['Gammaproteobacteria']	['Pseudomonadales']	['Pseudomonadaceae']		['Pseudomonas']		6.0	3.0	7.5	1.0																								
752	QFZYCUIUFCMIOB	sirius	C1CCC(CC1)CCOC2=CC=C(C=C2)NC(=O)C3CCC(CC3)C(=O)NC4=CC=C(C=C4)OCCC5CCCCC5																																																																																												1.0	1.0	0.106	0.106	-286.274	0.914	0.32	15.9	C36H50N2O4	[M + H]+	C36H51N2O4+	InChI=1S/C36H50N2O4/c39-35(37-31-15-19-33(20-16-31)41-25-23-27-7-3-1-4-8-27)29-11-13-30(14-12-29)36(40)38-32-17-21-34(22-18-32)42-26-24-28-9-5-2-6-10-28/h15-22,27-30H,1-14,23-26H2,(H,37,39)(H,38,40)	1-N,4-N-bis[4-(2-cyclohexylethoxy)phenyl]cyclohexane-1,4-dicarboxamide	C1CCC(CC1)CCOC2=CC=C(C=C2)NC(=O)C3CCC(CC3)C(=O)NC4=CC=C(C=C4)OCCC5CCCCC5	9.2	17138054	PUBCHEM:(17138054)	2.0	575.385	237.0	3.957	7.136870293799959e+17	7.136868266902417e+17	
754	BBAOAXCNMFWVBH	sirius	CC1CCCCN1CCCOC(=O)C2=CC=C(C=C2)OCC=C																																																																																												1.0	1.0	0.021	0.021	-394.549	0.991	0.318	8.629	C19H27NO3	[M - H2O + H]+	C19H26NO2+	InChI=1S/C19H27NO3/c1-3-14-22-18-10-8-17(9-11-18)19(21)23-15-6-13-20-12-5-4-7-16(20)2/h3,8-11,16H,1,4-7,12-15H2,2H3	3-(2'-Methylpiperidino)propyl p-allyloxybenzoate	CC1CCCCN1CCCOC(=O)C2=CC=C(C=C2)OCC=C	4.1	45317	PUBCHEMANNOTATIONSAFETYANDTOXIC;PUBCHEM:(45317);DSSTox:(DTXSID00981082 DTXSID70985850)	137506062338.0	300.196	244.0	4.073	7.136870303111314e+17	7.136868267321847e+17	
755	AWCWOJPATVETFJ	isdb	CCCCCCC/C=C\CCc1cc(=O)c2ccccc2[nH]1																																													10.0	Alkaloids	0.625	Tryptophan alkaloids	0.6	Quinoline alkaloids	0.475	1.0	0.0	MS1_match	http://www.wikidata.org/entity/Q104919962	AWCWOJPATVETFJ-HJWRWDBZSA-N	InChI=1S/C20H27NO/c1-2-3-4-5-6-7-8-9-10-13-17-16-20(22)18-14-11-12-15-19(18)21-17/h8-9,11-12,14-16H,2-7,10,13H2,1H3,(H,21,22)/b9-8-	CCCCCCC/C=C\CCc1cc(=O)c2ccccc2[nH]1	C20H27NO	pos_1_1proton	297.209264484		Alkaloids	Tryptophan alkaloids	Quinoline alkaloids	http://www.wikidata.org/entity/Q31856	Pseudomonas aeruginosa	216671.0	['Bacteria']	['Unknown']	['Proteobacteria']	['Gammaproteobacteria']	['Pseudomonadales']	['Pseudomonadaceae']	['Unknown']	['Pseudomonas']	['Pseudomonas aeruginosa']		['Bacteria']		['Proteobacteria']	['Gammaproteobacteria']	['Pseudomonadales']	['Pseudomonadaceae']		['Pseudomonas']	['Pseudomonas aeruginosa']	7.0	3.0	8.5	1.0																								
755	DDHBGIZOLDOVJX	sirius	CCCCCCCCCCCC1=CC(=O)C2=CC=CC=C2N1O																																																																																												1.0	1.0	0.886	0.886	-95.196	1.0	0.333	57.716	C20H29NO2	[M - H2O + H]+	C20H28NO+	InChI=1S/C20H29NO2/c1-2-3-4-5-6-7-8-9-10-13-17-16-20(22)18-14-11-12-15-19(18)21(17)23/h11-12,14-16,23H,2-10,13H2,1H3		CCCCCCCCCCCC1=CC(=O)C2=CC=CC=C2N1O	6.7	600307	COCONUT:(CNP0442418);SUPERNATURAL:(SN0062726);PUBCHEM:(600307)	3145730.0	298.217	247.0	4.12	7.13687032081128e+17	7.136868267531562e+17	
755	SSQJIUWSCJLTTP	isdb	CCCCCCC=CCCCc1cc(=O)c2ccccc2[nH]1																																													10.0	Alkaloids	0.625	Tryptophan alkaloids	0.6	Quinoline alkaloids	0.475	1.0	0.0	MS1_match	http://www.wikidata.org/entity/Q104197609	SSQJIUWSCJLTTP-UHFFFAOYSA-N	InChI=1S/C20H27NO/c1-2-3-4-5-6-7-8-9-10-13-17-16-20(22)18-14-11-12-15-19(18)21-17/h7-8,11-12,14-16H,2-6,9-10,13H2,1H3,(H,21,22)	CCCCCCC=CCCCc1cc(=O)c2ccccc2[nH]1	C20H27NO	pos_1_1proton	297.209264484	2-undec-4-enyl-1H-quinolin-4-one	Alkaloids	Tryptophan alkaloids	Quinoline alkaloids	http://www.wikidata.org/entity/Q31856	Pseudomonas aeruginosa	216671.0	['Bacteria']	['Unknown']	['Proteobacteria']	['Gammaproteobacteria']	['Pseudomonadales']	['Pseudomonadaceae']	['Unknown']	['Pseudomonas']	['Pseudomonas aeruginosa']		['Bacteria']		['Proteobacteria']	['Gammaproteobacteria']	['Pseudomonadales']	['Pseudomonadaceae']		['Pseudomonas']	['Pseudomonas aeruginosa']	7.0	3.0	8.5	1.0																								
756	AYCZWTQJTQZKHF	sirius	CN1C2=CC=CC=C2C(=O)C=C1CCCCCCCCCO																																																																																												1.0	1.0	0.494	0.494	-176.681	1.0	0.333	39.767	C19H27NO2	[M - H2O + H]+	C19H26NO+	InChI=1S/C19H27NO2/c1-20-16(11-7-5-3-2-4-6-10-14-21)15-19(22)17-12-8-9-13-18(17)20/h8-9,12-13,15,21H,2-7,10-11,14H2,1H3	2-(9-hydroxynonyl)-1-methyl-1,4-dihydroquinolin-4-one	CN1C2=CC=CC=C2C(=O)C=C1CCCCCCCCCO	4.5	163039179	COCONUT:(CNP0319596);SUPERNATURAL:(SN0018508);PUBCHEM:(163039179)	3145730.0	284.201	244.0	4.062	7.136870337378781e+17	7.136868267112132e+17	
757	JQRGHDYBXMXFFU	sirius	COC1(C2C1C3C(C3(OC)OC)C4C(C4(OC)OC)C5C2C5(OC)OC)OC																																																																																												1.0	1.0	0.069	0.069	-129.386	0.994	0.333	47.701	C20H32O8	[M + H3N + H]+	C20H36NO8+	InChI=1S/C20H32O8/c1-21-17(22-2)9-10(17)12-14(19(12,25-5)26-6)16-15(20(16,27-7)28-8)13-11(9)18(13,23-3)24-4/h9-16H,1-8H3	Pentacyclo[9.1.0.0(2,4).0(5,7).0(8,10)]dodecane, 3,3,6,6,9,9,12,12-octamethoxy-	COC1(C2C1C3C(C3(OC)OC)C4C(C4(OC)OC)C5C2C5(OC)OC)OC	-0.1	570773	PUBCHEM:(570773)	2.0	418.243	248.0	4.136	7.136870534594972e+17	7.136868267741277e+17	
758	VVCGWJVXIUOLJG	sirius	CN(C)CCOC(=O)NC1=CC=C(C=C1)CC2=CC=C(C=C2)NC(=O)OCCN(C)C																																																																																												1.0	3.0	0.056	0.056	-326.357	0.01	0.247	8.589	C23H32N4O4	[M + H3N + H]+	C23H36N5O4+	InChI=1S/C23H32N4O4/c1-26(2)13-15-30-22(28)24-20-9-5-18(6-10-20)17-19-7-11-21(12-8-19)25-23(29)31-16-14-27(3)4/h5-12H,13-17H2,1-4H3,(H,24,28)(H,25,29)	Bis(2-dimethylaminoethyl) 4,4'-methylenebis(N-phenylcarbamate)	CN(C)CCOC(=O)NC1=CC=C(C=C1)CC2=CC=C(C=C2)NC(=O)OCCN(C)C	3.1	342112	PUBCHEMANNOTATIONSAFETYANDTOXIC:(null);PUBCHEM:(342112);DSSTox:(DTXSID20321547)	137506062338.0	446.275	248.0	4.142	7.136870481872567e+17	7.136868267950993e+17	
759	QMQHUZIWKIVYLV	isdb	CC(C)=CCC/C(C)=C/Cc1cc(=O)c2ccccc2n1C																																													10.0	Alkaloids	0.625	Tryptophan alkaloids	0.6	Quinoline alkaloids	0.475	3.0	0.4932436	ISDB	http://www.wikidata.org/entity/Q77572043	QMQHUZIWKIVYLV-FOWTUZBSSA-N	InChI=1S/C20H25NO/c1-15(2)8-7-9-16(3)12-13-17-14-20(22)18-10-5-6-11-19(18)21(17)4/h5-6,8,10-12,14H,7,9,13H2,1-4H3/b16-12+	CC(C)=CCC/C(C)=C/Cc1cc(=O)c2ccccc2n1C	C20H25NO		295.19361442	2-[(2E)-3,7-dimethylocta-2,6-dienyl]-1-methylquinolin-4-one	Alkaloids	Tryptophan alkaloids	Quinoline alkaloids	http://www.wikidata.org/entity/Q7255179	Pseudonocardia	874917.0	['Bacteria']	['Unknown']	['Actinobacteria']	['Unknown']	['Pseudonocardiales']	['Pseudonocardiaceae']	['Unknown']	['Pseudonocardia']	['Unknown']		['Bacteria']									1.0	3.0	4.472974419593811	1.0																								
759	RXWKCQWMDSAQBS	sirius	CCCCCCC=CCCCC1=CC(=O)C2=CC=CC=C2N1O																																																																																												1.0	1.0	0.817	0.817	-105.525	1.0	0.333	41.782	C20H27NO2	[M - H2O + H]+	C20H26NO+	InChI=1S/C20H27NO2/c1-2-3-4-5-6-7-8-9-10-13-17-16-20(22)18-14-11-12-15-19(18)21(17)23/h7-8,11-12,14-16,23H,2-6,9-10,13H2,1H3	1-Hydroxy-2-undec-4-enylquinolin-4-one	CCCCCCC=CCCCC1=CC(=O)C2=CC=CC=C2N1O	5.8	163187276;162652454	SUPERNATURAL:(SN0217677);PUBCHEM:(163187276 162652454);LOTUS:(Q105158664 Q104171408);PUBMED	269484098.0	296.201	248.0	4.14	7.13687041136631e+17	7.136868268160708e+17	
760	XIGBBPQAXHSVSN	sirius	CCCCCCCCCC1=CC(=O)C2=CC=CC=C2N1C																																																																																												1.0	3.0	0.682	0.744	-85.213	0.086	0.333	7.706	C19H27NO	[M + H]+	C19H28NO+	InChI=1S/C19H27NO/c1-3-4-5-6-7-8-9-12-16-15-19(21)17-13-10-11-14-18(17)20(16)2/h10-11,13-15H,3-9,12H2,1-2H3	1-Methyl-2-N-Nonyl-4-Quinolone	CCCCCCCCCC1=CC(=O)C2=CC=CC=C2N1C	6.1	13967189	PUBCHEMANNOTATIONBIO:(null);COCONUT:(CNP0102531);HMDB:(HMDB0030519);BloodExposome:(13967189);CHEBI:(174025);SUPERNATURAL:(SN0430901);PUBCHEM:(13967189);DSSTox:(DTXSID90553439);LOTUS:(Q82434023);GNPS:(CCMSLIB00000845108);PUBCHEMANNOTATIONDRUG:(null);PUBMED:(null)	137765064810.0	286.217	250.0	4.164	7.136870326012216e+17	7.136868268370423e+17	
761	ZGUNHQUCKDXICJ	sirius	CCCCCCCCN1C2=CC=CC=C2C(=C(C1=O)OCC=C)O																																																																																												1.0	1.0	0.244	0.244	-204.358	1.0	0.333	88.906	C20H27NO3	[M - H2O + H]+	C20H26NO2+	InChI=1S/C20H27NO3/c1-3-5-6-7-8-11-14-21-17-13-10-9-12-16(17)18(22)19(20(21)23)24-15-4-2/h4,9-10,12-13,22H,2-3,5-8,11,14-15H2,1H3	4-Hydroxy-1-octyl-3-prop-2-enoxyquinolin-2-one	CCCCCCCCN1C2=CC=CC=C2C(=C(C1=O)OCC=C)O	5.1	140979700	PUBCHEM:(140979700)	2.0	312.196	250.0	4.175	7.13687045049917e+17	7.136868268580138e+17	
762	CYDRXTMLKJDRQH	sirius	CCCCCCCCCCCC[N+](C)(C)CC1=CC=CC=C1																																																																																												1.0	2.0	0.618	0.618	-113.708	0.199	0.333	5.522	C21H37N	[M + H]+	C21H38N+	InChI=1S/C21H38N/c1-4-5-6-7-8-9-10-11-12-16-19-22(2,3)20-21-17-14-13-15-18-21/h13-15,17-18H,4-12,16,19-20H2,1-3H3/q+1	[Dideuterio-(2,3,4,5,6-pentadeuteriophenyl)methyl]-dodecyl-dimethylazanium	CCCCCCCCCCCC[N+](C)(C)CC1=CC=CC=C1	7.4	71753021;8754;130421752;46780740	NORMAN:(NS00001938 NS00075628 NS00080681);TeroMol:(TKC095506);BloodExposome:(8753 23705 8754);METACYC:(CPD-20900);CHEBI:(135611 167207 167208);SUPERNATURAL:(SN0058753);MESH:(8754);PUBCHEM:(71753021 8754 130421752 46780740);DSSTox:(DTXSID00825098 DTXSID2040787 DTXSID4048698 DTXSID6028492 DTXSID60872947 DTXSID7047984);GNPS:(CCMSLIB00003136025 CCMSLIB00003135025);PUBCHEMANNOTATIONDRUG:(null);PUBMED:(null)	137486407782.0	304.3	252.0	4.205	7.13687032496364e+17	7.136868268789853e+17	
763	AWCWOJPATVETFJ	isdb	CCCCCCC/C=C\CCc1cc(=O)c2ccccc2[nH]1																																													10.0	Alkaloids	0.625	Tryptophan alkaloids	0.6	Quinoline alkaloids	0.475	1.0	0.0	MS1_match	http://www.wikidata.org/entity/Q104919962	AWCWOJPATVETFJ-HJWRWDBZSA-N	InChI=1S/C20H27NO/c1-2-3-4-5-6-7-8-9-10-13-17-16-20(22)18-14-11-12-15-19(18)21-17/h8-9,11-12,14-16H,2-7,10,13H2,1H3,(H,21,22)/b9-8-	CCCCCCC/C=C\CCc1cc(=O)c2ccccc2[nH]1	C20H27NO	pos_1_1proton	297.209264484		Alkaloids	Tryptophan alkaloids	Quinoline alkaloids	http://www.wikidata.org/entity/Q31856	Pseudomonas aeruginosa	216671.0	['Bacteria']	['Unknown']	['Proteobacteria']	['Gammaproteobacteria']	['Pseudomonadales']	['Pseudomonadaceae']	['Unknown']	['Pseudomonas']	['Pseudomonas aeruginosa']		['Bacteria']		['Proteobacteria']	['Gammaproteobacteria']	['Pseudomonadales']	['Pseudomonadaceae']		['Pseudomonas']	['Pseudomonas aeruginosa']	7.0	3.0	8.5	1.0																								
763	DDHBGIZOLDOVJX	sirius	CCCCCCCCCCCC1=CC(=O)C2=CC=CC=C2N1O																																																																																												1.0	1.0	0.894	0.894	-90.728	1.0	0.333	52.308	C20H29NO2	[M - H2O + H]+	C20H28NO+	InChI=1S/C20H29NO2/c1-2-3-4-5-6-7-8-9-10-13-17-16-20(22)18-14-11-12-15-19(18)21(17)23/h11-12,14-16,23H,2-10,13H2,1H3		CCCCCCCCCCCC1=CC(=O)C2=CC=CC=C2N1O	6.7	600307	COCONUT:(CNP0442418);SUPERNATURAL:(SN0062726);PUBCHEM:(600307)	3145730.0	298.217	253.0	4.219	7.136870484976353e+17	7.136868268999569e+17	
763	SSQJIUWSCJLTTP	isdb	CCCCCCC=CCCCc1cc(=O)c2ccccc2[nH]1																																													10.0	Alkaloids	0.625	Tryptophan alkaloids	0.6	Quinoline alkaloids	0.475	1.0	0.0	MS1_match	http://www.wikidata.org/entity/Q104197609	SSQJIUWSCJLTTP-UHFFFAOYSA-N	InChI=1S/C20H27NO/c1-2-3-4-5-6-7-8-9-10-13-17-16-20(22)18-14-11-12-15-19(18)21-17/h7-8,11-12,14-16H,2-6,9-10,13H2,1H3,(H,21,22)	CCCCCCC=CCCCc1cc(=O)c2ccccc2[nH]1	C20H27NO	pos_1_1proton	297.209264484	2-undec-4-enyl-1H-quinolin-4-one	Alkaloids	Tryptophan alkaloids	Quinoline alkaloids	http://www.wikidata.org/entity/Q31856	Pseudomonas aeruginosa	216671.0	['Bacteria']	['Unknown']	['Proteobacteria']	['Gammaproteobacteria']	['Pseudomonadales']	['Pseudomonadaceae']	['Unknown']	['Pseudomonas']	['Pseudomonas aeruginosa']		['Bacteria']		['Proteobacteria']	['Gammaproteobacteria']	['Pseudomonadales']	['Pseudomonadaceae']		['Pseudomonas']	['Pseudomonas aeruginosa']	7.0	3.0	8.5	1.0																								
765	IZJCLXWPUMBGDF	sirius	CCCC1=C(NC(=O)C(=C1O)C)CC=C(C)CC=CC(C)O																																																																																												1.0	1.0	0.187	0.187	-277.923	1.0	0.333	20.882	C18H27NO3	[M - H2O + H]+	C18H26NO2+	InChI=1S/C18H27NO3/c1-5-7-15-16(19-18(22)14(4)17(15)21)11-10-12(2)8-6-9-13(3)20/h6,9-10,13,20H,5,7-8,11H2,1-4H3,(H2,19,21,22)	Iromycin D	CCCC1=C(NC(=O)C(=C1O)C)CC=C(C)CC=CC(C)O	2.9	163058097;139584101;54708419	COCONUT:(CNP0345461);SUPERNATURAL:(SN0159369);PUBCHEM:(163058097 139584101 54708419);LOTUS:(Q77279646 Q104169285 Q110178346);PUBMED:(null)	271581250.0	288.196	254.0	4.226	7.136870396392644e+17	7.136868269251227e+17	
766	IJGDGRMCHJUXEN	sirius	CCCCCCCCC1=C2C(=C(C=C1)OC)NC(=C(C2=O)OC)C																																																																																												1.0	1.0	0.168	0.168	-417.581	1.0	0.333	96.974	C20H29NO3	[M - H2O + H]+	C20H28NO2+	InChI=1S/C20H29NO3/c1-5-6-7-8-9-10-11-15-12-13-16(23-3)18-17(15)19(22)20(24-4)14(2)21-18/h12-13H,5-11H2,1-4H3,(H,21,22)	3,8-dimethoxy-2-methyl-5-octyl-1,4-dihydroquinolin-4-one	CCCCCCCCC1=C2C(=C(C=C1)OC)NC(=C(C2=O)OC)C	6.1	118716646	COCONUT:(CNP0078973);SUPERNATURAL:(SN0147100);PUBCHEM:(118716646);LOTUS:(Q110090874);PUBMED:(null)	271581250.0	314.211	254.0	4.239	7.13687054201889e+17	7.136868269460942e+17	
766	LWYHXEXQBAUDEY	isdb	CCCCCCC=CCCCc1cc(O)c2ccccc2[n+]1[O-]																																													10.0	Alkaloids	0.625	Tryptophan alkaloids	0.6	Quinoline alkaloids	0.475	4.0	0.51933706	ISDB	http://www.wikidata.org/entity/Q104171408	LWYHXEXQBAUDEY-UHFFFAOYSA-N	InChI=1S/C20H27NO2/c1-2-3-4-5-6-7-8-9-10-13-17-16-20(22)18-14-11-12-15-19(18)21(17)23/h7-8,11-12,14-16,22H,2-6,9-10,13H2,1H3	CCCCCCC=CCCCc1cc(O)c2ccccc2[n+]1[O-]	C20H27NO2		313.204179104		Alkaloids	Tryptophan alkaloids	Quinoline alkaloids	http://www.wikidata.org/entity/Q31856	Pseudomonas aeruginosa	216671.0	['Bacteria']	['Unknown']	['Proteobacteria']	['Gammaproteobacteria']	['Pseudomonadales']	['Pseudomonadaceae']	['Unknown']	['Pseudomonas']	['Pseudomonas aeruginosa']		['Bacteria']		['Proteobacteria']	['Gammaproteobacteria']	['Pseudomonadales']	['Pseudomonadaceae']		['Pseudomonas']	['Pseudomonas aeruginosa']	7.0	3.0	10.577348232269289	1.0																								
767	SPJLINWMLSKBNV	sirius	C1CCC(CC1)N(C2CCCCC2)C(=O)COC3=CC=CC=C3OC4=CC=CC=C4OCC(=O)N(C5CCCCC5)C6CCCCC6																																																																																												1.0	1.0	0.06	0.06	-464.338	0.679	0.274	9.183	C40H56N2O5	[M - H2O + H]+	C40H55N2O4+	InChI=1S/C40H56N2O5/c43-39(41(31-17-5-1-6-18-31)32-19-7-2-8-20-32)29-45-35-25-13-15-27-37(35)47-38-28-16-14-26-36(38)46-30-40(44)42(33-21-9-3-10-22-33)34-23-11-4-12-24-34/h13-16,25-28,31-34H,1-12,17-24,29-30H2	2,2'-{Oxybis[(2,1-phenylene)oxy]}bis(N,N-dicyclohexylacetamide)	C1CCC(CC1)N(C2CCCCC2)C(=O)COC3=CC=CC=C3OC4=CC=CC=C4OCC(=O)N(C5CCCCC5)C6CCCCC6	9.7	4193442	PUBCHEMANNOTATIONBIO:(null);HMDB:(HMDB0247686);BloodExposome:(4193442);PUBCHEM:(4193442);DSSTox:(DTXSID90400636)	137459925002.0	627.414	254.0	4.241	7.136870422271502e+17	7.136868269670657e+17	
769	MRMIIYJPIRIFCV	sirius	CC(CCCCCCC=CCCCCCCCC(=O)O)OC1C(C(C(C(O1)CO)O)O)OC2C(C(C(C(O2)CO)O)O)O																																																																																												1.0	1.0	0.153	0.18	-189.915	0.998	0.333	213.174	C30H54O13	[M + H3N + H]+	C30H58NO13+	InChI=1S/C30H54O13/c1-19(15-13-11-9-7-5-3-2-4-6-8-10-12-14-16-22(33)34)40-30-28(26(38)24(36)21(18-32)42-30)43-29-27(39)25(37)23(35)20(17-31)41-29/h2-3,19-21,23-32,35-39H,4-18H2,1H3,(H,33,34)	(9Z)-17-hydroxyoctadec-9-enoate 17-O-sophoroside	CC(CCCCCCC=CCCCCCCCC(=O)O)OC1C(C(C(C(O1)CO)O)O)OC2C(C(C(C(O2)CO)O)O)O	2.4	101492345;9876967;101516704;102407528;69289436;129143698;138756166	CHEBI:(145469 144058);PUBCHEM:(101492345 9876967 101516704 102407528 69289436 129143698 138756166);DSSTox:(DTXSID401134553 DTXSID701141773);PUBCHEMANNOTATIONDRUG	137472507938.0	640.391	260.0	4.327	7.136870595538212e+17	7.136868269880372e+17	
771	LWYHXEXQBAUDEY	isdb	CCCCCCC=CCCCc1cc(O)c2ccccc2[n+]1[O-]																																													10.0	Alkaloids	0.625	Tryptophan alkaloids	0.6	Quinoline alkaloids	0.475	2.0	0.50643617	ISDB	http://www.wikidata.org/entity/Q104171408	LWYHXEXQBAUDEY-UHFFFAOYSA-N	InChI=1S/C20H27NO2/c1-2-3-4-5-6-7-8-9-10-13-17-16-20(22)18-14-11-12-15-19(18)21(17)23/h7-8,11-12,14-16,22H,2-6,9-10,13H2,1H3	CCCCCCC=CCCCc1cc(O)c2ccccc2[n+]1[O-]	C20H27NO2		313.204179104		Alkaloids	Tryptophan alkaloids	Quinoline alkaloids	http://www.wikidata.org/entity/Q31856	Pseudomonas aeruginosa	216671.0	['Bacteria']	['Unknown']	['Proteobacteria']	['Gammaproteobacteria']	['Pseudomonadales']	['Pseudomonadaceae']	['Unknown']	['Pseudomonas']	['Pseudomonas aeruginosa']		['Bacteria']		['Proteobacteria']	['Gammaproteobacteria']	['Pseudomonadales']	['Pseudomonadaceae']		['Pseudomonas']	['Pseudomonas aeruginosa']	7.0	3.0	10.525744676589966	1.0																								
771	OKUZZIUYOVUZFS	sirius	CCC1=C(C(=NC2=C1C(CC3(C2)CCC3)O)C4CCOCC4)CO																																																																																												1.0	1.0	0.111	0.111	-199.651	0.998	0.333	35.365	C20H29NO3	[M - H2O + H]+	C20H28NO2+	InChI=1S/C20H29NO3/c1-2-14-15(12-22)19(13-4-8-24-9-5-13)21-16-10-20(6-3-7-20)11-17(23)18(14)16/h13,17,22-23H,2-12H2,1H3	4-ethyl-3-(hydroxymethyl)-2-(oxan-4-yl)spiro[6,8-dihydro-5H-quinoline-7,1'-cyclobutane]-5-ol	CCC1=C(C(=NC2=C1C(CC3(C2)CCC3)O)C4CCOCC4)CO	2.3	144235716	PUBCHEM:(144235716)	2.0	314.212	263.0	4.382	7.136870460984932e+17	7.136868270341746e+17	
773	VDNNEEQPXRSHHF	sirius	CCCCCCCCCC1(C(=O)C2=CC=CC=C2NC1=O)O																																																																																												1.0	1.0	0.234	0.234	-337.257	1.0	0.333	50.759	C18H25NO3	[M - H2O + H]+	C18H24NO2+	InChI=1S/C18H25NO3/c1-2-3-4-5-6-7-10-13-18(22)16(20)14-11-8-9-12-15(14)19-17(18)21/h8-9,11-12,22H,2-7,10,13H2,1H3,(H,19,21)	3-hydroxy-3-nonyl-1,2,3,4-tetrahydroquinoline-2,4-dione	CCCCCCCCCC1(C(=O)C2=CC=CC=C2NC1=O)O	4.5	163034348;605393	COCONUT:(CNP0313679);SUPERNATURAL:(SN0387430);PUBCHEM:(163034348 605393)	3145730.0	286.18	262.0	4.375	7.136870572553425e+17	7.136868270132031e+17	
774	RAPSXQPDFJOVLN	sirius	C1=CC(=CN=C1)CNC2=CC(=C(C=C2C(=O)N)[N+](=O)[O-])NCCCN																																																																																												1.0	1.0	0.02	0.02	-352.133	1.0	0.198	4.499	C16H20N6O3	[M - H2O + H]+	C16H19N6O2+	InChI=1S/C16H20N6O3/c17-4-2-6-20-14-8-13(21-10-11-3-1-5-19-9-11)12(16(18)23)7-15(14)22(24)25/h1,3,5,7-9,20-21H,2,4,6,10,17H2,(H2,18,23)	4-[(3-Aminopropyl)amino]-5-Nitro-2-[(Pyridin-3-Ylmethyl)amino]benzamide	C1=CC(=CN=C1)CNC2=CC(=C(C=C2C(=O)N)[N+](=O)[O-])NCCCN	1.5	57519673	PUBCHEMANNOTATIONBIO;PUBCHEM:(57519673)	16777218.0	327.157	267.0	4.455	7.136870321482368e+17	7.136868271138664e+17	
775	AWCWOJPATVETFJ	isdb	CCCCCCC/C=C\CCc1cc(=O)c2ccccc2[nH]1																																													44.0	Alkaloids	0.75	Tryptophan alkaloids	0.5	Quinoline alkaloids	0.5	1.0	0.0	MS1_match	http://www.wikidata.org/entity/Q104919962	AWCWOJPATVETFJ-HJWRWDBZSA-N	InChI=1S/C20H27NO/c1-2-3-4-5-6-7-8-9-10-13-17-16-20(22)18-14-11-12-15-19(18)21-17/h8-9,11-12,14-16H,2-7,10,13H2,1H3,(H,21,22)/b9-8-	CCCCCCC/C=C\CCc1cc(=O)c2ccccc2[nH]1	C20H27NO	pos_1_1proton	297.209264484		Alkaloids	Tryptophan alkaloids	Quinoline alkaloids	http://www.wikidata.org/entity/Q31856	Pseudomonas aeruginosa	216671.0	['Bacteria']	['Unknown']	['Proteobacteria']	['Gammaproteobacteria']	['Pseudomonadales']	['Pseudomonadaceae']	['Unknown']	['Pseudomonas']	['Pseudomonas aeruginosa']		['Bacteria']		['Proteobacteria']	['Gammaproteobacteria']	['Pseudomonadales']	['Pseudomonadaceae']		['Pseudomonas']	['Pseudomonas aeruginosa']	7.0	3.0	8.5	1.0																								
775	DDHBGIZOLDOVJX	sirius	CCCCCCCCCCCC1=CC(=O)C2=CC=CC=C2N1O																																																																																												1.0	1.0	0.831	0.831	-129.898	1.0	0.333	38.45	C20H29NO2	[M - H2O + H]+	C20H28NO+	InChI=1S/C20H29NO2/c1-2-3-4-5-6-7-8-9-10-13-17-16-20(22)18-14-11-12-15-19(18)21(17)23/h11-12,14-16,23H,2-10,13H2,1H3		CCCCCCCCCCCC1=CC(=O)C2=CC=CC=C2N1O	6.7	600307	COCONUT:(CNP0442418);SUPERNATURAL:(SN0062726);PUBCHEM:(600307)	3145730.0	298.217	267.0	4.456	7.136870442446107e+17	7.136868270761176e+17	
775	SSQJIUWSCJLTTP	isdb	CCCCCCC=CCCCc1cc(=O)c2ccccc2[nH]1																																													44.0	Alkaloids	0.75	Tryptophan alkaloids	0.5	Quinoline alkaloids	0.5	1.0	0.0	MS1_match	http://www.wikidata.org/entity/Q104197609	SSQJIUWSCJLTTP-UHFFFAOYSA-N	InChI=1S/C20H27NO/c1-2-3-4-5-6-7-8-9-10-13-17-16-20(22)18-14-11-12-15-19(18)21-17/h7-8,11-12,14-16H,2-6,9-10,13H2,1H3,(H,21,22)	CCCCCCC=CCCCc1cc(=O)c2ccccc2[nH]1	C20H27NO	pos_1_1proton	297.209264484	2-undec-4-enyl-1H-quinolin-4-one	Alkaloids	Tryptophan alkaloids	Quinoline alkaloids	http://www.wikidata.org/entity/Q31856	Pseudomonas aeruginosa	216671.0	['Bacteria']	['Unknown']	['Proteobacteria']	['Gammaproteobacteria']	['Pseudomonadales']	['Pseudomonadaceae']	['Unknown']	['Pseudomonas']	['Pseudomonas aeruginosa']		['Bacteria']		['Proteobacteria']	['Gammaproteobacteria']	['Pseudomonadales']	['Pseudomonadaceae']		['Pseudomonas']	['Pseudomonas aeruginosa']	7.0	3.0	8.5	1.0																								
776	IUMFLNFLJUUODE	isdb	COc1cc(O)cc(CCc2ccccc2O)c1																																													118.0	Shikimates and Phenylpropanoids	0.5	Stilbenoids	0.5	Monomeric stilbenes	0.5	4.0	0.0	MS1_match	http://www.wikidata.org/entity/Q27105920	IUMFLNFLJUUODE-UHFFFAOYSA-N	InChI=1S/C15H16O3/c1-18-14-9-11(8-13(16)10-14)6-7-12-4-2-3-5-15(12)17/h2-5,8-10,16-17H,6-7H2,1H3	COc1cc(O)cc(CCc2ccccc2O)c1	C15H16O3	pos_1_1proton1isopropanol	244.109944372	Batatasin IV	Shikimates and Phenylpropanoids	Stilbenoids	Monomeric stilbenes	http://www.wikidata.org/entity/Q7255025	Pseudomonas cichorii	1091815.0	['Bacteria']	['Unknown']	['Proteobacteria']	['Gammaproteobacteria']	['Pseudomonadales']	['Pseudomonadaceae']	['Unknown']	['Pseudomonas']	['Pseudomonas cichorii']		['Bacteria']		['Proteobacteria']	['Gammaproteobacteria']	['Pseudomonadales']	['Pseudomonadaceae']		['Pseudomonas']		6.0	3.0	7.5	1.0																								
776	VEBCLRKUSAGCDF	sirius	C=CC(=O)OCC1CCC2C1C3CC(C2C3)COC(=O)C=C																																																																																												1.0	1.0	0.13	0.13	-155.011	0.965	0.5	61.713	C18H24O4	[M + H]+	C18H25O4+	InChI=1S/C18H24O4/c1-3-16(19)21-9-11-5-6-14-15-8-12(18(11)14)7-13(15)10-22-17(20)4-2/h3-4,11-15,18H,1-2,5-10H2	Octahydro-1H-4,7-methanoindene-1,5-diyldimethanediyl bisprop-2-enoate	C=CC(=O)OCC1CCC2C1C3CC(C2C3)COC(=O)C=C	3.8	3036974;25111315	NORMAN:(NS00009781 NS00101987);PUBCHEMANNOTATIONSAFETYANDTOXIC:(null);PUBCHEM:(3036974 25111315);DSSTox:(DTXSID5044940)	137506324482.0	305.175	267.0	4.455	7.136870395008524e+17	7.136868270928948e+17	
777	FHQSDRHZGCMBKG	sirius	CC12CCCC(C1CCC(=C)C2CCC3=CCOC3=O)(C)C(=O)O																																																																																												1.0	1.0	0.043	0.1	-196.385	0.997	0.306	25.774	C20H28O4	[M + H3N + H]+	C20H32NO4+	InChI=1S/C20H28O4/c1-13-5-8-16-19(2,10-4-11-20(16,3)18(22)23)15(13)7-6-14-9-12-24-17(14)21/h9,15-16H,1,4-8,10-12H2,2-3H3,(H,22,23)	Nivenolide	CC12CCCC(C1CCC(=C)C2CCC3=CCOC3=O)(C)C(=O)O	4.1	21576585;21595091;14806212;14806213;14806214;124870840;124870841;162991541;146158835;98598276;11484373;26112945;26112947;26112949;25880646;12082404;44322316	COCONUT:(CNP0264554);NORMAN:(NS00097143);TeroMol:(TKC080765 TKC151383 TKC012257 TKC011307);CHEBI:(181605 149956);SUPERNATURAL:(SN0085994);MESH:(25880646);PUBCHEM:(21576585 21595091 14806212 14806213 14806214 124870840 124870841 162991541 146158835 98598276 11484373 26112945 26112947 26112949 25880646 12082404 44322316);LOTUS:(Q104995413 Q104399319 Q104995417 Q104397000 Q104995419 Q104995414 Q104995418);GNPS:(CCMSLIB00000851005);PUBMED:(null);KNAPSACK:(FHQSDRHZGCMBKG-UHFFFAOYSA-N)	280236150.0	350.233	267.0	4.456	7.136870418706342e+17	7.136868271348379e+17	
778	ZJGIXMQFQDVSQX	sirius	CCC(=O)OC1CC2C(C=C(CCC=C1C)C)OC(=O)C2=C																																																																																												1.0	1.0	0.263	0.263	-129.723	1.0	0.333	48.815	C18H24O4	[M + H3N + H]+	C18H28NO4+	InChI=1S/C18H24O4/c1-5-17(19)21-15-10-14-13(4)18(20)22-16(14)9-11(2)7-6-8-12(15)3/h8-9,14-16H,4-7,10H2,1-3H3	9Beta-Propionyloxy Costunolide	CCC(=O)OC1CC2C(C=C(CCC=C1C)C)OC(=O)C2=C	3.775	163075530;14286996	COCONUT:(CNP0375265);TeroMol:(TKC037311);SUPERNATURAL:(SN0471894);PUBCHEM:(163075530 14286996);LOTUS:(Q105377878 Q105377879);KNAPSACK:(ZJGIXMQFQDVSQX-UHFFFAOYSA-N)	279969810.0	322.201	267.0	4.453	7.136870351094157e+17	7.136868270551461e+17	
779	WSJIJIRRZCOJIG	sirius	CC(C)CC(C(=O)O)N1C=C(N=N1)C(CCCCN)N																																																																																												1.0	2.0	0.024	0.024	-338.043	0.113	0.321	6.787	C13H25N5O2	[M + H3N + H]+	C13H29N6O2+	InChI=1S/C13H25N5O2/c1-9(2)7-12(13(19)20)18-8-11(16-17-18)10(15)5-3-4-6-14/h8-10,12H,3-7,14-15H2,1-2H3,(H,19,20)	(2S)-2-{4-[(1S)-1,5-diaminopentyl]-1H-1,2,3-triazol-1-yl}-4-methylpentanoic acid	CC(C)CC(C(=O)O)N1C=C(N=N1)C(CCCCN)N	-2.1	137350053	PUBCHEMANNOTATIONBIO;PUBCHEM:(137350053)	16777218.0	301.236	270.0	4.496	7.136870347612884e+17	7.136868271558094e+17	
780	FETFIOVMJPGKBO	sirius	CC1=C(C(CCC1)(C)C)C=CC(=CC=CC(=C=C=O)C)C																																																																																												1.0	2.0	0.237	0.237	-70.756	0.058	0.331	6.838	C20H26O	[M + H3N + H]+	C20H30NO+	InChI=1S/C20H26O/c1-16(8-6-9-17(2)13-15-21)11-12-19-18(3)10-7-14-20(19,4)5/h6,8-9,11-12H,7,10,14H2,1-5H3	3,7-dimethyl-9-(2,6,6-trimethylcyclohex-1-en-1-yl)nona-1,2,4,6,8-pentaen-1-one	CC1=C(C(CCC1)(C)C)C=CC(=CC=CC(=C=C=O)C)C	5.814	162800658	COCONUT:(CNP0017952);TeroMol:(TKC000107);SUPERNATURAL:(SN0083734);PUBCHEM:(162800658)	11534338.0	300.232	270.0	4.499	7.13687031628143e+17	7.13686827176781e+17	
781	IJGDGRMCHJUXEN	sirius	CCCCCCCCC1=C2C(=C(C=C1)OC)NC(=C(C2=O)OC)C																																																																																												1.0	1.0	0.064	0.064	-405.948	1.0	0.333	19.883	C20H29NO3	[M - H2O + H]+	C20H28NO2+	InChI=1S/C20H29NO3/c1-5-6-7-8-9-10-11-15-12-13-16(23-3)18-17(15)19(22)20(24-4)14(2)21-18/h12-13H,5-11H2,1-4H3,(H,21,22)	3,8-dimethoxy-2-methyl-5-octyl-1,4-dihydroquinolin-4-one	CCCCCCCCC1=C2C(=C(C=C1)OC)NC(=C(C2=O)OC)C	6.1	118716646	COCONUT:(CNP0078973);SUPERNATURAL:(SN0147100);PUBCHEM:(118716646);LOTUS:(Q110090874);PUBMED:(null)	271581250.0	314.212	272.0	4.534	7.136870425375287e+17	7.136868271977526e+17	
781	LWYHXEXQBAUDEY	isdb	CCCCCCC=CCCCc1cc(O)c2ccccc2[n+]1[O-]																																													10.0	Alkaloids	0.625	Tryptophan alkaloids	0.6	Quinoline alkaloids	0.475	1.0	0.0	MS1_match	http://www.wikidata.org/entity/Q104171408	LWYHXEXQBAUDEY-UHFFFAOYSA-N	InChI=1S/C20H27NO2/c1-2-3-4-5-6-7-8-9-10-13-17-16-20(22)18-14-11-12-15-19(18)21(17)23/h7-8,11-12,14-16,22H,2-6,9-10,13H2,1H3	CCCCCCC=CCCCc1cc(O)c2ccccc2[n+]1[O-]	C20H27NO2	pos_1_1proton	313.204179104		Alkaloids	Tryptophan alkaloids	Quinoline alkaloids	http://www.wikidata.org/entity/Q31856	Pseudomonas aeruginosa	216671.0	['Bacteria']	['Unknown']	['Proteobacteria']	['Gammaproteobacteria']	['Pseudomonadales']	['Pseudomonadaceae']	['Unknown']	['Pseudomonas']	['Pseudomonas aeruginosa']		['Bacteria']		['Proteobacteria']	['Gammaproteobacteria']	['Pseudomonadales']	['Pseudomonadaceae']		['Pseudomonas']	['Pseudomonas aeruginosa']	7.0	3.0	8.5	1.0																								
782	CGPCMDUGFNNTBK	sirius	CC1=C(C=CC(=N1)C(=O)NCC2=C(N=CC=C2)OC(F)F)C(=O)O																																																																																												1.0	1.0	0.162	0.162	-248.258	1.0	0.143	4.013	C15H13F2N3O4	[M - H2O + H]+	C15H12F2N3O3+	InChI=1S/C15H13F2N3O4/c1-8-10(14(22)23)4-5-11(20-8)12(21)19-7-9-3-2-6-18-13(9)24-15(16)17/h2-6,15H,7H2,1H3,(H,19,21)(H,22,23)	6-[[2-(Difluoromethoxy)pyridin-3-yl]methylcarbamoyl]-2-methylpyridine-3-carboxylic acid	CC1=C(C=CC(=N1)C(=O)NCC2=C(N=CC=C2)OC(F)F)C(=O)O	2.1	166302663	PUBCHEM:(166302663)	2.0	320.085	275.0	4.579	7.136870386997402e+17	7.136868272187241e+17	
783	BUOVURSHNWNFHV	sirius	CCCCCCCC(CC(=O)O)OC(=O)CC(CCCCC)OC1C(C(C(C(O1)C)O)O)O																																																																																												1.0	1.0	0.23	0.23	-180.639	1.0	0.917	36.572	C24H44O9	[M + Na]+	C24H44NaO9+	InChI=1S/C24H44O9/c1-4-6-8-9-11-13-17(14-19(25)26)32-20(27)15-18(12-10-7-5-2)33-24-23(30)22(29)21(28)16(3)31-24/h16-18,21-24,28-30H,4-15H2,1-3H3,(H,25,26)	3-[[3-(alpha-L-Rhamnopyranosyloxy)octanoyl]oxy]decanoic acid	CCCCCCCC(CC(=O)O)OC(=O)CC(CCCCC)OC1C(C(C(C(O1)C)O)O)O	3.7	101354481	LIPIDMAPS:(LMFA13030010);PUBCHEM:(101354481)	2147483650.0	499.288	275.0	4.585	7.136870604220421e+17	7.136868272438899e+17	
784	BUOVURSHNWNFHV	sirius	CCCCCCCC(CC(=O)O)OC(=O)CC(CCCCC)OC1C(C(C(C(O1)C)O)O)O																																																																																												1.0	1.0	0.404	0.404	-118.0	1.0	0.333	181.715	C24H44O9	[M + H3N + H]+	C24H48NO9+	InChI=1S/C24H44O9/c1-4-6-8-9-11-13-17(14-19(25)26)32-20(27)15-18(12-10-7-5-2)33-24-23(30)22(29)21(28)16(3)31-24/h16-18,21-24,28-30H,4-15H2,1-3H3,(H,25,26)	3-[[3-(alpha-L-Rhamnopyranosyloxy)octanoyl]oxy]decanoic acid	CCCCCCCC(CC(=O)O)OC(=O)CC(CCCCC)OC1C(C(C(C(O1)C)O)O)O	3.7	101354481	LIPIDMAPS:(LMFA13030010);PUBCHEM:(101354481)	2147483650.0	494.333	275.0	4.585	7.13687032261483e+17	7.136868272648614e+17	
785	XFDYHTGZNJTRDS	sirius	CC(CCCCCCC=CCCCCCCCC(=O)OC)OC1C(C(C(C(O1)CO)O)O)OC2C(C(C(C(O2)CO)O)O)O																																																																																												1.0	1.0	0.198	0.198	-206.79	0.999	0.326	223.326	C31H56O13	[M + H3N + H]+	C31H60NO13+	InChI=1S/C31H56O13/c1-20(16-14-12-10-8-6-4-3-5-7-9-11-13-15-17-23(34)40-2)41-31-29(27(38)25(36)22(19-33)43-31)44-30-28(39)26(37)24(35)21(18-32)42-30/h3-4,20-22,24-33,35-39H,5-19H2,1-2H3	(9Z)-17-(2-O-beta-D-Glucopyranosyl-beta-D-glucopyranosyloxy)-9-octadecenoic acid methyl ester	CC(CCCCCCC=CCCCCCCCC(=O)OC)OC1C(C(C(C(O1)CO)O)O)OC2C(C(C(C(O2)CO)O)O)O	2.7	76685537;58066934;100962870;10985080	PUBCHEM:(76685537 58066934 100962870 10985080)	2.0	654.407	276.0	4.596	7.136870585681596e+17	7.136868272900273e+17	
786	QXPSLCODOUKVQZ	sirius	CC(C)(C)C1=CC=C(C=C1)CCC2CCC(C3N2CC(C3O)O)O																																																																																												1.0	1.0	0.017	0.017	-445.859	0.998	0.333	16.179	C20H31NO3	[M - H2O + H]+	C20H30NO2+	InChI=1S/C20H31NO3/c1-20(2,3)14-7-4-13(5-8-14)6-9-15-10-11-16(22)18-19(24)17(23)12-21(15)18/h4-5,7-8,15-19,22-24H,6,9-12H2,1-3H3	(1S,2R,5S,8R,8aR)-5-[2-(4-tert-butylphenyl)ethyl]-2,3,4,5,6,7,8,8a-octahydro-1H-indolizin-4-ium-1,2,8-triol	CC(C)(C)C1=CC=C(C=C1)CCC2CCC(C3N2CC(C3O)O)O	2.8	72199811;72199812;44228987;44228988;57339898;57339899	PUBCHEMANNOTATIONBIO:(null);PUBCHEM:(72199811 72199812 44228987 44228988 57339898 57339899);PUBMED:(null)	16777282.0	316.227	277.0	4.609	7.136870310577176e+17	7.136868273109988e+17	
787	AFOIIHORMVEDRZ	sirius	CCCCCCCCC1=C(C(=O)C2=CC=CC=C2N1CC(=O)CC)C																																																																																												1.0	1.0	0.414	0.414	-189.68	0.999	0.333	44.709	C22H31NO2	[M - H2O + H]+	C22H30NO+	InChI=1S/C22H31NO2/c1-4-6-7-8-9-10-14-20-17(3)22(25)19-13-11-12-15-21(19)23(20)16-18(24)5-2/h11-13,15H,4-10,14,16H2,1-3H3	3-Methyl-2-octyl-1-(2-oxobutyl)quinolin-4-one	CCCCCCCCC1=C(C(=O)C2=CC=CC=C2N1CC(=O)CC)C	6.2	118630177	PUBCHEM:(118630177)	2.0	324.232	280.0	4.666	7.136870343670239e+17	7.136868273319703e+17	
790	SYRBKKIVMKZYLP	sirius	CCCCCCCCCCCCCC1=CC(=O)C2=CC=CC=C2N1O																																																																																												1.0	1.0	0.731	0.731	-59.66	1.0	0.333	48.282	C22H33NO2	[M - H2O + H]+	C22H32NO+	InChI=1S/C22H33NO2/c1-2-3-4-5-6-7-8-9-10-11-12-15-19-18-22(24)20-16-13-14-17-21(20)23(19)25/h13-14,16-18,25H,2-12,15H2,1H3	1-Hydroxy-2-tridecyl-4(1H)-quinolone	CCCCCCCCCCCCCC1=CC(=O)C2=CC=CC=C2N1O	7.8	600306	PUBCHEM:(600306)	2.0	326.248	282.0	4.706	7.136870418370798e+17	7.136868273529418e+17	
791	BNEUAVVSNJOFAP	sirius	CCCCCCCCCCCC(=O)OCC(COP(=O)(O)OCC(CO)O)OC(=O)CCCCC=CCC=CCC=CCCCCC																																																																																												1.0	7.0	0.047	0.245	-331.219	0.014	0.007	19.39	C36H65O10P	[M - H2O + H]+	C36H64O9P+	InChI=1S/C36H65O10P/c1-3-5-7-9-11-13-14-15-16-17-18-20-22-24-26-28-36(40)46-34(32-45-47(41,42)44-30-33(38)29-37)31-43-35(39)27-25-23-21-19-12-10-8-6-4-2/h11,13,15-16,18,20,33-34,37-38H,3-10,12,14,17,19,21-32H2,1-2H3,(H,41,42)	[(2R)-1-[[(2S)-2,3-dihydroxypropoxy]-hydroxyphosphoryl]oxy-3-dodecanoyloxypropan-2-yl] (6E,9E,12E)-octadeca-6,9,12-trienoate	CCCCCCCCCCCC(=O)OCC(COP(=O)(O)OCC(CO)O)OC(=O)CCCCC=CCC=CCC=CCCCCC	8.8	134721595;52926319	LIPIDMAPS:(LMGP04010054);PUBCHEM:(134721595 52926319)	2147483650.0	671.43	293.0	4.881	7.13687047075766e+17	7.136868274158564e+17	
792	ZFPAFAWFRTWCSK	isdb|sirius	CCCCCCCC(CC(=O)OC(CCCCCCC)CC(=O)O)O																																													5.0	Fatty acids	0.3846153846153846	Fatty acyl glycosides	0.2564102564102564	Rhamnolipids	0.2564102564102564	1.0	0.47688666	ISDB	http://www.wikidata.org/entity/Q27131854	ZFPAFAWFRTWCSK-UHFFFAOYSA-N	InChI=1S/C20H38O5/c1-3-5-7-9-11-13-17(21)15-20(24)25-18(16-19(22)23)14-12-10-8-6-4-2/h17-18,21H,3-16H2,1-2H3,(H,22,23)	CCCCCCCC(O)CC(=O)OC(CCCCCCC)CC(=O)O	C20H38O5		358.271924316	3-Hydroxydecanoyl-3-hydroxydecanoic acid	Fatty acids	Fatty Acids and Conjugates	Hydroxy fatty acids	http://www.wikidata.org/entity/Q311202	Pseudomonas syringae	413638.0	['Bacteria']	['Unknown']	['Proteobacteria']	['Gammaproteobacteria']	['Pseudomonadales']	['Pseudomonadaceae']	['Unknown']	['Pseudomonas']	['Pseudomonas syringae']		['Bacteria']		['Proteobacteria']	['Gammaproteobacteria']	['Pseudomonadales']	['Pseudomonadaceae']		['Pseudomonas']		6.0	1.0	8.407546639442444	1.0	1.0	1.0	0.849	0.849	-71.757	0.993	0.5	159.575	C20H38O5	[M + H]+	C20H39O5+	InChI=1S/C20H38O5/c1-3-5-7-9-11-13-17(21)15-20(24)25-18(16-19(22)23)14-12-10-8-6-4-2/h17-18,21H,3-16H2,1-2H3,(H,22,23)	3-[(3-hydroxydecanoyl)oxy]decanoic acid	CCCCCCCC(CC(=O)OC(CCCCCCC)CC(=O)O)O	5.8	52921680;52921681;131801218;71367693	COCONUT:(CNP0406766);MiMeDB:(MMDBc0017961);CHEBI:(62406 62239 139110 139104);LIPIDMAPS:(LMFA07090123);SUPERNATURAL:(SN0469070);PUBCHEM:(52921680 52921681 131801218 71367693);DSSTox:(DTXSID70790805);LOTUS:(Q27131854);PUBCHEMANNOTATIONDRUG:(null);PUBMED:(null)	140965314658.0	359.279	293.0	4.883	7.136870382006179e+17	7.136868273948849e+17	
793	FCBUKWWQSZQDDI	isdb	CCCCCCC[C@H](CC(=O)O)OC(=O)C[C@@H](CCCCCCC)O[C@@H]1O[C@@H](C)[C@H](O)[C@@H](O)[C@H]1O[C@@H]1O[C@@H](C)[C@H](O)[C@@H](O)[C@H]1O																																													5.0	Fatty acids	0.3846153846153846	Fatty acyl glycosides	0.2564102564102564	Rhamnolipids	0.2564102564102564	1.0	0.0	MS1_match	http://www.wikidata.org/entity/Q104993063	FCBUKWWQSZQDDI-HYFZAEJMSA-N	InChI=1S/C32H58O13/c1-5-7-9-11-13-15-21(17-23(33)34)43-24(35)18-22(16-14-12-10-8-6-2)44-32-30(28(39)26(37)20(4)42-32)45-31-29(40)27(38)25(36)19(3)41-31/h19-22,25-32,36-40H,5-18H2,1-4H3,(H,33,34)/t19-,20-,21+,22+,25-,26-,27+,28+,29+,30+,31-,32-/m0/s1	CCCCCCC[C@H](CC(=O)O)OC(=O)C[C@@H](CCCCCCC)O[C@@H]1O[C@@H](C)[C@H](O)[C@@H](O)[C@H]1O[C@@H]1O[C@@H](C)[C@H](O)[C@@H](O)[C@H]1O	C32H58O13	pos_1_1proton1ammonium	650.387741916	(R)-3-[[(R)-3-[[2-O-(6-Deoxy-alpha-L-mannopyranosyl)-6-deoxy-alpha-L-mannopyranosyl]oxy]decanoyl]oxy]decanoic acid	Fatty acids	Fatty acyl glycosides	Rhamnolipids	http://www.wikidata.org/entity/Q31856	Pseudomonas aeruginosa	216671.0	['Bacteria']	['Unknown']	['Proteobacteria']	['Gammaproteobacteria']	['Pseudomonadales']	['Pseudomonadaceae']	['Unknown']	['Pseudomonas']	['Pseudomonas aeruginosa']		['Bacteria']		['Proteobacteria']	['Gammaproteobacteria']	['Pseudomonadales']	['Pseudomonadaceae']		['Pseudomonas']	['Pseudomonas aeruginosa']	7.0	3.0	8.5	1.0																								
793	VGAJIIGCSINLBP	sirius	CCCCCCCCCC(=O)OCC1C(C(C(C(O1)OC2C(C(C(C(O2)COC(=O)CCCCCCCCC)O)O)O)O)O)O																																																																																												1.0	1.0	0.045	0.045	-223.226	1.0	0.333	228.046	C32H58O13	[M + H3N + H]+	C32H62NO13+	InChI=1S/C32H58O13/c1-3-5-7-9-11-13-15-17-23(33)41-19-21-25(35)27(37)29(39)31(43-21)45-32-30(40)28(38)26(36)22(44-32)20-42-24(34)18-16-14-12-10-8-6-4-2/h21-22,25-32,35-40H,3-20H2,1-2H3	[6-[6-(Decanoyloxymethyl)-3,4,5-trihydroxyoxan-2-yl]oxy-3,4,5-trihydroxyoxan-2-yl]methyl decanoate	CCCCCCCCCC(=O)OCC1C(C(C(C(O1)OC2C(C(C(C(O2)COC(=O)CCCCCCCCC)O)O)O)O)O)O	4.0	13288054;128611	MESH:(128611);PUBCHEM:(13288054 128611);DSSTox:(DTXSID901004670);PUBMED:(null)	137438953542.0	668.422	293.0	4.884	7.136870431582858e+17	7.136868274410222e+17	
794	FCBUKWWQSZQDDI	isdb|sirius	CCCCCCCC(CC(=O)O)OC(=O)CC(CCCCCCC)OC1C(C(C(C(O1)C)O)O)OC2C(C(C(C(O2)C)O)O)O																																													5.0	Fatty acids	0.3846153846153846	Fatty acyl glycosides	0.2564102564102564	Rhamnolipids	0.2564102564102564	1.0	0.29750407	ISDB	http://www.wikidata.org/entity/Q104993063	FCBUKWWQSZQDDI-HYFZAEJMSA-N	InChI=1S/C32H58O13/c1-5-7-9-11-13-15-21(17-23(33)34)43-24(35)18-22(16-14-12-10-8-6-2)44-32-30(28(39)26(37)20(4)42-32)45-31-29(40)27(38)25(36)19(3)41-31/h19-22,25-32,36-40H,5-18H2,1-4H3,(H,33,34)/t19-,20-,21+,22+,25-,26-,27+,28+,29+,30+,31-,32-/m0/s1	CCCCCCC[C@H](CC(=O)O)OC(=O)C[C@@H](CCCCCCC)O[C@@H]1O[C@@H](C)[C@H](O)[C@@H](O)[C@H]1O[C@@H]1O[C@@H](C)[C@H](O)[C@@H](O)[C@H]1O	C32H58O13		650.387741916	(R)-3-[[(R)-3-[[2-O-(6-Deoxy-alpha-L-mannopyranosyl)-6-deoxy-alpha-L-mannopyranosyl]oxy]decanoyl]oxy]decanoic acid	Fatty acids	Fatty acyl glycosides	Rhamnolipids	http://www.wikidata.org/entity/Q31856	Pseudomonas aeruginosa	216671.0	['Bacteria']	['Unknown']	['Proteobacteria']	['Gammaproteobacteria']	['Pseudomonadales']	['Pseudomonadaceae']	['Unknown']	['Pseudomonas']	['Pseudomonas aeruginosa']		['Bacteria']		['Proteobacteria']	['Gammaproteobacteria']	['Pseudomonadales']	['Pseudomonadaceae']		['Pseudomonas']	['Pseudomonas aeruginosa']	7.0	3.0	9.690016269683838	1.0	1.0	1.0	0.098	0.098	-225.229	0.998	0.499	210.468	C32H58O13	[M + H]+	C32H59O13+	InChI=1S/C32H58O13/c1-5-7-9-11-13-15-21(17-23(33)34)43-24(35)18-22(16-14-12-10-8-6-2)44-32-30(28(39)26(37)20(4)42-32)45-31-29(40)27(38)25(36)19(3)41-31/h19-22,25-32,36-40H,5-18H2,1-4H3,(H,33,34)	Rha-Rha-C10-C10	CCCCCCCC(CC(=O)O)OC(=O)CC(CCCCCCC)OC1C(C(C(C(O1)C)O)O)OC2C(C(C(C(O2)C)O)O)O	3.6	154679050;101098711;9809723;9895826;9895827;157986623;53262312;163028564;5458394;163542234;163542235;102035696;95907785;95907786;95907787;95907788;89889616;56936289;11093521;10818589;122732;425975;164702419;90292337	PUBCHEMANNOTATIONBIO:(null);COCONUT:(CNP0306680);PUBCHEMANNOTATIONSAFETYANDTOXIC:(null);CHEBI:(62570 62522 184972);LIPIDMAPS:(LMFA13030005);SUPERNATURAL:(SN0081657);MESH:(122732 5458394);PUBCHEM:(154679050 101098711 9809723 9895826 9895827 157986623 53262312 163028564 5458394 163542234 163542235 102035696 95907785 95907786 95907787 95907788 89889616 56936289 11093521 10818589 122732 425975 164702419 90292337);DSSTox:(DTXSID80884062);LOTUS:(Q104993063 Q104993064);PUBMED:(null)	139941904486.0	651.396	293.0	4.885	7.136870613825377e+17	7.136868275165197e+17	
795	FCBUKWWQSZQDDI	isdb	CCCCCCC[C@H](CC(=O)O)OC(=O)C[C@@H](CCCCCCC)O[C@@H]1O[C@@H](C)[C@H](O)[C@@H](O)[C@H]1O[C@@H]1O[C@@H](C)[C@H](O)[C@@H](O)[C@H]1O																																													5.0	Fatty acids	0.3846153846153846	Fatty acyl glycosides	0.2564102564102564	Rhamnolipids	0.2564102564102564	1.0	0.0	MS1_match	http://www.wikidata.org/entity/Q104993063	FCBUKWWQSZQDDI-HYFZAEJMSA-N	InChI=1S/C32H58O13/c1-5-7-9-11-13-15-21(17-23(33)34)43-24(35)18-22(16-14-12-10-8-6-2)44-32-30(28(39)26(37)20(4)42-32)45-31-29(40)27(38)25(36)19(3)41-31/h19-22,25-32,36-40H,5-18H2,1-4H3,(H,33,34)/t19-,20-,21+,22+,25-,26-,27+,28+,29+,30+,31-,32-/m0/s1	CCCCCCC[C@H](CC(=O)O)OC(=O)C[C@@H](CCCCCCC)O[C@@H]1O[C@@H](C)[C@H](O)[C@@H](O)[C@H]1O[C@@H]1O[C@@H](C)[C@H](O)[C@@H](O)[C@H]1O	C32H58O13	pos_2MHNH3	650.387741916	(R)-3-[[(R)-3-[[2-O-(6-Deoxy-alpha-L-mannopyranosyl)-6-deoxy-alpha-L-mannopyranosyl]oxy]decanoyl]oxy]decanoic acid	Fatty acids	Fatty acyl glycosides	Rhamnolipids	http://www.wikidata.org/entity/Q31856	Pseudomonas aeruginosa	216671.0	['Bacteria']	['Unknown']	['Proteobacteria']	['Gammaproteobacteria']	['Pseudomonadales']	['Pseudomonadaceae']	['Unknown']	['Pseudomonas']	['Pseudomonas aeruginosa']		['Bacteria']		['Proteobacteria']	['Gammaproteobacteria']	['Pseudomonadales']	['Pseudomonadaceae']		['Pseudomonas']	['Pseudomonas aeruginosa']	7.0	3.0	8.5	1.0																								
796	ORPDMXINSRNXAT	sirius	CC1C(C(C(C(O1)OC(C(C)O)C(C(C=O)O)O)O)O)O																																																																																												1.0	2.0	0.315	0.347	-55.028	0.316	0.5	101.771	C12H22O9	[M - H2O + H]+	C12H21O8+	InChI=1S/C12H22O9/c1-4(14)11(8(17)6(15)3-13)21-12-10(19)9(18)7(16)5(2)20-12/h3-12,14-19H,1-2H3	2,3,5-trihydroxy-4-[(3,4,5-trihydroxy-6-methyloxan-2-yl)oxy]hexanal	CC1C(C(C(C(O1)OC(C(C)O)C(C(C=O)O)O)O)O)O	-3.5	162800648;121434208;121434292;121434352;117846418	COCONUT:(CNP0017920);SUPERNATURAL:(SN0273431);PUBCHEM:(162800648 121434208 121434292 121434352 117846418)	3145730.0	293.123	293.0	4.885	7.136870429653478e+17	7.136868274913539e+17	
797	FQQWALFCDZIZSX	sirius	CC1CC(OC(C1C)OC2C(C(C(OC2COC)OC3C(C(C(OC3COC)OC4C(C(C(OC4COC)OC5C(C(C(OC5COC)OC6C(C(C(OC6COC)OOC7C(C(C(C(O7)COC)OC)C)OC)OC)C)C)C)OC)C)C)C)OC)C)COC																																																																																												1.0	1.0	-inf	-inf	-249.869	1.0	0.189	12.841	C64H116O26	[M + Na]+	C64H116NaO26+	InChI=1S/C64H116O26/c1-31-23-41(24-65-11)77-58(32(31)2)84-51-38(8)54(73-19)61(80-45(51)28-69-15)87-49-33(3)35(5)59(78-43(49)26-67-13)85-52-39(9)55(74-20)62(81-46(52)29-70-16)88-50-34(4)36(6)60(79-44(50)27-68-14)86-53-40(10)57(76-22)64(83-47(53)30-71-17)90-89-63-56(75-21)37(7)48(72-18)42(82-63)25-66-12/h31-64H,23-30H2,1-22H3	(2S,5S,6S)-2-[(2S,4S,5S)-3,5-dimethoxy-6-(methoxymethyl)-4-methyloxan-2-yl]peroxy-3-methoxy-5-[(2S,5R,6S)-5-[(2R,5S,6S)-3-methoxy-5-[(2S,5R,6S)-5-[(2R,5S,6S)-3-methoxy-6-(methoxymethyl)-5-[(2R,6R)-6-(methoxymethyl)-3,4-dimethyloxan-2-yl]oxy-4-methyloxan-2-yl]oxy-6-(methoxymethyl)-3,4-dimethyloxan-2-yl]oxy-6-(methoxymethyl)-4-methyloxan-2-yl]oxy-6-(methoxymethyl)-3,4-dimethyloxan-2-yl]oxy-6-(methoxymethyl)-4-methyloxane	CC1CC(OC(C1C)OC2C(C(C(OC2COC)OC3C(C(C(OC3COC)OC4C(C(C(OC4COC)OC5C(C(C(OC5COC)OC6C(C(C(OC6COC)OOC7C(C(C(C(O7)COC)OC)C)OC)OC)C)C)C)OC)C)C)C)OC)C)COC	5.6	90145668	PUBCHEM:(90145668)	2.0	1323.766	293.0	4.886	7.136870392995256e+17	7.136868275794342e+17	
798	ZFPAFAWFRTWCSK	isdb|sirius	CCCCCCCC(CC(=O)OC(CCCCCCC)CC(=O)O)O																																													5.0	Fatty acids	0.3846153846153846	Fatty acyl glycosides	0.2564102564102564	Rhamnolipids	0.2564102564102564	1.0	0.0	MS1_match	http://www.wikidata.org/entity/Q27131854	ZFPAFAWFRTWCSK-UHFFFAOYSA-N	InChI=1S/C20H38O5/c1-3-5-7-9-11-13-17(21)15-20(24)25-18(16-19(22)23)14-12-10-8-6-4-2/h17-18,21H,3-16H2,1-2H3,(H,22,23)	CCCCCCCC(O)CC(=O)OC(CCCCCCC)CC(=O)O	C20H38O5	pos_1_1proton1ammonium	358.271924316	3-Hydroxydecanoyl-3-hydroxydecanoic acid	Fatty acids	Fatty Acids and Conjugates	Hydroxy fatty acids	http://www.wikidata.org/entity/Q311202	Pseudomonas syringae	413638.0	['Bacteria']	['Unknown']	['Proteobacteria']	['Gammaproteobacteria']	['Pseudomonadales']	['Pseudomonadaceae']	['Unknown']	['Pseudomonas']	['Pseudomonas syringae']		['Bacteria']		['Proteobacteria']	['Gammaproteobacteria']	['Pseudomonadales']	['Pseudomonadaceae']		['Pseudomonas']		6.0	1.0	6.5	1.0	1.0	1.0	0.9	0.9	-48.336	1.0	0.333	66.511	C20H38O5	[M + H3N + H]+	C20H42NO5+	InChI=1S/C20H38O5/c1-3-5-7-9-11-13-17(21)15-20(24)25-18(16-19(22)23)14-12-10-8-6-4-2/h17-18,21H,3-16H2,1-2H3,(H,22,23)	3-[(3-hydroxydecanoyl)oxy]decanoic acid	CCCCCCCC(CC(=O)OC(CCCCCCC)CC(=O)O)O	5.8	52921680;52921681;131801218;71367693	COCONUT:(CNP0406766);MiMeDB:(MMDBc0017961);CHEBI:(62406 62239 139110 139104);LIPIDMAPS:(LMFA07090123);SUPERNATURAL:(SN0469070);PUBCHEM:(52921680 52921681 131801218 71367693);DSSTox:(DTXSID70790805);LOTUS:(Q27131854);PUBCHEMANNOTATIONDRUG:(null);PUBMED:(null)	140965314658.0	376.306	293.0	4.885	7.13687038863318e+17	7.136868275584627e+17	
799	XHNBTUJCLWCVLZ	sirius	CCCCCCCC(CC(=O)O)OC(=O)CC(CCCCCC)OC1C(C(C(C(O1)C)O)O)O																																																																																												1.0	1.0	0.404	0.404	-129.173	1.0	0.303	209.155	C25H46O9	[M + H3N + H]+	C25H50NO9+	InChI=1S/C25H46O9/c1-4-6-8-10-12-13-18(15-20(26)27)33-21(28)16-19(14-11-9-7-5-2)34-25-24(31)23(30)22(29)17(3)32-25/h17-19,22-25,29-31H,4-16H2,1-3H3,(H,26,27)		CCCCCCCC(CC(=O)O)OC(=O)CC(CCCCCC)OC1C(C(C(C(O1)C)O)O)O	4.371		LIPIDMAPS:(LMFA13030011)	2147483648.0	508.348	293.0	4.889	7.13687054449353e+17	7.136868276213773e+17	
800	FCBUKWWQSZQDDI	sirius	CCCCCCCC(CC(=O)O)OC(=O)CC(CCCCCCC)OC1C(C(C(C(O1)C)O)O)OC2C(C(C(C(O2)C)O)O)O																																																																																												1.0	1.0	0.192	0.192	-217.184	1.0	0.999	31.328	C32H58O13	[M + Na]+	C32H58NaO13+	InChI=1S/C32H58O13/c1-5-7-9-11-13-15-21(17-23(33)34)43-24(35)18-22(16-14-12-10-8-6-2)44-32-30(28(39)26(37)20(4)42-32)45-31-29(40)27(38)25(36)19(3)41-31/h19-22,25-32,36-40H,5-18H2,1-4H3,(H,33,34)	Rha-Rha-C10-C10	CCCCCCCC(CC(=O)O)OC(=O)CC(CCCCCCC)OC1C(C(C(C(O1)C)O)O)OC2C(C(C(C(O2)C)O)O)O	3.6	154679050;101098711;9809723;9895826;9895827;157986623;53262312;163028564;5458394;163542234;163542235;102035696;95907785;95907786;95907787;95907788;89889616;56936289;11093521;10818589;122732;425975;164702419;90292337	PUBCHEMANNOTATIONBIO:(null);COCONUT:(CNP0306680);PUBCHEMANNOTATIONSAFETYANDTOXIC:(null);CHEBI:(62570 62522 184972);LIPIDMAPS:(LMFA13030005);SUPERNATURAL:(SN0081657);MESH:(122732 5458394);PUBCHEM:(154679050 101098711 9809723 9895826 9895827 157986623 53262312 163028564 5458394 163542234 163542235 102035696 95907785 95907786 95907787 95907788 89889616 56936289 11093521 10818589 122732 425975 164702419 90292337);DSSTox:(DTXSID80884062);LOTUS:(Q104993063 Q104993064);PUBMED:(null)	139941904486.0	673.377	294.0	4.892	7.136870724596948e+17	7.136868276465431e+17	
801	ZFPAFAWFRTWCSK	sirius	CCCCCCCC(CC(=O)OC(CCCCCCC)CC(=O)O)O																																																																																												1.0	1.0	0.918	0.918	-31.943	1.0	0.5	86.177	C20H38O5	[M - H2O + H]+	C20H37O4+	InChI=1S/C20H38O5/c1-3-5-7-9-11-13-17(21)15-20(24)25-18(16-19(22)23)14-12-10-8-6-4-2/h17-18,21H,3-16H2,1-2H3,(H,22,23)	3-[(3-hydroxydecanoyl)oxy]decanoic acid	CCCCCCCC(CC(=O)OC(CCCCCCC)CC(=O)O)O	5.8	52921680;52921681;131801218;71367693	COCONUT:(CNP0406766);MiMeDB:(MMDBc0017961);CHEBI:(62406 62239 139110 139104);LIPIDMAPS:(LMFA07090123);SUPERNATURAL:(SN0469070);PUBCHEM:(52921680 52921681 131801218 71367693);DSSTox:(DTXSID70790805);LOTUS:(Q27131854);PUBCHEMANNOTATIONDRUG:(null);PUBMED:(null)	140965314658.0	341.269	293.0	4.883	7.136870337336838e+17	7.136868276004058e+17	
802	PLRTXPDUTWSJCC	sirius	CCC1C(C(C(C(O1)C(C)C)C)O)OC2C(C(C(C(O2)CC)OC3C(C(C(C(O3)CC)OC4C(C(C(C(O4)C)O)O)O)O)C)O)C																																																																																												1.0	1.0	0.479	0.479	-192.814	0.998	0.333	239.028	C33H60O13	[M + H3N + H]+	C33H64NO13+	InChI=1S/C33H60O13/c1-10-18-28(21(34)14(6)27(41-18)13(4)5)44-31-15(7)22(35)29(19(11-2)42-31)45-32-16(8)23(36)30(20(12-3)43-32)46-33-26(39)25(38)24(37)17(9)40-33/h13-39H,10-12H2,1-9H3	2-[2-Ethyl-6-[2-ethyl-6-(2-ethyl-4-hydroxy-5-methyl-6-propan-2-yloxan-3-yl)oxy-4-hydroxy-5-methyloxan-3-yl]oxy-4-hydroxy-5-methyloxan-3-yl]oxy-6-methyloxane-3,4,5-triol	CCC1C(C(C(C(O1)C(C)C)C)O)OC2C(C(C(C(O2)CC)OC3C(C(C(C(O3)CC)OC4C(C(C(C(O4)C)O)O)O)O)C)O)C	2.4	91571094	PUBCHEM:(91571094)	2.0	682.436	311.0	5.179	7.13687048975786e+17	7.136868276884861e+17	
803	URTNWZJTIJSNON	sirius	CCCCCCCCCCCCC1=CC(=O)C2=CC=CC=C2N1C																																																																																												1.0	3.0	0.768	0.923	-41.378	0.065	0.333	13.174	C22H33NO	[M + H]+	C22H34NO+	InChI=1S/C22H33NO/c1-3-4-5-6-7-8-9-10-11-12-15-19-18-22(24)20-16-13-14-17-21(20)23(19)2/h13-14,16-18H,3-12,15H2,1-2H3	2-dodecyl-1-methyl-1,4-dihydroquinolin-4-one	CCCCCCCCCCCCC1=CC(=O)C2=CC=CC=C2N1C	7.7	5319601	COCONUT:(CNP0279506);SUPERNATURAL:(SN0378406);PUBCHEM:(5319601);LOTUS:(Q105278026);PUBMED	271581250.0	328.264	309.0	5.143	7.136870320601563e+17	7.136868276675146e+17	
805	RJXPWFGVWQVUTH	sirius	CC1CCC(CC1)S(=O)(=O)N2CCC(CC2)C3CCN4C(C3)C(C(N4)C)C(=O)N5CC(CC(C5)C)C																																																																																												1.0	4.0	0.023	0.023	-251.643	0.097	0.328	84.006	C28H50N4O3S	[M + H]+	C28H51N4O3S+	InChI=1S/C28H50N4O3S/c1-19-5-7-25(8-6-19)36(34,35)31-12-9-23(10-13-31)24-11-14-32-26(16-24)27(22(4)29-32)28(33)30-17-20(2)15-21(3)18-30/h19-27,29H,5-18H2,1-4H3	(3,5-Dimethylpiperidin-1-yl)-[2-methyl-5-[1-(4-methylcyclohexyl)sulfonylpiperidin-4-yl]-1,2,3,3a,4,5,6,7-octahydropyrazolo[1,5-a]pyridin-3-yl]methanone	CC1CCC(CC1)S(=O)(=O)N2CCC(CC2)C3CCN4C(C3)C(C(N4)C)C(=O)N5CC(CC(C5)C)C	4.3	162446768	PUBCHEM:(162446768)	2.0	523.366	311.0	5.189	7.136870423362021e+17	7.136868278646469e+17	
806	FYSSBMZUBSBFJL	sirius	CCCCCCCC(CC(=O)O)O																																																																																												1.0	1.0	0.686	0.802	-76.621	1.0	0.5	119.446	C10H20O3	[M - H2O + H]+	C10H19O2+	InChI=1S/C10H20O3/c1-2-3-4-5-6-7-9(11)8-10(12)13/h9,11H,2-8H2,1H3,(H,12,13)	Myrmicacin	CCCCCCCC(CC(=O)O)O	2.5	21976318;5312798;5312799;163570251;10877926;10899442;123164526;26612;49859605	PUBCHEMANNOTATIONBIO:(null);HMDB:(HMDB0002203 HMDB0010725);MiMeDB:(MMDBc0047810);PUBCHEMANNOTATIONSAFETYANDTOXIC:(null);BloodExposome:(26612 5312798);LIPIDMAPS:(LMFA01050153 LMFA01050245 LMFA01050246);SUPERNATURAL:(SN0099109);MESH:(26612 5312798);FooDB:(FDB027873);PUBCHEM:(21976318 5312798 5312799 163570251 10877926 10899442 123164526 26612 49859605);GNPS:(CCMSLIB00003135649);COCONUT:(CNP0310989);NORMAN:(NS00014718);METACYC:(Release-factor-L-glutamine Glyco-CT-Stemtype-GAL Omega-1-Hydroxy-Long-Chain-Fatty-Acids CPD-11933 ADP-RIBOSE-P-OR-NOP Benzoin CPD-21098 Iodoaromtic-Compounds PROCOLLAGEN-5-HYDROXY-L-LYSINE 4a-Hydroxytetrahydrobiopterins S-ubiquitinyl-HECT-E3-UCP-L-cysteine Phosphorus-Molecular-Entities CPD-19347 Indoles GALACTOSYLCERAMIDE-SULFATE Carotenoid-phi-end-group N1-Methylguanine-containing-23S-rRNAs CPD-14022 6-Dimethylallyladenosine37-tRNAs Oligodeoxyribonucleotides Inositol-Phosphates CPD-12779 Branched-Alkanes GlcCer-42-0-3s 23S-rRNA-Adenines Cerebroside-3-sulfates 5-Phospho-DNA);CHEBI:(167572 37371 171760 132979 132983);DSSTox:(DTXSID40864486 DTXSID70415602);LOTUS:(Q27289079 Q15425812);PUBCHEMANNOTATIONDRUG:(null);PUBMED:(null)	141590534254.0	171.137	311.0	5.188	7.136870315903942e+17	7.136868279107843e+17	
806	GJWSUKYXUMVMGX	isdb	CC(C)=CCC[C@@H](C)CC(=O)O																																													125.0	Fatty acids	1.0	Monoterpenoids	1.0	Branched fatty acids	0.5	37.0	0.5100518	ISDB	http://www.wikidata.org/entity/Q82239370	GJWSUKYXUMVMGX-SECBINFHSA-N	InChI=1S/C10H18O2/c1-8(2)5-4-6-9(3)7-10(11)12/h5,9H,4,6-7H2,1-3H3,(H,11,12)/t9-/m1/s1	CC(C)=CCC[C@@H](C)CC(=O)O	C10H18O2		170.130679816	(R)-(+)-Citronellic acid	Fatty acids	Fatty Acids and Conjugates	Branched fatty acids	http://www.wikidata.org/entity/Q4688339	Aeromonas veronii	704628.0	['Bacteria']	['Unknown']	['Proteobacteria']	['Gammaproteobacteria']	['Aeromonadales']	['Aeromonadaceae']	['Unknown']	['Aeromonas']	['Aeromonas veronii']		['Bacteria']		['Proteobacteria']	['Gammaproteobacteria']						3.0	3.0	6.540207147598267	1.0																								
807	HPMCDJQPMNPVHR	isdb	CCCCCCC(C)=CC(=O)OC[C@H](C)CCC[C@H](C)CC(=O)O																																													5.0	Fatty acids	0.3846153846153846	Fatty acyl glycosides	0.2564102564102564	Rhamnolipids	0.2564102564102564	1.0	0.5973024	ISDB	http://www.wikidata.org/entity/Q105031756	HPMCDJQPMNPVHR-FUHWJXTLSA-N	InChI=1S/C20H36O4/c1-5-6-7-8-10-17(3)14-20(23)24-15-18(4)12-9-11-16(2)13-19(21)22/h14,16,18H,5-13,15H2,1-4H3,(H,21,22)/t16-,18+/m0/s1	CCCCCCC(C)=CC(=O)OC[C@H](C)CCC[C@H](C)CC(=O)O	C20H36O4		340.261359632	(3S,7R)-3,7-dimethyl-8-(3-methylnon-2-enoyloxy)octanoic acid				http://www.wikidata.org/entity/Q652237	Spongia officinalis	373931.0	['Eukaryota']	['Metazoa']	['Porifera']	['Demospongiae']	['Dictyoceratida']	['Spongiidae']	['Unknown']	['Spongia']	['Spongia officinalis']											0.0	0.0	2.389209508895874	1.0																								
807	ZFPAFAWFRTWCSK	sirius	CCCCCCCC(CC(=O)OC(CCCCCCC)CC(=O)O)O																																																																																												1.0	1.0	0.915	0.915	-36.438	1.0	0.5	77.656	C20H38O5	[M - H2O + H]+	C20H37O4+	InChI=1S/C20H38O5/c1-3-5-7-9-11-13-17(21)15-20(24)25-18(16-19(22)23)14-12-10-8-6-4-2/h17-18,21H,3-16H2,1-2H3,(H,22,23)	3-[(3-hydroxydecanoyl)oxy]decanoic acid	CCCCCCCC(CC(=O)OC(CCCCCCC)CC(=O)O)O	5.8	52921680;52921681;131801218;71367693	COCONUT:(CNP0406766);MiMeDB:(MMDBc0017961);CHEBI:(62406 62239 139110 139104);LIPIDMAPS:(LMFA07090123);SUPERNATURAL:(SN0469070);PUBCHEM:(52921680 52921681 131801218 71367693);DSSTox:(DTXSID70790805);LOTUS:(Q27131854);PUBCHEMANNOTATIONDRUG:(null);PUBMED:(null)	140965314658.0	341.268	311.0	5.188	7.136870497307608e+17	7.136868277094577e+17	
808	YAHGNBBJMMKINP	sirius	CC1(C(O1)C(CC2(CCC3=CNC4=C3N(CC5C(C6C(CCC7C6(C8(CCC(C8)O)CC(=O)C79CCCC(C9)NC)C)(C1(C5=C2C(=O)C1)C)C)O)C=C4CC1=CC(=CC(=C1)C1CCOCC1)C1CCCCC1)C)O)C																																																																																												1.0	3.0	0.068	0.068	-1021.966	0.191	0.192	107.285	C65H91N3O7	[M + H]+	C65H92N3O7+	InChI=1S/C65H91N3O7/c1-59(2)58(75-59)49(71)32-60(3)21-15-41-35-67-54-44(28-38-26-42(39-12-9-8-10-13-39)29-43(27-38)40-18-24-74-25-19-40)36-68(55(41)54)37-47-52-53(60)48(70)33-62(52,5)61(4)22-17-50-63(6,57(61)56(47)73)64(23-16-46(69)31-64)34-51(72)65(50)20-11-14-45(30-65)66-7/h26-27,29,35-36,39-40,45-47,49-50,56-58,66-67,69,71,73H,8-25,28,30-34,37H2,1-7H3	24'-{[3-cyclohexyl-5-(oxan-4-yl)phenyl]methyl}-17'-[2-(3,3-dimethyloxiran-2-yl)-2-hydroxyethyl]-2',4''-dihydroxy-4',12',13',17'-tetramethyl-5-(methylamino)dispiro[cyclohexane-1,8'-[22,26]diazaheptacyclo[14.11.1.1²⁰,²³.0³,¹².0⁴,⁹.0¹³,²⁸.0²⁶,²⁹]nonacosane-5',1''-cyclopentane]-16'(28'),20',23'(29'),24'-tetraene-7',15'-dione	CC1(C(O1)C(CC2(CCC3=CNC4=C3N(CC5C(C6C(CCC7C6(C8(CCC(C8)O)CC(=O)C79CCCC(C9)NC)C)(C1(C5=C2C(=O)C1)C)C)O)C=C4CC1=CC(=CC(=C1)C1CCOCC1)C1CCCCC1)C)O)C	9.5	163098461;163098462	COCONUT:(CNP0419515);TeroMol:(TKC204564);SUPERNATURAL:(SN0444892);PUBCHEM:(163098461 163098462)	11534338.0	1026.691	311.0	5.189	7.136870474364763e+17	7.136868277765665e+17	
810	PPMPLIBYTIWXPG	isdb|sirius	CCCCCCCC(CC(=O)O)OC(=O)CC(CCCCCCC)OC1C(C(C(C(O1)C)O)O)O																																													5.0	Fatty acids	0.3846153846153846	Fatty acyl glycosides	0.2564102564102564	Rhamnolipids	0.2564102564102564	1.0	0.31342968	ISDB	http://www.wikidata.org/entity/Q105212961	PPMPLIBYTIWXPG-TXRCGMDISA-N	InChI=1S/C26H48O9/c1-4-6-8-10-12-14-19(16-21(27)28)34-22(29)17-20(15-13-11-9-7-5-2)35-26-25(32)24(31)23(30)18(3)33-26/h18-20,23-26,30-32H,4-17H2,1-3H3,(H,27,28)/t18-,19+,20+,23-,24+,25+,26-/m0/s1	CCCCCCC[C@H](CC(=O)O)OC(=O)C[C@@H](CCCCCCC)O[C@@H]1O[C@@H](C)[C@H](O)[C@@H](O)[C@H]1O	C26H48O9		504.329833116	(3R)-3-[(3R)-3-[(2R,3R,4R,5R,6S)-3,4,5-trihydroxy-6-methyloxan-2-yl]oxydecanoyl]oxydecanoic acid	Fatty acids	Fatty acyl glycosides	Rhamnolipids	http://www.wikidata.org/entity/Q31856	Pseudomonas aeruginosa	216671.0	['Bacteria']	['Unknown']	['Proteobacteria']	['Gammaproteobacteria']	['Pseudomonadales']	['Pseudomonadaceae']	['Unknown']	['Pseudomonas']	['Pseudomonas aeruginosa']		['Bacteria']		['Proteobacteria']	['Gammaproteobacteria']	['Pseudomonadales']	['Pseudomonadaceae']		['Pseudomonas']	['Pseudomonas aeruginosa']	7.0	3.0	9.753718733787537	1.0	1.0	1.0	0.142	0.142	-157.757	0.972	0.499	156.513	C26H48O9	[M + H]+	C26H49O9+	InChI=1S/C26H48O9/c1-4-6-8-10-12-14-19(16-21(27)28)34-22(29)17-20(15-13-11-9-7-5-2)35-26-25(32)24(31)23(30)18(3)33-26/h18-20,23-26,30-32H,4-17H2,1-3H3,(H,27,28)	Rhamnolipid 2	CCCCCCCC(CC(=O)O)OC(=O)CC(CCCCCCC)OC1C(C(C(C(O1)C)O)O)O	4.7	154679046;154679049;163014377;163014378;58475060;102035691;101702086;162510925;162510932;162510936;52921579;66670010;155058698;75955025;89885301;56936286;54201388;10769134;162246;164702414;90292292	PUBCHEMANNOTATIONBIO:(null);COCONUT:(CNP0289931);HMDB:(HMDB0257327);PUBCHEMANNOTATIONSAFETYANDTOXIC:(null);BloodExposome:(162246);CHEBI:(185618 62238 62255);LIPIDMAPS:(LMFA13030001);SUPERNATURAL:(SN0291721);MESH:(162246);PUBCHEM:(154679046 154679049 163014377 163014378 58475060 102035691 101702086 162510925 162510932 162510936 52921579 66670010 155058698 75955025 89885301 56936286 54201388 10769134 162246 164702414 90292292);DSSTox:(DTXSID50885662);LOTUS:(Q105212961 Q27131721);PUBMED:(null)	139946098798.0	505.336	311.0	5.19	7.136870394169661e+17	7.136868278185096e+17	
811	ZFPAFAWFRTWCSK	isdb|sirius	CCCCCCCC(CC(=O)OC(CCCCCCC)CC(=O)O)O																																													5.0	Fatty acids	0.3846153846153846	Fatty acyl glycosides	0.2564102564102564	Rhamnolipids	0.2564102564102564	1.0	0.44274655	ISDB	http://www.wikidata.org/entity/Q27131854	ZFPAFAWFRTWCSK-UHFFFAOYSA-N	InChI=1S/C20H38O5/c1-3-5-7-9-11-13-17(21)15-20(24)25-18(16-19(22)23)14-12-10-8-6-4-2/h17-18,21H,3-16H2,1-2H3,(H,22,23)	CCCCCCCC(O)CC(=O)OC(CCCCCCC)CC(=O)O	C20H38O5		358.271924316	3-Hydroxydecanoyl-3-hydroxydecanoic acid	Fatty acids	Fatty Acids and Conjugates	Hydroxy fatty acids	http://www.wikidata.org/entity/Q311202	Pseudomonas syringae	413638.0	['Bacteria']	['Unknown']	['Proteobacteria']	['Gammaproteobacteria']	['Pseudomonadales']	['Pseudomonadaceae']	['Unknown']	['Pseudomonas']	['Pseudomonas syringae']		['Bacteria']		['Proteobacteria']	['Gammaproteobacteria']	['Pseudomonadales']	['Pseudomonadaceae']		['Pseudomonas']		6.0	1.0	8.270986199378967	1.0	1.0	1.0	0.771	0.771	-90.029	0.998	0.5	153.33	C20H38O5	[M + H]+	C20H39O5+	InChI=1S/C20H38O5/c1-3-5-7-9-11-13-17(21)15-20(24)25-18(16-19(22)23)14-12-10-8-6-4-2/h17-18,21H,3-16H2,1-2H3,(H,22,23)	3-[(3-hydroxydecanoyl)oxy]decanoic acid	CCCCCCCC(CC(=O)OC(CCCCCCC)CC(=O)O)O	5.8	52921680;52921681;131801218;71367693	COCONUT:(CNP0406766);MiMeDB:(MMDBc0017961);CHEBI:(62406 62239 139110 139104);LIPIDMAPS:(LMFA07090123);SUPERNATURAL:(SN0469070);PUBCHEM:(52921680 52921681 131801218 71367693);DSSTox:(DTXSID70790805);LOTUS:(Q27131854);PUBCHEMANNOTATIONDRUG:(null);PUBMED:(null)	140965314658.0	359.278	311.0	5.19	7.136870467611932e+17	7.136868278436754e+17	
812	NLISLONXYFAEMK	sirius	CCCCCCCCCCCCCCCCCCOSN(C)C(=O)OC1=CC=CC2=C1OC(C2)(C)C																																																																																												1.0	2.0	0.032	0.032	-694.971	0.331	0.333	133.635	C30H51NO4S	[M + H]+	C30H52NO4S+	InChI=1S/C30H51NO4S/c1-5-6-7-8-9-10-11-12-13-14-15-16-17-18-19-20-24-33-36-31(4)29(32)34-27-23-21-22-26-25-30(2,3)35-28(26)27/h21-23H,5-20,24-25H2,1-4H3	Carbamic acid, methyl((octadecyloxy)thio)-, 2,3-dihydro-2,2-dimethyl-7-benzofuranyl ester	CCCCCCCCCCCCCCCCCCOSN(C)C(=O)OC1=CC=CC2=C1OC(C2)(C)C	10.978	55529	PUBCHEMANNOTATIONSAFETYANDTOXIC;PUBCHEM:(55529);DSSTox:(DTXSID20235731)	137506062338.0	522.363	311.0	5.19	7.136870515720603e+17	7.136868278856184e+17	
812	PPMPLIBYTIWXPG	isdb	CCCCCCC[C@H](CC(=O)O)OC(=O)C[C@@H](CCCCCCC)O[C@@H]1O[C@@H](C)[C@H](O)[C@@H](O)[C@H]1O																																													5.0	Fatty acids	0.3846153846153846	Fatty acyl glycosides	0.2564102564102564	Rhamnolipids	0.2564102564102564	1.0	0.0	MS1_match	http://www.wikidata.org/entity/Q105212961	PPMPLIBYTIWXPG-TXRCGMDISA-N	InChI=1S/C26H48O9/c1-4-6-8-10-12-14-19(16-21(27)28)34-22(29)17-20(15-13-11-9-7-5-2)35-26-25(32)24(31)23(30)18(3)33-26/h18-20,23-26,30-32H,4-17H2,1-3H3,(H,27,28)/t18-,19+,20+,23-,24+,25+,26-/m0/s1	CCCCCCC[C@H](CC(=O)O)OC(=O)C[C@@H](CCCCCCC)O[C@@H]1O[C@@H](C)[C@H](O)[C@@H](O)[C@H]1O	C26H48O9	pos_1_1proton1ammonium	504.329833116	(3R)-3-[(3R)-3-[(2R,3R,4R,5R,6S)-3,4,5-trihydroxy-6-methyloxan-2-yl]oxydecanoyl]oxydecanoic acid	Fatty acids	Fatty acyl glycosides	Rhamnolipids	http://www.wikidata.org/entity/Q31856	Pseudomonas aeruginosa	216671.0	['Bacteria']	['Unknown']	['Proteobacteria']	['Gammaproteobacteria']	['Pseudomonadales']	['Pseudomonadaceae']	['Unknown']	['Pseudomonas']	['Pseudomonas aeruginosa']		['Bacteria']		['Proteobacteria']	['Gammaproteobacteria']	['Pseudomonadales']	['Pseudomonadaceae']		['Pseudomonas']	['Pseudomonas aeruginosa']	7.0	3.0	8.5	1.0																								
813	CCEFMUBVSUDRLG	isdb	C=C(C)[C@@H]1CC[C@]2(C)O[C@@H]2C1																																													125.0	Fatty acids	1.0	Monoterpenoids	1.0	Branched fatty acids	0.5	20.0	0.6191955	ISDB	http://www.wikidata.org/entity/Q27104515	CCEFMUBVSUDRLG-BBBLOLIVSA-N	InChI=1S/C10H16O/c1-7(2)8-4-5-10(3)9(6-8)11-10/h8-9H,1,4-6H2,2-3H3/t8-,9-,10+/m1/s1	C=C(C)[C@@H]1CC[C@]2(C)O[C@@H]2C1	C10H16O		152.120115132	(+)-trans-Limonene oxide	Terpenoids	Monoterpenoids	Menthane monoterpenoids	http://www.wikidata.org/entity/Q24890861	Methylosinus trichosporium	244577.0	['Bacteria']	['Unknown']	['Proteobacteria']	['Alphaproteobacteria']	['Rhizobiales']	['Methylocystaceae']	['Unknown']	['Methylosinus']	['Methylosinus trichosporium']		['Bacteria']		['Proteobacteria']							2.0	2.0	5.4767820835113525	1.0																								
813	DAEPPZAJYBQAOU	sirius	C=C(CCCCCCC(=C)O)O																																																																																												1.0	1.0	0.068	0.068	-63.174	1.0	0.5	78.633	C10H18O2	[M - H2O + H]+	C10H17O+	InChI=1S/C10H18O2/c1-9(11)7-5-3-4-6-8-10(2)12/h11-12H,1-8H2	Deca-1,9-diene-2,9-diol	C=C(CCCCCCC(=C)O)O	3.1	153804609	PUBCHEM:(153804609)	2.0	153.127	311.0	5.186	7.136870355833722e+17	7.136868277304292e+17	
814	ZFPAFAWFRTWCSK	sirius	CCCCCCCC(CC(=O)OC(CCCCCCC)CC(=O)O)O																																																																																												1.0	1.0	0.9	0.9	-45.036	1.0	0.333	66.629	C20H38O5	[M + H3N + H]+	C20H42NO5+	InChI=1S/C20H38O5/c1-3-5-7-9-11-13-17(21)15-20(24)25-18(16-19(22)23)14-12-10-8-6-4-2/h17-18,21H,3-16H2,1-2H3,(H,22,23)	3-[(3-hydroxydecanoyl)oxy]decanoic acid	CCCCCCCC(CC(=O)OC(CCCCCCC)CC(=O)O)O	5.8	52921680;52921681;131801218;71367693	COCONUT:(CNP0406766);MiMeDB:(MMDBc0017961);CHEBI:(62406 62239 139110 139104);LIPIDMAPS:(LMFA07090123);SUPERNATURAL:(SN0469070);PUBCHEM:(52921680 52921681 131801218 71367693);DSSTox:(DTXSID70790805);LOTUS:(Q27131854);PUBCHEMANNOTATIONDRUG:(null);PUBMED:(null)	140965314658.0	376.305	311.0	5.191	7.136870384774419e+17	7.136868279527274e+17	
815	PPMPLIBYTIWXPG	sirius	CCCCCCCC(CC(=O)O)OC(=O)CC(CCCCCCC)OC1C(C(C(C(O1)C)O)O)O																																																																																												1.0	1.0	0.184	0.184	-229.583	1.0	0.976	27.316	C26H48O9	[M + Na]+	C26H48NaO9+	InChI=1S/C26H48O9/c1-4-6-8-10-12-14-19(16-21(27)28)34-22(29)17-20(15-13-11-9-7-5-2)35-26-25(32)24(31)23(30)18(3)33-26/h18-20,23-26,30-32H,4-17H2,1-3H3,(H,27,28)	Rhamnolipid 2	CCCCCCCC(CC(=O)O)OC(=O)CC(CCCCCCC)OC1C(C(C(C(O1)C)O)O)O	4.7	154679046;154679049;163014377;163014378;58475060;102035691;101702086;162510925;162510932;162510936;52921579;66670010;155058698;75955025;89885301;56936286;54201388;10769134;162246;164702414;90292292	PUBCHEMANNOTATIONBIO:(null);COCONUT:(CNP0289931);HMDB:(HMDB0257327);PUBCHEMANNOTATIONSAFETYANDTOXIC:(null);BloodExposome:(162246);CHEBI:(185618 62238 62255);LIPIDMAPS:(LMFA13030001);SUPERNATURAL:(SN0291721);MESH:(162246);PUBCHEM:(154679046 154679049 163014377 163014378 58475060 102035691 101702086 162510925 162510932 162510936 52921579 66670010 155058698 75955025 89885301 56936286 54201388 10769134 162246 164702414 90292292);DSSTox:(DTXSID50885662);LOTUS:(Q105212961 Q27131721);PUBMED:(null)	139946098798.0	527.318	311.0	5.191	7.136870427304667e+17	7.136868279317559e+17	
816	PPMPLIBYTIWXPG	sirius	CCCCCCCC(CC(=O)O)OC(=O)CC(CCCCCCC)OC1C(C(C(C(O1)C)O)O)O																																																																																												1.0	1.0	0.199	0.199	-206.222	0.757	0.017	17.928	C26H48O9	[M + K]+	C26H48KO9+	InChI=1S/C26H48O9/c1-4-6-8-10-12-14-19(16-21(27)28)34-22(29)17-20(15-13-11-9-7-5-2)35-26-25(32)24(31)23(30)18(3)33-26/h18-20,23-26,30-32H,4-17H2,1-3H3,(H,27,28)	Rhamnolipid 2	CCCCCCCC(CC(=O)O)OC(=O)CC(CCCCCCC)OC1C(C(C(C(O1)C)O)O)O	4.7	154679046;154679049;163014377;163014378;58475060;102035691;101702086;162510925;162510932;162510936;52921579;66670010;155058698;75955025;89885301;56936286;54201388;10769134;162246;164702414;90292292	PUBCHEMANNOTATIONBIO:(null);COCONUT:(CNP0289931);HMDB:(HMDB0257327);PUBCHEMANNOTATIONSAFETYANDTOXIC:(null);BloodExposome:(162246);CHEBI:(185618 62238 62255);LIPIDMAPS:(LMFA13030001);SUPERNATURAL:(SN0291721);MESH:(162246);PUBCHEM:(154679046 154679049 163014377 163014378 58475060 102035691 101702086 162510925 162510932 162510936 52921579 66670010 155058698 75955025 89885301 56936286 54201388 10769134 162246 164702414 90292292);DSSTox:(DTXSID50885662);LOTUS:(Q105212961 Q27131721);PUBMED:(null)	139946098798.0	543.291	311.0	5.188	7.136870475874712e+17	7.13686827973699e+17	
818	QAQPXDZHAJFRRV	sirius	CCCCCCCCCCCCC(CCCCCCC(=O)O)OC1C(C(C(C(O1)COC(=O)C)O)O)O																																																																																												1.0	1.0	0.056	0.056	-302.875	0.773	0.144	19.11	C28H52O9	[M + H3N + H]+	C28H56NO9+	InChI=1S/C28H52O9/c1-3-4-5-6-7-8-9-10-11-14-17-22(18-15-12-13-16-19-24(30)31)36-28-27(34)26(33)25(32)23(37-28)20-35-21(2)29/h22-23,25-28,32-34H,3-20H2,1-2H3,(H,30,31)	8-({6-[(acetyloxy)methyl]-3,4,5-trihydroxyoxan-2-yl}oxy)icosanoic acid	CCCCCCCCCCCCC(CCCCCCC(=O)O)OC1C(C(C(C(O1)COC(=O)C)O)O)O	5.8	162924929;91118775	COCONUT:(CNP0194591);SUPERNATURAL:(SN0300227);PUBCHEM:(162924929 91118775);LOTUS:(Q105217570);PUBMED:(null)	271581250.0	550.394	311.0	5.184	7.136870413002089e+17	7.136868279946705e+17	
819	QNPQJKICJQEMBY	sirius	CC(C)CC(C(CC(=O)O)O)NC(=O)C(C)NC(=O)CC(C(CC(C)C)NC(=O)C(C(C)C)NC(=O)C(C(C)C)NC(=O)C(C)C)O																																																																																												1.0	1.0	0.044	0.044	-502.686	1.0	1.0	225.891	C33H61N5O9	[M + Na]+	C33H61N5NaO9+	InChI=1S/C33H61N5O9/c1-16(2)12-22(36-32(46)28(18(5)6)38-33(47)29(19(7)8)37-30(44)20(9)10)24(39)14-26(41)34-21(11)31(45)35-23(13-17(3)4)25(40)15-27(42)43/h16-25,28-29,39-40H,12-15H2,1-11H3,(H,34,41)(H,35,45)(H,36,46)(H,37,44)(H,38,47)(H,42,43)	Pepsinostreptin	CC(C)CC(C(CC(=O)O)O)NC(=O)C(C)NC(=O)CC(C(CC(C)C)NC(=O)C(C(C)C)NC(=O)C(C(C)C)NC(=O)C(C)C)O	2.8	5462499;134816383;4667579;96327608;96327609;96327610;96327611;44120083	COCONUT:(CNP0334483);BloodExposome:(5462499 4667579);CHEBI:(7988);SUPERNATURAL:(SN0310317);KEGG:(C11610);MESH:(4667579 5462499);PUBCHEM:(5462499 134816383 4667579 96327608 96327609 96327610 96327611 44120083);DSSTox:(DTXSID40966015);PUBMED	137446293862.0	694.436	313.0	5.218	7.136870478559067e+17	7.136868280198363e+17	
820	RDZBTIZEDGHECV	sirius	CCCCCCCCCC(=CC(=O)O)OC(=O)CC(CCCCCCC)OC1C(C(C(C(O1)C)O)O)OC2C(C(C(C(O2)C)O)O)O																																																																																												1.0	1.0	0.185	0.185	-253.887	1.0	0.995	36.078	C34H60O13	[M + Na]+	C34H60NaO13+	InChI=1S/C34H60O13/c1-5-7-9-11-12-14-16-17-23(19-25(35)36)45-26(37)20-24(18-15-13-10-8-6-2)46-34-32(30(41)28(39)22(4)44-34)47-33-31(42)29(40)27(38)21(3)43-33/h19,21-22,24,27-34,38-42H,5-18,20H2,1-4H3,(H,35,36)	3-[3-(2-O-alpha-L-Rhamnopyranosyl-alpha-L-rhamnopyranosyloxy)decanoyloxy]-2-dodecenoic acid	CCCCCCCCCC(=CC(=O)O)OC(=O)CC(CCCCCCC)OC1C(C(C(C(O1)C)O)O)OC2C(C(C(C(O2)C)O)O)O	4.7	101008896	PUBCHEM:(101008896)	2.0	699.39	313.0	5.219	7.136870529561806e+17	7.136868280408078e+17	
822	FPTCHUGUEODMFN	sirius	CCCCCCCCCCCCCC1=CC(=O)C2=C(N1C)C(=CC=C2)OC																																																																																												1.0	1.0	0.303	0.303	-258.053	1.0	0.333	33.525	C24H37NO2	[M - H2O + H]+	C24H36NO+	InChI=1S/C24H37NO2/c1-4-5-6-7-8-9-10-11-12-13-14-16-20-19-22(26)21-17-15-18-23(27-3)24(21)25(20)2/h15,17-19H,4-14,16H2,1-3H3	8-methoxy-1-methyl-2-tridecyl-1,4-dihydroquinolin-4-one	CCCCCCCCCCCCCC1=CC(=O)C2=C(N1C)C(=CC=C2)OC	8.2	14605147	COCONUT:(CNP0329661);SUPERNATURAL:(SN0092182);PUBCHEM:(14605147);LOTUS:(Q104999379)	271581186.0	354.28	317.0	5.29	7.136870573350342e+17	7.136868280617793e+17	
824	NGNCBDCGTXYZBV	sirius	CCCCCCCCC(CC(=O)OC(CCCCCCC)CC(=O)O)OC1C(C(C(C(O1)C)O)O)O																																																																																												1.0	1.0	0.225	0.225	-227.907	1.0	0.999	34.02	C27H50O9	[M + Na]+	C27H50NaO9+	InChI=1S/C27H50O9/c1-4-6-8-10-12-14-16-21(36-27-26(33)25(32)24(31)19(3)34-27)18-23(30)35-20(17-22(28)29)15-13-11-9-7-5-2/h19-21,24-27,31-33H,4-18H2,1-3H3,(H,28,29)	1-[2-[1-(Carboxymethyl)octyloxy]-2-oxoethyl]nonyl alpha-L-rhamnopyranoside	CCCCCCCCC(CC(=O)OC(CCCCCCC)CC(=O)O)OC1C(C(C(C(O1)C)O)O)O	5.3	132594567	LIPIDMAPS:(LMFA13030012);PUBCHEM:(132594567)	2147483650.0	541.335	330.0	5.497	7.136870553259625e+17	7.136868282379401e+17	
825	ZZMNZQHHEHGMBD	sirius	CC(=O)NC(CC1=CC=CC=C1)C=CC(=O)NC(CCCCN)C(=O)NC(CC2=CC=CC=C2)C=CC(=O)NC(CCCCN)C(=O)N																																																																																												1.0	1.0	0.045	0.045	-342.787	0.999	0.296	36.364	C36H51N7O5	[M + H3N + H]+	C36H55N8O5+	InChI=1S/C36H51N7O5/c1-26(44)40-29(24-27-12-4-2-5-13-27)18-20-34(46)43-32(17-9-11-23-38)36(48)41-30(25-28-14-6-3-7-15-28)19-21-33(45)42-31(35(39)47)16-8-10-22-37/h2-7,12-15,18-21,29-32H,8-11,16-17,22-25,37-38H2,1H3,(H2,39,47)(H,40,44)(H,41,48)(H,42,45)(H,43,46)	(2S)-2-[[(E,4S)-4-[[(2S)-2-[[(E,4S)-4-acetamido-5-phenylpent-2-enoyl]amino]-6-aminohexanoyl]amino]-5-phenylpent-2-enoyl]amino]-6-aminohexanamide	CC(=O)NC(CC1=CC=CC=C1)C=CC(=O)NC(CCCCN)C(=O)NC(CC2=CC=CC=C2)C=CC(=O)NC(CCCCN)C(=O)N	1.3	72713511	PUBCHEM:(72713511);PUBMED	66.0	679.427	329.0	5.479	7.136870492400271e+17	7.136868281037224e+17	
827	VCEVJQODZQDDCZ	sirius	CCCCCCCCCCCC(=O)OC1C(C(C(OC1OC2(C(C(C(O2)CO)O)OCC(C)C)COC(=O)C)CO)O)OCC(C)C																																																																																												1.0	1.0	0.078	0.078	-359.38	1.0	1.0	18.923	C34H62O13	[M + Na]+	C34H62NaO13+	InChI=1S/C34H62O13/c1-7-8-9-10-11-12-13-14-15-16-27(38)45-31-30(41-19-22(2)3)28(39)25(17-35)44-33(31)47-34(21-43-24(6)37)32(42-20-23(4)5)29(40)26(18-36)46-34/h22-23,25-26,28-33,35-36,39-40H,7-21H2,1-6H3	Physordinose A	CCCCCCCCCCCC(=O)OC1C(C(C(OC1OC2(C(C(C(O2)CO)O)OCC(C)C)COC(=O)C)CO)O)OCC(C)C	5.6	56674892;46872008	COCONUT:(CNP0248527);SUPERNATURAL:(SN0386402);PUBCHEM:(56674892 46872008);LOTUS:(Q105283655);PUBMED:(null)	271581250.0	701.408	329.0	5.478	7.13687065316795e+17	7.136868280827508e+17	
828	CKKBWWKIUBRAER	sirius	CC(C)(C)C1=CC2=C(C(=C1)CC3=CC(=CC(=C3OCC(=O)OC(C)(C)C)CC4=CC(=CC(=C4OCC(=O)OC(C)(C)C)CC5=C(C(=CC(=C5)C(C)(C)C)CC6=C(C(=CC(=C6)C(C)(C)C)C2)OCC(=O)OC(C)(C)C)OCC7=CC=CC=C7)C(C)(C)C)C(C)(C)C)OCC(=O)OC(C)(C)C																																																																																												1.0	30.0	-inf	-inf	-459.93	0.02	0.029	109.322	C86H116O13	[M + H3N + H]+	C86H120NO13+	InChI=1S/C86H116O13/c1-78(2,3)64-38-54-33-56-40-65(79(4,5)6)42-58(74(56)92-49-69(87)96-83(16,17)18)35-60-44-67(81(10,11)12)46-62(76(60)94-51-71(89)98-85(22,23)24)37-63-47-68(82(13,14)15)45-61(77(63)95-52-72(90)99-86(25,26)27)36-59-43-66(80(7,8)9)41-57(75(59)93-50-70(88)97-84(19,20)21)34-55(39-64)73(54)91-48-53-31-29-28-30-32-53/h28-32,38-47H,33-37,48-52H2,1-27H3		CC(C)(C)C1=CC2=C(C(=C1)CC3=CC(=CC(=C3OCC(=O)OC(C)(C)C)CC4=CC(=CC(=C4OCC(=O)OC(C)(C)C)CC5=C(C(=CC(=C5)C(C)(C)C)CC6=C(C(=CC(=C6)C(C)(C)C)C2)OCC(=O)OC(C)(C)C)OCC7=CC=CC=C7)C(C)(C)C)C(C)(C)C)OCC(=O)OC(C)(C)C	22.9	71514175	PUBCHEM:(71514175)	2.0	1374.873	329.0	5.479	7.136870583206957e+17	7.136868281498597e+17	
829	FCBUKWWQSZQDDI	isdb	CCCCCCC[C@H](CC(=O)O)OC(=O)C[C@@H](CCCCCCC)O[C@@H]1O[C@@H](C)[C@H](O)[C@@H](O)[C@H]1O[C@@H]1O[C@@H](C)[C@H](O)[C@@H](O)[C@H]1O																																													5.0	Fatty acids	0.3846153846153846	Fatty acyl glycosides	0.2564102564102564	Rhamnolipids	0.2564102564102564	1.0	0.0	MS1_match	http://www.wikidata.org/entity/Q104993063	FCBUKWWQSZQDDI-HYFZAEJMSA-N	InChI=1S/C32H58O13/c1-5-7-9-11-13-15-21(17-23(33)34)43-24(35)18-22(16-14-12-10-8-6-2)44-32-30(28(39)26(37)20(4)42-32)45-31-29(40)27(38)25(36)19(3)41-31/h19-22,25-32,36-40H,5-18H2,1-4H3,(H,33,34)/t19-,20-,21+,22+,25-,26-,27+,28+,29+,30+,31-,32-/m0/s1	CCCCCCC[C@H](CC(=O)O)OC(=O)C[C@@H](CCCCCCC)O[C@@H]1O[C@@H](C)[C@H](O)[C@@H](O)[C@H]1O[C@@H]1O[C@@H](C)[C@H](O)[C@@H](O)[C@H]1O	C32H58O13	pos_1_1proton1ethylamine	650.387741916	(R)-3-[[(R)-3-[[2-O-(6-Deoxy-alpha-L-mannopyranosyl)-6-deoxy-alpha-L-mannopyranosyl]oxy]decanoyl]oxy]decanoic acid	Fatty acids	Fatty acyl glycosides	Rhamnolipids	http://www.wikidata.org/entity/Q31856	Pseudomonas aeruginosa	216671.0	['Bacteria']	['Unknown']	['Proteobacteria']	['Gammaproteobacteria']	['Pseudomonadales']	['Pseudomonadaceae']	['Unknown']	['Pseudomonas']	['Pseudomonas aeruginosa']		['Bacteria']		['Proteobacteria']	['Gammaproteobacteria']	['Pseudomonadales']	['Pseudomonadaceae']		['Pseudomonas']	['Pseudomonas aeruginosa']	7.0	3.0	8.5	1.0																								
829	VCEVJQODZQDDCZ	sirius	CCCCCCCCCCCC(=O)OC1C(C(C(OC1OC2(C(C(C(O2)CO)O)OCC(C)C)COC(=O)C)CO)O)OCC(C)C																																																																																												1.0	1.0	0.072	0.072	-295.299	1.0	0.33	237.624	C34H62O13	[M + H3N + H]+	C34H66NO13+	InChI=1S/C34H62O13/c1-7-8-9-10-11-12-13-14-15-16-27(38)45-31-30(41-19-22(2)3)28(39)25(17-35)44-33(31)47-34(21-43-24(6)37)32(42-20-23(4)5)29(40)26(18-36)46-34/h22-23,25-26,28-33,35-36,39-40H,7-21H2,1-6H3	Physordinose A	CCCCCCCCCCCC(=O)OC1C(C(C(OC1OC2(C(C(C(O2)CO)O)OCC(C)C)COC(=O)C)CO)O)OCC(C)C	5.6	56674892;46872008	COCONUT:(CNP0248527);SUPERNATURAL:(SN0386402);PUBCHEM:(56674892 46872008);LOTUS:(Q105283655);PUBMED:(null)	271581250.0	696.453	329.0	5.48	7.1368704958396e+17	7.136868281708312e+17	
830	CARLURCVFKTIGN	isdb																																														5.0	Fatty acids	0.3846153846153846	Fatty acyl glycosides	0.2564102564102564	Rhamnolipids	0.2564102564102564	1.0	0.37640163	ISDB															['Unknown']	['Unknown']	['Unknown']	['Unknown']	['Unknown']	['Unknown']	['Unknown']	['Unknown']	['Unknown']											0.0	0.0	1.5056065320968628	1.0																								
830	OIZUFAJVECZZKT	sirius	CCCCCCCC(=O)OCC(CCCCO)OC(=O)CCCCCCC																																																																																												1.0	1.0	0.169	0.169	-108.095	0.995	0.5	226.077	C22H42O5	[M + H]+	C22H43O5+	InChI=1S/C22H42O5/c1-3-5-7-9-11-16-21(24)26-19-20(15-13-14-18-23)27-22(25)17-12-10-8-6-4-2/h20,23H,3-19H2,1-2H3	1,2-Dioctanoyl-1,2,6-hexanetriol	CCCCCCCC(=O)OCC(CCCCO)OC(=O)CCCCCCC	6.4	44237316	METACYC:(CPD0-1761);CHEBI:(183139);PUBCHEM:(44237316)	2082.0	387.31	329.0	5.481	7.136870420761551e+17	7.136868281918028e+17	
831	NGNCBDCGTXYZBV	sirius	CCCCCCCCC(CC(=O)OC(CCCCCCC)CC(=O)O)OC1C(C(C(C(O1)C)O)O)O																																																																																												1.0	1.0	0.379	0.379	-160.927	1.0	0.252	229.996	C27H50O9	[M + H3N + H]+	C27H54NO9+	InChI=1S/C27H50O9/c1-4-6-8-10-12-14-16-21(36-27-26(33)25(32)24(31)19(3)34-27)18-23(30)35-20(17-22(28)29)15-13-11-9-7-5-2/h19-21,24-27,31-33H,4-18H2,1-3H3,(H,28,29)	1-[2-[1-(Carboxymethyl)octyloxy]-2-oxoethyl]nonyl alpha-L-rhamnopyranoside	CCCCCCCCC(CC(=O)OC(CCCCCCC)CC(=O)O)OC1C(C(C(C(O1)C)O)O)O	5.3	132594567	LIPIDMAPS:(LMFA13030012);PUBCHEM:(132594567)	2147483650.0	536.38	330.0	5.496	7.136870486192701e+17	7.136868282169686e+17	
833	DCIJAGJQBHKBNH	isdb	CCCCCC/C=C/CC(CC(=O)OC(CCCCCCC)CC(=O)O)O[C@@H]1O[C@@H](C)[C@H](O)[C@@H](O)[C@H]1O																																													5.0	Fatty acids	0.3846153846153846	Fatty acyl glycosides	0.2564102564102564	Rhamnolipids	0.2564102564102564	1.0	0.0	MS1_match	http://www.wikidata.org/entity/Q104975400	DCIJAGJQBHKBNH-IWRMTKMNSA-N	InChI=1S/C28H50O9/c1-4-6-8-10-11-13-15-17-22(37-28-27(34)26(33)25(32)20(3)35-28)19-24(31)36-21(18-23(29)30)16-14-12-9-7-5-2/h13,15,20-22,25-28,32-34H,4-12,14,16-19H2,1-3H3,(H,29,30)/b15-13+/t20-,21?,22?,25-,26+,27+,28-/m0/s1	CCCCCC/C=C/CC(CC(=O)OC(CCCCCCC)CC(=O)O)O[C@@H]1O[C@@H](C)[C@H](O)[C@@H](O)[C@H]1O	C28H50O9	pos_1_1proton1ammonium	530.34548318	3-[(E)-3-[(2R,3R,4R,5R,6S)-3,4,5-trihydroxy-6-methyloxan-2-yl]oxydodec-5-enoyl]oxydecanoic acid	Fatty acids	Fatty acyl glycosides	Rhamnolipids	http://www.wikidata.org/entity/Q131143	Pseudomonas	281374.0	['Bacteria']	['Unknown']	['Proteobacteria']	['Gammaproteobacteria']	['Pseudomonadales']	['Pseudomonadaceae']	['Unknown']	['Pseudomonas']	['Unknown']		['Bacteria']		['Proteobacteria']	['Gammaproteobacteria']	['Pseudomonadales']	['Pseudomonadaceae']		['Pseudomonas']		6.0	3.0	7.5	1.0																								
833	GWXLTEUAMDVFFH	isdb|sirius	CCCCCCCCCC(CC(=O)O)OC(=O)CC(CC=CCCCC)OC1C(C(C(C(O1)C)O)O)O																																													5.0	Fatty acids	0.3846153846153846	Fatty acyl glycosides	0.2564102564102564	Rhamnolipids	0.2564102564102564	1.0	0.0	MS1_match	http://www.wikidata.org/entity/Q105022873	GWXLTEUAMDVFFH-SBYIBVSJSA-N	InChI=1S/C28H50O9/c1-4-6-8-10-11-13-15-16-21(18-23(29)30)36-24(31)19-22(17-14-12-9-7-5-2)37-28-27(34)26(33)25(32)20(3)35-28/h12,14,20-22,25-28,32-34H,4-11,13,15-19H2,1-3H3,(H,29,30)/b14-12+/t20-,21?,22?,25-,26+,27+,28-/m0/s1	CCCC/C=C/CC(CC(=O)OC(CCCCCCCCC)CC(=O)O)O[C@@H]1O[C@@H](C)[C@H](O)[C@@H](O)[C@H]1O	C28H50O9	pos_1_1proton1ammonium	530.34548318	3-[(E)-3-[(2R,3R,4R,5R,6S)-3,4,5-trihydroxy-6-methyloxan-2-yl]oxydec-5-enoyl]oxydodecanoic acid	Fatty acids	Fatty acyl glycosides	Rhamnolipids	http://www.wikidata.org/entity/Q131143	Pseudomonas	281374.0	['Bacteria']	['Unknown']	['Proteobacteria']	['Gammaproteobacteria']	['Pseudomonadales']	['Pseudomonadaceae']	['Unknown']	['Pseudomonas']	['Unknown']		['Bacteria']		['Proteobacteria']	['Gammaproteobacteria']	['Pseudomonadales']	['Pseudomonadaceae']		['Pseudomonas']		6.0	3.0	7.5	1.0	1.0	1.0	0.224	0.264	-167.503	1.0	0.231	199.548	C28H50O9	[M + H3N + H]+	C28H54NO9+	InChI=1S/C28H50O9/c1-4-6-8-10-11-13-15-16-21(18-23(29)30)36-24(31)19-22(17-14-12-9-7-5-2)37-28-27(34)26(33)25(32)20(3)35-28/h12,14,20-22,25-28,32-34H,4-11,13,15-19H2,1-3H3,(H,29,30)	3-({3-[(3,4,5-trihydroxy-6-methyloxan-2-yl)oxy]dec-5-enoyl}oxy)dodecanoic acid	CCCCCCCCCC(CC(=O)O)OC(=O)CC(CC=CCCCC)OC1C(C(C(C(O1)C)O)O)O	5.3	162995057;139590374	COCONUT:(CNP0268389);SUPERNATURAL:(SN0117540);PUBCHEM:(162995057 139590374);LOTUS:(Q105022873)	271581186.0	548.38	332.0	5.528	7.136870406668689e+17	7.136868282840774e+17	
833	XJGPJMVYQFDHEG	isdb	CCCC/C=C\CCCC(CC(=O)OC(CCCCCCC)CC(=O)O)OC1O[C@@H](C)[C@H](O)[C@@H](O)[C@H]1O																																													5.0	Fatty acids	0.3846153846153846	Fatty acyl glycosides	0.2564102564102564	Rhamnolipids	0.2564102564102564	1.0	0.0	MS1_match	http://www.wikidata.org/entity/Q110170839	XJGPJMVYQFDHEG-HFDPWBFESA-N	InChI=1S/C28H50O9/c1-4-6-8-10-11-13-15-17-22(37-28-27(34)26(33)25(32)20(3)35-28)19-24(31)36-21(18-23(29)30)16-14-12-9-7-5-2/h10-11,20-22,25-28,32-34H,4-9,12-19H2,1-3H3,(H,29,30)/b11-10-/t20-,21?,22?,25-,26+,27+,28?/m0/s1	CCCC/C=C\CCCC(CC(=O)OC(CCCCCCC)CC(=O)O)OC1O[C@@H](C)[C@H](O)[C@@H](O)[C@H]1O	C28H50O9	pos_1_1proton1ammonium	530.34548318	3-[(Z)-3-[(3R,4R,5R,6S)-3,4,5-trihydroxy-6-methyloxan-2-yl]oxydodec-7-enoyl]oxydecanoic acid	Fatty acids	Fatty acyl glycosides	Rhamnolipids	http://www.wikidata.org/entity/Q131143	Pseudomonas	281374.0	['Bacteria']	['Unknown']	['Proteobacteria']	['Gammaproteobacteria']	['Pseudomonadales']	['Pseudomonadaceae']	['Unknown']	['Pseudomonas']	['Unknown']		['Bacteria']		['Proteobacteria']	['Gammaproteobacteria']	['Pseudomonadales']	['Pseudomonadaceae']		['Pseudomonas']		6.0	3.0	7.5	1.0																								
834	DCIJAGJQBHKBNH	isdb	CCCCCC/C=C/CC(CC(=O)OC(CCCCCCC)CC(=O)O)O[C@@H]1O[C@@H](C)[C@H](O)[C@@H](O)[C@H]1O																																													85.0	Fatty acids	0.2	Fatty acyl glycosides	0.2	Rhamnolipids	0.2	1.0	0.0	MS1_match	http://www.wikidata.org/entity/Q104975400	DCIJAGJQBHKBNH-IWRMTKMNSA-N	InChI=1S/C28H50O9/c1-4-6-8-10-11-13-15-17-22(37-28-27(34)26(33)25(32)20(3)35-28)19-24(31)36-21(18-23(29)30)16-14-12-9-7-5-2/h13,15,20-22,25-28,32-34H,4-12,14,16-19H2,1-3H3,(H,29,30)/b15-13+/t20-,21?,22?,25-,26+,27+,28-/m0/s1	CCCCCC/C=C/CC(CC(=O)OC(CCCCCCC)CC(=O)O)O[C@@H]1O[C@@H](C)[C@H](O)[C@@H](O)[C@H]1O	C28H50O9	pos_1_1sodium	530.34548318	3-[(E)-3-[(2R,3R,4R,5R,6S)-3,4,5-trihydroxy-6-methyloxan-2-yl]oxydodec-5-enoyl]oxydecanoic acid	Fatty acids	Fatty acyl glycosides	Rhamnolipids	http://www.wikidata.org/entity/Q131143	Pseudomonas	281374.0	['Bacteria']	['Unknown']	['Proteobacteria']	['Gammaproteobacteria']	['Pseudomonadales']	['Pseudomonadaceae']	['Unknown']	['Pseudomonas']	['Unknown']		['Bacteria']		['Proteobacteria']	['Gammaproteobacteria']	['Pseudomonadales']	['Pseudomonadaceae']		['Pseudomonas']		6.0	3.0	7.5	1.0																								
834	GWXLTEUAMDVFFH	isdb	CCCC/C=C/CC(CC(=O)OC(CCCCCCCCC)CC(=O)O)O[C@@H]1O[C@@H](C)[C@H](O)[C@@H](O)[C@H]1O																																													85.0	Fatty acids	0.2	Fatty acyl glycosides	0.2	Rhamnolipids	0.2	1.0	0.0	MS1_match	http://www.wikidata.org/entity/Q105022873	GWXLTEUAMDVFFH-SBYIBVSJSA-N	InChI=1S/C28H50O9/c1-4-6-8-10-11-13-15-16-21(18-23(29)30)36-24(31)19-22(17-14-12-9-7-5-2)37-28-27(34)26(33)25(32)20(3)35-28/h12,14,20-22,25-28,32-34H,4-11,13,15-19H2,1-3H3,(H,29,30)/b14-12+/t20-,21?,22?,25-,26+,27+,28-/m0/s1	CCCC/C=C/CC(CC(=O)OC(CCCCCCCCC)CC(=O)O)O[C@@H]1O[C@@H](C)[C@H](O)[C@@H](O)[C@H]1O	C28H50O9	pos_1_1sodium	530.34548318	3-[(E)-3-[(2R,3R,4R,5R,6S)-3,4,5-trihydroxy-6-methyloxan-2-yl]oxydec-5-enoyl]oxydodecanoic acid	Fatty acids	Fatty acyl glycosides	Rhamnolipids	http://www.wikidata.org/entity/Q131143	Pseudomonas	281374.0	['Bacteria']	['Unknown']	['Proteobacteria']	['Gammaproteobacteria']	['Pseudomonadales']	['Pseudomonadaceae']	['Unknown']	['Pseudomonas']	['Unknown']		['Bacteria']		['Proteobacteria']	['Gammaproteobacteria']	['Pseudomonadales']	['Pseudomonadaceae']		['Pseudomonas']		6.0	3.0	7.5	1.0																								
834	XJGPJMVYQFDHEG	isdb|sirius	CCCCCCCC(CC(=O)O)OC(=O)CC(CCCC=CCCCC)OC1C(C(C(C(O1)C)O)O)O																																													85.0	Fatty acids	0.2	Fatty acyl glycosides	0.2	Rhamnolipids	0.2	1.0	0.0	MS1_match	http://www.wikidata.org/entity/Q110170839	XJGPJMVYQFDHEG-HFDPWBFESA-N	InChI=1S/C28H50O9/c1-4-6-8-10-11-13-15-17-22(37-28-27(34)26(33)25(32)20(3)35-28)19-24(31)36-21(18-23(29)30)16-14-12-9-7-5-2/h10-11,20-22,25-28,32-34H,4-9,12-19H2,1-3H3,(H,29,30)/b11-10-/t20-,21?,22?,25-,26+,27+,28?/m0/s1	CCCC/C=C\CCCC(CC(=O)OC(CCCCCCC)CC(=O)O)OC1O[C@@H](C)[C@H](O)[C@@H](O)[C@H]1O	C28H50O9	pos_1_1sodium	530.34548318	3-[(Z)-3-[(3R,4R,5R,6S)-3,4,5-trihydroxy-6-methyloxan-2-yl]oxydodec-7-enoyl]oxydecanoic acid	Fatty acids	Fatty acyl glycosides	Rhamnolipids	http://www.wikidata.org/entity/Q131143	Pseudomonas	281374.0	['Bacteria']	['Unknown']	['Proteobacteria']	['Gammaproteobacteria']	['Pseudomonadales']	['Pseudomonadaceae']	['Unknown']	['Pseudomonas']	['Unknown']		['Bacteria']		['Proteobacteria']	['Gammaproteobacteria']	['Pseudomonadales']	['Pseudomonadaceae']		['Pseudomonas']		6.0	3.0	7.5	1.0	1.0	1.0	0.111	0.111	-287.806	1.0	0.888	30.399	C28H50O9	[M + Na]+	C28H50NaO9+	InChI=1S/C28H50O9/c1-4-6-8-10-11-13-15-17-22(37-28-27(34)26(33)25(32)20(3)35-28)19-24(31)36-21(18-23(29)30)16-14-12-9-7-5-2/h10-11,20-22,25-28,32-34H,4-9,12-19H2,1-3H3,(H,29,30)		CCCCCCCC(CC(=O)O)OC(=O)CC(CCCC=CCCCC)OC1C(C(C(C(O1)C)O)O)O	4.9	163115320;156581806	COCONUT:(CNP0435754);LIPIDMAPS:(LMFA13030016);SUPERNATURAL:(SN0431686);PUBCHEM:(163115320 156581806);LOTUS:(Q110170839)	2419064834.0	553.335	332.0	5.528	7.136870573895602e+17	7.13686828305049e+17	
835	DCIJAGJQBHKBNH	isdb	CCCCCC/C=C/CC(CC(=O)OC(CCCCCCC)CC(=O)O)O[C@@H]1O[C@@H](C)[C@H](O)[C@@H](O)[C@H]1O																																													5.0	Fatty acids	0.3846153846153846	Fatty acyl glycosides	0.2564102564102564	Rhamnolipids	0.2564102564102564	2.0	0.0	MS1_match	http://www.wikidata.org/entity/Q104975400	DCIJAGJQBHKBNH-IWRMTKMNSA-N	InChI=1S/C28H50O9/c1-4-6-8-10-11-13-15-17-22(37-28-27(34)26(33)25(32)20(3)35-28)19-24(31)36-21(18-23(29)30)16-14-12-9-7-5-2/h13,15,20-22,25-28,32-34H,4-12,14,16-19H2,1-3H3,(H,29,30)/b15-13+/t20-,21?,22?,25-,26+,27+,28-/m0/s1	CCCCCC/C=C/CC(CC(=O)OC(CCCCCCC)CC(=O)O)O[C@@H]1O[C@@H](C)[C@H](O)[C@@H](O)[C@H]1O	C28H50O9	pos_1_1proton1ethylamine	530.34548318	3-[(E)-3-[(2R,3R,4R,5R,6S)-3,4,5-trihydroxy-6-methyloxan-2-yl]oxydodec-5-enoyl]oxydecanoic acid	Fatty acids	Fatty acyl glycosides	Rhamnolipids	http://www.wikidata.org/entity/Q131143	Pseudomonas	281374.0	['Bacteria']	['Unknown']	['Proteobacteria']	['Gammaproteobacteria']	['Pseudomonadales']	['Pseudomonadaceae']	['Unknown']	['Pseudomonas']	['Unknown']		['Bacteria']		['Proteobacteria']	['Gammaproteobacteria']	['Pseudomonadales']	['Pseudomonadaceae']		['Pseudomonas']		6.0	3.0	7.5	1.0																								
835	GWXLTEUAMDVFFH	isdb	CCCC/C=C/CC(CC(=O)OC(CCCCCCCCC)CC(=O)O)O[C@@H]1O[C@@H](C)[C@H](O)[C@@H](O)[C@H]1O																																													5.0	Fatty acids	0.3846153846153846	Fatty acyl glycosides	0.2564102564102564	Rhamnolipids	0.2564102564102564	2.0	0.0	MS1_match	http://www.wikidata.org/entity/Q105022873	GWXLTEUAMDVFFH-SBYIBVSJSA-N	InChI=1S/C28H50O9/c1-4-6-8-10-11-13-15-16-21(18-23(29)30)36-24(31)19-22(17-14-12-9-7-5-2)37-28-27(34)26(33)25(32)20(3)35-28/h12,14,20-22,25-28,32-34H,4-11,13,15-19H2,1-3H3,(H,29,30)/b14-12+/t20-,21?,22?,25-,26+,27+,28-/m0/s1	CCCC/C=C/CC(CC(=O)OC(CCCCCCCCC)CC(=O)O)O[C@@H]1O[C@@H](C)[C@H](O)[C@@H](O)[C@H]1O	C28H50O9	pos_1_1proton1ethylamine	530.34548318	3-[(E)-3-[(2R,3R,4R,5R,6S)-3,4,5-trihydroxy-6-methyloxan-2-yl]oxydec-5-enoyl]oxydodecanoic acid	Fatty acids	Fatty acyl glycosides	Rhamnolipids	http://www.wikidata.org/entity/Q131143	Pseudomonas	281374.0	['Bacteria']	['Unknown']	['Proteobacteria']	['Gammaproteobacteria']	['Pseudomonadales']	['Pseudomonadaceae']	['Unknown']	['Pseudomonas']	['Unknown']		['Bacteria']		['Proteobacteria']	['Gammaproteobacteria']	['Pseudomonadales']	['Pseudomonadaceae']		['Pseudomonas']		6.0	3.0	7.5	1.0																								
835	QBBIQHYFLRPBKF	sirius	CC1CCC(OC(=O)C(C(C(CCC(OC(=O)C(C(C(CCC(OC(=O)C(C1O)C)C)C)O)C)C)C)O)C)C																																																																																												1.0	1.0	0.124	0.124	-242.246	1.0	0.333	90.798	C30H54O9	[M + H3N + H]+	C30H58NO9+	InChI=1S/C30H54O9/c1-16-10-13-19(4)37-29(35)23(8)26(32)18(3)12-15-21(6)39-30(36)24(9)27(33)17(2)11-14-20(5)38-28(34)22(7)25(16)31/h16-27,31-33H,10-15H2,1-9H3	4,12,20-trihydroxy-3,5,8,11,13,16,19,21,24-nonamethyl-1,9,17-trioxacyclotetracosane-2,10,18-trione	CC1CCC(OC(=O)C(C(C(CCC(OC(=O)C(C(C(CCC(OC(=O)C(C1O)C)C)C)O)C)C)C)O)C)C	5.2	162918823;139065675;10674375	COCONUT:(CNP0188209);SUPERNATURAL:(SN0300551);PUBCHEM:(162918823 139065675 10674375);LOTUS:(Q104664556)	271581186.0	576.411	332.0	5.529	7.13687063165117e+17	7.136868283260205e+17	
835	XJGPJMVYQFDHEG	isdb	CCCC/C=C\CCCC(CC(=O)OC(CCCCCCC)CC(=O)O)OC1O[C@@H](C)[C@H](O)[C@@H](O)[C@H]1O																																													5.0	Fatty acids	0.3846153846153846	Fatty acyl glycosides	0.2564102564102564	Rhamnolipids	0.2564102564102564	2.0	0.0	MS1_match	http://www.wikidata.org/entity/Q110170839	XJGPJMVYQFDHEG-HFDPWBFESA-N	InChI=1S/C28H50O9/c1-4-6-8-10-11-13-15-17-22(37-28-27(34)26(33)25(32)20(3)35-28)19-24(31)36-21(18-23(29)30)16-14-12-9-7-5-2/h10-11,20-22,25-28,32-34H,4-9,12-19H2,1-3H3,(H,29,30)/b11-10-/t20-,21?,22?,25-,26+,27+,28?/m0/s1	CCCC/C=C\CCCC(CC(=O)OC(CCCCCCC)CC(=O)O)OC1O[C@@H](C)[C@H](O)[C@@H](O)[C@H]1O	C28H50O9	pos_1_1proton1ethylamine	530.34548318	3-[(Z)-3-[(3R,4R,5R,6S)-3,4,5-trihydroxy-6-methyloxan-2-yl]oxydodec-7-enoyl]oxydecanoic acid	Fatty acids	Fatty acyl glycosides	Rhamnolipids	http://www.wikidata.org/entity/Q131143	Pseudomonas	281374.0	['Bacteria']	['Unknown']	['Proteobacteria']	['Gammaproteobacteria']	['Pseudomonadales']	['Pseudomonadaceae']	['Unknown']	['Pseudomonas']	['Unknown']		['Bacteria']		['Proteobacteria']	['Gammaproteobacteria']	['Pseudomonadales']	['Pseudomonadaceae']		['Pseudomonas']		6.0	3.0	7.5	1.0																								
836	OGUQIDFCSDVEBV	sirius	CCCCCCC(=O)OCC(CO)OC(=O)CCCCCCCC=CCC																																																																																												1.0	1.0	0.277	0.277	-176.076	0.993	0.5	109.701	C22H40O5	[M + H]+	C22H41O5+	InChI=1S/C22H40O5/c1-3-5-7-9-10-11-12-13-15-17-22(25)27-20(18-23)19-26-21(24)16-14-8-6-4-2/h5,7,20,23H,3-4,6,8-19H2,1-2H3	[(2S)-1-heptanoyloxy-3-hydroxypropan-2-yl] (E)-dodec-9-enoate	CCCCCCC(=O)OCC(CO)OC(=O)CCCCCCCC=CCC	6.1	164890017	PUBCHEMANNOTATIONBIO:(null);PUBCHEM:(164890017)	16777218.0	385.295	332.0	5.529	7.136870356882298e+17	7.136868282589116e+17	
837	IZQDFTKFXTWAAO	sirius	CCCCCCCCCCCCCCCC(=O)OC1C(C(OC(C1OC(=O)CCCCC)OCC(C(CO)O)O)COC(=O)C)OC(=O)C																																																																																												1.0	1.0	0.072	0.072	-358.17	0.993	0.329	121.465	C36H64O13	[M + H3N + H]+	C36H68NO13+	InChI=1S/C36H64O13/c1-5-7-9-10-11-12-13-14-15-16-17-18-20-22-31(42)48-34-33(46-27(4)39)30(25-44-26(3)38)47-36(45-24-29(41)28(40)23-37)35(34)49-32(43)21-19-8-6-2/h28-30,33-37,40-41H,5-25H2,1-4H3	Ustilipid A	CCCCCCCCCCCCCCCC(=O)OC1C(C(OC(C1OC(=O)CCCCC)OCC(C(CO)O)O)COC(=O)C)OC(=O)C	7.0	9853151;44214932	COCONUT:(CNP0356412);METACYC:(CPD-25646);SUPERNATURAL:(SN0159570);PUBCHEM:(9853151 44214932);LOTUS:(Q105123369);KNAPSACK:(IZQDFTKFXTWAAO-UHFFFAOYSA-N)	271583250.0	722.469	340.0	5.67	7.136870590924477e+17	7.13686828346992e+17	
839	YVOFDUHVTLZRBY	sirius	CC1C=CC(=CC(CC=CC(=CCCC(C=CC=CC(C(OC(=O)C(=C1)C)C(=CC=C(C)CNC(=O)C(CO)NC=O)C)C)OC)C)OC)C																																																																																												1.0	2.0	0.04	0.04	-504.427	0.336	0.333	222.76	C41H60N2O7	[M + H3N + H]+	C41H64N3O7+	InChI=1S/C41H60N2O7/c1-29-14-12-18-36(48-8)17-11-10-16-33(5)39(34(6)23-22-32(4)26-42-40(46)38(27-44)43-28-45)50-41(47)35(7)24-30(2)20-21-31(3)25-37(49-9)19-13-15-29/h10-11,13-17,20-25,28,30,33,36-39,44H,12,18-19,26-27H2,1-9H3,(H,42,46)(H,43,45)	N-[5-(8,16-dimethoxy-3,12,18,21,23-pentamethyl-24-oxo-1-oxacyclotetracosa-4,6,11,13,17,19,22-heptaen-2-yl)-2-methylhexa-2,4-dien-1-yl]-3-hydroxy-2-formamidopropanamide	CC1C=CC(=CC(CC=CC(=CCCC(C=CC=CC(C(OC(=O)C(=C1)C)C(=CC=C(C)CNC(=O)C(CO)NC=O)C)C)OC)C)OC)C	7.2	101226508;21776772;16061530;23426166;162882748;162882749;6443364;10462325;73229557;165365928;131866497;24203378;10985331	COCONUT:(CNP0148732);CHEBI:(77759);SUPERNATURAL:(SN0461437);MESH:(10985331);PUBCHEM:(101226508 21776772 16061530 23426166 162882748 162882749 6443364 10462325 73229557 165365928 131866497 24203378 10985331);DSSTox:(DTXSID701098118);LOTUS:(Q27147352);PUBMED:(null)	137710534758.0	710.468	346.0	5.763	7.13687061097325e+17	7.13686828388935e+17	
840	IZQDFTKFXTWAAO	sirius	CCCCCCCCCCCCCCCC(=O)OC1C(C(OC(C1OC(=O)CCCCC)OCC(C(CO)O)O)COC(=O)C)OC(=O)C																																																																																												1.0	1.0	0.089	0.089	-356.449	0.993	0.331	226.804	C36H64O13	[M + H3N + H]+	C36H68NO13+	InChI=1S/C36H64O13/c1-5-7-9-10-11-12-13-14-15-16-17-18-20-22-31(42)48-34-33(46-27(4)39)30(25-44-26(3)38)47-36(45-24-29(41)28(40)23-37)35(34)49-32(43)21-19-8-6-2/h28-30,33-37,40-41H,5-25H2,1-4H3	Ustilipid A	CCCCCCCCCCCCCCCC(=O)OC1C(C(OC(C1OC(=O)CCCCC)OCC(C(CO)O)O)COC(=O)C)OC(=O)C	7.0	9853151;44214932	COCONUT:(CNP0356412);METACYC:(CPD-25646);SUPERNATURAL:(SN0159570);PUBCHEM:(9853151 44214932);LOTUS:(Q105123369);KNAPSACK:(IZQDFTKFXTWAAO-UHFFFAOYSA-N)	271583250.0	722.468	347.0	5.785	7.136870641507785e+17	7.136868284141009e+17	
842	IYWGTNSIMCFHSX	sirius	CCCCCCCCCCCCCC(=O)NC(CC(=O)N)C(=O)NC(CCC(=O)N)C(=O)NC(CC(C)C)C=O																																																																																												1.0	1.0	0.261	0.261	-209.275	0.362	0.333	210.293	C29H53N5O6	[M - H2O + H]+	C29H52N5O5+	InChI=1S/C29H53N5O6/c1-4-5-6-7-8-9-10-11-12-13-14-15-27(38)33-24(19-26(31)37)29(40)34-23(16-17-25(30)36)28(39)32-22(20-35)18-21(2)3/h20-24H,4-19H2,1-3H3,(H2,30,36)(H2,31,37)(H,32,39)(H,33,38)(H,34,40)	myristoyl-Asn-Gln-Leu-al	CCCCCCCCCCCCCC(=O)NC(CC(=O)N)C(=O)NC(CCC(=O)N)C(=O)NC(CC(C)C)C=O	3.8	53493312	PUBCHEM:(53493312);PUBMED	66.0	550.395	347.0	5.791	7.136870433050865e+17	7.136868284560439e+17	
842	PPMPLIBYTIWXPG	isdb	CCCCCCC[C@H](CC(=O)O)OC(=O)C[C@@H](CCCCCCC)O[C@@H]1O[C@@H](C)[C@H](O)[C@@H](O)[C@H]1O																																													5.0	Fatty acids	0.3846153846153846	Fatty acyl glycosides	0.2564102564102564	Rhamnolipids	0.2564102564102564	1.0	0.0	MS1_match	http://www.wikidata.org/entity/Q105212961	PPMPLIBYTIWXPG-TXRCGMDISA-N	InChI=1S/C26H48O9/c1-4-6-8-10-12-14-19(16-21(27)28)34-22(29)17-20(15-13-11-9-7-5-2)35-26-25(32)24(31)23(30)18(3)33-26/h18-20,23-26,30-32H,4-17H2,1-3H3,(H,27,28)/t18-,19+,20+,23-,24+,25+,26-/m0/s1	CCCCCCC[C@H](CC(=O)O)OC(=O)C[C@@H](CCCCCCC)O[C@@H]1O[C@@H](C)[C@H](O)[C@@H](O)[C@H]1O	C26H48O9	pos_1_1proton1ethylamine	504.329833116	(3R)-3-[(3R)-3-[(2R,3R,4R,5R,6S)-3,4,5-trihydroxy-6-methyloxan-2-yl]oxydecanoyl]oxydecanoic acid	Fatty acids	Fatty acyl glycosides	Rhamnolipids	http://www.wikidata.org/entity/Q31856	Pseudomonas aeruginosa	216671.0	['Bacteria']	['Unknown']	['Proteobacteria']	['Gammaproteobacteria']	['Pseudomonadales']	['Pseudomonadaceae']	['Unknown']	['Pseudomonas']	['Pseudomonas aeruginosa']		['Bacteria']		['Proteobacteria']	['Gammaproteobacteria']	['Pseudomonadales']	['Pseudomonadaceae']		['Pseudomonas']	['Pseudomonas aeruginosa']	7.0	3.0	8.5	1.0																								
843	LOESYQOOVAOFJL	sirius	CCCCCCCCCC(CC(=O)OC(CCCCCCC)CC(=O)O)OC1C(C(C(C(O1)C)O)O)O																																																																																												1.0	1.0	0.128	0.183	-203.811	1.0	0.997	41.192	C28H52O9	[M + Na]+	C28H52NaO9+	InChI=1S/C28H52O9/c1-4-6-8-10-11-13-15-17-22(37-28-27(34)26(33)25(32)20(3)35-28)19-24(31)36-21(18-23(29)30)16-14-12-9-7-5-2/h20-22,25-28,32-34H,4-19H2,1-3H3,(H,29,30)		CCCCCCCCCC(CC(=O)OC(CCCCCCC)CC(=O)O)OC1C(C(C(C(O1)C)O)O)O	5.719		LIPIDMAPS:(LMFA13030013)	2147483648.0	555.35	347.0	5.791	7.136870537027668e+17	7.136868284770154e+17	
844	CARLURCVFKTIGN	isdb																																														5.0	Fatty acids	0.3846153846153846	Fatty acyl glycosides	0.2564102564102564	Rhamnolipids	0.2564102564102564	1.0	0.40989003	ISDB															['Unknown']	['Unknown']	['Unknown']	['Unknown']	['Unknown']	['Unknown']	['Unknown']	['Unknown']	['Unknown']											0.0	0.0	1.6395601034164429	1.0																								
844	OIZUFAJVECZZKT	sirius	CCCCCCCC(=O)OCC(CCCCO)OC(=O)CCCCCCC																																																																																												1.0	1.0	0.176	0.176	-108.105	0.995	0.5	242.389	C22H42O5	[M + H]+	C22H43O5+	InChI=1S/C22H42O5/c1-3-5-7-9-11-16-21(24)26-19-20(15-13-14-18-23)27-22(25)17-12-10-8-6-4-2/h20,23H,3-19H2,1-2H3	1,2-Dioctanoyl-1,2,6-hexanetriol	CCCCCCCC(=O)OCC(CCCCO)OC(=O)CCCCCCC	6.4	44237316	METACYC:(CPD0-1761);CHEBI:(183139);PUBCHEM:(44237316)	2082.0	387.31	347.0	5.791	7.136870433008922e+17	7.136868284350724e+17	
845	WMDBOPHOMUTUIP	sirius	CCCCCCCCCCCC(CC(=O)OC(CCCCCCC)CC(=O)O)OC1C(C(C(C(O1)C)O)O)O																																																																																												1.0	1.0	0.172	0.172	-173.299	0.999	0.333	85.884	C30H56O9	[M + H3N + H]+	C30H60NO9+	InChI=1S/C30H56O9/c1-4-6-8-10-11-12-13-15-17-19-24(39-30-29(36)28(35)27(34)22(3)37-30)21-26(33)38-23(20-25(31)32)18-16-14-9-7-5-2/h22-24,27-30,34-36H,4-21H2,1-3H3,(H,31,32)	3-[3-[(2R,4S,5R)-3,4,5-trihydroxy-6-methyloxan-2-yl]oxytetradecanoyloxy]decanoic acid	CCCCCCCCCCCC(CC(=O)OC(CCCCCCC)CC(=O)O)OC1C(C(C(C(O1)C)O)O)O	6.9	162510911	LIPIDMAPS:(LMFA13030014);PUBCHEM:(162510911)	2147483650.0	578.426	348.0	5.793	7.136870564248703e+17	7.136868285231528e+17	
846	PENPRZAXLOOBOV	sirius	CCCCCCCCCCCCCCCCCC1=CC(=O)C2=CC=CC=C2N1O																																																																																												1.0	1.0	0.961	0.961	-115.797	1.0	0.333	56.385	C26H41NO2	[M - H2O + H]+	C26H40NO+	InChI=1S/C26H41NO2/c1-2-3-4-5-6-7-8-9-10-11-12-13-14-15-16-19-23-22-26(28)24-20-17-18-21-25(24)27(23)29/h17-18,20-22,29H,2-16,19H2,1H3	2-Heptadecyl-4-hydroxyquinoline 1-oxide	CCCCCCCCCCCCCCCCCC1=CC(=O)C2=CC=CC=C2N1O	10.0	85710217	PUBCHEM:(85710217)	2.0	382.311	351.0	5.845	7.136870429066275e+17	7.136868285441243e+17	
847	IHVJAYGLHCVTTN	sirius	CCCCCCCC=CCCCCCCCC(=O)OC(COC(=O)CCCCC=CCC=CCC=CCC=CCC)COP(=O)(O)OCCN																																																																																												1.0	1.0	0.115	0.194	-277.441	0.352	0.331	218.367	C40H70NO8P	[M + H]+	C40H71NO8P+	InChI=1S/C40H70NO8P/c1-3-5-7-9-11-13-15-17-19-21-22-24-26-28-30-32-39(42)46-36-38(37-48-50(44,45)47-35-34-41)49-40(43)33-31-29-27-25-23-20-18-16-14-12-10-8-6-4-2/h5,7,11,13,16-19,22,24,38H,3-4,6,8-10,12,14-15,20-21,23,25-37,41H2,1-2H3,(H,44,45)	[(2R)-3-[2-aminoethoxy(hydroxy)phosphoryl]oxy-2-[(E)-heptadec-9-enoyl]oxypropyl] (6E,9E,12E,15E)-octadeca-6,9,12,15-tetraenoate	CCCCCCCC=CCCCCCCCC(=O)OC(COC(=O)CCCCC=CCC=CCC=CCC=CCC)COP(=O)(O)OCCN	8.0	134738069;52924448	LIPIDMAPS:(LMGP02010747);PUBCHEM:(134738069 52924448)	2147483650.0	724.484	363.0	6.047	7.13687045779726e+17	7.136868285650958e+17	
848	ACCQJSCHXCOXLT	sirius	CCCCCCCC(CC(=O)O)OC(=O)CC(CCCC=CCCCCCC)OC1C(C(C(C(O1)C)O)O)O																																																																																												1.0	1.0	0.141	0.141	-226.494	0.999	0.333	234.595	C30H54O9	[M + H3N + H]+	C30H58NO9+	InChI=1S/C30H54O9/c1-4-6-8-10-11-12-13-15-17-19-24(39-30-29(36)28(35)27(34)22(3)37-30)21-26(33)38-23(20-25(31)32)18-16-14-9-7-5-2/h12-13,22-24,27-30,34-36H,4-11,14-21H2,1-3H3,(H,31,32)		CCCCCCCC(CC(=O)O)OC(=O)CC(CCCC=CCCCCCC)OC1C(C(C(C(O1)C)O)O)O	6.221		LIPIDMAPS:(LMFA13030018)	2147483648.0	576.411	365.0	6.089	7.136870626576063e+17	7.136868285860673e+17	
848	DCIJAGJQBHKBNH	isdb	CCCCCC/C=C/CC(CC(=O)OC(CCCCCCC)CC(=O)O)O[C@@H]1O[C@@H](C)[C@H](O)[C@@H](O)[C@H]1O																																													5.0	Fatty acids	0.3846153846153846	Fatty acyl glycosides	0.2564102564102564	Rhamnolipids	0.2564102564102564	1.0	0.0	MS1_match	http://www.wikidata.org/entity/Q104975400	DCIJAGJQBHKBNH-IWRMTKMNSA-N	InChI=1S/C28H50O9/c1-4-6-8-10-11-13-15-17-22(37-28-27(34)26(33)25(32)20(3)35-28)19-24(31)36-21(18-23(29)30)16-14-12-9-7-5-2/h13,15,20-22,25-28,32-34H,4-12,14,16-19H2,1-3H3,(H,29,30)/b15-13+/t20-,21?,22?,25-,26+,27+,28-/m0/s1	CCCCCC/C=C/CC(CC(=O)OC(CCCCCCC)CC(=O)O)O[C@@H]1O[C@@H](C)[C@H](O)[C@@H](O)[C@H]1O	C28H50O9	pos_1_1proton1ethylamine	530.34548318	3-[(E)-3-[(2R,3R,4R,5R,6S)-3,4,5-trihydroxy-6-methyloxan-2-yl]oxydodec-5-enoyl]oxydecanoic acid	Fatty acids	Fatty acyl glycosides	Rhamnolipids	http://www.wikidata.org/entity/Q131143	Pseudomonas	281374.0	['Bacteria']	['Unknown']	['Proteobacteria']	['Gammaproteobacteria']	['Pseudomonadales']	['Pseudomonadaceae']	['Unknown']	['Pseudomonas']	['Unknown']		['Bacteria']		['Proteobacteria']	['Gammaproteobacteria']	['Pseudomonadales']	['Pseudomonadaceae']		['Pseudomonas']		6.0	3.0	7.5	1.0																								
848	GWXLTEUAMDVFFH	isdb	CCCC/C=C/CC(CC(=O)OC(CCCCCCCCC)CC(=O)O)O[C@@H]1O[C@@H](C)[C@H](O)[C@@H](O)[C@H]1O																																													5.0	Fatty acids	0.3846153846153846	Fatty acyl glycosides	0.2564102564102564	Rhamnolipids	0.2564102564102564	1.0	0.0	MS1_match	http://www.wikidata.org/entity/Q105022873	GWXLTEUAMDVFFH-SBYIBVSJSA-N	InChI=1S/C28H50O9/c1-4-6-8-10-11-13-15-16-21(18-23(29)30)36-24(31)19-22(17-14-12-9-7-5-2)37-28-27(34)26(33)25(32)20(3)35-28/h12,14,20-22,25-28,32-34H,4-11,13,15-19H2,1-3H3,(H,29,30)/b14-12+/t20-,21?,22?,25-,26+,27+,28-/m0/s1	CCCC/C=C/CC(CC(=O)OC(CCCCCCCCC)CC(=O)O)O[C@@H]1O[C@@H](C)[C@H](O)[C@@H](O)[C@H]1O	C28H50O9	pos_1_1proton1ethylamine	530.34548318	3-[(E)-3-[(2R,3R,4R,5R,6S)-3,4,5-trihydroxy-6-methyloxan-2-yl]oxydec-5-enoyl]oxydodecanoic acid	Fatty acids	Fatty acyl glycosides	Rhamnolipids	http://www.wikidata.org/entity/Q131143	Pseudomonas	281374.0	['Bacteria']	['Unknown']	['Proteobacteria']	['Gammaproteobacteria']	['Pseudomonadales']	['Pseudomonadaceae']	['Unknown']	['Pseudomonas']	['Unknown']		['Bacteria']		['Proteobacteria']	['Gammaproteobacteria']	['Pseudomonadales']	['Pseudomonadaceae']		['Pseudomonas']		6.0	3.0	7.5	1.0																								
848	XJGPJMVYQFDHEG	isdb	CCCC/C=C\CCCC(CC(=O)OC(CCCCCCC)CC(=O)O)OC1O[C@@H](C)[C@H](O)[C@@H](O)[C@H]1O																																													5.0	Fatty acids	0.3846153846153846	Fatty acyl glycosides	0.2564102564102564	Rhamnolipids	0.2564102564102564	1.0	0.0	MS1_match	http://www.wikidata.org/entity/Q110170839	XJGPJMVYQFDHEG-HFDPWBFESA-N	InChI=1S/C28H50O9/c1-4-6-8-10-11-13-15-17-22(37-28-27(34)26(33)25(32)20(3)35-28)19-24(31)36-21(18-23(29)30)16-14-12-9-7-5-2/h10-11,20-22,25-28,32-34H,4-9,12-19H2,1-3H3,(H,29,30)/b11-10-/t20-,21?,22?,25-,26+,27+,28?/m0/s1	CCCC/C=C\CCCC(CC(=O)OC(CCCCCCC)CC(=O)O)OC1O[C@@H](C)[C@H](O)[C@@H](O)[C@H]1O	C28H50O9	pos_1_1proton1ethylamine	530.34548318	3-[(Z)-3-[(3R,4R,5R,6S)-3,4,5-trihydroxy-6-methyloxan-2-yl]oxydodec-7-enoyl]oxydecanoic acid	Fatty acids	Fatty acyl glycosides	Rhamnolipids	http://www.wikidata.org/entity/Q131143	Pseudomonas	281374.0	['Bacteria']	['Unknown']	['Proteobacteria']	['Gammaproteobacteria']	['Pseudomonadales']	['Pseudomonadaceae']	['Unknown']	['Pseudomonas']	['Unknown']		['Bacteria']		['Proteobacteria']	['Gammaproteobacteria']	['Pseudomonadales']	['Pseudomonadaceae']		['Pseudomonas']		6.0	3.0	7.5	1.0																								
849	WMDBOPHOMUTUIP	sirius	CCCCCCCCCCCC(CC(=O)OC(CCCCCCC)CC(=O)O)OC1C(C(C(C(O1)C)O)O)O																																																																																												1.0	1.0	0.38	0.38	-120.415	1.0	0.333	229.881	C30H56O9	[M + H3N + H]+	C30H60NO9+	InChI=1S/C30H56O9/c1-4-6-8-10-11-12-13-15-17-19-24(39-30-29(36)28(35)27(34)22(3)37-30)21-26(33)38-23(20-25(31)32)18-16-14-9-7-5-2/h22-24,27-30,34-36H,4-21H2,1-3H3,(H,31,32)	3-[3-[(2R,4S,5R)-3,4,5-trihydroxy-6-methyloxan-2-yl]oxytetradecanoyloxy]decanoic acid	CCCCCCCCCCCC(CC(=O)OC(CCCCCCC)CC(=O)O)OC1C(C(C(C(O1)C)O)O)O	6.9	162510911	LIPIDMAPS:(LMFA13030014);PUBCHEM:(162510911)	2147483650.0	578.427	380.0	6.336	7.136870405410397e+17	7.13686828607039e+17	
850	IQMAASXLMDIWRF	sirius	C#CCN1C=CC=N1																																																																																												1.0	1.0	0.096	0.096	-31.622	1.0	0.333	34.183	C6H6N2	[M + H3N + H]+	C6H10N3+	InChI=1S/C6H6N2/c1-2-5-8-6-3-4-7-8/h1,3-4,6H,5H2	1-(prop-2-yn-1-yl)-1H-pyrazole	C#CCN1C=CC=N1	0.854	11768523	PUBCHEMANNOTATIONSAFETYANDTOXIC:(null);PUBCHEM:(11768523)	67108866.0	124.087	448.0	7.474	7.136870459474982e+17	7.136868286280105e+17	
850	URMVFILWXLQJIP	isdb																																														119.0							1.0	0.5688335	ISDB															['Unknown']	['Unknown']	['Unknown']	['Unknown']	['Unknown']	['Unknown']	['Unknown']	['Unknown']	['Unknown']											0.0	0.0	2.275333881378174	1.0																								
851	URMVFILWXLQJIP	isdb																																														119.0							1.0	0.5719994	ISDB															['Unknown']	['Unknown']	['Unknown']	['Unknown']	['Unknown']	['Unknown']	['Unknown']	['Unknown']	['Unknown']											0.0	0.0	2.2879974842071533	1.0																								
851	ZDHWTWWXCXEGIC	sirius	C=CC1=NC=CC=N1																																																																																												1.0	1.0	0.306	0.367	-36.925	0.998	0.319	28.836	C6H6N2	[M + H3N + H]+	C6H10N3+	InChI=1S/C6H6N2/c1-2-6-7-4-3-5-8-6/h2-5H,1H2	2-Vinylpyrimidine	C=CC1=NC=CC=N1	0.902	10125052	PUBCHEMANNOTATIONSAFETYANDTOXIC:(null);PUBCHEM:(10125052);DSSTox:(DTXSID80435851)	137506062338.0	124.087	465.0	7.754	7.136870330542066e+17	7.13686828648982e+17	
852	IQMAASXLMDIWRF	sirius	C#CCN1C=CC=N1																																																																																												1.0	1.0	0.062	0.062	-35.777	0.999	0.333	33.543	C6H6N2	[M + H3N + H]+	C6H10N3+	InChI=1S/C6H6N2/c1-2-5-8-6-3-4-7-8/h1,3-4,6H,5H2	1-(prop-2-yn-1-yl)-1H-pyrazole	C#CCN1C=CC=N1	0.854	11768523	PUBCHEMANNOTATIONSAFETYANDTOXIC:(null);PUBCHEM:(11768523)	67108866.0	124.087	490.0	8.16	7.13687039744122e+17	7.136868286699535e+17	
852	URMVFILWXLQJIP	isdb																																														119.0							1.0	0.5738786	ISDB															['Unknown']	['Unknown']	['Unknown']	['Unknown']	['Unknown']	['Unknown']	['Unknown']	['Unknown']	['Unknown']											0.0	0.0	2.2955143451690674	1.0																								
853	CLZAHPNIIBPCBI	sirius	C(C(C(=O)N)N)[SeH]																																																																																												1.0	1.0	0.022	0.022	-118.117	0.753	0.152	3.316	C3H8N2OSe	[M - H2O + H]+	C3H7N2Se+	InChI=1S/C3H8N2OSe/c4-2(1-7)3(5)6/h2,7H,1,4H2,(H2,5,6)	3-selanyl-L-alaninamide	C(C(C(=O)N)N)[SeH]	-1.909	162679619	PUBCHEMANNOTATIONBIO:(null);PUBCHEM:(162679619)	16777218.0	144.982	501.0	8.357	7.136870483088915e+17	7.13686828690925e+17	
854	HDYZARWVRHUPFD	sirius	CN(C)CCCCN1CCCC1																																																																																												1.0	3.0	0.42	0.42	-64.093	0.041	0.333	24.567	C10H22N2	[M + H]+	C10H23N2+	InChI=1S/C10H22N2/c1-11(2)7-3-4-8-12-9-5-6-10-12/h3-10H2,1-2H3	N,N-Dimethylpyrrolidine-1-butylamine	CN(C)CCCCN1CCCC1	1.5	11970965	NORMAN:(NS00039003);PUBCHEM:(11970965);DSSTox:(DTXSID40234847)	137439215618.0	171.186	501.0	8.357	7.136870516601407e+17	7.136868287118966e+17	
855	PBXVYKHISUQHKY	isdb	[C-]#[N+]c1cc2cc(O)c(O)cc2oc1=O																																													107.0	Fatty acids	0.5	Coumarins	0.5	Dicarboxylic acids	0.5	1.0	0.0	MS1_match	http://www.wikidata.org/entity/Q104194255	PBXVYKHISUQHKY-UHFFFAOYSA-N	InChI=1S/C10H5NO4/c1-11-6-2-5-3-7(12)8(13)4-9(5)15-10(6)14/h2-4,12-13H	[C-]#[N+]c1cc2cc(O)c(O)cc2oc1=O	C10H5NO4	pos_1_1sodium	203.02185764	6,7-Dihydroxy-3-isocyanochromen-2-one	Shikimates and Phenylpropanoids	Coumarins	Simple coumarins	http://www.wikidata.org/entity/Q31856	Pseudomonas aeruginosa	216671.0	['Bacteria']	['Unknown']	['Proteobacteria']	['Gammaproteobacteria']	['Pseudomonadales']	['Pseudomonadaceae']	['Unknown']	['Pseudomonas']	['Pseudomonas aeruginosa']		['Bacteria']		['Proteobacteria']	['Gammaproteobacteria']	['Pseudomonadales']	['Pseudomonadaceae']		['Pseudomonas']	['Pseudomonas aeruginosa']	7.0	2.0	8.0	1.0																								
856	GFNAELFDXMUWSU	sirius	CC1=CC(=NC(=N1)CO)Cl																																																																																												1.0	1.0	0.126	0.126	-154.317	0.972	0.561	15.867	C6H7ClN2O	[M + Na]+	C6H7ClN2NaO+	InChI=1S/C6H7ClN2O/c1-4-2-5(7)9-6(3-10)8-4/h2,10H,3H2,1H3	(4-Chloro-6-methylpyrimidin-2-yl)methanol	CC1=CC(=NC(=N1)CO)Cl	0.7	80663195	PUBCHEMANNOTATIONSAFETYANDTOXIC;PUBCHEM:(80663195)	67108866.0	181.015	504.0	8.403	7.13687033708518e+17	7.136868287748111e+17	
857	KPGXRSRHYNQIFN	isdb	O=C(O)CCC(=O)C(=O)O																																													107.0	Fatty acids	0.5	Coumarins	0.5	Dicarboxylic acids	0.5	1.0	0.0	MS1_match	http://www.wikidata.org/entity/Q306140	KPGXRSRHYNQIFN-UHFFFAOYSA-N	InChI=1S/C5H6O5/c6-3(5(9)10)1-2-4(7)8/h1-2H2,(H,7,8)(H,9,10)	O=C(O)CCC(=O)C(=O)O	C5H6O5	pos_1_1potassium	146.021523292	Hydron;2-oxopentanedioate	Fatty acids	Fatty Acids and Conjugates	Dicarboxylic acids	http://www.wikidata.org/entity/Q2738168	Pseudomonas putida	619502.0	['Bacteria']	['Unknown']	['Proteobacteria']	['Gammaproteobacteria']	['Pseudomonadales']	['Pseudomonadaceae']	['Unknown']	['Pseudomonas']	['Pseudomonas putida']		['Bacteria']		['Proteobacteria']	['Gammaproteobacteria']	['Pseudomonadales']	['Pseudomonadaceae']		['Pseudomonas']		6.0	3.0	7.5	1.0																								
857	VMLNPJDEXLLCQG	gnps	CC1C(O1)C2=CC(OC2=O)C(C)O	CCMSLIB00011906249	spectra_filtered.mgf	TUEBINGEN-NATURAL-PRODUCT-COLLECTION.mgf	0.988285	54060600.0	0.0	515.439	8.0	0.0953979	184.986	1.0	temp/spectra_filtered.mgf857	1.0	Asperlactone	ESI	Orbitrap	Isolated	Daniel Petras	"""Giovanni Andrea Vitale, Christian Geibel"""	M+H	185.081	184.074	1.0			CC1C(O1)C2=CC(OC2=O)C(C)O	InChI=1S/C9H12O4/c1-4(10)7-3-6(9(11)13-7)8-5(2)12-8/h3-5,7-8,10H,1-2H3		1.0	Positive	TUEBINGEN-NATURAL-PRODUCT-COLLECTION	185.081	UPDATE-SINGLE-ANNOTATED-GOLD	Gold		C9H12O4	VMLNPJDEXLLCQG-UHFFFAOYSA-N	Organoheterocyclic compounds	Dihydrofurans	Furanones	Cyclic polyketides		Polyketides	mzspec:GNPS:GNPS-LIBRARY:CCMSLIB00011906249																																																																							
858	DPOKMBBVMINBAF	sirius	CNC(=O)C#CCl																																																																																												1.0	1.0	0.121	0.121	-52.687	0.958	0.96	6.52	C4H4ClNO	[M + Na]+	C4H4ClNNaO+	InChI=1S/C4H4ClNO/c1-6-4(7)2-3-5/h1H3,(H,6,7)	3-chloro-N-methylprop-2-ynamide	CNC(=O)C#CCl	1.0	19434636	PUBCHEM:(19434636)	2.0	139.988	504.0	8.404	7.136870357595329e+17	7.136868287957827e+17	
859	BSMXUUQWSKXVJY	sirius	C1=CC(=C(C(=C1)Cl)F)C=C[N+](=O)[O-]																																																																																												1.0	1.0	0.029	0.029	-191.582	1.0	1.0	64.0	C8H5ClFNO2	[M + Na]+	C8H5ClFNNaO2+	InChI=1S/C8H5ClFNO2/c9-7-3-1-2-6(8(7)10)4-5-11(12)13/h1-5H	1-Chloro-2-fluoro-3-(2-nitrovinyl)benzene	C1=CC(=C(C(=C1)Cl)F)C=C[N+](=O)[O-]	2.9	140792295;114488521	PUBCHEMANNOTATIONSAFETYANDTOXIC:(null);PUBCHEM:(140792295 114488521)	67108866.0	223.989	505.0	8.41	7.136870475119738e+17	7.136868288209485e+17	
862	BYNBJNABVGIMKZ	gnps	COC(=O)c1ccc2c(c1)C(=O)C(=Cc1cc(OC)c(OC)c(OC)c1)O2	CCMSLIB00010104459	spectra_filtered.mgf	BERKELEY-LAB.mgf	0.94876	37884300.0	0.0	12.8353	6.0	0.00267029	208.039	1.0	temp/spectra_filtered.mgf862	1.0	"""methyl 3-oxo-2-[(3,4,5-trimethoxyphenyl)methylene]benzo[b]furan-5-carboxylate CollisionEnergy:102040"""	LC-ESI	Orbitrap	Commercial	Trent Northen	JGI	M+2Na]	208.042	0.0	1.0			COC(=O)c1ccc2c(c1)C(=O)C(=Cc1cc(OC)c(OC)c(OC)c1)O2	"""InChI=1S/C20H18O7/c1-23-16-8-11(9-17(24-2)19(16)25-3)7-15-18(21)13-10-12(20(22)26-4)5-6-14(13)27-15/h5-10H,1-4H3/b15-7+"""		3.0	Positive	BERKELEY-LAB	208.042	UPDATE-SINGLE-ANNOTATED-BRONZE	Bronze		C20H18O7	BYNBJNABVGIMKZ-UHFFFAOYSA-N				Flavonoids	Aurones	Shikimates and Phenylpropanoids	mzspec:GNPS:GNPS-LIBRARY:CCMSLIB00010104459																																																																							
862	GLVSVKSIYXDZHY	sirius	C1=CC=C2C(=C1)C3=C(C2=O)C=CC(=C3)[N+](=O)[O-]																																																																																												1.0	5.0	0.014	0.02	-176.152	0.056	0.001	31.006	C13H7NO3	[M - H2O + H]+	C13H6NO2+	InChI=1S/C13H7NO3/c15-13-10-4-2-1-3-9(10)12-7-8(14(16)17)5-6-11(12)13/h1-7H	3-Nitro-9-fluorenone	C1=CC=C2C(=C1)C3=C(C2=O)C=CC(=C3)[N+](=O)[O-]	3.004	39141	NORMAN:(NS00031103);PUBCHEMANNOTATIONSAFETYANDTOXIC;MESH:(39141);PUBCHEM:(39141);DSSTox:(DTXSID9075325);PUBMED	137506324550.0	208.039	505.0	8.414	7.136870469499369e+17	7.1368682884192e+17	
863	JYNVWMVFQMXVNJ	sirius	C1=CC(=C=O)C(=C=O)C(=C1)C=C=C=O																																																																																												1.0	1.0	-inf	-inf	-67.454	1.0	0.046	11.63	C11H4O3	[M - H2O + H]+	C11H3O2+	InChI=1S/C11H4O3/c12-6-2-5-9-3-1-4-10(7-13)11(9)8-14/h1,3-5H		C1=CC(=C=O)C(=C=O)C(=C1)C=C=C=O	1.2	139937177	PUBCHEM:(139937177)	2.0	167.013	505.0	8.412	7.136870447856759e+17	7.136868289132232e+17	
864	DROVKFBGHINOBG	sirius	C=C(COC(=O)C(=O)Cl)Cl																																																																																												1.0	4.0	0.025	0.025	-113.988	0.113	0.192	45.919	C5H4Cl2O3	[M + H3N + H]+	C5H8Cl2NO3+	InChI=1S/C5H4Cl2O3/c1-3(6)2-10-5(9)4(7)8/h1-2H2	2-Chloroprop-2-en-1-yl chloro(oxo)acetate	C=C(COC(=O)C(=O)Cl)Cl	2.1	14153243	PUBCHEMANNOTATIONSAFETYANDTOXIC:(null);PUBCHEM:(14153243);DSSTox:(DTXSID80556717)	137506062338.0	199.988	512.0	8.526	7.136870332932819e+17	7.13686828938389e+17	
864	PYUSHNKNPOHWEZ	gnps	CSCCC(N=CO)C(=O)O	CCMSLIB00010123304	spectra_filtered.mgf	BERKELEY-LAB.mgf	0.708859	11686300.0	0.0	235.249	7.0	0.0470581	199.988	1.0	temp/spectra_filtered.mgf864	1.0	fMet CollisionEnergy:205060	LC-ESI	Orbitrap	Commercial	Trent Northen	JGI	M+Na	200.035	0.0	1.0			CSCCC(N=CO)C(=O)O	"""InChI=1S/C6H11NO3S/c1-11-3-2-5(6(9)10)7-4-8/h4-5H,2-3H2,1H3,(H,7,8)(H,9,10)/t5-/m1/s1"""		3.0	Positive	BERKELEY-LAB	200.035	UPDATE-SINGLE-ANNOTATED-BRONZE	Bronze		C6H11NO3S	PYUSHNKNPOHWEZ-UHFFFAOYSA-N	Organic acids and derivatives	Carboxylic acids and derivatives	Amino acids, peptides, and analogues			Amino acids and Peptides	mzspec:GNPS:GNPS-LIBRARY:CCMSLIB00010123304																																																																							
865	KKADPXVIOXHVKN	gnps	O=C(O)C(=O)CC1=CC=C(O)C=C1	CCMSLIB00013639059	spectra_filtered.mgf	WINE-DB-ORBITRAP.mgf	0.935408	33950500.0	0.0	1.50099	7.0	0.000274658	182.985	1.0	temp/spectra_filtered.mgf865	1.0	4-Hydroxyphenylpyruvic_acid	ESI	Orbitrap	Commercial	Axel_Marchal	TE_MLS	M+H	182.985	180.16	1.0	156-39-8		O=C(O)C(=O)CC1=CC=C(O)C=C1	InChI=1S/C9H8O4/c10-7-3-1-6(2-4-7)5-8(11)9(12)13/h1-4,10H,5H2,(H,12,13)		1.0	Positive	WINE-DB-ORBITRAP	182.985	UPDATE-SINGLE-ANNOTATED-GOLD	Gold		C9H8O4	KKADPXVIOXHVKN-UHFFFAOYSA-N	Benzenoids	Benzene and substituted derivatives	Phenylpyruvic acid derivatives			Shikimates and Phenylpropanoids	mzspec:GNPS:GNPS-LIBRARY:CCMSLIB00013639059																																																																							
867	OPSHPJNGHQXCNF	sirius	C=C=CP(=O)(O)O																																																																																												1.0	3.0	0.4	0.4	-14.279	0.087	0.692	46.147	C3H5O3P	[M + K]+	C3H5KO3P+	InChI=1S/C3H5O3P/c1-2-3-7(4,5)6/h3H,1H2,(H2,4,5,6)	Propadienylphosphonic acid	C=C=CP(=O)(O)O	-1.5	23341765;13089797	PUBCHEM:(23341765 13089797);DSSTox:(DTXSID80517863);PUBMED	137438953538.0	158.961	524.0	8.725	7.136870428479072e+17	7.136868289971092e+17	
