SpectrumID	#Scan#	SpectrumFile	LibraryName	MQScore	TIC_Query	RT_Query	MZErrorPPM	SharedPeaks	MassDiff	SpecMZ	SpecCharge	FileScanUniqueID	NumberHits	Compound_Name	Ion_Source	Instrument	Compound_Source	PI	Data_Collector	Adduct	Precursor_MZ	ExactMass	Charge	CAS_Number	Pubmed_ID	Smiles	INCHI	INCHI_AUX	Library_Class	IonMode	Organism	LibMZ	UpdateWorkflowName	LibraryQualityString	tags	molecular_formula	InChIKey	InChIKey-Planar	superclass	class	subclass	npclassifier_superclass	npclassifier_class	npclassifier_pathway	library_usi
CCMSLIB00003135371	192	spectra_filtered.mgf	GNPS-NIST14-MATCHES.mgf	0.993759	3295160000.0	0	19.3855	6	0.0032196	166.086	1	temp/spectra_filtered.mgf192	1	Spectral Match to DL-Phenylalanine from NIST14	ESI	QQQ	Isolated	Data from Pieter Dorrestein	Data deposited by lfnothias	M+H	166.083	165.079	1	150301	N/A	C1=CC=C(C=C1)CC(C(=O)O)N	InChI=1S/C9H11NO2/c10-8(9(11)12)6-7-4-2-1-3-5-7/h1-5,8H,6,10H2,(H,11,12)	N/A	3	Positive	GNPS-NIST14-MATCHES	166.083	UPDATE-SINGLE-ANNOTATED-BRONZE	Bronze		C9H11NO2	COLNVLDHVKWLRT-UHFFFAOYSA-N	COLNVLDHVKWLRT	Organic acids and derivatives	Carboxylic acids and derivatives	Amino acids, peptides, and analogues	Small peptides	Aminoacids	Amino acids and Peptides|Shikimates and Phenylpropanoids	mzspec:GNPS:GNPS-LIBRARY:CCMSLIB00003135371
CCMSLIB00003136607	393	spectra_filtered.mgf	GNPS-NIST14-MATCHES.mgf	0.993705	616873000.0	0	0.933503	6	0.000228882	245.186	1	temp/spectra_filtered.mgf393	1	Spectral Match to Ile-Leu from NIST14	ESI	QQQ	Isolated	Data from Pieter Dorrestein	Data deposited by lfnothias	M+H	245.186	244.179	1	N/A	N/A	CC[C@H](C)[C@@H](C(=O)N[C@@H](CC(C)C)C(=O)O)N	InChI=1S/C12H24N2O3/c1-5-8(4)10(13)11(15)14-9(12(16)17)6-7(2)3/h7-10H,5-6,13H2,1-4H3,(H,14,15)(H,16,17)/t8-,9-,10-/m0/s1	N/A	3	Positive	GNPS-NIST14-MATCHES	245.186	UPDATE-SINGLE-ANNOTATED-BRONZE	Bronze		C12H24N2O3	JWBXCSQZLLIOCI-GUBZILKMSA-N	JWBXCSQZLLIOCI	Organic acids and derivatives	Carboxylic acids and derivatives	Amino acids, peptides, and analogues	Small peptides	Dipeptides	Amino acids and Peptides	mzspec:GNPS:GNPS-LIBRARY:CCMSLIB00003136607
CCMSLIB00003135371	321	spectra_filtered.mgf	GNPS-NIST14-MATCHES.mgf	0.993623	20833300.0	0	19.3855	6	0.0032196	166.086	1	temp/spectra_filtered.mgf321	1	Spectral Match to DL-Phenylalanine from NIST14	ESI	QQQ	Isolated	Data from Pieter Dorrestein	Data deposited by lfnothias	M+H	166.083	165.079	1	150301	N/A	C1=CC=C(C=C1)CC(C(=O)O)N	InChI=1S/C9H11NO2/c10-8(9(11)12)6-7-4-2-1-3-5-7/h1-5,8H,6,10H2,(H,11,12)	N/A	3	Positive	GNPS-NIST14-MATCHES	166.083	UPDATE-SINGLE-ANNOTATED-BRONZE	Bronze		C9H11NO2	COLNVLDHVKWLRT-UHFFFAOYSA-N	COLNVLDHVKWLRT	Organic acids and derivatives	Carboxylic acids and derivatives	Amino acids, peptides, and analogues	Small peptides	Aminoacids	Amino acids and Peptides|Shikimates and Phenylpropanoids	mzspec:GNPS:GNPS-LIBRARY:CCMSLIB00003135371
CCMSLIB00003138602	597	spectra_filtered.mgf	GNPS-NIST14-MATCHES.mgf	0.989971	13328500.0	0	0.787421	10	0.000167847	213.16	1	temp/spectra_filtered.mgf597	1	Spectral Match to Val-Leu from NIST14	ESI	Q-TOF	Isolated	Data from Pieter Dorrestein	Data deposited by lfnothias	M+H-H2O	213.16	0.0	1	3989977	N/A	N/A	N/A	N/A	3	Positive	GNPS-NIST14-MATCHES	213.16	UPDATE-SINGLE-ANNOTATED-BRONZE	Bronze		N/A	N/A	N/A	N/A	N/A	N/A	N/A	N/A	N/A	mzspec:GNPS:GNPS-LIBRARY:CCMSLIB00003138602
CCMSLIB00011906249	857	spectra_filtered.mgf	TUEBINGEN-NATURAL-PRODUCT-COLLECTION.mgf	0.988285	54060600.0	0	515.439	8	0.0953979	184.986	1	temp/spectra_filtered.mgf857	1	Asperlactone	ESI	Orbitrap	Isolated	Daniel Petras	"""Giovanni Andrea Vitale, Christian Geibel"""	M+H	185.081	184.074	1	N/A	N/A	CC1C(O1)C2=CC(OC2=O)C(C)O	InChI=1S/C9H12O4/c1-4(10)7-3-6(9(11)13-7)8-5(2)12-8/h3-5,7-8,10H,1-2H3	N/A	1	Positive	TUEBINGEN-NATURAL-PRODUCT-COLLECTION	185.081	UPDATE-SINGLE-ANNOTATED-GOLD	Gold		C9H12O4	VMLNPJDEXLLCQG-UHFFFAOYSA-N	VMLNPJDEXLLCQG	Organoheterocyclic compounds	Dihydrofurans	Furanones	Cyclic polyketides		Polyketides	mzspec:GNPS:GNPS-LIBRARY:CCMSLIB00011906249
CCMSLIB00010114693	600	spectra_filtered.mgf	BERKELEY-LAB.mgf	0.986015	4994160.0	0	563.757	6	0.0942078	167.013	1	temp/spectra_filtered.mgf600	1	(S)-(-)-Perillic acid CollisionEnergy:102040	LC-ESI	Orbitrap	Commercial	Trent Northen	JGI	M+H	167.107	0.0	1	N/A	N/A	C=C(C)C1CC=C(C(=O)O)CC1	"""InChI=1S/C10H14O2/c1-7(2)8-3-5-9(6-4-8)10(11)12/h5,8H,1,3-4,6H2,2H3,(H,11,12)/t8-/m1/s1"""	N/A	3	Positive	BERKELEY-LAB	167.107	UPDATE-SINGLE-ANNOTATED-BRONZE	Bronze		C10H14O2	CDSMSBUVCWHORP-UHFFFAOYSA-N	CDSMSBUVCWHORP	Lipids and lipid-like molecules	Prenol lipids	Monoterpenoids	Monoterpenoids	Menthane monoterpenoids	Terpenoids	mzspec:GNPS:GNPS-LIBRARY:CCMSLIB00010114693
CCMSLIB00005724305	682	spectra_filtered.mgf	GNPS-LIBRARY.mgf	0.984279	968226000.0	0	0.844925	12	0.000274658	325.068	1	temp/spectra_filtered.mgf682	1	Pyochelin	LC-ESI	Orbitrap	Isolated	Dawn R.D. Bignell	Jingyu Liu	M+H	325.068	324.06	1	 	443588	CN1C(CSC1C2CSC(=N2)C3=CC=CC=C3O)C(=O)O	InChI=1S/C14H16N2O3S2/c1-16-10(14(18)19)7-21-13(16)9-6-20-12(15-9)8-4-2-3-5-11(8)17/h2-5,9-10,13,17H,6-7H2,1H3,(H,18,19)/t9-,10+,13?/m1/s1	 	3	Positive	GNPS-LIBRARY	325.068	UPDATE-SINGLE-ANNOTATED-BRONZE	Bronze		C14H16N2O3S2	NYBZAGXTZXPYND-UHFFFAOYSA-N	NYBZAGXTZXPYND	Organic acids and derivatives	Carboxylic acids and derivatives	Amino acids, peptides, and analogues	Serine alkaloids	Thiazole alkaloids	Alkaloids	mzspec:GNPS:GNPS-LIBRARY:CCMSLIB00005724305
CCMSLIB00000207717	422	spectra_filtered.mgf	MASSBANK.mgf	0.984024	47269600.0	0	2.60884	6	0.000396729	152.071	1	temp/spectra_filtered.mgf422	1	Massbank:EA024310 Paracetamol|Acetaminophen|N-(4-hydroxyphenyl)acetamide	ESI	LC-ESI-ITFT	Isolated	Putative Massbank Match	Massbank	[M+H]+	152.071	0.0	1	103-90-2	N/A	CC(=O)NC1=CC=C(O)C=C1	1S/C8H9NO2/c1-6(10)9-7-2-4-8(11)5-3-7/h2-5,11H,1H3,(H,9,10)	N/A	3	Positive	MASSBANK	152.071	UPDATE-SINGLE-ANNOTATED-BRONZE	Bronze		C8H9NO2	RZVAJINKPMORJF-UHFFFAOYSA-N	RZVAJINKPMORJF	Benzenoids	Phenols	1-hydroxy-2-unsubstituted benzenoids	Small peptides	Aminoacids	Amino acids and Peptides|Shikimates and Phenylpropanoids	mzspec:GNPS:GNPS-LIBRARY:CCMSLIB00000207717
CCMSLIB00003137398	67	spectra_filtered.mgf	GNPS-NIST14-MATCHES.mgf	0.982941	61921000.0	0	15.9003	9	0.0037384	235.119	1	temp/spectra_filtered.mgf67	1	Spectral Match to His-Pro from NIST14	ESI	qTof	Isolated	Data from Pieter Dorrestein	Data deposited by lfnothias	M+H-H2O	235.115	252.122	1	N/A	N/A	C1C[C@H](N(C1)C(=O)[C@H](CC2=CN=CN2)N)C(=O)O	InChI=1S/C11H16N4O3/c12-8(4-7-5-13-6-14-7)10(16)15-3-1-2-9(15)11(17)18/h5-6,8-9H,1-4,12H2,(H,13,14)(H,17,18)/t8-,9-/m0/s1	N/A	3	Positive	GNPS-NIST14-MATCHES	235.115	UPDATE-SINGLE-ANNOTATED-BRONZE	Bronze		C11H16N4O3	LNCFUHAPNTYMJB-IUCAKERBSA-N	LNCFUHAPNTYMJB	Organic acids and derivatives	Carboxylic acids and derivatives	Amino acids, peptides, and analogues	Small peptides	Dipeptides	Amino acids and Peptides	mzspec:GNPS:GNPS-LIBRARY:CCMSLIB00003137398
CCMSLIB00003138708	563	spectra_filtered.mgf	GNPS-NIST14-MATCHES.mgf	0.982675	142835000.0	0	1.75414	6	0.000549316	313.155	1	temp/spectra_filtered.mgf563	1	Spectral Match to Phe-Phe from NIST14	ESI	Ion Trap	Isolated	Data from Pieter Dorrestein	Data deposited by daniel	M+H	313.154	312.147	1	2577404	N/A	C1=CC=C(C=C1)CC(C(=O)NC(CC2=CC=CC=C2)C(=O)O)N	InChI=1S/C18H20N2O3/c19-15(11-13-7-3-1-4-8-13)17(21)20-16(18(22)23)12-14-9-5-2-6-10-14/h1-10,15-16H,11-12,19H2,(H,20,21)(H,22,23)	N/A	3	Positive	GNPS-NIST14-MATCHES	313.154	UPDATE-SINGLE-ANNOTATED-BRONZE	Bronze		C18H20N2O3	GKZIWHRNKRBEOH-UHFFFAOYSA-N	GKZIWHRNKRBEOH	Organic acids and derivatives	Carboxylic acids and derivatives	Amino acids, peptides, and analogues	Small peptides	Dipeptides	Amino acids and Peptides	mzspec:GNPS:GNPS-LIBRARY:CCMSLIB00003138708
CCMSLIB00003135148	63	spectra_filtered.mgf	GNPS-NIST14-MATCHES.mgf	0.98241	193737000.0	0	1.78886	12	0.000320435	179.128	1	temp/spectra_filtered.mgf63	1	Spectral Match to Pro-Ile-Lys from NIST14	ESI	qTof	Isolated	Data from Pieter Dorrestein	Data deposited by lfnothias	M+2H	179.128	356.242	1	N/A	N/A	CC[C@H](C)[C@@H](C(=O)N[C@@H](CCCCN)C(=O)O)NC(=O)[C@@H]1CCCN1	InChI=1S/C17H32N4O4/c1-3-11(2)14(21-15(22)12-8-6-10-19-12)16(23)20-13(17(24)25)7-4-5-9-18/h11-14,19H,3-10,18H2,1-2H3,(H,20,23)(H,21,22)(H,24,25)/t11-,12-,13-,14-/m0/s1	N/A	3	Positive	GNPS-NIST14-MATCHES	179.128	UPDATE-SINGLE-ANNOTATED-BRONZE	Bronze		C17H32N4O4	LXLFEIHKWGHJJB-XUXIUFHCSA-N	LXLFEIHKWGHJJB	Organic acids and derivatives	Carboxylic acids and derivatives	Amino acids, peptides, and analogues	Small peptides	Dipeptides|Tripeptides	Amino acids and Peptides	mzspec:GNPS:GNPS-LIBRARY:CCMSLIB00003135148
CCMSLIB00003140084	376	spectra_filtered.mgf	GNPS-NIST14-MATCHES.mgf	0.982238	12896600.0	0	1.89795	10	0.000442505	233.149	1	temp/spectra_filtered.mgf376	1	Spectral Match to Thr-Leu from NIST14	ESI	qTof	Isolated	Data from Julia Gauglitz	Data deposited by fevargas	M+H	233.149	232.142	1	50299122	N/A	C[C@H]([C@@H](C(=O)N[C@@H](CC(C)C)C(=O)O)N)O	InChI=1S/C10H20N2O4/c1-5(2)4-7(10(15)16)12-9(14)8(11)6(3)13/h5-8,13H,4,11H2,1-3H3,(H,12,14)(H,15,16)/t6-,7+,8+/m1/s1	N/A	3	Positive	GNPS-NIST14-MATCHES	233.149	UPDATE-SINGLE-ANNOTATED-BRONZE	Bronze		C10H20N2O4	BQBCIBCLXBKYHW-CSMHCCOUSA-N	BQBCIBCLXBKYHW	Organic acids and derivatives	Carboxylic acids and derivatives	Amino acids, peptides, and analogues	Small peptides	Dipeptides	Amino acids and Peptides	mzspec:GNPS:GNPS-LIBRARY:CCMSLIB00003140084
CCMSLIB00013576495	416	spectra_filtered.mgf	CMMC-FOOD-BIOMARKERS.mgf	0.981197	7977050.0	0	1.0106	7	0.000167847	166.086	1	temp/spectra_filtered.mgf416	1	Cinnamic acid (known structural isomers: 1; isobaric peaks in run: 1)	LC-ESI	Orbitrap	Crude	Pieter Dorrestein	Julius	[M+NH4]+	166.086	148.052	1	N/A	N/A	C1=CC=C(C=C1)/C=C/C(=O)O	InChI=1S/C9H8O2/c10-9(11)7-6-8-4-2-1-3-5-8/h1-7H,(H,10,11)/b7-6+	InChI=1S/C9H8O2/c10-9(11)7-6-8-4-2-1-3-5-8/h1-7H,(H,10,11)/b7-6+ [M+NH4]+	1	Positive	CMMC-FOOD-BIOMARKERS	166.086	UPDATE-SINGLE-ANNOTATED-GOLD	Gold		C9H8O2	WBYWAXJHAXSJNI-VOTSOKGWSA-N	WBYWAXJHAXSJNI	Phenylpropanoids and polyketides	Cinnamic acids and derivatives	Cinnamic acids	Phenylpropanoids (C6-C3)	Cinnamic acids and derivatives	Shikimates and Phenylpropanoids	mzspec:GNPS:GNPS-LIBRARY:CCMSLIB00013576495
CCMSLIB00013639057	31	spectra_filtered.mgf	WINE-DB-ORBITRAP.mgf	0.980384	87806900.0	0	2.53152	6	0.00062561	247.129	1	temp/spectra_filtered.mgf31	1	Val-Glu	ESI	Orbitrap	Commercial	Axel_Marchal	TE_MLS	M+H	247.128	246.26	1	3062-07-5	N/A	[C@H](NC([C@H](C(C)C)N)=O)(CCC(O)=O)C(O)=O	InChI=1S/C10H18N2O5/c1-5(2)8(11)9(15)12-6(10(16)17)3-4-7(13)14/h5-6,8H,3-4,11H2,1-2H3,(H,12,15)(H,13,14)(H,16,17)/t6-,8-/m0/s1	N/A	1	Positive	WINE-DB-ORBITRAP	247.128	UPDATE-SINGLE-ANNOTATED-GOLD	Gold		C10H18N2O5	UPJONISHZRADBH-XPUUQOCRSA-N	UPJONISHZRADBH	Organic acids and derivatives	Carboxylic acids and derivatives	Amino acids, peptides, and analogues	Small peptides	Dipeptides	Amino acids and Peptides	mzspec:GNPS:GNPS-LIBRARY:CCMSLIB00013639057
CCMSLIB00003137900	329	spectra_filtered.mgf	GNPS-NIST14-MATCHES.mgf	0.978867	68217900.0	0	0.695843	9	0.000183105	263.142	1	temp/spectra_filtered.mgf329	1	Spectral Match to Ile-Met from NIST14	ESI	QqQ	Isolated	Data from Joshua Wollam	Data deposited by fevargas	M+H	263.142	0.0	1	N/A	N/A	N/A	N/A	N/A	3	Positive	GNPS-NIST14-MATCHES	263.142	UPDATE-SINGLE-ANNOTATED-BRONZE	Bronze	??[Chemical Family]||Adenosine[Chemical Family]	N/A	N/A	N/A	N/A	N/A	N/A	N/A	N/A	N/A	mzspec:GNPS:GNPS-LIBRARY:CCMSLIB00003137900
CCMSLIB00003137527	305	spectra_filtered.mgf	GNPS-NIST14-MATCHES.mgf	0.974374	15680300.0	0	0.0747482	7	203.129	204.136	2	temp/spectra_filtered.mgf305	1	Spectral Match to Phe-Leu-Lys from NIST14	ESI	QQQ	Isolated	Data from Pieter Dorrestein	Data deposited by lfnothias	M+2H	204.136	406.258	1	N/A	N/A	CC(C)C[C@@H](C(=O)N[C@@H](CCCCN)C(=O)O)NC(=O)[C@H](CC1=CC=CC=C1)N	InChI=1S/C21H34N4O4/c1-14(2)12-18(20(27)24-17(21(28)29)10-6-7-11-22)25-19(26)16(23)13-15-8-4-3-5-9-15/h3-5,8-9,14,16-18H,6-7,10-13,22-23H2,1-2H3,(H,24,27)(H,25,26)(H,28,29)/t16-,17-,18-/m0/s1	N/A	3	Positive	GNPS-NIST14-MATCHES	204.136	UPDATE-SINGLE-ANNOTATED-BRONZE	Bronze		C21H34N4O4	LRBSWBVUCLLRLU-BZSNNMDCSA-N	LRBSWBVUCLLRLU	Organic acids and derivatives	Carboxylic acids and derivatives	Amino acids, peptides, and analogues	Small peptides	Tripeptides	Amino acids and Peptides	mzspec:GNPS:GNPS-LIBRARY:CCMSLIB00003137527
CCMSLIB00012288639	557	spectra_filtered.mgf	MSNLIB-POSITIVE.mgf	0.974136	59387600.0	0	1.7264	7	0.000457764	265.155	1	temp/spectra_filtered.mgf557	1	H-VAL-PHE-OH	ESI	Orbitrap	Crude	Tomas Pluskal	Corinna Brungs	[M+H]+	265.155	264.147	1	N/A	N/A	CC(C)[C@H](N)C(=O)N[C@@H](Cc1ccccc1)C(=O)O	InChI=1S/C14H20N2O3/c1-9(2)12(15)13(17)16-11(14(18)19)8-10-6-4-3-5-7-10/h3-7,9,11-12H,8,15H2,1-2H3,(H,16,17)(H,18,19)/t11-,12-/m0/s1	GJNDXQBALKCYSZ-RYUDHWBXSA-N	1	Positive	MSNLIB-POSITIVE	265.155	UPDATE-SINGLE-ANNOTATED-GOLD	Gold		C14H20N2O3	GJNDXQBALKCYSZ-RYUDHWBXSA-N	GJNDXQBALKCYSZ	Organic acids and derivatives	Carboxylic acids and derivatives	Amino acids, peptides, and analogues	Small peptides	Dipeptides	Amino acids and Peptides	mzspec:GNPS:GNPS-LIBRARY:CCMSLIB00012288639
CCMSLIB00010013036	204	spectra_filtered.mgf	GNPS-LIBRARY.mgf	0.973561	33954100.0	0	1.20396	9	0.000228882	190.107	1	temp/spectra_filtered.mgf204	1	butyrylhomoserine	LC-ESI	Orbitrap	Lysate	ALICE RODRIGUES	ALICE RODRIGUES	M+H	190.107	189.1	1	 	 	O=C(O)C(NC(CCC)=O)CCO	InChI=1S/C8H15NO4/c1-2-3-7(11)9-6(4-5-10)8(12)13/h6,10H,2-5H2,1H3,(H,9,11)(H,12,13)	 	3	Positive	GNPS-LIBRARY	190.107	UPDATE-SINGLE-ANNOTATED-BRONZE	Bronze		C8H15NO4	FWULQXYJOANGSS-UHFFFAOYSA-N	FWULQXYJOANGSS	Organic acids and derivatives	Carboxylic acids and derivatives	Amino acids, peptides, and analogues	Small peptides	Dipeptides	Amino acids and Peptides	mzspec:GNPS:GNPS-LIBRARY:CCMSLIB00010013036
CCMSLIB00003139555	465	spectra_filtered.mgf	GNPS-NIST14-MATCHES.mgf	0.973539	318107000.0	0	3.24732	7	0.000854492	263.139	1	temp/spectra_filtered.mgf465	1	Spectral Match to Pro-Phe from NIST14	ESI	QqQ	Isolated	Data from Pieter Dorrestein	Data deposited by lfnothias	M+H	263.138	0.0	1	N/A	N/A	N/A	N/A	N/A	3	Positive	GNPS-NIST14-MATCHES	263.138	UPDATE-SINGLE-ANNOTATED-BRONZE	Bronze		N/A	N/A	N/A	N/A	N/A	N/A	N/A	N/A	N/A	mzspec:GNPS:GNPS-LIBRARY:CCMSLIB00003139555
CCMSLIB00005724305	659	spectra_filtered.mgf	GNPS-LIBRARY.mgf	0.972433	1578860000.0	0	1.03269	13	0.000335693	325.068	1	temp/spectra_filtered.mgf659	1	Pyochelin	LC-ESI	Orbitrap	Isolated	Dawn R.D. Bignell	Jingyu Liu	M+H	325.068	324.06	1	 	443588	CN1C(CSC1C2CSC(=N2)C3=CC=CC=C3O)C(=O)O	InChI=1S/C14H16N2O3S2/c1-16-10(14(18)19)7-21-13(16)9-6-20-12(15-9)8-4-2-3-5-11(8)17/h2-5,9-10,13,17H,6-7H2,1H3,(H,18,19)/t9-,10+,13?/m1/s1	 	3	Positive	GNPS-LIBRARY	325.068	UPDATE-SINGLE-ANNOTATED-BRONZE	Bronze		C14H16N2O3S2	NYBZAGXTZXPYND-UHFFFAOYSA-N	NYBZAGXTZXPYND	Organic acids and derivatives	Carboxylic acids and derivatives	Amino acids, peptides, and analogues	Serine alkaloids	Thiazole alkaloids	Alkaloids	mzspec:GNPS:GNPS-LIBRARY:CCMSLIB00005724305
CCMSLIB00003137975	365	spectra_filtered.mgf	GNPS-NIST14-MATCHES.mgf	0.971399	335502000.0	0	20.5753	8	0.006073	295.165	1	temp/spectra_filtered.mgf365	1	Spectral Match to Ile-Tyr from NIST14	ESI	Q-TOF	Isolated	Data from Pieter Dorrestein	Data deposited by lfnothias	M+H	295.159	0.0	1	N/A	N/A	N/A	N/A	N/A	3	Positive	GNPS-NIST14-MATCHES	295.159	UPDATE-SINGLE-ANNOTATED-BRONZE	Bronze		N/A	N/A	N/A	N/A	N/A	N/A	N/A	N/A	N/A	mzspec:GNPS:GNPS-LIBRARY:CCMSLIB00003137975
CCMSLIB00003137849	85	spectra_filtered.mgf	GNPS-NIST14-MATCHES.mgf	0.970203	98546100.0	0	0.18944	12	6.10352e-05	322.187	1	temp/spectra_filtered.mgf85	1	Spectral Match to Phe-Arg from NIST14	ESI	Q-TOF	Isolated	Data from Pieter Dorrestein	Data deposited by lfnothias	M+H	322.187	0.0	1	N/A	N/A	N/A	N/A	N/A	3	Positive	GNPS-NIST14-MATCHES	322.187	UPDATE-SINGLE-ANNOTATED-BRONZE	Bronze		N/A	N/A	N/A	N/A	N/A	N/A	N/A	N/A	N/A	mzspec:GNPS:GNPS-LIBRARY:CCMSLIB00003137849
CCMSLIB00003139078	262	spectra_filtered.mgf	GNPS-NIST14-MATCHES.mgf	0.970178	62410500.0	0	1.18375	7	0.000259399	219.134	1	temp/spectra_filtered.mgf262	1	Spectral Match to Ser-Leu from NIST14	ESI	qTof	Isolated	Data from Chris Turck	Data deposited by fevargas	M+H	219.134	218.127	1	6665163	N/A	CC(C)C[C@@H](C(=O)O)NC(=O)[C@H](CO)N	InChI=1S/C9H18N2O4/c1-5(2)3-7(9(14)15)11-8(13)6(10)4-12/h5-7,12H,3-4,10H2,1-2H3,(H,11,13)(H,14,15)/t6-,7-/m0/s1	N/A	3	Positive	GNPS-NIST14-MATCHES	219.134	UPDATE-SINGLE-ANNOTATED-BRONZE	Bronze		C9H18N2O4	NFDYGNFETJVMSE-BQBZGAKWSA-N	NFDYGNFETJVMSE	Organic acids and derivatives	Carboxylic acids and derivatives	Amino acids, peptides, and analogues	Small peptides	Dipeptides	Amino acids and Peptides	mzspec:GNPS:GNPS-LIBRARY:CCMSLIB00003139078
CCMSLIB00003140084	231	spectra_filtered.mgf	GNPS-NIST14-MATCHES.mgf	0.967135	191814000.0	0	1.43982	10	0.000335693	233.149	1	temp/spectra_filtered.mgf231	1	Spectral Match to Thr-Leu from NIST14	ESI	qTof	Isolated	Data from Julia Gauglitz	Data deposited by fevargas	M+H	233.149	232.142	1	50299122	N/A	C[C@H]([C@@H](C(=O)N[C@@H](CC(C)C)C(=O)O)N)O	InChI=1S/C10H20N2O4/c1-5(2)4-7(10(15)16)12-9(14)8(11)6(3)13/h5-8,13H,4,11H2,1-3H3,(H,12,14)(H,15,16)/t6-,7+,8+/m1/s1	N/A	3	Positive	GNPS-NIST14-MATCHES	233.149	UPDATE-SINGLE-ANNOTATED-BRONZE	Bronze		C10H20N2O4	BQBCIBCLXBKYHW-CSMHCCOUSA-N	BQBCIBCLXBKYHW	Organic acids and derivatives	Carboxylic acids and derivatives	Amino acids, peptides, and analogues	Small peptides	Dipeptides	Amino acids and Peptides	mzspec:GNPS:GNPS-LIBRARY:CCMSLIB00003140084
CCMSLIB00003138951	594	spectra_filtered.mgf	GNPS-NIST14-MATCHES.mgf	0.964806	64277300.0	0	0.124467	6	3.05176e-05	245.186	1	temp/spectra_filtered.mgf594	1	Spectral Match to Ile-Leu from NIST14	ESI	QqQ	Isolated	Data from Pieter Dorrestein	Data deposited by lfnothias	M+H	245.186	0.0	1	N/A	N/A	N/A	N/A	N/A	3	Positive	GNPS-NIST14-MATCHES	245.186	UPDATE-SINGLE-ANNOTATED-BRONZE	Bronze		N/A	N/A	N/A	N/A	N/A	N/A	N/A	N/A	N/A	mzspec:GNPS:GNPS-LIBRARY:CCMSLIB00003138951
CCMSLIB00000221715	43	spectra_filtered.mgf	MASSBANK.mgf	0.96408	38824000.0	0	6.88353	6	0.00120544	175.119	1	temp/spectra_filtered.mgf43	1	Massbank:PB000420 Arginine|2-amino-5-(diaminomethylideneamino)pentanoic acid	ESI	LC-ESI-QTOF	Isolated	Putative Massbank Match	Massbank	[M+H]+	175.12	0.0	1	N/A	N/A	C(CC(C(=O)O)N)CN=C(N)N	1S/C6H14N4O2/c7-4(5(11)12)2-1-3-10-6(8)9/h4H,1-3,7H2,(H,11,12)(H4,8,9,10)	N/A	3	Positive	MASSBANK	175.12	UPDATE-SINGLE-ANNOTATED-BRONZE	Bronze		C6H14N4O2	ODKSFYDXXFIFQN-UHFFFAOYSA-N	ODKSFYDXXFIFQN	Organic acids and derivatives	Carboxylic acids and derivatives	Amino acids, peptides, and analogues	Small peptides	Aminoacids	Amino acids and Peptides	mzspec:GNPS:GNPS-LIBRARY:CCMSLIB00000221715
CCMSLIB00003137849	121	spectra_filtered.mgf	GNPS-NIST14-MATCHES.mgf	0.963467	6651650.0	0	0.28416	12	9.15527e-05	322.187	1	temp/spectra_filtered.mgf121	1	Spectral Match to Phe-Arg from NIST14	ESI	Q-TOF	Isolated	Data from Pieter Dorrestein	Data deposited by lfnothias	M+H	322.187	0.0	1	N/A	N/A	N/A	N/A	N/A	3	Positive	GNPS-NIST14-MATCHES	322.187	UPDATE-SINGLE-ANNOTATED-BRONZE	Bronze		N/A	N/A	N/A	N/A	N/A	N/A	N/A	N/A	N/A	mzspec:GNPS:GNPS-LIBRARY:CCMSLIB00003137849
CCMSLIB00003139078	201	spectra_filtered.mgf	GNPS-NIST14-MATCHES.mgf	0.962365	526428000.0	0	1.11412	6	0.000244141	219.134	1	temp/spectra_filtered.mgf201	1	Spectral Match to Ser-Leu from NIST14	ESI	qTof	Isolated	Data from Chris Turck	Data deposited by fevargas	M+H	219.134	218.127	1	6665163	N/A	CC(C)C[C@@H](C(=O)O)NC(=O)[C@H](CO)N	InChI=1S/C9H18N2O4/c1-5(2)3-7(9(14)15)11-8(13)6(10)4-12/h5-7,12H,3-4,10H2,1-2H3,(H,11,13)(H,14,15)/t6-,7-/m0/s1	N/A	3	Positive	GNPS-NIST14-MATCHES	219.134	UPDATE-SINGLE-ANNOTATED-BRONZE	Bronze		C9H18N2O4	NFDYGNFETJVMSE-BQBZGAKWSA-N	NFDYGNFETJVMSE	Organic acids and derivatives	Carboxylic acids and derivatives	Amino acids, peptides, and analogues	Small peptides	Dipeptides	Amino acids and Peptides	mzspec:GNPS:GNPS-LIBRARY:CCMSLIB00003139078
CCMSLIB00003135785	556	spectra_filtered.mgf	GNPS-NIST14-MATCHES.mgf	0.962253	3358880.0	0	3.72888	8	0.000854492	229.154	1	temp/spectra_filtered.mgf556	1	Spectral Match to Pro-Leu from NIST14	ESI	IT/ion trap	Isolated	Data from Pieter Dorrestein	Data deposited by lfnothias	M+H	229.155	0.0	1	N/A	N/A	N/A	N/A	N/A	3	Positive	GNPS-NIST14-MATCHES	229.155	UPDATE-SINGLE-ANNOTATED-BRONZE	Bronze		N/A	N/A	N/A	N/A	N/A	N/A	N/A	N/A	N/A	mzspec:GNPS:GNPS-LIBRARY:CCMSLIB00003135785
CCMSLIB00003135599	254	spectra_filtered.mgf	GNPS-NIST14-MATCHES.mgf	0.958914	79853600.0	0	5.1385	8	0.00143433	279.134	1	temp/spectra_filtered.mgf254	1	Spectral Match to Tyr-Pro from NIST14	ESI	Q-TOF	Isolated	Data from Pieter Dorrestein	Data deposited by lfnothias	M+H	279.133	0.0	1	N/A	N/A	N/A	N/A	N/A	3	Positive	GNPS-NIST14-MATCHES	279.133	UPDATE-SINGLE-ANNOTATED-BRONZE	Bronze		N/A	N/A	N/A	N/A	N/A	N/A	N/A	N/A	N/A	mzspec:GNPS:GNPS-LIBRARY:CCMSLIB00003135599
CCMSLIB00003137749	577	spectra_filtered.mgf	GNPS-NIST14-MATCHES.mgf	0.958052	41682000.0	0	2.42767	7	0.000595093	245.128	1	temp/spectra_filtered.mgf577	1	Spectral Match to Phe-Pro from NIST14	ESI	Q-TOF	Isolated	Data from Pieter Dorrestein	Data deposited by lfnothias	M+H-H2O	245.129	0.0	1	N/A	N/A	N/A	N/A	N/A	3	Positive	GNPS-NIST14-MATCHES	245.129	UPDATE-SINGLE-ANNOTATED-BRONZE	Bronze		N/A	N/A	N/A	N/A	N/A	N/A	N/A	N/A	N/A	mzspec:GNPS:GNPS-LIBRARY:CCMSLIB00003137749
CCMSLIB00005885094	75	spectra_filtered.mgf	GNPS-LIBRARY.mgf	0.957893	616087000.0	0	0.670418	6	0.00012207	182.081	1	temp/spectra_filtered.mgf75	1	Tyrosine - 50.00 eV	ESI	Orbitrap	Isolated	Madeleine Ernst	Anna Abrahamsson	M+H	182.081	0.0	1	60-18-4	N/A	N[C@@H](CC1=CC=C(O)C=C1)C(O)=O	InChI=1S/C9H11NO3/c10-8(9(12)13)5-6-1-3-7(11)4-2-6/h1-4,8,11H,5,10H2,(H,12,13)/t8-/m0/s1	N/A	1	Positive	GNPS-LIBRARY	182.081	UPDATE-SINGLE-ANNOTATED-GOLD	Gold		C9H11NO3	OUYCCCASQSFEME-QMMMGPOBSA-N	OUYCCCASQSFEME	Organic acids and derivatives	Carboxylic acids and derivatives	Amino acids, peptides, and analogues	Small peptides	Aminoacids	Amino acids and Peptides|Shikimates and Phenylpropanoids	mzspec:GNPS:GNPS-LIBRARY:CCMSLIB00005885094
CCMSLIB00003137734	20	spectra_filtered.mgf	GNPS-NIST14-MATCHES.mgf	0.957354	106274000.0	0	0.938292	8	0.000244141	260.197	1	temp/spectra_filtered.mgf20	1	Spectral Match to Ile-Lys from NIST14	ESI	qTof	Isolated	Data from Pieter Dorrestein	Data deposited by lfnothias	M+H	260.197	259.19	1	N/A	N/A	CCC(C)C(C(=O)NC(CCCCN)C(=O)O)N	InChI=1S/C12H25N3O3/c1-3-8(2)10(14)11(16)15-9(12(17)18)6-4-5-7-13/h8-10H,3-7,13-14H2,1-2H3,(H,15,16)(H,17,18)	N/A	3	Positive	GNPS-NIST14-MATCHES	260.197	UPDATE-SINGLE-ANNOTATED-BRONZE	Bronze		C12H25N3O3	UWBDLNOCIDGPQE-UHFFFAOYSA-N	UWBDLNOCIDGPQE	Organic acids and derivatives	Carboxylic acids and derivatives	Amino acids, peptides, and analogues	Small peptides	Dipeptides	Amino acids and Peptides	mzspec:GNPS:GNPS-LIBRARY:CCMSLIB00003137734
CCMSLIB00003135017	326	spectra_filtered.mgf	GNPS-NIST14-MATCHES.mgf	0.956878	55141600.0	0	1.37089	9	0.000366211	267.134	1	temp/spectra_filtered.mgf326	1	Spectral Match to Thr-Phe from NIST14	ESI	qTof	Isolated	Data from Chris Turck	Data deposited by fevargas	M+H	267.134	266.127	1	16875277	N/A	C[C@H]([C@@H](C(=O)N[C@@H](CC1=CC=CC=C1)C(=O)O)N)O	InChI=1S/C13H18N2O4/c1-8(16)11(14)12(17)15-10(13(18)19)7-9-5-3-2-4-6-9/h2-6,8,10-11,16H,7,14H2,1H3,(H,15,17)(H,18,19)/t8-,10+,11+/m1/s1	N/A	3	Positive	GNPS-NIST14-MATCHES	267.134	UPDATE-SINGLE-ANNOTATED-BRONZE	Bronze		C13H18N2O4	IQHUITKNHOKGFC-MIMYLULJSA-N	IQHUITKNHOKGFC	Organic acids and derivatives	Carboxylic acids and derivatives	Amino acids, peptides, and analogues	Small peptides	Dipeptides	Amino acids and Peptides	mzspec:GNPS:GNPS-LIBRARY:CCMSLIB00003135017
CCMSLIB00003135785	497	spectra_filtered.mgf	GNPS-NIST14-MATCHES.mgf	0.95564	7971880.0	0	2.19738	7	0.00050354	229.154	1	temp/spectra_filtered.mgf497	1	Spectral Match to Pro-Leu from NIST14	ESI	IT/ion trap	Isolated	Data from Pieter Dorrestein	Data deposited by lfnothias	M+H	229.155	0.0	1	N/A	N/A	N/A	N/A	N/A	3	Positive	GNPS-NIST14-MATCHES	229.155	UPDATE-SINGLE-ANNOTATED-BRONZE	Bronze		N/A	N/A	N/A	N/A	N/A	N/A	N/A	N/A	N/A	mzspec:GNPS:GNPS-LIBRARY:CCMSLIB00003135785
CCMSLIB00003138480	250	spectra_filtered.mgf	GNPS-NIST14-MATCHES.mgf	0.955578	142200000.0	0	1.59248	8	0.000396729	249.126	1	temp/spectra_filtered.mgf250	1	Spectral Match to Val-Met from NIST14	ESI	qTof	Isolated	Data from Chris Turck	Data deposited by fevargas	M+H	249.126	248.12	1	N/A	N/A	CC(C)C(C(=O)NC(CCSC)C(=O)O)N	InChI=1S/C10H20N2O3S/c1-6(2)8(11)9(13)12-7(10(14)15)4-5-16-3/h6-8H,4-5,11H2,1-3H3,(H,12,13)(H,14,15)	N/A	3	Positive	GNPS-NIST14-MATCHES	249.126	UPDATE-SINGLE-ANNOTATED-BRONZE	Bronze		C10H20N2O3S	YSGSDAIMSCVPHG-UHFFFAOYSA-N	YSGSDAIMSCVPHG	Organic acids and derivatives	Carboxylic acids and derivatives	Amino acids, peptides, and analogues	Small peptides	Dipeptides	Amino acids and Peptides	mzspec:GNPS:GNPS-LIBRARY:CCMSLIB00003138480
CCMSLIB00003136698	113	spectra_filtered.mgf	GNPS-NIST14-MATCHES.mgf	0.954863	739536000.0	0	1.29015	9	0.000335693	260.197	1	temp/spectra_filtered.mgf113	1	Spectral Match to Lys-Leu from NIST14	ESI	qTof	Isolated	Data from Pieter Dorrestein	Data deposited by lfnothias	M+H	260.197	259.19	1	N/A	N/A	CC(C)C[C@@H](C(=O)O)NC(=O)[C@H](CCCCN)N	InChI=1S/C12H25N3O3/c1-8(2)7-10(12(17)18)15-11(16)9(14)5-3-4-6-13/h8-10H,3-7,13-14H2,1-2H3,(H,15,16)(H,17,18)/t9-,10-/m0/s1	N/A	3	Positive	GNPS-NIST14-MATCHES	260.197	UPDATE-SINGLE-ANNOTATED-BRONZE	Bronze		C12H25N3O3	ATIPDCIQTUXABX-UWVGGRQHSA-N	ATIPDCIQTUXABX	Organic acids and derivatives	Carboxylic acids and derivatives	Amino acids, peptides, and analogues	Small peptides	Dipeptides	Amino acids and Peptides	mzspec:GNPS:GNPS-LIBRARY:CCMSLIB00003136698
CCMSLIB00003138048	93	spectra_filtered.mgf	GNPS-NIST14-MATCHES.mgf	0.954128	342339000.0	0	1.37438	6	0.000320435	233.149	1	temp/spectra_filtered.mgf93	1	Spectral Match to Ile-Thr from NIST14	ESI	QqQ	Isolated	Data from Joshua Wollam	Data deposited by fevargas	M+H	233.149	0.0	1	N/A	N/A	N/A	N/A	N/A	3	Positive	GNPS-NIST14-MATCHES	233.149	UPDATE-SINGLE-ANNOTATED-BRONZE	Bronze		N/A	N/A	N/A	N/A	N/A	N/A	N/A	N/A	N/A	mzspec:GNPS:GNPS-LIBRARY:CCMSLIB00003138048
CCMSLIB00003137975	341	spectra_filtered.mgf	GNPS-NIST14-MATCHES.mgf	0.953873	283270000.0	0	99.6715	7	0.0294189	295.13	1	temp/spectra_filtered.mgf341	1	Spectral Match to Ile-Tyr from NIST14	ESI	Q-TOF	Isolated	Data from Pieter Dorrestein	Data deposited by lfnothias	M+H	295.159	0.0	1	N/A	N/A	N/A	N/A	N/A	3	Positive	GNPS-NIST14-MATCHES	295.159	UPDATE-SINGLE-ANNOTATED-BRONZE	Bronze		N/A	N/A	N/A	N/A	N/A	N/A	N/A	N/A	N/A	mzspec:GNPS:GNPS-LIBRARY:CCMSLIB00003137975
CCMSLIB00003137162	174	spectra_filtered.mgf	GNPS-NIST14-MATCHES.mgf	0.952858	71790400.0	0	1.37089	7	0.000366211	267.134	1	temp/spectra_filtered.mgf174	1	Spectral Match to Phe-Thr from NIST14	ESI	qTof	Isolated	Data from Joshua Wollam	Data deposited by fevargas	M+H	267.134	266.127	1	N/A	N/A	C[C@H]([C@@H](C(=O)O)NC(=O)[C@H](CC1=CC=CC=C1)N)O	InChI=1S/C13H18N2O4/c1-8(16)11(13(18)19)15-12(17)10(14)7-9-5-3-2-4-6-9/h2-6,8,10-11,16H,7,14H2,1H3,(H,15,17)(H,18,19)/t8-,10+,11+/m1/s1	N/A	3	Positive	GNPS-NIST14-MATCHES	267.134	UPDATE-SINGLE-ANNOTATED-BRONZE	Bronze		C13H18N2O4	NYQBYASWHVRESG-MIMYLULJSA-N	NYQBYASWHVRESG	Organic acids and derivatives	Carboxylic acids and derivatives	Amino acids, peptides, and analogues	Small peptides	Dipeptides	Amino acids and Peptides	mzspec:GNPS:GNPS-LIBRARY:CCMSLIB00003137162
CCMSLIB00003137604	413	spectra_filtered.mgf	GNPS-NIST14-MATCHES.mgf	0.952422	24890400.0	0	1.62819	7	0.000457764	281.149	1	temp/spectra_filtered.mgf413	1	Spectral Match to Tyr-Val from NIST14	ESI	Q-TOF	Isolated	Data from Joshua Wollam	Data deposited by fevargas	M+H	281.149	0.0	1	N/A	N/A	N/A	N/A	N/A	3	Positive	GNPS-NIST14-MATCHES	281.149	UPDATE-SINGLE-ANNOTATED-BRONZE	Bronze		N/A	N/A	N/A	N/A	N/A	N/A	N/A	N/A	N/A	mzspec:GNPS:GNPS-LIBRARY:CCMSLIB00003137604
CCMSLIB00003137604	234	spectra_filtered.mgf	GNPS-NIST14-MATCHES.mgf	0.952318	406202000.0	0	0.976913	7	0.000274658	281.149	1	temp/spectra_filtered.mgf234	1	Spectral Match to Tyr-Val from NIST14	ESI	Q-TOF	Isolated	Data from Joshua Wollam	Data deposited by fevargas	M+H	281.149	0.0	1	N/A	N/A	N/A	N/A	N/A	3	Positive	GNPS-NIST14-MATCHES	281.149	UPDATE-SINGLE-ANNOTATED-BRONZE	Bronze		N/A	N/A	N/A	N/A	N/A	N/A	N/A	N/A	N/A	mzspec:GNPS:GNPS-LIBRARY:CCMSLIB00003137604
CCMSLIB00003137982	607	spectra_filtered.mgf	GNPS-NIST14-MATCHES.mgf	0.951795	24485300.0	0	2.18631	7	0.000610352	279.171	1	temp/spectra_filtered.mgf607	1	Spectral Match to Leu-Phe from NIST14	ESI	qTof	Isolated	Data from Joshua Wollam	Data deposited by fevargas	M+H	279.17	278.163	1	N/A	N/A	CC(C)C[C@@H](C(=O)N[C@@H](CC1=CC=CC=C1)C(=O)O)N	InChI=1S/C15H22N2O3/c1-10(2)8-12(16)14(18)17-13(15(19)20)9-11-6-4-3-5-7-11/h3-7,10,12-13H,8-9,16H2,1-2H3,(H,17,18)(H,19,20)/t12-,13-/m0/s1	N/A	3	Positive	GNPS-NIST14-MATCHES	279.17	UPDATE-SINGLE-ANNOTATED-BRONZE	Bronze		C15H22N2O3	KFKWRHQBZQICHA-STQMWFEESA-N	KFKWRHQBZQICHA	Organic acids and derivatives	Carboxylic acids and derivatives	Amino acids, peptides, and analogues	Small peptides	Dipeptides	Amino acids and Peptides	mzspec:GNPS:GNPS-LIBRARY:CCMSLIB00003137982
CCMSLIB00012288636	420	spectra_filtered.mgf	MSNLIB-POSITIVE.mgf	0.951228	613121000.0	0	2.07168	6	0.000549316	265.154	1	temp/spectra_filtered.mgf420	1	H-VAL-PHE-OH	ESI	Orbitrap	Crude	Tomas Pluskal	Corinna Brungs	[M+H]+	265.155	264.147	1	N/A	N/A	CC(C)[C@H](N)C(=O)N[C@@H](Cc1ccccc1)C(=O)O	InChI=1S/C14H20N2O3/c1-9(2)12(15)13(17)16-11(14(18)19)8-10-6-4-3-5-7-10/h3-7,9,11-12H,8,15H2,1-2H3,(H,16,17)(H,18,19)/t11-,12-/m0/s1	GJNDXQBALKCYSZ-RYUDHWBXSA-N	1	Positive	MSNLIB-POSITIVE	265.155	UPDATE-SINGLE-ANNOTATED-GOLD	Gold		C14H20N2O3	GJNDXQBALKCYSZ-RYUDHWBXSA-N	GJNDXQBALKCYSZ	Organic acids and derivatives	Carboxylic acids and derivatives	Amino acids, peptides, and analogues	Small peptides	Dipeptides	Amino acids and Peptides	mzspec:GNPS:GNPS-LIBRARY:CCMSLIB00012288636
CCMSLIB00003134492	619	spectra_filtered.mgf	GNPS-NIST14-MATCHES.mgf	0.95101	38924600.0	0	0.109315	7	3.05176e-05	279.17	1	temp/spectra_filtered.mgf619	1	Spectral Match to Phe-Leu from NIST14	ESI	Q-TOF	Isolated	Data from Chris Turck	Data deposited by fevargas	M+H	279.17	0.0	1	N/A	N/A	N/A	N/A	N/A	3	Positive	GNPS-NIST14-MATCHES	279.17	UPDATE-SINGLE-ANNOTATED-BRONZE	Bronze		N/A	N/A	N/A	N/A	N/A	N/A	N/A	N/A	N/A	mzspec:GNPS:GNPS-LIBRARY:CCMSLIB00003134492
CCMSLIB00003136328	561	spectra_filtered.mgf	GNPS-NIST14-MATCHES.mgf	0.950555	9519540.0	0	2.43452	11	0.0010376	426.202	1	temp/spectra_filtered.mgf561	1	Spectral Match to Tyr-Pro-Phe from NIST14	ESI	QqQ	Isolated	Data from Pieter Dorrestein	Data deposited by lfnothias	M+H	426.203	0.0	1	72122599	N/A	N/A	N/A	N/A	3	Positive	GNPS-NIST14-MATCHES	426.203	UPDATE-SINGLE-ANNOTATED-BRONZE	Bronze		N/A	N/A	N/A	N/A	N/A	N/A	N/A	N/A	N/A	mzspec:GNPS:GNPS-LIBRARY:CCMSLIB00003136328
CCMSLIB00003136638	391	spectra_filtered.mgf	GNPS-NIST14-MATCHES.mgf	0.950433	65891500.0	0	0.748341	6	0.000366211	489.364	1	temp/spectra_filtered.mgf391	1	Spectral Match to Leu-Leu from NIST14	ESI	qTof	Isolated	Data from Christopher A. Lowry	Data deposited by fevargas	2M+H	489.364	244.179	1	3303319	N/A	CC(C)C[C@@H](C(=O)N[C@@H](CC(C)C)C(=O)O)N	InChI=1S/C12H24N2O3/c1-7(2)5-9(13)11(15)14-10(12(16)17)6-8(3)4/h7-10H,5-6,13H2,1-4H3,(H,14,15)(H,16,17)/t9-,10-/m0/s1	N/A	3	Positive	GNPS-NIST14-MATCHES	489.364	UPDATE-SINGLE-ANNOTATED-BRONZE	Bronze		C12H24N2O3	LCPYQJIKPJDLLB-UWVGGRQHSA-N	LCPYQJIKPJDLLB	Organic acids and derivatives	Carboxylic acids and derivatives	Amino acids, peptides, and analogues	Small peptides	Dipeptides	Amino acids and Peptides	mzspec:GNPS:GNPS-LIBRARY:CCMSLIB00003136638
CCMSLIB00003137478	573	spectra_filtered.mgf	GNPS-NIST14-MATCHES.mgf	0.949383	42408500.0	0	2.18678	6	0.000579834	265.155	1	temp/spectra_filtered.mgf573	1	Spectral Match to Phe-Val from NIST14	ESI	Q-TOF	Isolated	Data from Chris Turck	Data deposited by fevargas	M+H	265.154	0.0	1	N/A	N/A	N/A	N/A	N/A	3	Positive	GNPS-NIST14-MATCHES	265.154	UPDATE-SINGLE-ANNOTATED-BRONZE	Bronze		N/A	N/A	N/A	N/A	N/A	N/A	N/A	N/A	N/A	mzspec:GNPS:GNPS-LIBRARY:CCMSLIB00003137478
CCMSLIB00000223947	736	spectra_filtered.mgf	GNPS-LIBRARY.mgf	0.948973	89727600.0	0	49.5828	6	0.0133972	270.186	1	temp/spectra_filtered.mgf736	1	NHQ_C9:db	LC-ESI	qTof	Crude	P.Dorrestein	AMelnik	M+H	270.199	0.0	1	 	 	 	 	 	3	Positive	GNPS-LIBRARY	270.199	UPDATE-SINGLE-ANNOTATED-BRONZE	Bronze		N/A	N/A	N/A	N/A	N/A	N/A	N/A	N/A	N/A	mzspec:GNPS:GNPS-LIBRARY:CCMSLIB00000223947
CCMSLIB00003136668	64	spectra_filtered.mgf	GNPS-NIST14-MATCHES.mgf	0.948826	73939200.0	0	0.0	6	0.0	205.118	1	temp/spectra_filtered.mgf64	1	Spectral Match to Ser-Val from NIST14	ESI	Q-TOF	Isolated	Data from Christopher A. Lowry	Data deposited by fevargas	M+H	205.118	0.0	1	N/A	N/A	N/A	N/A	N/A	3	Positive	GNPS-NIST14-MATCHES	205.118	UPDATE-SINGLE-ANNOTATED-BRONZE	Bronze		N/A	N/A	N/A	N/A	N/A	N/A	N/A	N/A	N/A	mzspec:GNPS:GNPS-LIBRARY:CCMSLIB00003136668
CCMSLIB00010104459	862	spectra_filtered.mgf	BERKELEY-LAB.mgf	0.94876	37884300.0	0	12.8353	6	0.00267029	208.039	1	temp/spectra_filtered.mgf862	1	"""methyl 3-oxo-2-[(3,4,5-trimethoxyphenyl)methylene]benzo[b]furan-5-carboxylate CollisionEnergy:102040"""	LC-ESI	Orbitrap	Commercial	Trent Northen	JGI	M+2Na]	208.042	0.0	1	N/A	N/A	COC(=O)c1ccc2c(c1)C(=O)C(=Cc1cc(OC)c(OC)c(OC)c1)O2	"""InChI=1S/C20H18O7/c1-23-16-8-11(9-17(24-2)19(16)25-3)7-15-18(21)13-10-12(20(22)26-4)5-6-14(13)27-15/h5-10H,1-4H3/b15-7+"""	N/A	3	Positive	BERKELEY-LAB	208.042	UPDATE-SINGLE-ANNOTATED-BRONZE	Bronze		C20H18O7	BYNBJNABVGIMKZ-UHFFFAOYSA-N	BYNBJNABVGIMKZ	N/A	N/A	N/A	Flavonoids	Aurones	Shikimates and Phenylpropanoids	mzspec:GNPS:GNPS-LIBRARY:CCMSLIB00010104459
CCMSLIB00005738036	299	spectra_filtered.mgf	MASSBANK.mgf	0.948224	37787900.0	0	1.86194	6	0.000320435	172.097	1	temp/spectra_filtered.mgf299	1	Massbank:RP020101 C4-homoserine lactone|N-Butyrylhomoserine lactone|N-(2-oxooxolan-3-yl)butanamide	ESI	qTof	Isolated	Massbank	Massbank	M+H	172.097	0.0	1	67605-85-0	N/A	CCCC(=O)NC1CCOC1=O	1S/C8H13NO3/c1-2-3-7(10)9-6-4-5-12-8(6)11/h6H,2-5H2,1H3,(H,9,10)	N/A	3	Positive	MASSBANK	172.097	UPDATE-SINGLE-ANNOTATED-BRONZE	Bronze		C8H13NO3	VFFNZZXXTGXBOG-UHFFFAOYSA-N	VFFNZZXXTGXBOG	Organic acids and derivatives	Carboxylic acids and derivatives	Amino acids, peptides, and analogues	Fatty amides	Fatty acyl homoserine lactones	Fatty acids	mzspec:GNPS:GNPS-LIBRARY:CCMSLIB00005738036
CCMSLIB00003135785	294	spectra_filtered.mgf	GNPS-NIST14-MATCHES.mgf	0.947473	1224430000.0	0	2.0642	6	0.000473022	229.155	1	temp/spectra_filtered.mgf294	1	Spectral Match to Pro-Leu from NIST14	ESI	IT/ion trap	Isolated	Data from Pieter Dorrestein	Data deposited by lfnothias	M+H	229.155	0.0	1	N/A	N/A	N/A	N/A	N/A	3	Positive	GNPS-NIST14-MATCHES	229.155	UPDATE-SINGLE-ANNOTATED-BRONZE	Bronze		N/A	N/A	N/A	N/A	N/A	N/A	N/A	N/A	N/A	mzspec:GNPS:GNPS-LIBRARY:CCMSLIB00003135785
CCMSLIB00012873497	641	spectra_filtered.mgf	MSNLIB-POSITIVE.mgf	0.947174	7828790.0	0	1.63459	6	0.000366211	224.038	1	temp/spectra_filtered.mgf641	1	Dihydroaeruginoic acid	ESI	Orbitrap	Commercial	Tomas Pluskal	Corinna Brungs	[M+H]+	224.038	223.03	1	N/A	N/A	O=C(O)C1CSC(c2ccccc2O)=N1	InChI=1S/C10H9NO3S/c12-8-4-2-1-3-6(8)9-11-7(5-15-9)10(13)14/h1-4,7,12H,5H2,(H,13,14)	CECDPVOEINSAQG-UHFFFAOYSA-N	1	Positive	MSNLIB-POSITIVE	224.038	UPDATE-SINGLE-ANNOTATED-GOLD	Gold		C10H9NO3S	CECDPVOEINSAQG-UHFFFAOYSA-N	CECDPVOEINSAQG	Organic acids and derivatives	Carboxylic acids and derivatives	Amino acids, peptides, and analogues	Serine alkaloids	Thiazole alkaloids	Alkaloids	mzspec:GNPS:GNPS-LIBRARY:CCMSLIB00012873497
CCMSLIB00003138902	411	spectra_filtered.mgf	GNPS-NIST14-MATCHES.mgf	0.947039	314777000.0	0	3.61872	10	0.00106812	295.165	1	temp/spectra_filtered.mgf411	1	Spectral Match to Tyr-Leu from NIST14	ESI	qTof	Isolated	Data from Chris Turck	Data deposited by fevargas	M+H	295.164	294.158	1	N/A	N/A	CC(C)C[C@@H](C(=O)O)NC(=O)[C@H](CC1=CC=C(C=C1)O)N	InChI=1S/C15H22N2O4/c1-9(2)7-13(15(20)21)17-14(19)12(16)8-10-3-5-11(18)6-4-10/h3-6,9,12-13,18H,7-8,16H2,1-2H3,(H,17,19)(H,20,21)/t12-,13-/m0/s1	N/A	3	Positive	GNPS-NIST14-MATCHES	295.164	UPDATE-SINGLE-ANNOTATED-BRONZE	Bronze		C15H22N2O4	AUEJLPRZGVVDNU-STQMWFEESA-N	AUEJLPRZGVVDNU	Organic acids and derivatives	Carboxylic acids and derivatives	Amino acids, peptides, and analogues	Small peptides	Dipeptides	Amino acids and Peptides	mzspec:GNPS:GNPS-LIBRARY:CCMSLIB00003138902
CCMSLIB00003134492	489	spectra_filtered.mgf	GNPS-NIST14-MATCHES.mgf	0.946683	24323200.0	0	0.546577	7	0.000152588	279.17	1	temp/spectra_filtered.mgf489	1	Spectral Match to Phe-Leu from NIST14	ESI	Q-TOF	Isolated	Data from Chris Turck	Data deposited by fevargas	M+H	279.17	0.0	1	N/A	N/A	N/A	N/A	N/A	3	Positive	GNPS-NIST14-MATCHES	279.17	UPDATE-SINGLE-ANNOTATED-BRONZE	Bronze		N/A	N/A	N/A	N/A	N/A	N/A	N/A	N/A	N/A	mzspec:GNPS:GNPS-LIBRARY:CCMSLIB00003134492
CCMSLIB00003138103	45	spectra_filtered.mgf	GNPS-NIST14-MATCHES.mgf	0.946237	103889000.0	0	19.2722	11	0.0055542	288.203	1	temp/spectra_filtered.mgf45	1	Spectral Match to Ile-Arg from NIST14	ESI	qTof	Isolated	Data from Pieter Dorrestein	Data deposited by lfnothias	M+H	288.197	287.196	1	N/A	N/A	CC[C@H](C)[C@@H](C(=O)N[C@@H](CCCN=C(N)N)C(=O)O)N	InChI=1S/C12H25N5O3/c1-3-7(2)9(13)10(18)17-8(11(19)20)5-4-6-16-12(14)15/h7-9H,3-6,13H2,1-2H3,(H,17,18)(H,19,20)(H4,14,15,16)/t7-,8-,9-/m0/s1	N/A	3	Positive	GNPS-NIST14-MATCHES	288.197	UPDATE-SINGLE-ANNOTATED-BRONZE	Bronze		C12H25N5O3	HYXQKVOADYPQEA-CIUDSAMLSA-N	HYXQKVOADYPQEA	Organic acids and derivatives	Carboxylic acids and derivatives	Amino acids, peptides, and analogues	Small peptides	Dipeptides	Amino acids and Peptides	mzspec:GNPS:GNPS-LIBRARY:CCMSLIB00003138103
CCMSLIB00003138902	487	spectra_filtered.mgf	GNPS-NIST14-MATCHES.mgf	0.944478	67205600.0	0	3.72211	8	0.00109863	295.165	1	temp/spectra_filtered.mgf487	1	Spectral Match to Tyr-Leu from NIST14	ESI	qTof	Isolated	Data from Chris Turck	Data deposited by fevargas	M+H	295.164	294.158	1	N/A	N/A	CC(C)C[C@@H](C(=O)O)NC(=O)[C@H](CC1=CC=C(C=C1)O)N	InChI=1S/C15H22N2O4/c1-9(2)7-13(15(20)21)17-14(19)12(16)8-10-3-5-11(18)6-4-10/h3-6,9,12-13,18H,7-8,16H2,1-2H3,(H,17,19)(H,20,21)/t12-,13-/m0/s1	N/A	3	Positive	GNPS-NIST14-MATCHES	295.164	UPDATE-SINGLE-ANNOTATED-BRONZE	Bronze		C15H22N2O4	AUEJLPRZGVVDNU-STQMWFEESA-N	AUEJLPRZGVVDNU	Organic acids and derivatives	Carboxylic acids and derivatives	Amino acids, peptides, and analogues	Small peptides	Dipeptides	Amino acids and Peptides	mzspec:GNPS:GNPS-LIBRARY:CCMSLIB00003138902
CCMSLIB00005761025	698	spectra_filtered.mgf	MASSBANK.mgf	0.944474	1105340.0	0	0.0	8	0.0	274.274	0	temp/spectra_filtered.mgf698	1	Massbank:LU030804 Lauryldiethanolamine|2-[dodecyl(2-hydroxyethyl)amino]ethanol	ESI	Hybrid FT	Isolated	Massbank	Massbank	M+H	274.274	0.0	1	1541-67-9	N/A	CCCCCCCCCCCCN(CCO)CCO	1S/C16H35NO2/c1-2-3-4-5-6-7-8-9-10-11-12-17(13-15-18)14-16-19/h18-19H,2-16H2,1H3	N/A	3	Positive	MASSBANK	274.274	UPDATE-SINGLE-ANNOTATED-BRONZE	Bronze		C16H35NO2	NKFNBVMJTSYZDV-UHFFFAOYSA-N	NKFNBVMJTSYZDV	Organic nitrogen compounds	Organonitrogen compounds	Amines	Fatty acyls|Fatty amides	Fatty alcohols|N-acyl ethanolamines (endocannabinoids)	Fatty acids	mzspec:GNPS:GNPS-LIBRARY:CCMSLIB00005761025
CCMSLIB00003136638	469	spectra_filtered.mgf	GNPS-NIST14-MATCHES.mgf	0.943454	133630000.0	0	0.935426	6	0.000457764	489.364	1	temp/spectra_filtered.mgf469	1	Spectral Match to Leu-Leu from NIST14	ESI	qTof	Isolated	Data from Christopher A. Lowry	Data deposited by fevargas	2M+H	489.364	244.179	1	3303319	N/A	CC(C)C[C@@H](C(=O)N[C@@H](CC(C)C)C(=O)O)N	InChI=1S/C12H24N2O3/c1-7(2)5-9(13)11(15)14-10(12(16)17)6-8(3)4/h7-10H,5-6,13H2,1-4H3,(H,14,15)(H,16,17)/t9-,10-/m0/s1	N/A	3	Positive	GNPS-NIST14-MATCHES	489.364	UPDATE-SINGLE-ANNOTATED-BRONZE	Bronze		C12H24N2O3	LCPYQJIKPJDLLB-UWVGGRQHSA-N	LCPYQJIKPJDLLB	Organic acids and derivatives	Carboxylic acids and derivatives	Amino acids, peptides, and analogues	Small peptides	Dipeptides	Amino acids and Peptides	mzspec:GNPS:GNPS-LIBRARY:CCMSLIB00003136638
CCMSLIB00003137489	434	spectra_filtered.mgf	GNPS-NIST14-MATCHES.mgf	0.942686	10258400.0	0	1.95148	8	0.000579834	297.127	1	temp/spectra_filtered.mgf434	1	Spectral Match to Phe-Met from NIST14	ESI	qTof	Isolated	Data from Chris Turck	Data deposited by fevargas	M+H	297.126	296.12	1	N/A	N/A	CSCC[C@@H](C(=O)O)NC(=O)[C@H](CC1=CC=CC=C1)N	InChI=1S/C14H20N2O3S/c1-20-8-7-12(14(18)19)16-13(17)11(15)9-10-5-3-2-4-6-10/h2-6,11-12H,7-9,15H2,1H3,(H,16,17)(H,18,19)/t11-,12-/m0/s1	N/A	3	Positive	GNPS-NIST14-MATCHES	297.126	UPDATE-SINGLE-ANNOTATED-BRONZE	Bronze		C14H20N2O3S	PYOHODCEOHCZBM-RYUDHWBXSA-N	PYOHODCEOHCZBM	Organic acids and derivatives	Carboxylic acids and derivatives	Amino acids, peptides, and analogues	Small peptides	Dipeptides	Amino acids and Peptides	mzspec:GNPS:GNPS-LIBRARY:CCMSLIB00003137489
CCMSLIB00013576669	74	spectra_filtered.mgf	CMMC-FOOD-BIOMARKERS.mgf	0.9418	87875600.0	0	3.42055	6	0.000564575	165.055	1	temp/spectra_filtered.mgf74	1	p-Coumaric acid (known structural isomers: 0; isobaric peaks in run: 4)	LC-ESI	Orbitrap	Crude	Pieter Dorrestein	Julius	[M+H]+	165.054	164.047	1	N/A	N/A	C1=CC(=CC=C1/C=C/C(=O)O)O	InChI=1S/C9H8O3/c10-8-4-1-7(2-5-8)3-6-9(11)12/h1-6,10H,(H,11,12)/b6-3+	InChI=1S/C9H8O3/c10-8-4-1-7(2-5-8)3-6-9(11)12/h1-6,10H,(H,11,12)/b6-3+ [M+H]+	1	Positive	CMMC-FOOD-BIOMARKERS	165.054	UPDATE-SINGLE-ANNOTATED-GOLD	Gold		C9H8O3	NGSWKAQJJWESNS-ZZXKWVIFSA-N	NGSWKAQJJWESNS	Phenylpropanoids and polyketides	Cinnamic acids and derivatives	Hydroxycinnamic acids and derivatives	Phenylpropanoids (C6-C3)	Cinnamic acids and derivatives	Shikimates and Phenylpropanoids	mzspec:GNPS:GNPS-LIBRARY:CCMSLIB00013576669
CCMSLIB00003138736	247	spectra_filtered.mgf	GNPS-NIST14-MATCHES.mgf	0.939921	63324100.0	0	0.760493	13	0.000305176	401.287	1	temp/spectra_filtered.mgf247	1	Spectral Match to Leu-Leu-Arg from NIST14	ESI	Q-TOF	Isolated	Data from Gabriel Haddad	Data deposited by mjmeehan	M+H	401.287	0.0	1	N/A	N/A	N/A	N/A	N/A	3	Positive	GNPS-NIST14-MATCHES	401.287	UPDATE-SINGLE-ANNOTATED-BRONZE	Bronze		N/A	N/A	N/A	N/A	N/A	N/A	N/A	N/A	N/A	mzspec:GNPS:GNPS-LIBRARY:CCMSLIB00003138736
CCMSLIB00000007147	392	spectra_filtered.mgf	GNPS-LIBRARY.mgf	0.939528	54377400.0	0	3.0962	9	0.000610352	197.128	1	temp/spectra_filtered.mgf392	1	cyclo(L-Val-L-Pro)	DI-ESI	qTof	Isolated	Keyzers	R Keyzers	M+H	197.129	196.121	1	285-40-2	N/A	CC(C)[C@H]1C(=O)N2CCC[C@H]2C(=O)N1	InChI=1S/C10H16N2O2/c1-6(2)8-10(14)12-5-3-4-7(12)9(13)11-8/h6-8H,3-5H2,1-2H3,(H,11,13)/t7-,8-/m0/s1	N/A	3	Positive	GNPS-LIBRARY	197.129	UPDATE-SINGLE-ANNOTATED-BRONZE	Bronze		C10H16N2O2	XLUAWXQORJEMBD-YUMQZZPRSA-N	XLUAWXQORJEMBD	Organic acids and derivatives	Carboxylic acids and derivatives	Amino acids, peptides, and analogues	Small peptides	Dipeptides	Amino acids and Peptides	mzspec:GNPS:GNPS-LIBRARY:CCMSLIB00000007147
CCMSLIB00005466074	800	spectra_filtered.mgf	GNPS-LIBRARY.mgf	0.937313	7539990.0	0	4.35076	7	0.00292969	673.377	1	temp/spectra_filtered.mgf800	1	Rha-C10-C10 Na+	LC-ESI	qTof	Lysate	Quinn	Raghuvanshi	M+H	673.374	0.0	1	 	 	 	 	 	3	Positive	GNPS-LIBRARY	673.374	UPDATE-SINGLE-ANNOTATED-BRONZE	Bronze		N/A	N/A	N/A	N/A	N/A	N/A	N/A	N/A	N/A	mzspec:GNPS:GNPS-LIBRARY:CCMSLIB00005466074
CCMSLIB00003136729	269	spectra_filtered.mgf	GNPS-NIST14-MATCHES.mgf	0.936602	113003000.0	0	2.84448	7	0.00131226	461.333	1	temp/spectra_filtered.mgf269	1	Spectral Match to Leu-Val from NIST14	ESI	Q-TOF	Isolated	Data from Christopher A. Lowry	Data deposited by fevargas	2M+H	461.334	0.0	1	13588959	N/A	N/A	N/A	N/A	3	Positive	GNPS-NIST14-MATCHES	461.334	UPDATE-SINGLE-ANNOTATED-BRONZE	Bronze		N/A	N/A	N/A	N/A	N/A	N/A	N/A	N/A	N/A	mzspec:GNPS:GNPS-LIBRARY:CCMSLIB00003136729
CCMSLIB00003134776	100	spectra_filtered.mgf	GNPS-NIST14-MATCHES.mgf	0.935758	177900000.0	0	14.14	7	0.00369263	261.144	1	temp/spectra_filtered.mgf100	1	Spectral Match to Ile-Glu from NIST14	ESI	qTof	Isolated	Data from Bernhard Palsson	Data deposited by mjmeehan	M+H	261.148	260.137	1	N/A	N/A	CC[C@H](C)[C@@H](C(=O)N[C@@H](CCC(=O)O)C(=O)O)N	InChI=1S/C11H20N2O5/c1-3-6(2)9(12)10(16)13-7(11(17)18)4-5-8(14)15/h6-7,9H,3-5,12H2,1-2H3,(H,13,16)(H,14,15)(H,17,18)/t6-,7-,9-/m0/s1	N/A	3	Positive	GNPS-NIST14-MATCHES	261.148	UPDATE-SINGLE-ANNOTATED-BRONZE	Bronze		C11H20N2O5	KTGFOCFYOZQVRJ-ZKWXMUAHSA-N	KTGFOCFYOZQVRJ	Organic acids and derivatives	Carboxylic acids and derivatives	Amino acids, peptides, and analogues	Small peptides	Dipeptides	Amino acids and Peptides	mzspec:GNPS:GNPS-LIBRARY:CCMSLIB00003134776
CCMSLIB00013639059	865	spectra_filtered.mgf	WINE-DB-ORBITRAP.mgf	0.935408	33950500.0	0	1.50099	7	0.000274658	182.985	1	temp/spectra_filtered.mgf865	1	4-Hydroxyphenylpyruvic_acid	ESI	Orbitrap	Commercial	Axel_Marchal	TE_MLS	M+H	182.985	180.16	1	156-39-8	N/A	O=C(O)C(=O)CC1=CC=C(O)C=C1	InChI=1S/C9H8O4/c10-7-3-1-6(2-4-7)5-8(11)9(12)13/h1-4,10H,5H2,(H,12,13)	N/A	1	Positive	WINE-DB-ORBITRAP	182.985	UPDATE-SINGLE-ANNOTATED-GOLD	Gold		C9H8O4	KKADPXVIOXHVKN-UHFFFAOYSA-N	KKADPXVIOXHVKN	Benzenoids	Benzene and substituted derivatives	Phenylpyruvic acid derivatives			Shikimates and Phenylpropanoids	mzspec:GNPS:GNPS-LIBRARY:CCMSLIB00013639059
CCMSLIB00005466073	811	spectra_filtered.mgf	GNPS-LIBRARY.mgf	0.93457	48971700.0	0	2.46329	8	0.00088501	359.278	1	temp/spectra_filtered.mgf811	1	Rhamnolipid C10-C10 base lipid no sugar	LC-ESI	qTof	Lysate	Quinn	Raghuvanshi	M+H	359.279	0.0	1	 	 	 	 	 	3	Positive	GNPS-LIBRARY	359.279	UPDATE-SINGLE-ANNOTATED-BRONZE	Bronze		N/A	N/A	N/A	N/A	N/A	N/A	N/A	N/A	N/A	mzspec:GNPS:GNPS-LIBRARY:CCMSLIB00005466073
CCMSLIB00003140072	117	spectra_filtered.mgf	GNPS-NIST14-MATCHES.mgf	0.933195	4188030.0	0	0.789962	9	0.000198364	251.106	1	temp/spectra_filtered.mgf117	1	Spectral Match to Thr-Met from NIST14	ESI	qTof	Isolated	Data from Julia Gauglitz	Data deposited by fevargas	M+H	251.106	250.099	1	90729285	N/A	C[C@H]([C@@H](C(=O)N[C@@H](CCSC)C(=O)O)N)O	InChI=1S/C9H18N2O4S/c1-5(12)7(10)8(13)11-6(9(14)15)3-4-16-2/h5-7,12H,3-4,10H2,1-2H3,(H,11,13)(H,14,15)/t5-,6+,7+/m1/s1	N/A	3	Positive	GNPS-NIST14-MATCHES	251.106	UPDATE-SINGLE-ANNOTATED-BRONZE	Bronze		C9H18N2O4S	APIDTRXFGYOLLH-VQVTYTSYSA-N	APIDTRXFGYOLLH	Organic acids and derivatives	Carboxylic acids and derivatives	Amino acids, peptides, and analogues	Small peptides	Dipeptides	Amino acids and Peptides	mzspec:GNPS:GNPS-LIBRARY:CCMSLIB00003140072
CCMSLIB00003137975	311	spectra_filtered.mgf	GNPS-NIST14-MATCHES.mgf	0.933149	42564600.0	0	20.472	6	0.00604248	295.165	1	temp/spectra_filtered.mgf311	1	Spectral Match to Ile-Tyr from NIST14	ESI	Q-TOF	Isolated	Data from Pieter Dorrestein	Data deposited by lfnothias	M+H	295.159	0.0	1	N/A	N/A	N/A	N/A	N/A	3	Positive	GNPS-NIST14-MATCHES	295.159	UPDATE-SINGLE-ANNOTATED-BRONZE	Bronze		N/A	N/A	N/A	N/A	N/A	N/A	N/A	N/A	N/A	mzspec:GNPS:GNPS-LIBRARY:CCMSLIB00003137975
CCMSLIB00005466073	792	spectra_filtered.mgf	GNPS-LIBRARY.mgf	0.932771	27381000.0	0	0.594588	8	0.000213623	359.279	1	temp/spectra_filtered.mgf792	1	Rhamnolipid C10-C10 base lipid no sugar	LC-ESI	qTof	Lysate	Quinn	Raghuvanshi	M+H	359.279	0.0	1	 	 	 	 	 	3	Positive	GNPS-LIBRARY	359.279	UPDATE-SINGLE-ANNOTATED-BRONZE	Bronze		N/A	N/A	N/A	N/A	N/A	N/A	N/A	N/A	N/A	mzspec:GNPS:GNPS-LIBRARY:CCMSLIB00005466073
CCMSLIB00005739084	538	spectra_filtered.mgf	MASSBANK.mgf	0.931956	42585300.0	0	0.0	9	0.0	211.144	1	temp/spectra_filtered.mgf538	1	Massbank:PR311142 Cyclo(leucylprolyl)	ESI	qTof	Isolated	Massbank	Massbank	M+H	211.144	0.0	1	N/A	N/A	O=C1NC(C(=O)N2CCCC12)CC(C)C	1S/C11H18N2O2/c1-7(2)6-8-11(15)13-5-3-4-9(13)10(14)12-8/h7-9H,3-6H2,1-2H3,(H,12,14)	N/A	3	Positive	MASSBANK	211.144	UPDATE-SINGLE-ANNOTATED-BRONZE	Bronze		C11H18N2O2	SZJNCZMRZAUNQT-UHFFFAOYSA-N	SZJNCZMRZAUNQT	Organic acids and derivatives	Carboxylic acids and derivatives	Amino acids, peptides, and analogues	Small peptides	Dipeptides	Amino acids and Peptides	mzspec:GNPS:GNPS-LIBRARY:CCMSLIB00005739084
CCMSLIB00003135898	225	spectra_filtered.mgf	GNPS-NIST14-MATCHES.mgf	0.931097	21052800.0	0	2.68755	7	0.000610352	227.102	0	temp/spectra_filtered.mgf225	1	Spectral Match to PyroGlu-Pro from NIST14	ESI	qTof	Isolated	Data from Pieter Dorrestein	Data deposited by lfnothias	M+H	227.103	226.095	1	N/A	N/A	C1CC(N(C1)C(=O)C2CCC(=O)N2)C(=O)O	InChI=1S/C10H14N2O4/c13-8-4-3-6(11-8)9(14)12-5-1-2-7(12)10(15)16/h6-7H,1-5H2,(H,11,13)(H,15,16)	N/A	3	Positive	GNPS-NIST14-MATCHES	227.103	UPDATE-SINGLE-ANNOTATED-BRONZE	Bronze		C10H14N2O4	PFEJJYZYEFRQEA-UHFFFAOYSA-N	PFEJJYZYEFRQEA	Organic acids and derivatives	Carboxylic acids and derivatives	Amino acids, peptides, and analogues	Small peptides	Dipeptides	Amino acids and Peptides	mzspec:GNPS:GNPS-LIBRARY:CCMSLIB00003135898
CCMSLIB00003136637	356	spectra_filtered.mgf	GNPS-NIST14-MATCHES.mgf	0.931081	1588050000.0	0	3.30032	6	0.000762939	231.17	1	temp/spectra_filtered.mgf356	1	Spectral Match to Val-Leu from NIST14	ESI	QQQ	Isolated	Data from Pieter Dorrestein	Data deposited by lfnothias	M+H	231.171	230.163	1	3989977	N/A	CC(C)C[C@@H](C(=O)O)NC(=O)[C@H](C(C)C)N	InChI=1S/C11H22N2O3/c1-6(2)5-8(11(15)16)13-10(14)9(12)7(3)4/h6-9H,5,12H2,1-4H3,(H,13,14)(H,15,16)/t8-,9-/m0/s1	N/A	3	Positive	GNPS-NIST14-MATCHES	231.171	UPDATE-SINGLE-ANNOTATED-BRONZE	Bronze		C11H22N2O3	XCTHZFGSVQBHBW-IUCAKERBSA-N	XCTHZFGSVQBHBW	Organic acids and derivatives	Carboxylic acids and derivatives	Amino acids, peptides, and analogues	Small peptides	Dipeptides	Amino acids and Peptides	mzspec:GNPS:GNPS-LIBRARY:CCMSLIB00003136637
CCMSLIB00012328808	330	spectra_filtered.mgf	MSNLIB-POSITIVE.mgf	0.930625	10976200.0	0	2.06237	6	0.000579834	281.149	1	temp/spectra_filtered.mgf330	1	Val-Tyr	ESI	Orbitrap	Crude	Tomas Pluskal	Corinna Brungs	[M+H]+	281.15	280.142	1	N/A	N/A	CC(C)[C@H](N)C(=O)N[C@@H](Cc1ccc(O)cc1)C(=O)O	InChI=1S/C14H20N2O4/c1-8(2)12(15)13(18)16-11(14(19)20)7-9-3-5-10(17)6-4-9/h3-6,8,11-12,17H,7,15H2,1-2H3,(H,16,18)(H,19,20)/t11-,12-/m0/s1	VEYJKJORLPYVLO-RYUDHWBXSA-N	1	Positive	MSNLIB-POSITIVE	281.15	UPDATE-SINGLE-ANNOTATED-GOLD	Gold		C14H20N2O4	VEYJKJORLPYVLO-RYUDHWBXSA-N	VEYJKJORLPYVLO	Organic acids and derivatives	Carboxylic acids and derivatives	Amino acids, peptides, and analogues	Small peptides	Dipeptides	Amino acids and Peptides	mzspec:GNPS:GNPS-LIBRARY:CCMSLIB00012328808
CCMSLIB00003138775	551	spectra_filtered.mgf	GNPS-NIST14-MATCHES.mgf	0.92648	28033800.0	0	4.07951	8	0.00134277	329.15	1	temp/spectra_filtered.mgf551	1	Spectral Match to Tyr-Phe from NIST14	ESI	qTof	Isolated	Data from Pieter C. Dorrestein	Data deposited by daniel	M+H	329.151	328.142	1	N/A	N/A	C1=CC=C(C=C1)CC(C(=O)O)NC(=O)C(CC2=CC=C(C=C2)O)N	InChI=1S/C18H20N2O4/c19-15(10-13-6-8-14(21)9-7-13)17(22)20-16(18(23)24)11-12-4-2-1-3-5-12/h1-9,15-16,21H,10-11,19H2,(H,20,22)(H,23,24)	N/A	3	Positive	GNPS-NIST14-MATCHES	329.151	UPDATE-SINGLE-ANNOTATED-BRONZE	Bronze		C18H20N2O4	CGWAPUBOXJWXMS-UHFFFAOYSA-N	CGWAPUBOXJWXMS	Organic acids and derivatives	Carboxylic acids and derivatives	Amino acids, peptides, and analogues	Small peptides	Dipeptides	Amino acids and Peptides	mzspec:GNPS:GNPS-LIBRARY:CCMSLIB00003138775
CCMSLIB00003136637	280	spectra_filtered.mgf	GNPS-NIST14-MATCHES.mgf	0.925967	2125700000.0	0	3.63036	7	0.000839233	231.17	1	temp/spectra_filtered.mgf280	1	Spectral Match to Val-Leu from NIST14	ESI	QQQ	Isolated	Data from Pieter Dorrestein	Data deposited by lfnothias	M+H	231.171	230.163	1	3989977	N/A	CC(C)C[C@@H](C(=O)O)NC(=O)[C@H](C(C)C)N	InChI=1S/C11H22N2O3/c1-6(2)5-8(11(15)16)13-10(14)9(12)7(3)4/h6-9H,5,12H2,1-4H3,(H,13,14)(H,15,16)/t8-,9-/m0/s1	N/A	3	Positive	GNPS-NIST14-MATCHES	231.171	UPDATE-SINGLE-ANNOTATED-BRONZE	Bronze		C11H22N2O3	XCTHZFGSVQBHBW-IUCAKERBSA-N	XCTHZFGSVQBHBW	Organic acids and derivatives	Carboxylic acids and derivatives	Amino acids, peptides, and analogues	Small peptides	Dipeptides	Amino acids and Peptides	mzspec:GNPS:GNPS-LIBRARY:CCMSLIB00003136637
CCMSLIB00003134852	60	spectra_filtered.mgf	GNPS-NIST14-MATCHES.mgf	0.925497	217044000.0	0	1.92747	10	0.000518799	269.161	1	temp/spectra_filtered.mgf60	1	Spectral Match to His-Ile from NIST14	ESI	qTof	Isolated	Data from Gabriel Haddad	Data deposited by mjmeehan	M+H	269.16	268.154	1	N/A	N/A	CCC(C)C(C(=O)O)NC(=O)C(CC1=CN=CN1)N	InChI=1S/C12H20N4O3/c1-3-7(2)10(12(18)19)16-11(17)9(13)4-8-5-14-6-15-8/h5-7,9-10H,3-4,13H2,1-2H3,(H,14,15)(H,16,17)(H,18,19)	N/A	3	Positive	GNPS-NIST14-MATCHES	269.16	UPDATE-SINGLE-ANNOTATED-BRONZE	Bronze		C12H20N4O3	IDXZDKMBEXLFMB-UHFFFAOYSA-N	IDXZDKMBEXLFMB	Organic acids and derivatives	Carboxylic acids and derivatives	Amino acids, peptides, and analogues	Small peptides	Dipeptides	Amino acids and Peptides	mzspec:GNPS:GNPS-LIBRARY:CCMSLIB00003134852
CCMSLIB00003139887	486	spectra_filtered.mgf	GNPS-NIST14-MATCHES.mgf	0.923052	25214900.0	0	1.54064	9	0.000457764	297.126	1	temp/spectra_filtered.mgf486	1	Spectral Match to Met-Phe from NIST14	ESI	qTof	Isolated	Data from Chris Turck	Data deposited by fevargas	M+H	297.126	296.12	1	14492149	N/A	CSCC[C@@H](C(=O)N[C@@H](CC1=CC=CC=C1)C(=O)O)N	InChI=1S/C14H20N2O3S/c1-20-8-7-11(15)13(17)16-12(14(18)19)9-10-5-3-2-4-6-10/h2-6,11-12H,7-9,15H2,1H3,(H,16,17)(H,18,19)/t11-,12-/m0/s1	N/A	3	Positive	GNPS-NIST14-MATCHES	297.126	UPDATE-SINGLE-ANNOTATED-BRONZE	Bronze		C14H20N2O3S	HGCNKOLVKRAVHD-RYUDHWBXSA-N	HGCNKOLVKRAVHD	Organic acids and derivatives	Carboxylic acids and derivatives	Amino acids, peptides, and analogues	Small peptides	Dipeptides	Amino acids and Peptides	mzspec:GNPS:GNPS-LIBRARY:CCMSLIB00003139887
CCMSLIB00012336920	747	spectra_filtered.mgf	MSNLIB-POSITIVE.mgf	0.919849	5250960.0	0	168.432	8	0.0728149	432.238	1	temp/spectra_filtered.mgf747	1	glycodeoxycholic acid	ESI	Orbitrap	Crude	Tomas Pluskal	Corinna Brungs	[M+H-H2O]+	432.311	449.314	1	N/A	N/A	C[C@H](CCC(=O)NCC(=O)O)[C@H]1CC[C@H]2[C@@H]3CC[C@@H]4C[C@H](O)CC[C@]4(C)[C@H]3C[C@H](O)[C@]12C	InChI=1S/C26H43NO5/c1-15(4-9-23(30)27-14-24(31)32)19-7-8-20-18-6-5-16-12-17(28)10-11-25(16,2)21(18)13-22(29)26(19,20)3/h15-22,28-29H,4-14H2,1-3H3,(H,27,30)(H,31,32)/t15-,16-,17-,18+,19-,20+,21+,22+,25+,26-/m1/s1	WVULKSPCQVQLCU-BUXLTGKBSA-N	1	Positive	MSNLIB-POSITIVE	432.311	UPDATE-SINGLE-ANNOTATED-GOLD	Gold		C26H43NO5	WVULKSPCQVQLCU-BUXLTGKBSA-N	WVULKSPCQVQLCU	Lipids and lipid-like molecules	Steroids and steroid derivatives	Bile acids, alcohols and derivatives	Steroids	Cholane steroids	Terpenoids	mzspec:GNPS:GNPS-LIBRARY:CCMSLIB00012336920
CCMSLIB00000007136	555	spectra_filtered.mgf	GNPS-LIBRARY.mgf	0.917003	77542900.0	0	1.74295	7	0.000427246	245.128	1	temp/spectra_filtered.mgf555	1	cyclo(L-Phe-D-Pro)	DI-ESI	qTof	Isolated	Keyzers	R Keyzers	M+H	245.128	244.121	1	32021-26-4	N/A	N/A	N/A	N/A	3	Positive	GNPS-LIBRARY	245.128	UPDATE-SINGLE-ANNOTATED-BRONZE	Bronze		N/A	N/A	N/A	N/A	N/A	N/A	N/A	N/A	N/A	mzspec:GNPS:GNPS-LIBRARY:CCMSLIB00000007136
CCMSLIB00006682581	49	spectra_filtered.mgf	MONA.mgf	0.916983	803198000.0	0	2.1354	6	0.000320435	150.058	1	temp/spectra_filtered.mgf49	1	METHIONINE	ESI	qTof	isolated	MoNA	MoNA:MoNA032419	M+H	150.058	0.0	1	N/A	N/A	CSCC[C@@H](C(=O)O)N	"""InChI=1S/C5H11NO2S/c1-9-3-2-4(6)5(7)8/h4H,2-3,6H2,1H3,(H,7,8)/t4-/m0/s1"""	N/A	3	positive	MONA	150.058	UPDATE-SINGLE-ANNOTATED-BRONZE	Bronze		C5H11NO2S	FFEARJCKVFRZRR-BYPYZUCNSA-N	FFEARJCKVFRZRR	Organic acids and derivatives	Carboxylic acids and derivatives	Amino acids, peptides, and analogues	Small peptides	Aminoacids	Amino acids and Peptides	mzspec:GNPS:GNPS-LIBRARY:CCMSLIB00006682581
CCMSLIB00003135481	23	spectra_filtered.mgf	GNPS-NIST14-MATCHES.mgf	0.91691	83952700.0	0	0.111302	10	3.05176e-05	274.187	1	temp/spectra_filtered.mgf23	1	Spectral Match to Val-Arg from NIST14	ESI	qTof	Isolated	Data from Pieter Dorrestein	Data deposited by lfnothias	M+H	274.187	273.18	1	N/A	N/A	CC(C)[C@@H](C(=O)N[C@@H](CCCN=C(N)N)C(=O)O)N	InChI=1S/C11H23N5O3/c1-6(2)8(12)9(17)16-7(10(18)19)4-3-5-15-11(13)14/h6-8H,3-5,12H2,1-2H3,(H,16,17)(H,18,19)(H4,13,14,15)/t7-,8-/m0/s1	N/A	3	Positive	GNPS-NIST14-MATCHES	274.187	UPDATE-SINGLE-ANNOTATED-BRONZE	Bronze		C11H23N5O3	IBIDRSSEHFLGSD-YUMQZZPRSA-N	IBIDRSSEHFLGSD	Organic acids and derivatives	Carboxylic acids and derivatives	Amino acids, peptides, and analogues	Small peptides	Dipeptides	Amino acids and Peptides	mzspec:GNPS:GNPS-LIBRARY:CCMSLIB00003135481
CCMSLIB00003139461	179	spectra_filtered.mgf	GNPS-NIST14-MATCHES.mgf	0.916861	46182900.0	0	0.0947201	12	3.05176e-05	322.187	1	temp/spectra_filtered.mgf179	1	Spectral Match to Arg-Phe from NIST14	ESI	qTof	Isolated	Data from Pieter Dorrestein	Data deposited by lfnothias	M+H	322.187	321.18	1	N/A	N/A	C1=CC=C(C=C1)C[C@@H](C(=O)O)NC(=O)[C@H](CCCN=C(N)N)N	InChI=1S/C15H23N5O3/c16-11(7-4-8-19-15(17)18)13(21)20-12(14(22)23)9-10-5-2-1-3-6-10/h1-3,5-6,11-12H,4,7-9,16H2,(H,20,21)(H,22,23)(H4,17,18,19)/t11-,12-/m0/s1	N/A	3	Positive	GNPS-NIST14-MATCHES	322.187	UPDATE-SINGLE-ANNOTATED-BRONZE	Bronze		C15H23N5O3	PQBHGSGQZSOLIR-RYUDHWBXSA-N	PQBHGSGQZSOLIR	Organic acids and derivatives	Carboxylic acids and derivatives	Amino acids, peptides, and analogues	Small peptides	Dipeptides	Amino acids and Peptides	mzspec:GNPS:GNPS-LIBRARY:CCMSLIB00003139461
CCMSLIB00005464333	240	spectra_filtered.mgf	GNPS-MSMLS.mgf	0.916304	42282400.0	0	1.03981	10	0.000228882	220.118	1	temp/spectra_filtered.mgf240	1	PANTOTHENATE	ESI	Orbitrap	Commercial	Dorrestein	Kelly Weldon	M+H	220.118	219.111	1	137-08-6	N/A	CC(C)(CO)C(O)C(=O)NCCC(O)=O	"""InChI=1S/C9H17NO5/c1-9(2,5-11)7(14)8(15)10-4-3-6(12)13/h7,11,14H,3-5H2,1-2H3,(H,10,15)(H,12,13)"""	N/A	1	Positive	GNPS-MSMLS	220.118	UPDATE-SINGLE-ANNOTATED-GOLD	Gold		C9H17NO5	GHOKWGTUZJEAQD-UHFFFAOYSA-N	GHOKWGTUZJEAQD	Organic acids and derivatives	Carboxylic acids and derivatives	Amino acids, peptides, and analogues	Small peptides	Dipeptides	Amino acids and Peptides	mzspec:GNPS:GNPS-LIBRARY:CCMSLIB00005464333
CCMSLIB00003135362	94	spectra_filtered.mgf	GNPS-NIST14-MATCHES.mgf	0.91206	42583800.0	0	13.8305	8	0.00341797	247.129	1	temp/spectra_filtered.mgf94	1	Spectral Match to Glu-Val from NIST14	ESI	qTof	Isolated	Data from Bernhard Palsson	Data deposited by mjmeehan	M+H	247.132	246.122	1	N/A	N/A	CC(C)[C@@H](C(=O)O)NC(=O)[C@H](CCC(=O)O)N	InChI=1S/C10H18N2O5/c1-5(2)8(10(16)17)12-9(15)6(11)3-4-7(13)14/h5-6,8H,3-4,11H2,1-2H3,(H,12,15)(H,13,14)(H,16,17)/t6-,8-/m0/s1	N/A	3	Positive	GNPS-NIST14-MATCHES	247.132	UPDATE-SINGLE-ANNOTATED-BRONZE	Bronze		C10H18N2O5	SITLTJHOQZFJGG-XPUUQOCRSA-N	SITLTJHOQZFJGG	Organic acids and derivatives	Carboxylic acids and derivatives	Amino acids, peptides, and analogues	Small peptides	Dipeptides	Amino acids and Peptides	mzspec:GNPS:GNPS-LIBRARY:CCMSLIB00003135362
CCMSLIB00003138775	463	spectra_filtered.mgf	GNPS-NIST14-MATCHES.mgf	0.907804	206510000.0	0	228.267	8	0.0751343	329.226	1	temp/spectra_filtered.mgf463	1	Spectral Match to Tyr-Phe from NIST14	ESI	qTof	Isolated	Data from Pieter C. Dorrestein	Data deposited by daniel	M+H	329.151	328.142	1	N/A	N/A	C1=CC=C(C=C1)CC(C(=O)O)NC(=O)C(CC2=CC=C(C=C2)O)N	InChI=1S/C18H20N2O4/c19-15(10-13-6-8-14(21)9-7-13)17(22)20-16(18(23)24)11-12-4-2-1-3-5-12/h1-9,15-16,21H,10-11,19H2,(H,20,22)(H,23,24)	N/A	3	Positive	GNPS-NIST14-MATCHES	329.151	UPDATE-SINGLE-ANNOTATED-BRONZE	Bronze		C18H20N2O4	CGWAPUBOXJWXMS-UHFFFAOYSA-N	CGWAPUBOXJWXMS	Organic acids and derivatives	Carboxylic acids and derivatives	Amino acids, peptides, and analogues	Small peptides	Dipeptides	Amino acids and Peptides	mzspec:GNPS:GNPS-LIBRARY:CCMSLIB00003138775
CCMSLIB00003140066	145	spectra_filtered.mgf	GNPS-NIST14-MATCHES.mgf	0.905514	48496000.0	0	2.96491	12	0.000854492	288.203	1	temp/spectra_filtered.mgf145	1	Spectral Match to Arg-Ile from NIST14	ESI	qTof	Isolated	Data from Julia Gauglitz	Data deposited by fevargas	M+H	288.202	287.196	1	N/A	N/A	CC[C@H](C)[C@@H](C(=O)O)NC(=O)[C@H](CCCN=C(N)N)N	InChI=1S/C12H25N5O3/c1-3-7(2)9(11(19)20)17-10(18)8(13)5-4-6-16-12(14)15/h7-9H,3-6,13H2,1-2H3,(H,17,18)(H,19,20)(H4,14,15,16)/t7-,8-,9-/m0/s1	N/A	3	Positive	GNPS-NIST14-MATCHES	288.202	UPDATE-SINGLE-ANNOTATED-BRONZE	Bronze		C12H25N5O3	QYLJIYOGHRGUIH-CIUDSAMLSA-N	QYLJIYOGHRGUIH	Organic acids and derivatives	Carboxylic acids and derivatives	Amino acids, peptides, and analogues	Small peptides	Dipeptides	Amino acids and Peptides	mzspec:GNPS:GNPS-LIBRARY:CCMSLIB00003140066
CCMSLIB00003135280	97	spectra_filtered.mgf	GNPS-NIST14-MATCHES.mgf	0.904559	25011700.0	0	0.120567	6	3.05176e-05	253.118	1	temp/spectra_filtered.mgf97	1	Spectral Match to Tyr-Ala from NIST14	ESI	qTof	Isolated	Data from Pieter C. Dorrestein	Data deposited by daniel	M+H	253.118	252.111	1	730085	N/A	C[C@@H](C(=O)O)NC(=O)[C@H](CC1=CC=C(C=C1)O)N	InChI=1S/C12H16N2O4/c1-7(12(17)18)14-11(16)10(13)6-8-2-4-9(15)5-3-8/h2-5,7,10,15H,6,13H2,1H3,(H,14,16)(H,17,18)/t7-,10-/m0/s1	N/A	3	Positive	GNPS-NIST14-MATCHES	253.118	UPDATE-SINGLE-ANNOTATED-BRONZE	Bronze		C12H16N2O4	NLKUJNGEGZDXGO-XVKPBYJWSA-N	NLKUJNGEGZDXGO	Organic acids and derivatives	Carboxylic acids and derivatives	Amino acids, peptides, and analogues	Small peptides	Dipeptides	Amino acids and Peptides	mzspec:GNPS:GNPS-LIBRARY:CCMSLIB00003135280
CCMSLIB00003135336	331	spectra_filtered.mgf	GNPS-NIST14-MATCHES.mgf	0.904418	14306100.0	0	3.53991	7	0.0010376	293.113	1	temp/spectra_filtered.mgf331	1	Spectral Match to PyroGlu-Tyr from NIST14	ESI	Q-TOF	Isolated	Data from System Wide MS course 	Data deposited by daniel	M+H	293.114	0.0	1	N/A	N/A	N/A	N/A	N/A	3	Positive	GNPS-NIST14-MATCHES	293.114	UPDATE-SINGLE-ANNOTATED-BRONZE	Bronze		N/A	N/A	N/A	N/A	N/A	N/A	N/A	N/A	N/A	mzspec:GNPS:GNPS-LIBRARY:CCMSLIB00003135336
CCMSLIB00011434895	408	spectra_filtered.mgf	ECG-ACYL-AMIDES-C4-C24-LIBRARY.mgf	0.903108	10536900.0	0	138.382	7	0.0371094	268.129	1	temp/spectra_filtered.mgf408	1	His-C7:0	ESI	Orbitrap	Commercial	Dorrestein	Ipsita	M+H	268.166	267.158	1	N/A	N/A	CCCCCCC(NC(CC1=NC=CN1)C(O)=O)=O	InChI=1S/C13H21N3O3/c1-2-3-4-5-6-12(17)16-10(13(18)19)9-11-14-7-8-15-11/h7-8,10H,2-6,9H2,1H3,(H,14,15)(H,16,17)(H,18,19)	N/A	1	Positive	ECG-ACYL-AMIDES-C4-C24-LIBRARY	268.166	UPDATE-SINGLE-ANNOTATED-GOLD	Gold		C13H21N3O3	RIKIPRZAYQHBIV-UHFFFAOYSA-N	RIKIPRZAYQHBIV	Organic acids and derivatives	Carboxylic acids and derivatives	Amino acids, peptides, and analogues	Small peptides	Dipeptides	Amino acids and Peptides	mzspec:GNPS:GNPS-LIBRARY:CCMSLIB00011434895
CCMSLIB00005489308	668	spectra_filtered.mgf	GNPS-LIBRARY.mgf	0.899968	2440140.0	0	0.198798	8	6.10352e-05	307.021	1	temp/spectra_filtered.mgf668	1	HPTzTn-COOH	LC-ESI	Orbitrap	Lysate	Pieter Dorrestein	Allegra Aron	M+H	307.021	0.0	1	 	 	 	 	 	3	Positive	GNPS-LIBRARY	307.021	UPDATE-SINGLE-ANNOTATED-BRONZE	Bronze		N/A	N/A	N/A	N/A	N/A	N/A	N/A	N/A	N/A	mzspec:GNPS:GNPS-LIBRARY:CCMSLIB00005489308
CCMSLIB00003135348	92	spectra_filtered.mgf	GNPS-NIST14-MATCHES.mgf	0.899756	18905100.0	0	205.556	9	0.0553284	269.109	0	temp/spectra_filtered.mgf92	1	Spectral Match to His-Ile from NIST14	ESI	Q-TOF	Isolated	Data from Bernhard Palsson	Data deposited by mjmeehan	M+H	269.164	0.0	1	N/A	N/A	N/A	N/A	N/A	3	Positive	GNPS-NIST14-MATCHES	269.164	UPDATE-SINGLE-ANNOTATED-BRONZE	Bronze		N/A	N/A	N/A	N/A	N/A	N/A	N/A	N/A	N/A	mzspec:GNPS:GNPS-LIBRARY:CCMSLIB00003135348
CCMSLIB00003140066	105	spectra_filtered.mgf	GNPS-NIST14-MATCHES.mgf	0.897321	176014000.0	0	2.54135	12	0.000732422	288.203	1	temp/spectra_filtered.mgf105	1	Spectral Match to Arg-Ile from NIST14	ESI	qTof	Isolated	Data from Julia Gauglitz	Data deposited by fevargas	M+H	288.202	287.196	1	N/A	N/A	CC[C@H](C)[C@@H](C(=O)O)NC(=O)[C@H](CCCN=C(N)N)N	InChI=1S/C12H25N5O3/c1-3-7(2)9(11(19)20)17-10(18)8(13)5-4-6-16-12(14)15/h7-9H,3-6,13H2,1-2H3,(H,17,18)(H,19,20)(H4,14,15,16)/t7-,8-,9-/m0/s1	N/A	3	Positive	GNPS-NIST14-MATCHES	288.202	UPDATE-SINGLE-ANNOTATED-BRONZE	Bronze		C12H25N5O3	QYLJIYOGHRGUIH-CIUDSAMLSA-N	QYLJIYOGHRGUIH	Organic acids and derivatives	Carboxylic acids and derivatives	Amino acids, peptides, and analogues	Small peptides	Dipeptides	Amino acids and Peptides	mzspec:GNPS:GNPS-LIBRARY:CCMSLIB00003140066
CCMSLIB00003135234	282	spectra_filtered.mgf	GNPS-NIST14-MATCHES.mgf	0.895974	131066000.0	0	0.530519	7	0.000183105	345.144	1	temp/spectra_filtered.mgf282	1	Spectral Match to Tyr-Tyr from NIST14	ESI	Q-TOF	Isolated	Data from System Wide MS course 	Data deposited by daniel	M+H	345.144	0.0	1	N/A	N/A	N/A	N/A	N/A	3	Positive	GNPS-NIST14-MATCHES	345.144	UPDATE-SINGLE-ANNOTATED-BRONZE	Bronze		N/A	N/A	N/A	N/A	N/A	N/A	N/A	N/A	N/A	mzspec:GNPS:GNPS-LIBRARY:CCMSLIB00003135234
CCMSLIB00003138408	249	spectra_filtered.mgf	GNPS-NIST14-MATCHES.mgf	0.893591	93517200.0	0	10.0891	9	200.138	201.147	2	temp/spectra_filtered.mgf249	1	Spectral Match to Leu-Leu-Arg from NIST14	ESI	IT/ion trap	Isolated	Data from Karin	Data deposited by aaksenov	M+2H]	201.149	0.0	1	N/A	N/A	N/A	N/A	N/A	3	Positive	GNPS-NIST14-MATCHES	201.149	UPDATE-SINGLE-ANNOTATED-BRONZE	Bronze		N/A	N/A	N/A	N/A	N/A	N/A	N/A	N/A	N/A	mzspec:GNPS:GNPS-LIBRARY:CCMSLIB00003138408
CCMSLIB00005724313	638	spectra_filtered.mgf	GNPS-LIBRARY.mgf	0.893307	3599090.0	0	7.69986	6	0.00161743	210.058	1	temp/spectra_filtered.mgf638	1	Aerugine	LC-ESI	Orbitrap	Isolated	Dawn R.D. Bignell	Jingyu Liu	M+H	210.06	209.051	1	 	136030596	C1C(N=C(S1)C2=CC=CC=C2O)CO	InChI=1S/C10H11NO2S/c12-5-7-6-14-10(11-7)8-3-1-2-4-9(8)13/h1-4,7,12-13H,5-6H2/t7-/m1/s1	 	3	Positive	GNPS-LIBRARY	210.06	UPDATE-SINGLE-ANNOTATED-BRONZE	Bronze		C10H11NO2S	CQCVSXXDUMTFCR-UHFFFAOYSA-N	CQCVSXXDUMTFCR	Benzenoids	Phenols	1-hydroxy-4-unsubstituted benzenoids	Serine alkaloids	Thiazole alkaloids	Alkaloids	mzspec:GNPS:GNPS-LIBRARY:CCMSLIB00005724313
CCMSLIB00003134815	529	spectra_filtered.mgf	GNPS-NIST14-MATCHES.mgf	0.882048	153582000.0	0	3.23432	6	0.000747681	231.17	1	temp/spectra_filtered.mgf529	1	Spectral Match to Val-Ile from NIST14	ESI	qTof	Isolated	Data from Gabriel Haddad	Data deposited by mjmeehan	M+H	231.171	230.163	1	20556143	N/A	CC[C@H](C)[C@@H](C(=O)O)NC(=O)[C@H](C(C)C)N	InChI=1S/C11H22N2O3/c1-5-7(4)9(11(15)16)13-10(14)8(12)6(2)3/h6-9H,5,12H2,1-4H3,(H,13,14)(H,15,16)/t7-,8-,9-/m0/s1	N/A	3	Positive	GNPS-NIST14-MATCHES	231.171	UPDATE-SINGLE-ANNOTATED-BRONZE	Bronze		C11H22N2O3	PNVLWFYAPWAQMU-CIUDSAMLSA-N	PNVLWFYAPWAQMU	Organic acids and derivatives	Carboxylic acids and derivatives	Amino acids, peptides, and analogues	Small peptides	Dipeptides	Amino acids and Peptides	mzspec:GNPS:GNPS-LIBRARY:CCMSLIB00003134815
CCMSLIB00003138775	460	spectra_filtered.mgf	GNPS-NIST14-MATCHES.mgf	0.879143	195436000.0	0	4.91395	8	0.00161743	329.149	1	temp/spectra_filtered.mgf460	1	Spectral Match to Tyr-Phe from NIST14	ESI	qTof	Isolated	Data from Pieter C. Dorrestein	Data deposited by daniel	M+H	329.151	328.142	1	N/A	N/A	C1=CC=C(C=C1)CC(C(=O)O)NC(=O)C(CC2=CC=C(C=C2)O)N	InChI=1S/C18H20N2O4/c19-15(10-13-6-8-14(21)9-7-13)17(22)20-16(18(23)24)11-12-4-2-1-3-5-12/h1-9,15-16,21H,10-11,19H2,(H,20,22)(H,23,24)	N/A	3	Positive	GNPS-NIST14-MATCHES	329.151	UPDATE-SINGLE-ANNOTATED-BRONZE	Bronze		C18H20N2O4	CGWAPUBOXJWXMS-UHFFFAOYSA-N	CGWAPUBOXJWXMS	Organic acids and derivatives	Carboxylic acids and derivatives	Amino acids, peptides, and analogues	Small peptides	Dipeptides	Amino acids and Peptides	mzspec:GNPS:GNPS-LIBRARY:CCMSLIB00003138775
CCMSLIB00011434881	490	spectra_filtered.mgf	ECG-ACYL-AMIDES-C4-C24-LIBRARY.mgf	0.87859	10718700.0	0	128.038	11	0.0367737	287.171	1	temp/spectra_filtered.mgf490	1	Arg-C7:0	ESI	Orbitrap	Commercial	Dorrestein	Ipsita	M+H	287.208	286.2	1	N/A	N/A	CCCCCCC(NC(C(O)=O)CCCNC(N)=N)=O	InChI=1S/C13H26N4O3/c1-2-3-4-5-8-11(18)17-10(12(19)20)7-6-9-16-13(14)15/h10H,2-9H2,1H3,(H,17,18)(H,19,20)(H4,14,15,16)	N/A	1	Positive	ECG-ACYL-AMIDES-C4-C24-LIBRARY	287.208	UPDATE-SINGLE-ANNOTATED-GOLD	Gold		C13H26N4O3	YPCASTMKDJIXPW-UHFFFAOYSA-N	YPCASTMKDJIXPW	Organic acids and derivatives	Carboxylic acids and derivatives	Amino acids, peptides, and analogues	Small peptides	Dipeptides	Amino acids and Peptides	mzspec:GNPS:GNPS-LIBRARY:CCMSLIB00011434881
CCMSLIB00003139467	386	spectra_filtered.mgf	GNPS-NIST14-MATCHES.mgf	0.874302	16374700.0	0	2.89533	6	0.000854492	295.129	1	temp/spectra_filtered.mgf386	1	Spectral Match to Glu Phe from METLIN	LC-ESI	qTof	Isolated	Data from Pieter Dorrestein	Data deposited by daniel	M+H	295.128	0.0	1	N/A	N/A	O=C(O)[C@H](CC1=CC=CC=C1)NC(CC[C@H](N)C(O)=O)=O	InChI=1S/C14H18N2O5/c15-10(13(18)19)6-7-12(17)16-11(14(20)21)8-9-4-2-1-3-5-9/h1-5,10-11H,6-8,15H2,(H,16,17)(H,18,19)(H,20,21)/t10-,11-/m0/s1	N/A	3	Positive	GNPS-NIST14-MATCHES	295.128	UPDATE-SINGLE-ANNOTATED-BRONZE	Bronze		C14H18N2O5	XHHOHZPNYFQJKL-QWRGUYRKSA-N	XHHOHZPNYFQJKL	Organic acids and derivatives	Carboxylic acids and derivatives	Amino acids, peptides, and analogues	Small peptides	Dipeptides	Amino acids and Peptides	mzspec:GNPS:GNPS-LIBRARY:CCMSLIB00003139467
CCMSLIB00011427582	700	spectra_filtered.mgf	GNPS-LIBRARY.mgf	0.873815	4913590.0	0	17.0681	8	0.00515747	302.175	1	temp/spectra_filtered.mgf700	1	2'-oxo-2-nonyl-4-quinolone N-oxide (2'-oxo-NQNO)	LC-ESI	QQQ	Other	Boettcher	Savchenko	M+H	302.17	0.0	1	 	 	 	 	 	3	Positive	GNPS-LIBRARY	302.17	UPDATE-SINGLE-ANNOTATED-BRONZE	Bronze		N/A	N/A	N/A	N/A	N/A	N/A	N/A	N/A	N/A	mzspec:GNPS:GNPS-LIBRARY:CCMSLIB00011427582
CCMSLIB00005739084	510	spectra_filtered.mgf	MASSBANK.mgf	0.873335	40438100.0	0	0.0722672	6	1.52588e-05	211.144	1	temp/spectra_filtered.mgf510	1	Massbank:PR311142 Cyclo(leucylprolyl)	ESI	qTof	Isolated	Massbank	Massbank	M+H	211.144	0.0	1	N/A	N/A	O=C1NC(C(=O)N2CCCC12)CC(C)C	1S/C11H18N2O2/c1-7(2)6-8-11(15)13-5-3-4-9(13)10(14)12-8/h7-9H,3-6H2,1-2H3,(H,12,14)	N/A	3	Positive	MASSBANK	211.144	UPDATE-SINGLE-ANNOTATED-BRONZE	Bronze		C11H18N2O2	SZJNCZMRZAUNQT-UHFFFAOYSA-N	SZJNCZMRZAUNQT	Organic acids and derivatives	Carboxylic acids and derivatives	Amino acids, peptides, and analogues	Small peptides	Dipeptides	Amino acids and Peptides	mzspec:GNPS:GNPS-LIBRARY:CCMSLIB00005739084
CCMSLIB00000007061	633	spectra_filtered.mgf	GNPS-LIBRARY.mgf	0.871608	9919730.0	0	2.5708	8	0.000671387	261.16	1	temp/spectra_filtered.mgf633	1	cyclo(Phe-Leu)	DI-ESI	qTof	Isolated	Keyzers	R Keyzers	M+H	261.159	260.152	1	0	N/A	CC(C)C[C@H]1C(=O)N[C@H](C(=O)N1)CC2=CC=CC=C2	InChI=1S/C15H20N2O2/c1-10(2)8-12-14(18)17-13(15(19)16-12)9-11-6-4-3-5-7-11/h3-7,10,12-13H,8-9H2,1-2H3,(H,16,19)(H,17,18)/t12-,13-/m0/s1	N/A	3	Positive	GNPS-LIBRARY	261.159	UPDATE-SINGLE-ANNOTATED-BRONZE	Bronze		C15H20N2O2	QPDMOMIYLJMOQJ-STQMWFEESA-N	QPDMOMIYLJMOQJ	Organic acids and derivatives	Carboxylic acids and derivatives	Amino acids, peptides, and analogues	Peptide alkaloids|Small peptides	Dipeptides|Simple diketopiperazine alkaloids	Alkaloids|Amino acids and Peptides	mzspec:GNPS:GNPS-LIBRARY:CCMSLIB00000007061
CCMSLIB00010106421	472	spectra_filtered.mgf	BERKELEY-LAB.mgf	0.869127	73972900.0	0	1.38648	8	0.000320435	231.113	1	temp/spectra_filtered.mgf472	1	5470-37-1 CollisionEnergy:102040	LC-ESI	Orbitrap	Commercial	Trent Northen	JGI	M+H	231.113	0.0	1	N/A	N/A	CC1NC(C(=O)O)Cc2c1[nH]c1ccccc21	"""InChI=1S/C13H14N2O2/c1-7-12-9(6-11(14-7)13(16)17)8-4-2-3-5-10(8)15-12/h2-5,7,11,14-15H,6H2,1H3,(H,16,17)"""	N/A	3	Positive	BERKELEY-LAB	231.113	UPDATE-SINGLE-ANNOTATED-BRONZE	Bronze		C13H14N2O2	ZUPHXNBLQCSEIA-UHFFFAOYSA-N	ZUPHXNBLQCSEIA	N/A	N/A	N/A	Tryptophan alkaloids	Carboline alkaloids	Alkaloids	mzspec:GNPS:GNPS-LIBRARY:CCMSLIB00010106421
CCMSLIB00010117760	437	spectra_filtered.mgf	BERKELEY-LAB.mgf	0.858449	100729000.0	0	1.45251	7	0.000335693	231.113	1	temp/spectra_filtered.mgf437	1	5470-37-1 CollisionEnergy:205060	LC-ESI	Orbitrap	Commercial	Trent Northen	JGI	M+H	231.113	0.0	1	N/A	N/A	CC1NC(C(=O)O)Cc2c1[nH]c1ccccc21	"""InChI=1S/C13H14N2O2/c1-7-12-9(6-11(14-7)13(16)17)8-4-2-3-5-10(8)15-12/h2-5,7,11,14-15H,6H2,1H3,(H,16,17)"""	N/A	3	Positive	BERKELEY-LAB	231.113	UPDATE-SINGLE-ANNOTATED-BRONZE	Bronze		C13H14N2O2	ZUPHXNBLQCSEIA-UHFFFAOYSA-N	ZUPHXNBLQCSEIA	N/A	N/A	N/A	Tryptophan alkaloids	Carboline alkaloids	Alkaloids	mzspec:GNPS:GNPS-LIBRARY:CCMSLIB00010117760
CCMSLIB00003136121	575	spectra_filtered.mgf	GNPS-NIST14-MATCHES.mgf	0.856102	133353000.0	0	103.081	9	0.0352783	342.204	1	temp/spectra_filtered.mgf575	1	Spectral Match to Ile-Pro-Ile from NIST14	ESI	QqQ	Isolated	Data from Pieter Dorrestein	Data deposited by lfnothias	M+H	342.239	0.0	1	90614485	N/A	N/A	N/A	N/A	3	Positive	GNPS-NIST14-MATCHES	342.239	UPDATE-SINGLE-ANNOTATED-BRONZE	Bronze		N/A	N/A	N/A	N/A	N/A	N/A	N/A	N/A	N/A	mzspec:GNPS:GNPS-LIBRARY:CCMSLIB00003136121
CCMSLIB00004679264	524	spectra_filtered.mgf	GNPS-LIBRARY.mgf	0.852549	35300100.0	0	3.46153	17	0.0022583	652.402	1	temp/spectra_filtered.mgf524	1	val-leu-pro-val-pro	LC-ESI	qTof	Lysate	Pieter Dorrestein	Daniel Petras	M+H	652.4	652.403	1	 	 	N1(C(=O)[C@@H](NC(=O)[C@H]2N(C(=O)[C@@H](NC(=O)[C@@H](N)C(C)C)CC(C)C)CCC2)C(C)C)C(C(=O)N[C@H](C(=O)O)CCC(=O)N)CCC1	InChI=1S/C31H53N7O8/c1-16(2)15-20(35-28(42)24(33)17(3)4)29(43)37-13-7-10-22(37)27(41)36-25(18(5)6)30(44)38-14-8-9-21(38)26(40)34-19(31(45)46)11-12-23(32)39/h16-22,24-25H,7-15,33H2,1-6H3,(H2,32,39)(H,34,40)(H,35,42)(H,36,41)(H,45,46)/t19-,20-,21?,22-,24-,25-/m0/s1	 	3	Positive	GNPS-LIBRARY	652.4	UPDATE-SINGLE-ANNOTATED-BRONZE	Bronze		C31H53N7O8	KSIHMACFIAFKIG-FSFMBLRGSA-N	KSIHMACFIAFKIG	Organic acids and derivatives	Carboxylic acids and derivatives	Amino acids, peptides, and analogues	Oligopeptides|Small peptides	Linear peptides|Tripeptides	Amino acids and Peptides	mzspec:GNPS:GNPS-LIBRARY:CCMSLIB00004679264
CCMSLIB00003139614	16	spectra_filtered.mgf	GNPS-NIST14-MATCHES.mgf	0.85242	154990000.0	0	0.061982	7	1.52588e-05	246.181	1	temp/spectra_filtered.mgf16	1	Spectral Match to Lys-Val from NIST14	ESI	Q-TOF	Isolated	Data from Gabriel Haddad	Data deposited by mjmeehan	M+H	246.181	0.0	1	N/A	N/A	N/A	N/A	N/A	3	Positive	GNPS-NIST14-MATCHES	246.181	UPDATE-SINGLE-ANNOTATED-BRONZE	Bronze		N/A	N/A	N/A	N/A	N/A	N/A	N/A	N/A	N/A	mzspec:GNPS:GNPS-LIBRARY:CCMSLIB00003139614
CCMSLIB00003139726	22	spectra_filtered.mgf	GNPS-NIST14-MATCHES.mgf	0.845077	316884000.0	0	5.32886	6	0.00143433	269.161	1	temp/spectra_filtered.mgf22	1	Spectral Match to Leu-His from NIST14	ESI	qTof	Isolated	Data from Gabriel Haddad	Data deposited by mjmeehan	M+H	269.162	268.154	1	N/A	N/A	CC(C)C[C@@H](C(=O)N[C@@H](CC1=CN=CN1)C(=O)O)N	InChI=1S/C12H20N4O3/c1-7(2)3-9(13)11(17)16-10(12(18)19)4-8-5-14-6-15-8/h5-7,9-10H,3-4,13H2,1-2H3,(H,14,15)(H,16,17)(H,18,19)/t9-,10-/m0/s1	N/A	3	Positive	GNPS-NIST14-MATCHES	269.162	UPDATE-SINGLE-ANNOTATED-BRONZE	Bronze		C12H20N4O3	XWOBNBRUDDUEEY-UWVGGRQHSA-N	XWOBNBRUDDUEEY	Organic acids and derivatives	Carboxylic acids and derivatives	Amino acids, peptides, and analogues	Small peptides	Dipeptides	Amino acids and Peptides	mzspec:GNPS:GNPS-LIBRARY:CCMSLIB00003139726
CCMSLIB00003137442	338	spectra_filtered.mgf	GNPS-NIST14-MATCHES.mgf	0.843365	42147900.0	0	4.15062	8	179.128	180.136	2	temp/spectra_filtered.mgf338	1	Spectral Match to Val-Ile-Lys from NIST14	ESI	QQQ	Isolated	Data from Gabriel Haddad	Data deposited by mjmeehan	M+2H	180.137	358.258	1	N/A	N/A	CC[C@H](C)[C@@H](C(=O)N[C@@H](CCCCN)C(=O)O)NC(=O)[C@H](C(C)C)N	InChI=1S/C17H34N4O4/c1-5-11(4)14(21-15(22)13(19)10(2)3)16(23)20-12(17(24)25)8-6-7-9-18/h10-14H,5-9,18-19H2,1-4H3,(H,20,23)(H,21,22)(H,24,25)/t11-,12-,13-,14-/m0/s1	N/A	3	Positive	GNPS-NIST14-MATCHES	180.137	UPDATE-SINGLE-ANNOTATED-BRONZE	Bronze		C17H34N4O4	SDUBQHUJJWQTEU-XUXIUFHCSA-N	SDUBQHUJJWQTEU	Organic acids and derivatives	Carboxylic acids and derivatives	Amino acids, peptides, and analogues	Small peptides	Tripeptides	Amino acids and Peptides	mzspec:GNPS:GNPS-LIBRARY:CCMSLIB00003137442
CCMSLIB00003137278	11	spectra_filtered.mgf	GNPS-NIST14-MATCHES.mgf	0.842479	4917170.0	0	1.56977	8	0.000427246	272.171	1	temp/spectra_filtered.mgf11	1	Spectral Match to Pro-Arg from NIST14	ESI	Q-TOF	Isolated	Data from Christopher A. Lowry	Data deposited by fevargas	M+H	272.171	0.0	1	N/A	N/A	N/A	N/A	N/A	3	Positive	GNPS-NIST14-MATCHES	272.171	UPDATE-SINGLE-ANNOTATED-BRONZE	Bronze		N/A	N/A	N/A	N/A	N/A	N/A	N/A	N/A	N/A	mzspec:GNPS:GNPS-LIBRARY:CCMSLIB00003137278
CCMSLIB00003139726	29	spectra_filtered.mgf	GNPS-NIST14-MATCHES.mgf	0.842286	121297000.0	0	188.211	6	0.0506592	269.111	0	temp/spectra_filtered.mgf29	1	Spectral Match to Leu-His from NIST14	ESI	qTof	Isolated	Data from Gabriel Haddad	Data deposited by mjmeehan	M+H	269.162	268.154	1	N/A	N/A	CC(C)C[C@@H](C(=O)N[C@@H](CC1=CN=CN1)C(=O)O)N	InChI=1S/C12H20N4O3/c1-7(2)3-9(13)11(17)16-10(12(18)19)4-8-5-14-6-15-8/h5-7,9-10H,3-4,13H2,1-2H3,(H,14,15)(H,16,17)(H,18,19)/t9-,10-/m0/s1	N/A	3	Positive	GNPS-NIST14-MATCHES	269.162	UPDATE-SINGLE-ANNOTATED-BRONZE	Bronze		C12H20N4O3	XWOBNBRUDDUEEY-UWVGGRQHSA-N	XWOBNBRUDDUEEY	Organic acids and derivatives	Carboxylic acids and derivatives	Amino acids, peptides, and analogues	Small peptides	Dipeptides	Amino acids and Peptides	mzspec:GNPS:GNPS-LIBRARY:CCMSLIB00003139726
CCMSLIB00004684329	810	spectra_filtered.mgf	GNPS-LIBRARY.mgf	0.833458	15486700.0	0	2.17406	10	0.00109863	505.336	1	temp/spectra_filtered.mgf810	1	Rha-C10-C10	LC-ESI	qTof	Lysate	Quinn	 	M+H	505.337	0.0	1	 	 	 	 	 	3	Positive	GNPS-LIBRARY	505.337	UPDATE-SINGLE-ANNOTATED-BRONZE	Bronze		N/A	N/A	N/A	N/A	N/A	N/A	N/A	N/A	N/A	mzspec:GNPS:GNPS-LIBRARY:CCMSLIB00004684329
CCMSLIB00003139626	327	spectra_filtered.mgf	GNPS-NIST14-MATCHES.mgf	0.822	243887000.0	0	1.39856	10	0.000320435	229.118	1	temp/spectra_filtered.mgf327	1	Spectral Match to PyroGlu-Val from NIST14	ESI	Q-TOF	Isolated	Data from Joshua Wollam	Data deposited by fevargas	M+H	229.118	0.0	1	N/A	N/A	N/A	N/A	N/A	3	Positive	GNPS-NIST14-MATCHES	229.118	UPDATE-SINGLE-ANNOTATED-BRONZE	Bronze		N/A	N/A	N/A	N/A	N/A	N/A	N/A	N/A	N/A	mzspec:GNPS:GNPS-LIBRARY:CCMSLIB00003139626
CCMSLIB00003136121	570	spectra_filtered.mgf	GNPS-NIST14-MATCHES.mgf	0.813857	82225600.0	0	1.33756	6	0.000457764	342.239	1	temp/spectra_filtered.mgf570	1	Spectral Match to Ile-Pro-Ile from NIST14	ESI	QqQ	Isolated	Data from Pieter Dorrestein	Data deposited by lfnothias	M+H	342.239	0.0	1	90614485	N/A	N/A	N/A	N/A	3	Positive	GNPS-NIST14-MATCHES	342.239	UPDATE-SINGLE-ANNOTATED-BRONZE	Bronze		N/A	N/A	N/A	N/A	N/A	N/A	N/A	N/A	N/A	mzspec:GNPS:GNPS-LIBRARY:CCMSLIB00003136121
CCMSLIB00003134776	68	spectra_filtered.mgf	GNPS-NIST14-MATCHES.mgf	0.813142	28029100.0	0	199.596	7	0.052124	261.2	1	temp/spectra_filtered.mgf68	1	Spectral Match to Ile-Glu from NIST14	ESI	qTof	Isolated	Data from Bernhard Palsson	Data deposited by mjmeehan	M+H	261.148	260.137	1	N/A	N/A	CC[C@H](C)[C@@H](C(=O)N[C@@H](CCC(=O)O)C(=O)O)N	InChI=1S/C11H20N2O5/c1-3-6(2)9(12)10(16)13-7(11(17)18)4-5-8(14)15/h6-7,9H,3-5,12H2,1-2H3,(H,13,16)(H,14,15)(H,17,18)/t6-,7-,9-/m0/s1	N/A	3	Positive	GNPS-NIST14-MATCHES	261.148	UPDATE-SINGLE-ANNOTATED-BRONZE	Bronze		C11H20N2O5	KTGFOCFYOZQVRJ-ZKWXMUAHSA-N	KTGFOCFYOZQVRJ	Organic acids and derivatives	Carboxylic acids and derivatives	Amino acids, peptides, and analogues	Small peptides	Dipeptides	Amino acids and Peptides	mzspec:GNPS:GNPS-LIBRARY:CCMSLIB00003134776
CCMSLIB00003138699	258	spectra_filtered.mgf	GNPS-NIST14-MATCHES.mgf	0.809947	6628880.0	0	100.8	10	0.0360107	357.213	1	temp/spectra_filtered.mgf258	1	Spectral Match to Ile-Pro-Lys from NIST14	ESI	QQQ	Isolated	Data from Pieter Dorrestein	Data deposited by lfnothias	M+H	357.249	356.242	1	N/A	N/A	CC[C@H](C)[C@@H](C(=O)N1CCC[C@H]1C(=O)N[C@@H](CCCCN)C(=O)O)N	InChI=1S/C17H32N4O4/c1-3-11(2)14(19)16(23)21-10-6-8-13(21)15(22)20-12(17(24)25)7-4-5-9-18/h11-14H,3-10,18-19H2,1-2H3,(H,20,22)(H,24,25)/t11-,12-,13-,14-/m0/s1	N/A	3	Positive	GNPS-NIST14-MATCHES	357.249	UPDATE-SINGLE-ANNOTATED-BRONZE	Bronze		C17H32N4O4	NLZVTPYXYXMCIP-XUXIUFHCSA-N	NLZVTPYXYXMCIP	Organic acids and derivatives	Carboxylic acids and derivatives	Amino acids, peptides, and analogues	Small peptides	Dipeptides	Amino acids and Peptides	mzspec:GNPS:GNPS-LIBRARY:CCMSLIB00003138699
CCMSLIB00013639058	134	spectra_filtered.mgf	WINE-DB-ORBITRAP.mgf	0.807953	15297500.0	0	0.0	6	0.0	269.113	0	temp/spectra_filtered.mgf134	1	Ser-Tyr	ESI	Orbitrap	Commercial	Axel_Marchal	TE_MLS	M+H	269.113	268.27	1	21435-27-8	N/A	C1=CC(=CC=C1C[C@@H](C(=O)O)NC(=O)[C@H](CO)N)O	InChI=1S/C12H16N2O5/c13-9(6-15)11(17)14-10(12(18)19)5-7-1-3-8(16)4-2-7/h1-4,9-10,15-16H,5-6,13H2,(H,14,17)(H,18,19)/t9-,10-/m0/s1	N/A	1	Positive	WINE-DB-ORBITRAP	269.113	UPDATE-SINGLE-ANNOTATED-GOLD	Gold		C12H16N2O5	MALNXHYEPCSPPU-UWVGGRQHSA-N	MALNXHYEPCSPPU	Organic acids and derivatives	Carboxylic acids and derivatives	Amino acids, peptides, and analogues	Small peptides	Dipeptides	Amino acids and Peptides	mzspec:GNPS:GNPS-LIBRARY:CCMSLIB00013639058
CCMSLIB00003135348	103	spectra_filtered.mgf	GNPS-NIST14-MATCHES.mgf	0.80172	17647700.0	0	212.359	7	0.0571594	269.107	0	temp/spectra_filtered.mgf103	1	Spectral Match to His-Ile from NIST14	ESI	Q-TOF	Isolated	Data from Bernhard Palsson	Data deposited by mjmeehan	M+H	269.164	0.0	1	N/A	N/A	N/A	N/A	N/A	3	Positive	GNPS-NIST14-MATCHES	269.164	UPDATE-SINGLE-ANNOTATED-BRONZE	Bronze		N/A	N/A	N/A	N/A	N/A	N/A	N/A	N/A	N/A	mzspec:GNPS:GNPS-LIBRARY:CCMSLIB00003135348
CCMSLIB00003136414	89	spectra_filtered.mgf	GNPS-NIST14-MATCHES.mgf	0.800371	9343690.0	0	1.82192	7	0.000701904	385.255	1	temp/spectra_filtered.mgf89	1	Spectral Match to Ile-Pro-Arg from NIST14	ESI	qTof	Isolated	Data from Pieter Dorrestein	Data deposited by lfnothias	M+H	385.256	384.249	1	N/A	N/A	CC[C@H](C)[C@@H](C(=O)N1CCC[C@H]1C(=O)N[C@@H](CCCN=C(N)N)C(=O)O)N	InChI=1S/C17H32N6O4/c1-3-10(2)13(18)15(25)23-9-5-7-12(23)14(24)22-11(16(26)27)6-4-8-21-17(19)20/h10-13H,3-9,18H2,1-2H3,(H,22,24)(H,26,27)(H4,19,20,21)/t10-,11-,12-,13-/m0/s1	N/A	3	Positive	GNPS-NIST14-MATCHES	385.256	UPDATE-SINGLE-ANNOTATED-BRONZE	Bronze		C17H32N6O4	SVZFKLBRCYCIIY-CYDGBPFRSA-N	SVZFKLBRCYCIIY	Organic acids and derivatives	Carboxylic acids and derivatives	Amino acids, peptides, and analogues	Small peptides	Dipeptides	Amino acids and Peptides	mzspec:GNPS:GNPS-LIBRARY:CCMSLIB00003136414
CCMSLIB00003138699	62	spectra_filtered.mgf	GNPS-NIST14-MATCHES.mgf	0.797311	28860300.0	0	0.427119	8	0.000152588	357.249	1	temp/spectra_filtered.mgf62	1	Spectral Match to Ile-Pro-Lys from NIST14	ESI	QQQ	Isolated	Data from Pieter Dorrestein	Data deposited by lfnothias	M+H	357.249	356.242	1	N/A	N/A	CC[C@H](C)[C@@H](C(=O)N1CCC[C@H]1C(=O)N[C@@H](CCCCN)C(=O)O)N	InChI=1S/C17H32N4O4/c1-3-11(2)14(19)16(23)21-10-6-8-13(21)15(22)20-12(17(24)25)7-4-5-9-18/h11-14H,3-10,18-19H2,1-2H3,(H,20,22)(H,24,25)/t11-,12-,13-,14-/m0/s1	N/A	3	Positive	GNPS-NIST14-MATCHES	357.249	UPDATE-SINGLE-ANNOTATED-BRONZE	Bronze		C17H32N4O4	NLZVTPYXYXMCIP-XUXIUFHCSA-N	NLZVTPYXYXMCIP	Organic acids and derivatives	Carboxylic acids and derivatives	Amino acids, peptides, and analogues	Small peptides	Dipeptides	Amino acids and Peptides	mzspec:GNPS:GNPS-LIBRARY:CCMSLIB00003138699
CCMSLIB00003139582	65	spectra_filtered.mgf	GNPS-NIST14-MATCHES.mgf	0.797008	88502700.0	0	125.331	6	0.0368652	294.181	1	temp/spectra_filtered.mgf65	1	Spectral Match to Phe-Gln from NIST14	LC-ESI	qTof	Isolated	Data from Rob Knight	Data deposited by rsilva	M+H	294.144	0.0	1	N/A	N/A	N/A	N/A	N/A	3	Positive	GNPS-NIST14-MATCHES	294.144	UPDATE-SINGLE-ANNOTATED-BRONZE	Bronze		N/A	N/A	N/A	N/A	N/A	N/A	N/A	N/A	N/A	mzspec:GNPS:GNPS-LIBRARY:CCMSLIB00003139582
CCMSLIB00005435769	611	spectra_filtered.mgf	GNPS-LIBRARY.mgf	0.790794	12261800.0	0	237.531	6	0.0539398	227.139	1	temp/spectra_filtered.mgf611	1	Pyrenocine B putative	LC-ESI	Orbitrap	Crude	Dorrestein	lfnothias	M+H	227.085	0.0	1	 	 	CC1=C(C(=CC(=O)O1)OC)C(=O)CC(C)O	InChI=1S/C11H14O5/c1-6(12)4-8(13)11-7(2)16-10(14)5-9(11)15-3/h5-6,12H,4H2,1-3H3	 	3	Positive	GNPS-LIBRARY	227.085	UPDATE-SINGLE-ANNOTATED-BRONZE	Bronze		C11H14O5	NXDGLHJHHJJTSZ-UHFFFAOYSA-N	NXDGLHJHHJJTSZ	Organic oxygen compounds	Organooxygen compounds	Carbonyl compounds	Cyclic polyketides	2-pyrone derivatives	Polyketides	mzspec:GNPS:GNPS-LIBRARY:CCMSLIB00005435769
CCMSLIB00003136121	613	spectra_filtered.mgf	GNPS-NIST14-MATCHES.mgf	0.789675	41381400.0	0	1.42673	6	0.000488281	342.239	1	temp/spectra_filtered.mgf613	1	Spectral Match to Ile-Pro-Ile from NIST14	ESI	QqQ	Isolated	Data from Pieter Dorrestein	Data deposited by lfnothias	M+H	342.239	0.0	1	90614485	N/A	N/A	N/A	N/A	3	Positive	GNPS-NIST14-MATCHES	342.239	UPDATE-SINGLE-ANNOTATED-BRONZE	Bronze		N/A	N/A	N/A	N/A	N/A	N/A	N/A	N/A	N/A	mzspec:GNPS:GNPS-LIBRARY:CCMSLIB00003136121
CCMSLIB00003139611	548	spectra_filtered.mgf	GNPS-NIST14-MATCHES.mgf	0.778921	5272870.0	0	1.62363	10	0.000427246	263.142	1	temp/spectra_filtered.mgf548	1	Spectral Match to Met-Leu from NIST14	ESI	Q-TOF	Isolated	Data from Chris Turck	Data deposited by fevargas	M+H	263.142	0.0	1	N/A	N/A	N/A	N/A	N/A	3	Positive	GNPS-NIST14-MATCHES	263.142	UPDATE-SINGLE-ANNOTATED-BRONZE	Bronze		N/A	N/A	N/A	N/A	N/A	N/A	N/A	N/A	N/A	mzspec:GNPS:GNPS-LIBRARY:CCMSLIB00003139611
CCMSLIB00005739602	140	spectra_filtered.mgf	MASSBANK.mgf	0.777355	1984050.0	0	184.426	7	0.0389404	211.105	1	temp/spectra_filtered.mgf140	1	Massbank:PR300771 Cyclo(proline-leucine)	ESI	qTof	Isolated	Massbank	Massbank	M+H	211.144	0.0	1	N/A	N/A	CC(C)CC1N=C(O)C2CCCN2C1=O	1S/C11H18N2O2/c1-7(2)6-8-11(15)13-5-3-4-9(13)10(14)12-8/h7-9H,3-6H2,1-2H3,(H,12,14)	N/A	3	Positive	MASSBANK	211.144	UPDATE-SINGLE-ANNOTATED-BRONZE	Bronze		C11H18N2O2	SZJNCZMRZAUNQT-UHFFFAOYSA-N	SZJNCZMRZAUNQT	Organic acids and derivatives	Carboxylic acids and derivatives	Amino acids, peptides, and analogues			Amino acids and Peptides	mzspec:GNPS:GNPS-LIBRARY:CCMSLIB00005739602
CCMSLIB00012329398	543	spectra_filtered.mgf	MSNLIB-POSITIVE.mgf	0.76896	393186000.0	0	1.24839	6	0.000427246	342.239	1	temp/spectra_filtered.mgf543	1	diprotin A	ESI	Orbitrap	Crude	Tomas Pluskal	Corinna Brungs	[M+H]+	342.239	341.231	1	N/A	N/A	CC[C@H](C)[C@H](N)C(=O)N1CCC[C@H]1C(=O)N[C@H](C(=O)O)[C@@H](C)CC	InChI=1S/C17H31N3O4/c1-5-10(3)13(18)16(22)20-9-7-8-12(20)15(21)19-14(17(23)24)11(4)6-2/h10-14H,5-9,18H2,1-4H3,(H,19,21)(H,23,24)/t10-,11-,12-,13-,14-/m0/s1	JNTMAZFVYNDPLB-PEDHHIEDSA-N	1	Positive	MSNLIB-POSITIVE	342.239	UPDATE-SINGLE-ANNOTATED-GOLD	Gold		C17H31N3O4	JNTMAZFVYNDPLB-PEDHHIEDSA-N	JNTMAZFVYNDPLB	Organic acids and derivatives	Carboxylic acids and derivatives	Amino acids, peptides, and analogues	Small peptides	Dipeptides	Amino acids and Peptides	mzspec:GNPS:GNPS-LIBRARY:CCMSLIB00012329398
CCMSLIB00010122304	186	spectra_filtered.mgf	BERKELEY-LAB.mgf	0.76314	31430700.0	0	2.4568	6	0.000366211	149.06	1	temp/spectra_filtered.mgf186	1	3-(2-Hydroxyphenyl)propionic acid CollisionEnergy:205060	LC-ESI	Orbitrap	Commercial	Trent Northen	JGI	M+H-H2O	149.06	0.0	1	N/A	N/A	O=C(O)CCc1ccccc1O	"""InChI=1S/C9H10O3/c10-8-4-2-1-3-7(8)5-6-9(11)12/h1-4,10H,5-6H2,(H,11,12)"""	N/A	3	Positive	BERKELEY-LAB	149.06	UPDATE-SINGLE-ANNOTATED-BRONZE	Bronze		C9H10O3	CJBDUOMQLFKVQC-UHFFFAOYSA-N	CJBDUOMQLFKVQC	N/A	N/A	N/A			Shikimates and Phenylpropanoids	mzspec:GNPS:GNPS-LIBRARY:CCMSLIB00010122304
CCMSLIB00003138700	165	spectra_filtered.mgf	GNPS-NIST14-MATCHES.mgf	0.762955	270726000.0	0	0.364534	8	9.15527e-05	251.15	1	temp/spectra_filtered.mgf165	1	Spectral Match to His-Ile from NIST14	ESI	IT/ion trap	Isolated	Data from Pieter Dorrestein	Data deposited by t3hdon	M+H-H2O	251.15	0.0	1	N/A	N/A	N/A	N/A	N/A	3	Positive	GNPS-NIST14-MATCHES	251.15	UPDATE-SINGLE-ANNOTATED-BRONZE	Bronze		N/A	N/A	N/A	N/A	N/A	N/A	N/A	N/A	N/A	mzspec:GNPS:GNPS-LIBRARY:CCMSLIB00003138700
CCMSLIB00000539141	794	spectra_filtered.mgf	GNPS-LIBRARY.mgf	0.762219	9425400.0	0	20.5197	12	0.0133667	651.396	1	temp/spectra_filtered.mgf794	1	Rha-Rha-C10-C10 (M+H)	LC-ESI	qTof	Lysate	Dorrestein	Quinn	M+H	651.409	0.0	1	 	 	 	 	 	3	Positive	GNPS-LIBRARY	651.409	UPDATE-SINGLE-ANNOTATED-BRONZE	Bronze		N/A	N/A	N/A	N/A	N/A	N/A	N/A	N/A	N/A	mzspec:GNPS:GNPS-LIBRARY:CCMSLIB00000539141
CCMSLIB00003138408	452	spectra_filtered.mgf	GNPS-NIST14-MATCHES.mgf	0.759496	36481200.0	0	9.7857	6	200.138	201.147	2	temp/spectra_filtered.mgf452	1	Spectral Match to Leu-Leu-Arg from NIST14	ESI	IT/ion trap	Isolated	Data from Karin	Data deposited by aaksenov	M+2H]	201.149	0.0	1	N/A	N/A	N/A	N/A	N/A	3	Positive	GNPS-NIST14-MATCHES	201.149	UPDATE-SINGLE-ANNOTATED-BRONZE	Bronze		N/A	N/A	N/A	N/A	N/A	N/A	N/A	N/A	N/A	mzspec:GNPS:GNPS-LIBRARY:CCMSLIB00003138408
CCMSLIB00000081164	483	spectra_filtered.mgf	GNPS-LIBRARY.mgf	0.747652	26711200.0	0	135.454	6	0.0375366	277.155	1	temp/spectra_filtered.mgf483	1	cyclo-[Tyr-(4-hydroxy-Pro)]	LC-ESI	Ion Trap	Crude	CCLiaw, YLYang	YLYang	M+H	277.117	277.119	1	 	 	 	 	 	3	Positive	GNPS-LIBRARY	277.117	UPDATE-SINGLE-ANNOTATED-BRONZE	Bronze		N/A	N/A	N/A	N/A	N/A	N/A	N/A	N/A	N/A	mzspec:GNPS:GNPS-LIBRARY:CCMSLIB00000081164
CCMSLIB00003138700	238	spectra_filtered.mgf	GNPS-NIST14-MATCHES.mgf	0.742457	19422700.0	0	0.243023	8	6.10352e-05	251.15	1	temp/spectra_filtered.mgf238	1	Spectral Match to His-Ile from NIST14	ESI	IT/ion trap	Isolated	Data from Pieter Dorrestein	Data deposited by t3hdon	M+H-H2O	251.15	0.0	1	N/A	N/A	N/A	N/A	N/A	3	Positive	GNPS-NIST14-MATCHES	251.15	UPDATE-SINGLE-ANNOTATED-BRONZE	Bronze		N/A	N/A	N/A	N/A	N/A	N/A	N/A	N/A	N/A	mzspec:GNPS:GNPS-LIBRARY:CCMSLIB00003138700
CCMSLIB00003136608	340	spectra_filtered.mgf	GNPS-NIST14-MATCHES.mgf	0.713164	109789000.0	0	8.40943	9	0.00302124	359.265	1	temp/spectra_filtered.mgf340	1	Spectral Match to Ile-Val-Lys from NIST14	ESI	Q-TOF	Isolated	Data from Christopher A. Lowry	Data deposited by fevargas	M+H	359.268	0.0	1	N/A	N/A	N/A	N/A	N/A	3	Positive	GNPS-NIST14-MATCHES	359.268	UPDATE-SINGLE-ANNOTATED-BRONZE	Bronze		N/A	N/A	N/A	N/A	N/A	N/A	N/A	N/A	N/A	mzspec:GNPS:GNPS-LIBRARY:CCMSLIB00003136608
CCMSLIB00003137597	217	spectra_filtered.mgf	GNPS-NIST14-MATCHES.mgf	0.710848	31540400.0	0	1.19242	6	0.000289917	243.134	1	temp/spectra_filtered.mgf217	1	Spectral Match to PyroGlu-Ile from NIST14	LC-ESI	qTof	Isolated	Data from Dr. Katherine R. Duncan	Data deposited by kduncan	M+H	243.134	0.0	1	N/A	N/A	O=C(N[C@H](C(O)=O)[C@@H](C)CC)[C@H]1NC(CC1)=O	InChI=1S/C11H18N2O4/c1-3-6(2)9(11(16)17)13-10(15)7-4-5-8(14)12-7/h6-7,9H,3-5H2,1-2H3,(H,12,14)(H,13,15)(H,16,17)/t6-,7-,9-/m0/s1	N/A	3	Positive	GNPS-NIST14-MATCHES	243.134	UPDATE-SINGLE-ANNOTATED-BRONZE	Bronze		C11H18N2O4	MKCVLTRITQNGQI-ZKWXMUAHSA-N	MKCVLTRITQNGQI	Organic acids and derivatives	Carboxylic acids and derivatives	Amino acids, peptides, and analogues	Small peptides	Dipeptides	Amino acids and Peptides	mzspec:GNPS:GNPS-LIBRARY:CCMSLIB00003137597
CCMSLIB00010123304	864	spectra_filtered.mgf	BERKELEY-LAB.mgf	0.708859	11686300.0	0	235.249	7	0.0470581	199.988	1	temp/spectra_filtered.mgf864	1	fMet CollisionEnergy:205060	LC-ESI	Orbitrap	Commercial	Trent Northen	JGI	M+Na	200.035	0.0	1	N/A	N/A	CSCCC(N=CO)C(=O)O	"""InChI=1S/C6H11NO3S/c1-11-3-2-5(6(9)10)7-4-8/h4-5H,2-3H2,1H3,(H,7,8)(H,9,10)/t5-/m1/s1"""	N/A	3	Positive	BERKELEY-LAB	200.035	UPDATE-SINGLE-ANNOTATED-BRONZE	Bronze		C6H11NO3S	PYUSHNKNPOHWEZ-UHFFFAOYSA-N	PYUSHNKNPOHWEZ	Organic acids and derivatives	Carboxylic acids and derivatives	Amino acids, peptides, and analogues			Amino acids and Peptides	mzspec:GNPS:GNPS-LIBRARY:CCMSLIB00010123304
CCMSLIB00000072244	820	spectra_filtered.mgf	GNPS-LIBRARY.mgf	0.700866	2601400.0	0	3.66529	7	0.00256348	699.39	1	temp/spectra_filtered.mgf820	1	Rhamnolipid Rha-Rha-C10-C12:1	DI-ESI	LTQ-FT-ICR	Crude	Dorrestein	J Watrous	M+Na	699.393	0.0	1	N/A	N/A	N/A	N/A	N/A	3	Positive	GNPS-LIBRARY	699.393	UPDATE-SINGLE-ANNOTATED-BRONZE	Bronze		N/A	N/A	N/A	N/A	N/A	N/A	N/A	N/A	N/A	mzspec:GNPS:GNPS-LIBRARY:CCMSLIB00000072244
CCMSLIB00003136729	303	spectra_filtered.mgf	GNPS-NIST14-MATCHES.mgf	0.698573	159872000.0	0	2.77833	6	0.00128174	461.333	1	temp/spectra_filtered.mgf303	1	Spectral Match to Leu-Val from NIST14	ESI	Q-TOF	Isolated	Data from Christopher A. Lowry	Data deposited by fevargas	2M+H	461.334	0.0	1	13588959	N/A	N/A	N/A	N/A	3	Positive	GNPS-NIST14-MATCHES	461.334	UPDATE-SINGLE-ANNOTATED-BRONZE	Bronze		N/A	N/A	N/A	N/A	N/A	N/A	N/A	N/A	N/A	mzspec:GNPS:GNPS-LIBRARY:CCMSLIB00003136729
CCMSLIB00011435281	42	spectra_filtered.mgf	ECG-ACYL-AMIDES-C4-C24-LIBRARY.mgf	0.6813	43398100.0	0	167.587	8	0.0622253	371.24	1	temp/spectra_filtered.mgf42	1	Arg-C13:0	ESI	Orbitrap	Commercial	Dorrestein	Ipsita	M+H	371.302	370.294	1	N/A	N/A	CCCCCCCCCCCCC(NC(C(O)=O)CCCNC(N)=N)=O	InChI=1S/C19H38N4O3/c1-2-3-4-5-6-7-8-9-10-11-14-17(24)23-16(18(25)26)13-12-15-22-19(20)21/h16H,2-15H2,1H3,(H,23,24)(H,25,26)(H4,20,21,22)	N/A	1	Positive	ECG-ACYL-AMIDES-C4-C24-LIBRARY	371.302	UPDATE-SINGLE-ANNOTATED-GOLD	Gold		C19H38N4O3	SIJDMRBTZJBUEV-UHFFFAOYSA-N	SIJDMRBTZJBUEV	Organic acids and derivatives	Carboxylic acids and derivatives	Amino acids, peptides, and analogues	Fatty amides	N-acyl amines	Fatty acids	mzspec:GNPS:GNPS-LIBRARY:CCMSLIB00011435281
CCMSLIB00003136812	453	spectra_filtered.mgf	GNPS-NIST14-MATCHES.mgf	0.678485	57182600.0	0	0.0	8	0.0	401.287	1	temp/spectra_filtered.mgf453	1	Spectral Match to Ile-Ile-Arg from NIST14	ESI	qTof	Isolated	Data from Suryasarathi Dasgupta	Data deposited by fevargas	M+H	401.287	400.28	1	N/A	N/A	CC[C@H](C)[C@@H](C(=O)N[C@@H]([C@@H](C)CC)C(=O)N[C@@H](CCCN=C(N)N)C(=O)O)N	InChI=1S/C18H36N6O4/c1-5-10(3)13(19)15(25)24-14(11(4)6-2)16(26)23-12(17(27)28)8-7-9-22-18(20)21/h10-14H,5-9,19H2,1-4H3,(H,23,26)(H,24,25)(H,27,28)(H4,20,21,22)/t10-,11-,12-,13-,14-/m0/s1	N/A	3	Positive	GNPS-NIST14-MATCHES	401.287	UPDATE-SINGLE-ANNOTATED-BRONZE	Bronze		C18H36N6O4	KYLIZSDYWQQTFM-PEDHHIEDSA-N	KYLIZSDYWQQTFM	Organic acids and derivatives	Carboxylic acids and derivatives	Amino acids, peptides, and analogues	Small peptides	Dipeptides|Tripeptides	Amino acids and Peptides	mzspec:GNPS:GNPS-LIBRARY:CCMSLIB00003136812
CCMSLIB00005463713	593	spectra_filtered.mgf	GNPS-LIBRARY.mgf	0.675985	2195830.0	0	104.075	8	0.0208282	200.107	1	temp/spectra_filtered.mgf593	1	C6-HSL	LC-ESI	Orbitrap	Commercial	Rodrigues	Rodrigues	M+H	200.128	0.0	0	 	 	 	 	 	3	Positive	GNPS-LIBRARY	200.128	UPDATE-SINGLE-ANNOTATED-BRONZE	Bronze		N/A	N/A	N/A	N/A	N/A	N/A	N/A	N/A	N/A	mzspec:GNPS:GNPS-LIBRARY:CCMSLIB00005463713
CCMSLIB00012358326	208	spectra_filtered.mgf	MSNLIB-NEGATIVE.mgf	0.671432	26266100.0	0	150.556	6	0.0510559	339.166	1	temp/spectra_filtered.mgf208	1	N-[(6-fluoro-1H-indol-1-yl)acetyl]-L-phenylalanine	ESI	Orbitrap	Crude	Tomas Pluskal	Corinna Brungs	[M-H]-	339.115	340.122	1	N/A	N/A	O=C(Cn1ccc2c1cc(F)cc2)N[C@@H](Cc1ccccc1)C(=O)O	InChI=1S/C19H17FN2O3/c20-15-7-6-14-8-9-22(17(14)11-15)12-18(23)21-16(19(24)25)10-13-4-2-1-3-5-13/h1-9,11,16H,10,12H2,(H,21,23)(H,24,25)/t16-/m0/s1	ATKINTXKKGBJRD-INIZCTEOSA-N	1	Negative	MSNLIB-NEGATIVE	339.115	UPDATE-SINGLE-ANNOTATED-GOLD	Gold		C19H17FN2O3	ATKINTXKKGBJRD-INIZCTEOSA-N	ATKINTXKKGBJRD	Organic acids and derivatives	Carboxylic acids and derivatives	Amino acids, peptides, and analogues				mzspec:GNPS:GNPS-LIBRARY:CCMSLIB00012358326
CCMSLIB00003137597	458	spectra_filtered.mgf	GNPS-NIST14-MATCHES.mgf	0.661565	99281700.0	0	0.564829	6	0.000137329	243.134	1	temp/spectra_filtered.mgf458	1	Spectral Match to PyroGlu-Ile from NIST14	LC-ESI	qTof	Isolated	Data from Dr. Katherine R. Duncan	Data deposited by kduncan	M+H	243.134	0.0	1	N/A	N/A	O=C(N[C@H](C(O)=O)[C@@H](C)CC)[C@H]1NC(CC1)=O	InChI=1S/C11H18N2O4/c1-3-6(2)9(11(16)17)13-10(15)7-4-5-8(14)12-7/h6-7,9H,3-5H2,1-2H3,(H,12,14)(H,13,15)(H,16,17)/t6-,7-,9-/m0/s1	N/A	3	Positive	GNPS-NIST14-MATCHES	243.134	UPDATE-SINGLE-ANNOTATED-BRONZE	Bronze		C11H18N2O4	MKCVLTRITQNGQI-ZKWXMUAHSA-N	MKCVLTRITQNGQI	Organic acids and derivatives	Carboxylic acids and derivatives	Amino acids, peptides, and analogues	Small peptides	Dipeptides	Amino acids and Peptides	mzspec:GNPS:GNPS-LIBRARY:CCMSLIB00003137597
CCMSLIB00003135785	444	spectra_filtered.mgf	GNPS-NIST14-MATCHES.mgf	0.660854	39354900.0	0	244.242	6	0.0559692	229.099	1	temp/spectra_filtered.mgf444	1	Spectral Match to Pro-Leu from NIST14	ESI	IT/ion trap	Isolated	Data from Pieter Dorrestein	Data deposited by lfnothias	M+H	229.155	0.0	1	N/A	N/A	N/A	N/A	N/A	3	Positive	GNPS-NIST14-MATCHES	229.155	UPDATE-SINGLE-ANNOTATED-BRONZE	Bronze		N/A	N/A	N/A	N/A	N/A	N/A	N/A	N/A	N/A	mzspec:GNPS:GNPS-LIBRARY:CCMSLIB00003135785
CCMSLIB00003136608	275	spectra_filtered.mgf	GNPS-NIST14-MATCHES.mgf	0.65458	108943000.0	0	8.9191	6	0.00320435	359.265	1	temp/spectra_filtered.mgf275	1	Spectral Match to Ile-Val-Lys from NIST14	ESI	Q-TOF	Isolated	Data from Christopher A. Lowry	Data deposited by fevargas	M+H	359.268	0.0	1	N/A	N/A	N/A	N/A	N/A	3	Positive	GNPS-NIST14-MATCHES	359.268	UPDATE-SINGLE-ANNOTATED-BRONZE	Bronze		N/A	N/A	N/A	N/A	N/A	N/A	N/A	N/A	N/A	mzspec:GNPS:GNPS-LIBRARY:CCMSLIB00003136608
CCMSLIB00008851488	733	spectra_filtered.mgf	GNPS-LIBRARY.mgf	0.646749	82546600.0	0	1.59957	7	0.000457764	286.18	1	temp/spectra_filtered.mgf733	1	HMOQ-N-oxide	LC-ESI	qTof	Crude	Neha Garg	Nicole Aiosa	M+H	286.18	285.173	1	 	 	OC1=C(C)C(C/C=C/CCCCC)=[N+]([O-])C2=CC=CC=C21	InChI=1S/C18H23NO2/c1-3-4-5-6-7-8-12-16-14(2)18(20)15-11-9-10-13-17(15)19(16)21/h7-11,13,20H,3-6,12H2,1-2H3/b8-7+	 	3	Positive	GNPS-LIBRARY	286.18	UPDATE-SINGLE-ANNOTATED-BRONZE	Bronze		N/A	PZDNYMGJYBHSNN-BQYQJAHWSA-N	PZDNYMGJYBHSNN	N/A	N/A	N/A	N/A	N/A	N/A	mzspec:GNPS:GNPS-LIBRARY:CCMSLIB00008851488
CCMSLIB00003137676	478	spectra_filtered.mgf	GNPS-NIST14-MATCHES.mgf	0.636368	19243300.0	0	1.04925	8	217.132	218.139	2	temp/spectra_filtered.mgf478	1	Spectral Match to Phe-Leu-Arg from NIST14	ESI	qTof	Isolated	Data from Pieter Dorrestein	Data deposited by lfnothias	M+2H	218.139	434.264	1	N/A	N/A	CC(C)C[C@@H](C(=O)N[C@@H](CCCN=C(N)N)C(=O)O)NC(=O)[C@H](CC1=CC=CC=C1)N	InChI=1S/C21H34N6O4/c1-13(2)11-17(27-18(28)15(22)12-14-7-4-3-5-8-14)19(29)26-16(20(30)31)9-6-10-25-21(23)24/h3-5,7-8,13,15-17H,6,9-12,22H2,1-2H3,(H,26,29)(H,27,28)(H,30,31)(H4,23,24,25)/t15-,16-,17-/m0/s1	N/A	3	Positive	GNPS-NIST14-MATCHES	218.139	UPDATE-SINGLE-ANNOTATED-BRONZE	Bronze		C21H34N6O4	XMQSOOJRRVEHRO-ULQDDVLXSA-N	XMQSOOJRRVEHRO	Organic acids and derivatives	Carboxylic acids and derivatives	Amino acids, peptides, and analogues	Small peptides	Tripeptides	Amino acids and Peptides	mzspec:GNPS:GNPS-LIBRARY:CCMSLIB00003137676
CCMSLIB00003137676	343	spectra_filtered.mgf	GNPS-NIST14-MATCHES.mgf	0.635156	34809300.0	0	1.04925	6	217.132	218.139	2	temp/spectra_filtered.mgf343	1	Spectral Match to Phe-Leu-Arg from NIST14	ESI	qTof	Isolated	Data from Pieter Dorrestein	Data deposited by lfnothias	M+2H	218.139	434.264	1	N/A	N/A	CC(C)C[C@@H](C(=O)N[C@@H](CCCN=C(N)N)C(=O)O)NC(=O)[C@H](CC1=CC=CC=C1)N	InChI=1S/C21H34N6O4/c1-13(2)11-17(27-18(28)15(22)12-14-7-4-3-5-8-14)19(29)26-16(20(30)31)9-6-10-25-21(23)24/h3-5,7-8,13,15-17H,6,9-12,22H2,1-2H3,(H,26,29)(H,27,28)(H,30,31)(H4,23,24,25)/t15-,16-,17-/m0/s1	N/A	3	Positive	GNPS-NIST14-MATCHES	218.139	UPDATE-SINGLE-ANNOTATED-BRONZE	Bronze		C21H34N6O4	XMQSOOJRRVEHRO-ULQDDVLXSA-N	XMQSOOJRRVEHRO	Organic acids and derivatives	Carboxylic acids and derivatives	Amino acids, peptides, and analogues	Small peptides	Tripeptides	Amino acids and Peptides	mzspec:GNPS:GNPS-LIBRARY:CCMSLIB00003137676
CCMSLIB00000577601	525	spectra_filtered.mgf	DEREPLICATOR_IDENTIFIED_LIBRARY.mgf	0.629994	9560160.0	0	2.61549	10	0.00170898	326.705	2	temp/spectra_filtered.mgf525	1	none_16904_dereplictor_pv_3.86203e-22	N/A	N/A	N/A	Pevzner	N/A	M+2H	326.704	0.0	2	N/A	N/A	[H]OC(=O)[C@@]([H])(N([H])C(=O)[C@]1([H])N(C(=O)[C@@]([H])(N([H])C(=O)[C@@]2([H])N(C(=O)[C@@]([H])(N([H])C(=O)[C@@]([H])(N([H])[H])C([H])(C([H])([H])[H])C([H])([H])[H])C([H])([H])C([H])(C([H])([H])[H])C([H])([H])[H])C([H])([H])C([H])([H])C2([H])[H])C([H])(C([H])([H])[H])C([H])([H])[H])C([H])([H])C([H])([H])C1([H])[H])C([H])([H])C([H])([H])C(=O)N([H])[H]	InChI=1S/C31H53N7O8/c1-16(2)15-20(35-28(42)24(33)17(3)4)29(43)37-13-7-10-22(37)27(41)36-25(18(5)6)30(44)38-14-8-9-21(38)26(40)34-19(31(45)46)11-12-23(32)39/h16-22,24-25H,7-15,33H2,1-6H3,(H2,32,39)(H,34,40)(H,35,42)(H,36,41)(H,45,46)/t19-,20-,21+,22-,24-,25-/m0/s1	N/A	3	N/A	DEREPLICATOR_IDENTIFIED_LIBRARY	326.704	UPDATE-SINGLE-ANNOTATED-BRONZE	Bronze		C31H53N7O8	KSIHMACFIAFKIG-AMAPAYRQSA-N	KSIHMACFIAFKIG	Organic acids and derivatives	Carboxylic acids and derivatives	Amino acids, peptides, and analogues	Oligopeptides|Small peptides	Linear peptides|Tripeptides	Amino acids and Peptides	mzspec:GNPS:GNPS-LIBRARY:CCMSLIB00000577601
CCMSLIB00003137597	277	spectra_filtered.mgf	GNPS-NIST14-MATCHES.mgf	0.624105	32832900.0	0	1.19242	6	0.000289917	243.134	1	temp/spectra_filtered.mgf277	1	Spectral Match to PyroGlu-Ile from NIST14	LC-ESI	qTof	Isolated	Data from Dr. Katherine R. Duncan	Data deposited by kduncan	M+H	243.134	0.0	1	N/A	N/A	O=C(N[C@H](C(O)=O)[C@@H](C)CC)[C@H]1NC(CC1)=O	InChI=1S/C11H18N2O4/c1-3-6(2)9(11(16)17)13-10(15)7-4-5-8(14)12-7/h6-7,9H,3-5H2,1-2H3,(H,12,14)(H,13,15)(H,16,17)/t6-,7-,9-/m0/s1	N/A	3	Positive	GNPS-NIST14-MATCHES	243.134	UPDATE-SINGLE-ANNOTATED-BRONZE	Bronze		C11H18N2O4	MKCVLTRITQNGQI-ZKWXMUAHSA-N	MKCVLTRITQNGQI	Organic acids and derivatives	Carboxylic acids and derivatives	Amino acids, peptides, and analogues	Small peptides	Dipeptides	Amino acids and Peptides	mzspec:GNPS:GNPS-LIBRARY:CCMSLIB00003137597
CCMSLIB00003137597	492	spectra_filtered.mgf	GNPS-NIST14-MATCHES.mgf	0.62171	111549000.0	0	0.690346	8	0.000167847	243.134	1	temp/spectra_filtered.mgf492	1	Spectral Match to PyroGlu-Ile from NIST14	LC-ESI	qTof	Isolated	Data from Dr. Katherine R. Duncan	Data deposited by kduncan	M+H	243.134	0.0	1	N/A	N/A	O=C(N[C@H](C(O)=O)[C@@H](C)CC)[C@H]1NC(CC1)=O	InChI=1S/C11H18N2O4/c1-3-6(2)9(11(16)17)13-10(15)7-4-5-8(14)12-7/h6-7,9H,3-5H2,1-2H3,(H,12,14)(H,13,15)(H,16,17)/t6-,7-,9-/m0/s1	N/A	3	Positive	GNPS-NIST14-MATCHES	243.134	UPDATE-SINGLE-ANNOTATED-BRONZE	Bronze		C11H18N2O4	MKCVLTRITQNGQI-ZKWXMUAHSA-N	MKCVLTRITQNGQI	Organic acids and derivatives	Carboxylic acids and derivatives	Amino acids, peptides, and analogues	Small peptides	Dipeptides	Amino acids and Peptides	mzspec:GNPS:GNPS-LIBRARY:CCMSLIB00003137597
CCMSLIB00003137982	98	spectra_filtered.mgf	GNPS-NIST14-MATCHES.mgf	0.618423	20591200.0	0	117.951	6	0.0329285	279.137	1	temp/spectra_filtered.mgf98	1	Spectral Match to Leu-Phe from NIST14	ESI	qTof	Isolated	Data from Joshua Wollam	Data deposited by fevargas	M+H	279.17	278.163	1	N/A	N/A	CC(C)C[C@@H](C(=O)N[C@@H](CC1=CC=CC=C1)C(=O)O)N	InChI=1S/C15H22N2O3/c1-10(2)8-12(16)14(18)17-13(15(19)20)9-11-6-4-3-5-7-11/h3-7,10,12-13H,8-9,16H2,1-2H3,(H,17,18)(H,19,20)/t12-,13-/m0/s1	N/A	3	Positive	GNPS-NIST14-MATCHES	279.17	UPDATE-SINGLE-ANNOTATED-BRONZE	Bronze		C15H22N2O3	KFKWRHQBZQICHA-STQMWFEESA-N	KFKWRHQBZQICHA	Organic acids and derivatives	Carboxylic acids and derivatives	Amino acids, peptides, and analogues	Small peptides	Dipeptides	Amino acids and Peptides	mzspec:GNPS:GNPS-LIBRARY:CCMSLIB00003137982
CCMSLIB00000072243	827	spectra_filtered.mgf	GNPS-LIBRARY.mgf	0.61743	4554600.0	0	0.261054	7	0.000183105	701.408	1	temp/spectra_filtered.mgf827	1	Rhamnolipid Rha-Rha-C10-C12	DI-ESI	LTQ-FT-ICR	Crude	Dorrestein	J Watrous	M+Na	701.408	0.0	1	N/A	N/A	N/A	N/A	N/A	3	Positive	GNPS-LIBRARY	701.408	UPDATE-SINGLE-ANNOTATED-BRONZE	Bronze		N/A	N/A	N/A	N/A	N/A	N/A	N/A	N/A	N/A	mzspec:GNPS:GNPS-LIBRARY:CCMSLIB00000072243
CCMSLIB00010105338	716	spectra_filtered.mgf	BERKELEY-LAB.mgf	0.610316	13324300.0	0	214.239	9	0.0576477	269.139	1	temp/spectra_filtered.mgf716	1	3-Hydroxy-2'-methoxyflavone CollisionEnergy:102040	LC-ESI	Orbitrap	Commercial	Trent Northen	JGI	M+H	269.081	0.0	1	N/A	N/A	COc1ccccc1-c1oc2ccccc2c(=O)c1O	"""InChI=1S/C16H12O4/c1-19-12-8-4-3-7-11(12)16-15(18)14(17)10-6-2-5-9-13(10)20-16/h2-9,18H,1H3"""	N/A	3	Positive	BERKELEY-LAB	269.081	UPDATE-SINGLE-ANNOTATED-BRONZE	Bronze		C16H12O4	NOPCFBOJEWSFKO-UHFFFAOYSA-N	NOPCFBOJEWSFKO	Phenylpropanoids and polyketides	Flavonoids	Flavones	Flavonoids	Flavonols	Shikimates and Phenylpropanoids	mzspec:GNPS:GNPS-LIBRARY:CCMSLIB00010105338
