row ID,row m/z,row retention time,intensity_measure,ion_mobility,ion_mobility_unit,ccs,correlation group ID,annotation network number,best ion,auto MS2 verify,identified by n=,partners,neutral M mass,171103_PMA_TK_M1_01.mzML Peak area,171103_PMA_TK_M1_02.mzML Peak area,171103_PMA_TK_M1_03.mzML Peak area,171103_PMA_TK_M1_04.mzML Peak area,171103_PMA_TK_M1_05.mzML Peak area,171103_PMA_TK_M1_06.mzML Peak area,171103_PMA_TK_PA14_01.mzML Peak area,171103_PMA_TK_PA14_02.mzML Peak area,171103_PMA_TK_PA14_03.mzML Peak area,171103_PMA_TK_PA14_04.mzML Peak area,171103_PMA_TK_PA14_05.mzML Peak area,171103_PMA_TK_PA14_06.mzML Peak area,171103_PMA_TK_QC_03.mzML Peak area,171103_PMA_TK_QC_04.mzML Peak area,171103_PMA_TK_QC_05.mzML Peak area,171103_PMA_TK_QC_06.mzML Peak area,171103_PMA_TK_QC_07.mzML Peak area,171103_PMA_TK_QC_08.mzML Peak area,171103_PMA_TK_media_02.mzML Peak area,171103_PMA_TK_media_03.mzML Peak area,171103_PMA_TK_media_04.mzML Peak area,171103_PMA_TK_media_05.mzML Peak area,171103_PMA_TK_media_06.mzML Peak area,Unnamed: 36
1,142.94801883680057,0.22410153,height,,,,,,,,,,,46162540.0,49551780.0,44650460.0,44682500.0,46410664.0,48590270.0,47462296.0,41256404.0,44311416.0,40098852.0,44238704.0,43453980.0,43006356.0,36800330.0,47469596.0,41277204.0,42967156.0,39495516.0,53880464.0,43142256.0,34663384.0,45357330.0,39362332.0,
2,164.92992190077595,0.23256929,height,,,,,,,,,,,43333588.0,0.0,44063170.0,43711628.0,46930748.0,40438296.0,37238972.0,31143612.0,36199132.0,36500264.0,0.0,38934920.0,50242660.0,47997804.0,44972468.0,38912010.0,42365172.0,36593130.0,0.0,26833590.0,22496776.0,30036926.0,27764214.0,
4,180.90377915736784,0.241476,height,,,,,,,,,,,14607284.0,14627077.0,14739687.0,14163742.0,15093781.0,13318086.0,12906939.0,10249272.0,11655849.0,11734633.0,12254312.0,12073463.0,16563244.0,15957149.0,14695192.0,13549184.0,13967923.0,12344192.0,8168528.5,8903345.0,8135369.0,9923148.0,8636811.0,
3,169.0946581484051,0.2426436,height,,,,,,,,,,,0.0,0.0,0.0,0.0,0.0,0.0,19297486.0,22235998.0,16214254.0,17070318.0,25092588.0,20537664.0,0.0,0.0,0.0,0.0,0.0,0.0,23943488.0,18917810.0,0.0,22636990.0,23221336.0,
14,382.86562122767833,0.24585928,height,,,,,,,,,,,0.0,11360764.0,0.0,19375818.0,23006382.0,0.0,0.0,0.0,0.0,0.0,0.0,0.0,16061445.0,16847682.0,0.0,0.0,12159537.0,0.0,0.0,0.0,0.0,0.0,0.0,
43,175.11879013231035,0.2463033,height,,,,,,,,,,,0.0,0.0,0.0,0.0,0.0,0.0,0.0,0.0,0.0,0.0,0.0,0.0,39137930.0,38634260.0,38518020.0,34731516.0,33597796.0,33337582.0,221568100.0,216182960.0,214536160.0,215729840.0,202245150.0,
7,219.02637044970172,0.24644226,height,,,,,,,,,,,0.0,0.0,0.0,0.0,0.0,0.0,49683656.0,53821456.0,43204370.0,40601740.0,44512770.0,48776840.0,19424238.0,19192770.0,17859786.0,17770616.0,12706594.0,12670575.0,45054484.0,46302480.0,52151068.0,45484012.0,38157080.0,
8,203.05240918352425,0.2484539,height,,,,,,,,,,,0.0,0.0,0.0,0.0,0.0,0.0,369450850.0,372613920.0,317527680.0,312308960.0,357286500.0,373503940.0,118852744.0,112178590.0,116104330.0,100288536.0,86071700.0,89206840.0,340997630.0,344743900.0,358549400.0,329881000.0,295257280.0,
9,185.04198858091644,0.24963875,height,,,,,,,,,,,0.0,0.0,0.0,0.0,0.0,0.0,23260386.0,35541040.0,22914920.0,22849850.0,35763788.0,18436516.0,0.0,0.0,0.0,0.0,0.0,0.0,71098800.0,55579384.0,69230110.0,66625090.0,62052812.0,
10,138.0524287944269,0.25374514,height,,,,,,,,,,,0.0,0.0,0.0,0.0,0.0,0.0,0.0,0.0,0.0,0.0,0.0,0.0,22554394.0,24434922.0,25828076.0,24509516.0,25312494.0,21324996.0,162233300.0,150037780.0,175654700.0,129630740.0,143241860.0,
11,272.1714198979163,0.2558918,height,,,,,,,,,,,0.0,0.0,0.0,0.0,0.0,0.0,0.0,0.0,0.0,0.0,0.0,0.0,0.0,0.0,0.0,0.0,0.0,0.0,32755600.0,32662382.0,44972564.0,32162422.0,29107270.0,
12,265.11144929901565,0.25655586,height,,,,,,,,,,,50154164.0,40341436.0,50335850.0,32888042.0,37264080.0,54174564.0,41348576.0,41013144.0,38289804.0,36529852.0,39211580.0,39032780.0,39716604.0,33821750.0,33155390.0,27763940.0,29039488.0,27959092.0,51207644.0,49147730.0,56518092.0,36216976.0,36591550.0,
6,170.04233184513828,0.2581196,height,,,,,,,,,,,29458614.0,28719586.0,37430596.0,25985416.0,27600664.0,33548894.0,14526574.0,12545179.0,10492099.0,9158063.0,12376660.0,12328622.0,0.0,11277850.0,9905295.0,0.0,0.0,0.0,14918969.0,14223163.0,15722192.0,18219468.0,15008383.0,
13,231.133737517522,0.26005387,height,,,,,,,,,,,0.0,0.0,0.0,0.0,0.0,0.0,0.0,0.0,0.0,0.0,0.0,0.0,0.0,0.0,0.0,0.0,0.0,0.0,33257110.0,25897870.0,33030736.0,28034180.0,31923594.0,
15,263.10576654518616,0.26533955,height,,,,,,,,,,,0.0,0.0,0.0,0.0,0.0,0.0,133058216.0,98349440.0,69760470.0,92688290.0,118617100.0,88194760.0,32361748.0,32868934.0,27194856.0,22950034.0,26565756.0,21805918.0,75230250.0,70334500.0,72667880.0,108261580.0,89457810.0,
17,187.10749051550863,0.2676659,height,,,,,,,,,,,0.0,0.0,0.0,0.0,0.0,0.0,0.0,0.0,0.0,0.0,0.0,0.0,24307200.0,25890236.0,20665302.0,18822842.0,21582450.0,17723268.0,90319710.0,90061620.0,97385740.0,91301560.0,91487880.0,
16,246.18101531927823,0.2678048,height,,,,,,,,,,,11680132.0,10346642.0,12548241.0,8370374.5,10972820.0,12951605.0,27984726.0,27260662.0,18612286.0,19690456.0,25614514.0,22897522.0,51709370.0,47268428.0,34811660.0,25326576.0,23981376.0,20916374.0,254492370.0,227233860.0,219986700.0,199942960.0,191923700.0,
30,130.08629480157546,0.26791078,height,,,,,,,,,,,11653910.0,11276658.0,11416763.0,10351277.0,10869813.0,12884150.0,24139336.0,8275633.5,15427734.0,21969850.0,30892282.0,14890111.0,7982745.0,8641339.0,9016692.0,9284977.0,9319050.0,8446387.0,0.0,34096732.0,37634136.0,34011040.0,33910390.0,
24,148.0603044712165,0.26857176,height,,,,,,,,,,,0.0,0.0,0.0,0.0,0.0,0.0,35425236.0,31499550.0,22011912.0,17309914.0,19862964.0,25526258.0,14707922.0,12860581.0,11575565.0,12336640.0,10831638.0,10746939.0,15872770.0,14552207.0,14626228.0,17938122.0,14673096.0,
18,245.1130282624894,0.26890236,height,,,,,,,,,,,14716601.0,13402515.0,0.0,12405820.0,15142145.0,16364050.0,188147700.0,180682030.0,163917090.0,138146850.0,178549310.0,213116350.0,70390980.0,79179210.0,58262710.0,50788444.0,55992116.0,50117224.0,136308140.0,136877340.0,140987220.0,157039420.0,144993230.0,
19,139.05018291462926,0.27241978,height,,,,,,,,,,,0.0,0.0,0.0,0.0,0.0,0.0,14132936.0,20073986.0,13688252.0,13986163.0,17036968.0,16902922.0,0.0,0.0,0.0,0.0,0.0,0.0,0.0,0.0,0.0,0.0,0.0,
21,219.13366343450664,0.27509347,height,,,,,,,,,,,0.0,0.0,0.0,0.0,0.0,0.0,0.0,0.0,0.0,0.0,0.0,0.0,23699206.0,24939404.0,25629624.0,21273772.0,21483220.0,20034386.0,143532620.0,140007400.0,172234200.0,129460640.0,130119290.0,
26,158.02463470246678,0.28872523,height,,,,,,,,,,,22672756.0,23573664.0,25034976.0,22712164.0,23045610.0,23687278.0,0.0,0.0,0.0,0.0,0.0,0.0,10327456.0,10429089.0,8849294.0,8380599.0,0.0,0.0,0.0,0.0,0.0,0.0,0.0,
27,348.07019691072,0.2890755,height,,,,,,,,,,,0.0,0.0,0.0,11500676.0,9293357.0,12352940.0,49268068.0,52345290.0,34188936.0,30673522.0,35998076.0,36121230.0,10663424.0,10418266.0,0.0,0.0,0.0,0.0,0.0,0.0,0.0,0.0,0.0,
25,291.14234846299803,0.2895481,height,,,,,,,,,,,0.0,0.0,0.0,0.0,0.0,0.0,10117603.0,0.0,6896326.0,0.0,0.0,8180109.5,11825532.0,10086377.0,0.0,0.0,0.0,0.0,28205574.0,32410972.0,25542102.0,21875980.0,19302098.0,
22,269.160539897371,0.29009056,height,,,,,,,,,,,23310222.0,18146382.0,17861356.0,12967858.0,22010656.0,27598078.0,210009550.0,212044690.0,150757520.0,154356720.0,189790700.0,181347860.0,135307600.0,116262840.0,92452760.0,73838530.0,76275330.0,85152640.0,601923840.0,620210200.0,623381950.0,550571500.0,543215940.0,
20,260.19673799870486,0.29149798,height,,,,,,,,,,,0.0,14785265.0,0.0,12339585.0,15791536.0,19746892.0,49516580.0,54988810.0,38029932.0,35391664.0,46859244.0,44267124.0,41647996.0,37085884.0,31805994.0,24325224.0,26214708.0,27410688.0,190647070.0,183372030.0,210187040.0,174135000.0,173401700.0,
31,247.12862908053788,0.2963268,height,,,,,,,,,,,13054439.0,8531305.0,9056735.0,0.0,0.0,11105888.0,96728300.0,84421850.0,61575596.0,58909440.0,75333390.0,75488110.0,27724954.0,32132168.0,27929168.0,28335100.0,23191268.0,25554022.0,107113510.0,112260370.0,115082410.0,101384100.0,94772670.0,
32,162.0501094547666,0.30393255,height,,,,,,,,,,,0.0,0.0,0.0,0.0,0.0,0.0,9434708.0,7991334.0,9058120.0,8636416.0,9247236.0,10121744.0,0.0,0.0,0.0,0.0,0.0,0.0,6381328.5,6833869.0,6418605.0,6234514.5,0.0,
23,274.1869727542943,0.31156906,height,,,,,,,,,,,0.0,0.0,0.0,0.0,0.0,0.0,29076124.0,30128916.0,22276360.0,21086164.0,27881874.0,25052344.0,50447100.0,49719148.0,41215330.0,36207856.0,34849850.0,34054800.0,304847740.0,271666370.0,303401380.0,232405710.0,253532000.0,
34,338.14319208602143,0.3120601,height,,,,,,,,,,,115808150.0,120916160.0,123236740.0,115990616.0,121760536.0,137990800.0,11955357.0,8833358.0,6870843.5,6226310.5,8838923.0,8886045.0,113528570.0,98846904.0,77135820.0,72521090.0,71524520.0,67850690.0,0.0,0.0,0.0,0.0,0.0,
35,354.1170456017642,0.31255445,height,,,,,,,,,,,31144282.0,30162318.0,33143308.0,27922884.0,29208856.0,39391664.0,0.0,0.0,0.0,0.0,0.0,0.0,29986184.0,26934528.0,21728270.0,21184738.0,21460384.0,19366426.0,0.0,0.0,0.0,0.0,0.0,
36,316.1613404668096,0.31312546,height,,,,,,,,,,,42519910.0,45513416.0,45351730.0,42752784.0,46852492.0,50665080.0,0.0,0.0,0.0,0.0,0.0,0.0,55338960.0,47808972.0,37807490.0,35500340.0,36015984.0,32264060.0,0.0,0.0,0.0,0.0,0.0,
37,202.15484473911292,0.31426403,height,,,,,,,,,,,37347576.0,36954024.0,40113748.0,37282616.0,38262550.0,40386760.0,0.0,0.0,0.0,0.0,0.0,0.0,23491838.0,21322828.0,20061312.0,19936968.0,17130188.0,18258944.0,0.0,0.0,0.0,0.0,0.0,
33,361.2193972641445,0.31478083,height,,,,,,,,,,,8448730.0,10175308.0,9537482.0,12263263.0,12479228.0,8645736.0,0.0,0.0,0.0,0.0,0.0,0.0,0.0,0.0,0.0,0.0,0.0,0.0,0.0,0.0,0.0,0.0,0.0,
29,269.11133300339765,0.317835,height,,,,,,,,,,,0.0,0.0,0.0,0.0,0.0,0.0,29497514.0,21161938.0,16663402.0,14992784.0,20290818.0,20192532.0,0.0,9951171.0,8417090.0,0.0,0.0,0.0,18345576.0,20467502.0,18832534.0,20174214.0,16948998.0,
38,286.1507502708131,0.31856441,height,,,,,,,,,,,29197834.0,26008740.0,26581836.0,22835696.0,30134522.0,32300270.0,65749972.0,40865524.0,27463596.0,30071242.0,42584260.0,44458590.0,36884200.0,33682024.0,23443306.0,22964088.0,25232196.0,22466928.0,64039930.0,63818916.0,64874410.0,48412040.0,44441904.0,
39,265.1217751411842,0.3188666,height,,,,,,,,,,,0.0,0.0,0.0,0.0,0.0,0.0,45619510.0,27881512.0,14347037.0,19267390.0,25375888.0,36969200.0,0.0,0.0,0.0,0.0,0.0,0.0,35510760.0,38637740.0,39824144.0,30506272.0,39764020.0,
42,371.2397733371222,0.3254602,height,,,,,,,,,,,0.0,0.0,0.0,0.0,0.0,0.0,0.0,0.0,0.0,0.0,0.0,0.0,0.0,0.0,0.0,0.0,0.0,0.0,107847200.0,87436936.0,90943190.0,82678630.0,72403720.0,
41,186.1235141348752,0.32730666,height,,,,,,,,,,,0.0,0.0,0.0,0.0,0.0,0.0,0.0,0.0,0.0,0.0,0.0,0.0,23936056.0,16677253.0,0.0,0.0,0.0,0.0,236589820.0,179258600.0,190205120.0,173404100.0,136807540.0,
44,144.60505904938262,0.32818016,height,,,,,,,,,,,0.0,0.0,0.0,0.0,0.0,0.0,0.0,0.0,0.0,0.0,0.0,0.0,0.0,0.0,0.0,0.0,0.0,0.0,66232716.0,61888010.0,66231932.0,57088252.0,46334570.0,
45,288.2025569356466,0.3311944,height,,,,,,,,,,,0.0,0.0,0.0,0.0,0.0,0.0,0.0,0.0,0.0,0.0,0.0,0.0,46775470.0,12917037.0,0.0,0.0,0.0,0.0,916697700.0,996469060.0,1036419600.0,866624100.0,782261700.0,
40,152.03164003144445,0.33444905,height,,,,,,,,,,,0.0,0.0,0.0,0.0,0.0,0.0,30291034.0,32231538.0,30104604.0,31819352.0,28428592.0,39739750.0,12195904.0,12058365.0,11342356.0,13499806.0,11870627.0,0.0,60170064.0,55994990.0,59535950.0,38029548.0,38719464.0,
46,130.04988378364413,0.33677313,height,,,,,,,,,,,0.0,0.0,0.0,0.0,0.0,0.0,146793100.0,150317140.0,123523690.0,111761650.0,139958720.0,180880530.0,63814710.0,58468470.0,60107772.0,69831150.0,62767068.0,57482820.0,217294850.0,207483410.0,229902500.0,183019070.0,167282030.0,
48,133.03179150588656,0.34282458,height,,,,,,,,,,,23300762.0,21251898.0,19028520.0,18162894.0,20903960.0,22914880.0,117273830.0,106688990.0,86004010.0,82644584.0,99617180.0,101763020.0,65857156.0,58602332.0,52331256.0,49198580.0,45095252.0,50973228.0,127909260.0,134732620.0,137049630.0,126632210.0,113528350.0,
49,150.05832274098822,0.34282458,height,,,,,,,,,,,138069980.0,128957400.0,113949860.0,100120730.0,120487670.0,142185820.0,704858560.0,676205760.0,532266750.0,487649600.0,652402800.0,633709400.0,353706800.0,327532670.0,311952060.0,306327780.0,282671070.0,311198620.0,812754100.0,855180700.0,911668740.0,793618400.0,767613950.0,
51,310.17571690537864,0.3502007,height,,,,,,,,,,,0.0,0.0,0.0,0.0,0.0,8503168.0,84921530.0,68495560.0,52256664.0,48775496.0,60155892.0,60659424.0,29773938.0,22370300.0,15066574.0,9145601.0,6825561.5,6748653.0,231212940.0,207243170.0,227867140.0,195553060.0,196794370.0,
53,251.1052199469842,0.3513805,height,,,,,,,,,,,0.0,0.0,0.0,0.0,0.0,0.0,0.0,0.0,0.0,0.0,0.0,0.0,0.0,0.0,0.0,0.0,0.0,0.0,45090572.0,60685870.0,44073556.0,35620696.0,31348744.0,
56,187.131417832884,0.35546294,height,,,,,,,,,,,0.0,0.0,0.0,0.0,0.0,0.0,0.0,0.0,0.0,0.0,0.0,0.0,0.0,0.0,0.0,0.0,0.0,0.0,58652020.0,62701212.0,54909864.0,56685616.0,55488976.0,
54,373.25573047837486,0.35789585,height,,,,,,,,,,,0.0,0.0,0.0,0.0,0.0,0.0,11560743.0,11570763.0,0.0,0.0,11334328.0,10614507.0,8490700.0,0.0,0.0,0.0,0.0,0.0,123835930.0,96122090.0,110679690.0,82266160.0,94070280.0,
59,279.10075961130894,0.36178815,height,,,,,,,,,,,0.0,0.0,0.0,0.0,0.0,0.0,15886752.0,13875581.0,11355063.0,10864390.0,12276500.0,12808195.0,0.0,0.0,0.0,0.0,0.0,0.0,17145168.0,16558220.0,18395260.0,16766747.0,17996284.0,
57,217.11809788216485,0.3678464,height,,,,,,,,,,,0.0,0.0,0.0,0.0,0.0,0.0,31067654.0,18867730.0,14253683.0,13901868.0,21496678.0,21376012.0,8751242.0,10438249.0,9231827.0,9119216.0,8924283.0,10020216.0,30471150.0,27632354.0,33019974.0,23486898.0,17246258.0,
55,227.0999370161286,0.37154227,height,,,,,,,,,,,0.0,0.0,0.0,0.0,0.0,0.0,0.0,0.0,0.0,0.0,0.0,0.0,0.0,6453335.0,7853776.0,6776410.5,7950267.0,0.0,37225868.0,30525812.0,30821208.0,34359756.0,38126800.0,
61,158.09236515823866,0.37472588,height,,,,,,,,,,,11751326.0,11526932.0,12704626.0,11801091.0,13229568.0,14789112.0,22713918.0,13092291.0,12279684.0,13270801.0,14942803.0,17150262.0,16439628.0,14641751.0,12038617.0,11565253.0,11402324.0,10486958.0,19629376.0,19367470.0,19715846.0,14919681.0,12552727.0,
60,269.1605171328809,0.37876925,height,,,,,,,,,,,20233784.0,15139330.0,16942126.0,13514356.0,20129888.0,24859762.0,249016900.0,256269800.0,204006900.0,177059790.0,214413380.0,197189620.0,87551624.0,89059670.0,84832170.0,82517210.0,84949176.0,72432630.0,620169340.0,601861570.0,631318900.0,557215600.0,515450400.0,
58,338.1818235963412,0.37970346,height,,,,,,,,,,,10203049.0,0.0,7599193.5,0.0,0.0,11189792.0,13051708.0,13512631.0,0.0,9464270.0,11210412.0,0.0,22449502.0,21872284.0,19761782.0,15909847.0,12825083.0,11159571.0,313258850.0,292045900.0,315372450.0,267890320.0,258390260.0,
64,205.1180044580365,0.38814622,height,,,,,,,,,,,0.0,0.0,0.0,0.0,0.0,0.0,0.0,0.0,0.0,0.0,0.0,0.0,16746496.0,16528356.0,17770768.0,18126426.0,17722694.0,15999460.0,94435590.0,90161464.0,100617096.0,117433840.0,113362330.0,
62,357.24914186932074,0.38971153,height,,,,,,,,,,,0.0,0.0,0.0,0.0,0.0,0.0,23019100.0,26739222.0,18119740.0,20666362.0,18859036.0,22538496.0,12062939.0,12408145.0,9898711.0,0.0,0.0,0.0,76982520.0,74337440.0,76984376.0,81267900.0,65773096.0,
63,179.12832100308384,0.39193925,height,,,,,,,,,,,0.0,0.0,0.0,0.0,0.0,0.0,50140412.0,66217376.0,45264860.0,45131404.0,47708930.0,37455680.0,25159554.0,23087780.0,22099216.0,16781918.0,12730832.0,11229549.0,229368670.0,212898000.0,233867730.0,223346880.0,200599790.0,
65,294.1808815049173,0.39421293,height,,,,,,,,,,,0.0,0.0,0.0,0.0,0.0,0.0,42581536.0,49644012.0,28707446.0,28070868.0,40057950.0,31600424.0,21797698.0,18711724.0,14809301.0,9142188.0,0.0,0.0,168325890.0,192391300.0,177267040.0,196933300.0,146147070.0,
67,235.11874357255135,0.3958464,height,,,,,,,,,,,263637860.0,210788080.0,229757840.0,208992880.0,237995570.0,283597000.0,222126880.0,230062110.0,196402720.0,197065630.0,194497400.0,202459140.0,197522850.0,203110700.0,206101500.0,177710480.0,174250430.0,182528930.0,206480910.0,199757340.0,215235070.0,200856290.0,179721920.0,
66,347.2285613057342,0.3976735,height,,,,,,,,,,,0.0,0.0,0.0,0.0,0.0,0.0,25567374.0,28381856.0,18995210.0,21079618.0,27189206.0,18881634.0,0.0,0.0,0.0,0.0,0.0,0.0,42151476.0,42763510.0,47466430.0,42795790.0,44334210.0,
71,183.08435052471708,0.40175626,height,,,,,,,,,,,0.0,0.0,0.0,0.0,0.0,9382209.0,84397700.0,84800890.0,72603180.0,76366260.0,82708910.0,75851224.0,26214916.0,33502212.0,34947610.0,30533960.0,34401136.0,36133604.0,73402750.0,76181870.0,83891530.0,75970960.0,68689060.0,
73,136.0755841738114,0.40274137,height,,,,,,,,,,,0.0,0.0,0.0,0.0,0.0,0.0,61621316.0,58947436.0,46918580.0,52562316.0,55900170.0,50392772.0,19934078.0,23482940.0,25078204.0,22047818.0,25583028.0,25634192.0,51145012.0,53012012.0,60362184.0,52888810.0,47564748.0,
75,182.0811182113013,0.40412655,height,,,,,,,,,,,77791200.0,60753996.0,55977692.0,64543750.0,58861456.0,85909850.0,865700400.0,856338560.0,685640640.0,775543300.0,844282240.0,744836900.0,254173820.0,305838820.0,335256540.0,303475600.0,323807330.0,346726820.0,764746430.0,783788600.0,837653400.0,762464200.0,701818500.0,
76,204.06295471194156,0.4043769,height,,,,,,,,,,,0.0,0.0,6406818.5,0.0,0.0,8273311.0,35320710.0,27214392.0,32135392.0,40576744.0,34704708.0,37551256.0,25318926.0,26270386.0,26168382.0,24055512.0,24237182.0,24336710.0,15314731.0,17085924.0,18728408.0,17592176.0,11867866.0,
70,282.17840517860594,0.4046463,height,,,,,,,,,,,0.0,0.0,0.0,0.0,0.0,0.0,27790052.0,23091980.0,20216020.0,24876964.0,28340948.0,25002106.0,16675759.0,16446281.0,13408267.0,10552833.0,7420633.0,0.0,38394100.0,39025068.0,41714316.0,35511400.0,35220492.0,
74,165.05456262008005,0.40502,height,,,,,,,,,,,11856010.0,8492583.0,9248302.0,8570704.0,8988835.0,13260156.0,137840240.0,131227510.0,105639760.0,117956100.0,129749920.0,111963240.0,39749144.0,47026576.0,50300436.0,44765308.0,48151524.0,48740892.0,112189040.0,122085990.0,130449140.0,114640650.0,107749096.0,
68,261.20011541023456,0.4052716,height,,,,,,,,,,,0.0,0.0,0.0,0.0,0.0,0.0,96902830.0,107054220.0,68130810.0,78248010.0,100594980.0,74361576.0,29869248.0,29312438.0,23885518.0,17088966.0,13047207.0,9621735.0,238051180.0,192778030.0,251984270.0,215615090.0,219042220.0,
50,189.1231012625284,0.41190875,height,,,,,,,,,,,0.0,0.0,0.0,0.0,0.0,0.0,0.0,0.0,0.0,0.0,0.0,0.0,27351070.0,28754270.0,24789658.0,12160111.0,12162027.0,19579720.0,131062690.0,164740110.0,161946200.0,150501400.0,131213700.0,
78,219.13369766115804,0.41503283,height,,,,,,,,,,,0.0,0.0,0.0,0.0,0.0,0.0,36791660.0,45776748.0,31874054.0,34382716.0,39351600.0,34722130.0,57780524.0,53302536.0,46273576.0,39507400.0,43127188.0,34720900.0,602088200.0,593429200.0,663258800.0,677824400.0,605376960.0,
80,366.2130561091483,0.41881567,height,,,,,,,,,,,0.0,0.0,0.0,0.0,0.0,0.0,46972930.0,50015788.0,31951704.0,37883630.0,47741868.0,42826052.0,18853988.0,19036720.0,17080908.0,13179270.0,13631771.0,10209846.0,107501120.0,103874190.0,114812550.0,108491670.0,102308060.0,
81,183.6102603812942,0.42001933,height,,,,,,,,,,,0.0,0.0,0.0,0.0,0.0,0.0,80034130.0,86344456.0,55632788.0,63246440.0,71320140.0,63556604.0,22957194.0,24668654.0,22011718.0,17713022.0,21881856.0,16689683.0,147918930.0,152194800.0,182345200.0,159505800.0,154446770.0,
94,247.1285929118652,0.42316854,height,,,,,,,,,,,9580024.0,7291220.5,8618350.0,6204796.0,0.0,11542340.0,40357164.0,41626468.0,29927020.0,31061398.0,40286056.0,32903624.0,13329336.0,14680006.0,15058197.0,13528599.0,14166030.0,13680527.0,87115800.0,72662550.0,79446100.0,80165950.0,73885100.0,
79,389.2388112024788,0.42430547,height,,,,,,,,,,,0.0,0.0,0.0,0.0,0.0,0.0,37461770.0,39899436.0,27408296.0,26767528.0,39476330.0,33103310.0,8619071.0,7927881.0,9103825.0,0.0,0.0,0.0,52486116.0,56311196.0,63919212.0,57559172.0,49202520.0,
95,311.12333914808937,0.42454007,height,,,,,,,,,,,13768353.0,10672545.0,11355830.0,9498985.0,9970796.0,15061180.0,49191284.0,33497050.0,23235708.0,22341018.0,34255404.0,28025486.0,18278512.0,16657102.0,16682566.0,12690442.0,13069624.0,13353512.0,20158852.0,24010038.0,26950752.0,22534550.0,19137102.0,
82,348.17625508031745,0.42574486,height,,,,,,,,,,,11216885.0,7272006.5,8957206.0,0.0,7071879.5,12696579.0,18153952.0,19097632.0,16294694.0,10047747.0,17582142.0,12584772.0,6908512.5,8315769.0,0.0,0.0,6829941.5,6813982.5,15032100.0,13392271.0,14060256.0,12511407.0,13265024.0,
86,193.13137529379483,0.42760333,height,,,,,,,,,,,0.0,0.0,0.0,0.0,0.0,0.0,0.0,0.0,0.0,0.0,0.0,0.0,0.0,0.0,0.0,0.0,0.0,0.0,47067860.0,58429510.0,65827010.0,41417280.0,54187516.0,
85,322.1869644953013,0.42760333,height,,,,,,,,,,,0.0,0.0,0.0,0.0,0.0,0.0,0.0,0.0,0.0,0.0,0.0,0.0,0.0,0.0,0.0,0.0,0.0,0.0,204722060.0,227535760.0,231443580.0,235625380.0,196035250.0,
88,331.2334441287924,0.42760333,height,,,,,,,,,,,0.0,0.0,0.0,0.0,0.0,0.0,0.0,0.0,0.0,0.0,0.0,0.0,0.0,0.0,0.0,0.0,0.0,0.0,39598644.0,44213504.0,40780960.0,33603428.0,32949880.0,
84,388.1508746591654,0.42899448,height,,,,,,,,,,,0.0,0.0,0.0,0.0,0.0,7669833.0,56847388.0,54847580.0,39281724.0,56930564.0,57792852.0,53767908.0,17958018.0,17780952.0,18207082.0,16544225.0,16451311.0,11939722.0,57663224.0,56684290.0,54360820.0,53752424.0,66214610.0,
113,260.1966719022861,0.43097442,height,,,,,,,,,,,49529824.0,40624188.0,49688720.0,33635804.0,42020410.0,57397120.0,692344000.0,753904900.0,516982660.0,552918100.0,680704900.0,565261760.0,219297620.0,200675900.0,165672560.0,119190300.0,97996216.0,76712100.0,1606079000.0,1469539300.0,1716929900.0,1432284000.0,1497817900.0,
83,366.1691044473575,0.43142492,height,,,,,,,,,,,7993621.0,7992179.0,7973025.5,0.0,9109679.0,11095464.0,84720060.0,90988240.0,56153816.0,84155040.0,91148296.0,72505880.0,24269680.0,26478866.0,24177188.0,20113700.0,21778500.0,18905052.0,108909944.0,119480020.0,115244000.0,107140240.0,103847710.0,
89,385.25531620449135,0.4316833,height,,,,,,,,,,,0.0,0.0,0.0,0.0,0.0,0.0,0.0,0.0,0.0,0.0,0.0,0.0,0.0,0.0,0.0,0.0,0.0,0.0,29086384.0,30654518.0,31763404.0,26972778.0,26714894.0,
96,237.13436374352491,0.43401593,height,,,,,,,,,,,31237274.0,33809990.0,35443628.0,27227104.0,32837498.0,39284300.0,30476522.0,32818698.0,21317732.0,29445604.0,32085254.0,28893330.0,23258980.0,24236442.0,27082758.0,25418224.0,26162488.0,20254016.0,32523278.0,31183376.0,31711120.0,34089876.0,33042108.0,
93,233.1493315757552,0.4351072,height,,,,,,,,,,,0.0,0.0,0.0,0.0,0.0,0.0,47691908.0,26391044.0,35842068.0,36889180.0,46477948.0,34828772.0,46456212.0,50970416.0,51927260.0,45666550.0,42969424.0,43528970.0,359783420.0,401569570.0,393038560.0,373157100.0,384709280.0,
91,221.09521750310705,0.4357241,height,,,,,,,,,,,0.0,0.0,0.0,0.0,0.0,0.0,0.0,0.0,0.0,0.0,0.0,0.0,0.0,0.0,0.0,0.0,0.0,0.0,33834572.0,30447166.0,33814876.0,28852182.0,28305094.0,
92,269.10868475380613,0.43632883,height,,,,,,,,,,,0.0,0.0,0.0,0.0,0.0,0.0,17591164.0,14919903.0,15571173.0,0.0,14489321.0,13671152.0,0.0,0.0,0.0,0.0,0.0,0.0,0.0,0.0,0.0,0.0,0.0,
87,241.11550888991005,0.43814403,height,,,,,,,,,,,0.0,0.0,0.0,0.0,0.0,0.0,9559500.0,8068299.0,0.0,0.0,8794900.0,9247672.0,14906017.0,15530995.0,10814160.0,10207562.0,10412076.0,10639056.0,59378456.0,58844308.0,57721492.0,62027084.0,65292680.0,
90,398.2031257375508,0.4407019,height,,,,,,,,,,,24462124.0,25638504.0,27943502.0,18430004.0,33172272.0,30959348.0,76396670.0,62967724.0,46594748.0,57188744.0,63664380.0,52028224.0,23939790.0,21584228.0,20355234.0,17954600.0,14479848.0,16296702.0,58498344.0,64068310.0,61766256.0,64256400.0,65022130.0,
110,299.10017741781974,0.44717756,height,,,,,,,,,,,7810385.5,6647672.0,6405105.5,0.0,6475170.0,9303343.0,15410467.0,13787757.0,9386116.0,6962747.5,13248401.0,8709550.0,0.0,6152302.5,0.0,0.0,0.0,0.0,9950603.0,10020288.0,11685703.0,10334035.0,9315532.0,
103,269.10684849653273,0.45233008,height,,,,,,,,,,,13142925.0,15748853.0,15110743.0,13237598.0,18490812.0,17726074.0,0.0,0.0,0.0,10651574.0,0.0,14254317.0,9230072.0,9870833.0,8735589.0,9822207.0,9023500.0,9407902.0,10493097.0,0.0,10984419.0,0.0,0.0,
99,479.2529224998433,0.46024066,height,,,,,,,,,,,0.0,0.0,0.0,0.0,0.0,0.0,0.0,0.0,0.0,0.0,0.0,0.0,0.0,0.0,0.0,0.0,0.0,0.0,29178288.0,33636396.0,29784396.0,25948334.0,21894512.0,
98,279.137070468051,0.46635795,height,,,,,,,,,,,0.0,0.0,0.0,0.0,0.0,0.0,36512572.0,39210356.0,30264904.0,28105296.0,38047324.0,34362748.0,9458425.0,9755813.0,8391078.0,0.0,0.0,0.0,33156906.0,35804544.0,32402950.0,32648246.0,32903388.0,
97,253.1180253339469,0.46799776,height,,,,,,,,,,,0.0,0.0,0.0,0.0,0.0,0.0,21204248.0,21311960.0,19332754.0,15743100.0,21680448.0,16627857.0,6728428.0,0.0,0.0,0.0,0.0,0.0,31798380.0,28217622.0,29686950.0,35176176.0,30967828.0,
106,287.10319690673947,0.469332,height,,,,,,,,,,,0.0,0.0,0.0,0.0,0.0,0.0,22818338.0,21523276.0,16234017.0,14684771.0,23149464.0,18611910.0,0.0,0.0,0.0,0.0,0.0,0.0,15758600.0,18386376.0,16107301.0,12527405.0,13628722.0,
104,176.06564377717402,0.4696531,height,,,,,,,,,,,0.0,0.0,0.0,0.0,0.0,0.0,7265304.5,6391665.0,7287560.5,7120892.0,7830243.0,7806181.5,6561684.5,7183284.5,6450937.5,6232763.5,6723485.5,6300785.5,6608235.0,8057046.0,7333904.5,6572688.5,0.0,
112,154.08384243142902,0.4804698,height,,,,,,,,,,,0.0,0.0,0.0,0.0,0.0,0.0,8307063.5,7857917.5,7549832.5,7736437.0,7231603.0,7585284.5,0.0,0.0,0.0,0.0,0.0,0.0,9206155.0,8725462.0,9412816.0,8668104.0,8827290.0,
107,265.1217175456182,0.48379406,height,,,,,,,,,,,0.0,0.0,0.0,0.0,0.0,0.0,65405004.0,60501560.0,39959224.0,34245484.0,58475250.0,43544010.0,8869073.0,8322363.0,7876950.5,0.0,0.0,0.0,57687556.0,62453268.0,60551044.0,50366080.0,45079056.0,
115,132.1019957729485,0.49902377,height,,,,,,,,,,,218889840.0,193957360.0,224978450.0,176261200.0,214731470.0,265977490.0,1213779100.0,1399304300.0,1029979000.0,1098762500.0,1183731200.0,1160821800.0,656097800.0,703661250.0,726400800.0,706278900.0,674515460.0,649822700.0,1227653400.0,1388497300.0,1393541400.0,1278574200.0,1285704000.0,
121,322.1869181616321,0.4995931,height,,,,,,,,,,,0.0,0.0,0.0,0.0,0.0,0.0,0.0,0.0,0.0,0.0,0.0,0.0,20423808.0,9043875.0,0.0,0.0,0.0,0.0,18061204.0,23241166.0,18854150.0,14867468.0,14404705.0,
105,288.202735126956,0.5030163,height,,,,,,,,,,,24281040.0,21402084.0,24452060.0,16510012.0,22461906.0,28328390.0,22272354.0,79040110.0,14730929.0,15813264.0,17839920.0,20075822.0,42238116.0,132388420.0,127047224.0,107818910.0,108381160.0,96015030.0,1175358800.0,1360190300.0,1292095000.0,1104785400.0,1119649300.0,
117,251.10580510990536,0.50418746,height,,,,,,,,,,,0.0,0.0,0.0,0.0,0.0,0.0,0.0,0.0,0.0,0.0,0.0,0.0,0.0,0.0,0.0,0.0,0.0,0.0,8717159.0,17390230.0,16429375.0,11260202.0,9706785.0,
129,429.2702195987149,0.5066346,height,,,,,,,,,,,0.0,0.0,0.0,0.0,0.0,0.0,0.0,0.0,0.0,0.0,0.0,0.0,14484616.0,14145040.0,13858538.0,11923031.0,10650084.0,10286172.0,139230130.0,153795600.0,151122990.0,127485150.0,113732330.0,
109,215.1389156697953,0.5089228,height,,,,,,,,,,,15974919.0,14558811.0,16191516.0,13605977.0,15807842.0,16203912.0,71575770.0,84477250.0,49857590.0,48637856.0,70257496.0,60174170.0,374835170.0,339805280.0,324074270.0,271612320.0,266811360.0,248790510.0,2589184500.0,2870941000.0,3012694000.0,2276385500.0,2120522900.0,
101,237.12063790806096,0.5129476,height,,,,,,,,,,,0.0,0.0,0.0,0.0,0.0,0.0,0.0,0.0,0.0,0.0,0.0,0.0,11220907.0,10365166.0,10352512.0,8548846.0,8812232.0,8085650.5,38323668.0,42030700.0,13231571.0,32180266.0,31480406.0,
118,301.12961009940176,0.52425975,height,,,,,,,,,,,15814217.0,16260297.0,16203591.0,12527911.0,17610040.0,18237318.0,18216818.0,17695310.0,13693656.0,16474199.0,16332565.0,18518506.0,9415753.0,0.0,12417288.0,10069641.0,9945805.0,11057700.0,11358717.0,10703766.0,10984760.0,8887274.0,9329907.0,
122,226.1547721624975,0.5308568,height,,,,,,,,,,,163716060.0,171240940.0,179386190.0,137082260.0,177003180.0,195822690.0,167704060.0,145951710.0,117411730.0,127530120.0,133793540.0,153475760.0,101222420.0,103746510.0,110139176.0,86501790.0,94722690.0,97874536.0,93508920.0,81251816.0,81023000.0,73435810.0,74405390.0,
124,437.250460810673,0.53162277,height,,,,,,,,,,,0.0,0.0,0.0,0.0,0.0,0.0,0.0,0.0,0.0,0.0,0.0,0.0,0.0,0.0,0.0,0.0,0.0,0.0,21746228.0,23204558.0,22416812.0,18876568.0,18745034.0,
123,292.1652019810201,0.5320484,height,,,,,,,,,,,75968790.0,75892560.0,78884390.0,60010596.0,78402860.0,88365900.0,90256870.0,96976000.0,62340996.0,67463576.0,77453650.0,82732616.0,49650860.0,49467652.0,54583564.0,43774890.0,45377240.0,53988296.0,66235256.0,60455120.0,61168300.0,56689800.0,55464748.0,
139,283.1263332614957,0.53605205,height,,,,,,,,,,,0.0,0.0,0.0,0.0,0.0,0.0,52314536.0,52397376.0,38051520.0,27358244.0,49187456.0,37144324.0,13632566.0,13217616.0,13411757.0,11878670.0,11367858.0,10492453.0,31488478.0,33781310.0,37432764.0,30914260.0,27653776.0,
128,290.1707867113289,0.54411954,height,,,,,,,,,,,0.0,0.0,0.0,0.0,0.0,0.0,10383573.0,8177670.5,0.0,8536041.0,7510689.5,10212087.0,0.0,0.0,0.0,0.0,0.0,0.0,18372130.0,21024758.0,18554752.0,19420962.0,18989638.0,
127,270.1556504623275,0.5442788,height,,,,,,,,,,,18521118.0,15444312.0,15234511.0,13052440.0,14563180.0,16451496.0,14519582.0,16846418.0,12944390.0,13603093.0,14952491.0,14875182.0,9899444.0,8107814.5,9906297.0,8704446.0,8919584.0,7940351.0,15718480.0,15644246.0,16901996.0,14009250.0,13528891.0,
100,261.144321178044,0.5567441,height,,,,,,,,,,,17963980.0,18468786.0,16028422.0,18741192.0,16853216.0,20898264.0,303091040.0,233457740.0,188119800.0,178683800.0,212818660.0,223763680.0,88534950.0,84949130.0,82473960.0,78114650.0,79879256.0,71267580.0,169414850.0,185671380.0,200171500.0,229336140.0,208313230.0,
133,262.14781333639905,0.55928016,height,,,,,,,,,,,0.0,0.0,0.0,0.0,0.0,0.0,41787916.0,29881060.0,22628984.0,22197060.0,25425630.0,27074136.0,10765934.0,10928021.0,11090692.0,9694995.0,9851833.0,8678562.0,20557882.0,22924216.0,24503446.0,29493964.0,27442290.0,
131,521.2818448998994,0.5633924,height,,,,,,,,,,,0.0,0.0,0.0,0.0,0.0,0.0,11480870.0,0.0,0.0,0.0,0.0,5753808.5,0.0,0.0,0.0,0.0,0.0,0.0,0.0,0.0,0.0,0.0,0.0,
135,344.1813999777492,0.5635989,height,,,,,,,,,,,14544691.0,14828153.0,14749696.0,13734492.0,14930669.0,17743344.0,42712170.0,28508054.0,25235344.0,25282398.0,30643880.0,31509274.0,22469666.0,20079350.0,19342340.0,18743722.0,17101472.0,14787590.0,24603088.0,26612336.0,30167966.0,34389456.0,30123798.0,
134,269.1130065255939,0.5655288,height,,,,,,,,,,,0.0,0.0,0.0,0.0,0.0,0.0,19007440.0,13490691.0,13375780.0,13962785.0,15613139.0,18142772.0,0.0,0.0,0.0,0.0,0.0,0.0,21323492.0,26227164.0,24620548.0,21852982.0,21221166.0,
136,213.123210343509,0.56747264,height,,,,,,,,,,,15206894.0,12915054.0,13535738.0,12942956.0,12511495.0,17429812.0,16627908.0,12909403.0,10673704.0,11944253.0,13195170.0,14126970.0,11511836.0,12225585.0,11890599.0,10789499.0,10630729.0,9285190.0,22362158.0,23087074.0,24457222.0,24432528.0,22803910.0,
125,219.13385922058131,0.5680733,height,,,,,,,,,,,20425796.0,23167512.0,16113212.0,18670930.0,22999602.0,23388752.0,33727452.0,43443950.0,30202038.0,30422882.0,33975630.0,26013346.0,49201372.0,16304486.0,13933573.0,31464982.0,15006392.0,13802322.0,38555596.0,40673740.0,37205730.0,42742664.0,39937996.0,
130,239.1024044068479,0.5710981,height,,,,,,,,,,,0.0,0.0,0.0,0.0,0.0,0.0,17251464.0,18257738.0,13806510.0,14927980.0,17475038.0,10872187.0,0.0,0.0,0.0,0.0,0.0,0.0,22472666.0,22378948.0,21055596.0,21147934.0,18759838.0,
137,200.12804453938733,0.5722326,height,,,,,,,,,,,35527404.0,30487462.0,29445738.0,22090412.0,29417544.0,28963236.0,33562464.0,31405508.0,24665652.0,26167340.0,29514366.0,28492020.0,26219744.0,24196018.0,20749862.0,19895760.0,19443534.0,18480804.0,32338596.0,34167940.0,41326692.0,28594402.0,25372972.0,
142,320.1714762365788,0.5799507,height,,,,,,,,,,,86173176.0,80027040.0,77435860.0,60288268.0,80185760.0,95785950.0,104389336.0,95580140.0,71649820.0,72976330.0,88240130.0,81966930.0,71999000.0,70800190.0,60425788.0,55810080.0,56681200.0,63224116.0,129164950.0,139321250.0,145769600.0,114060400.0,124491144.0,
140,211.10504704293407,0.5805258,height,,,,,,,,,,,0.0,0.0,0.0,0.0,0.0,0.0,0.0,0.0,0.0,0.0,0.0,0.0,0.0,10076698.0,9030892.0,11040423.0,9468481.0,9170798.0,44547890.0,45664796.0,46652588.0,33562344.0,25818304.0,
147,203.1389152549688,0.5812598,height,,,,,,,,,,,0.0,0.0,0.0,0.0,0.0,0.0,9432295.0,0.0,0.0,0.0,9640336.0,0.0,18273172.0,21899650.0,26210944.0,22856196.0,27350842.0,24090326.0,171498130.0,191357330.0,194906830.0,167894620.0,151346190.0,
145,288.2028409064772,0.5859454,height,,,,,,,,,,,57877730.0,50532550.0,53608280.0,46781068.0,53927980.0,69647880.0,86403480.0,73253290.0,50164280.0,54107380.0,67728610.0,65011080.0,132988936.0,124540130.0,118262620.0,97474230.0,98372310.0,95130560.0,120239770.0,10967587.0,142032220.0,11214208.0,108756630.0,
144,189.12329204243932,0.5908274,height,,,,,,,,,,,10134235.0,8016065.5,0.0,0.0,8358715.5,10551084.0,48191116.0,55175356.0,36169930.0,44087860.0,54353204.0,47199520.0,61837570.0,68286200.0,63287790.0,79673784.0,66589230.0,69519096.0,575085500.0,596722050.0,670784400.0,547280200.0,487954050.0,
149,454.3025451756607,0.5927892,height,,,,,,,,,,,7416795.0,6462423.0,6214004.0,0.0,6823295.5,8809530.0,6538960.0,7063770.0,0.0,0.0,0.0,0.0,0.0,0.0,0.0,0.0,0.0,0.0,0.0,0.0,6204668.0,0.0,0.0,
148,228.17053905579533,0.5945277,height,,,,,,,,,,,146285860.0,125802790.0,133437520.0,103913780.0,137836720.0,170587650.0,178069820.0,162824290.0,120008040.0,124576730.0,159811070.0,149260580.0,112900400.0,149202220.0,98076480.0,90076344.0,91555060.0,93773300.0,209118370.0,266197390.0,251846800.0,178668740.0,142453970.0,
146,170.60251007055302,0.5967938,height,,,,,,,,,,,0.0,0.0,0.0,0.0,0.0,0.0,14941984.0,15387315.0,10671003.0,12348656.0,16602548.0,13537506.0,0.0,0.0,0.0,0.0,0.0,0.0,37058930.0,47456904.0,37480330.0,31013666.0,24811654.0,
151,247.11089649082305,0.5975418,height,,,,,,,,,,,0.0,0.0,0.0,0.0,0.0,0.0,38212860.0,53917148.0,40716950.0,34240280.0,42271740.0,33798090.0,41836484.0,30647262.0,37077452.0,35490470.0,30448940.0,21113328.0,359173100.0,385939800.0,381152400.0,359024540.0,325472220.0,
150,340.1976174562242,0.59877723,height,,,,,,,,,,,0.0,0.0,0.0,0.0,0.0,0.0,55149790.0,47406650.0,32900652.0,37174196.0,45163452.0,48732724.0,0.0,12991767.0,0.0,0.0,0.0,0.0,123901290.0,149036930.0,142994450.0,109370424.0,88722090.0,
152,227.6546355656674,0.6036682,height,,,,,,,,,,,12205999.0,10400345.0,10494973.0,8339684.5,11058704.0,15508414.0,10360607.0,13371607.0,9106273.0,7683937.5,9615241.0,8180898.0,0.0,7723782.0,6566998.0,7301704.5,6783816.5,6757890.5,10910515.0,12097044.0,11631143.0,10231035.0,9904894.0,
156,253.11799077613955,0.60522807,height,,,,,,,,,,,0.0,0.0,0.0,0.0,0.0,0.0,78446940.0,48869964.0,36781780.0,38943416.0,53822470.0,57690370.0,21499052.0,17569152.0,15546589.0,18161232.0,15444954.0,14412428.0,152283840.0,170349540.0,177951680.0,121052170.0,105124710.0,
153,204.1177806589142,0.6092122,height,,,,,,,,,,,0.0,0.0,0.0,0.0,0.0,0.0,18762598.0,15126350.0,11398407.0,10542763.0,17977516.0,15401192.0,0.0,0.0,0.0,0.0,0.0,0.0,33050312.0,38729244.0,32478110.0,23674874.0,16781140.0,
159,255.16459829142943,0.6099972,height,,,,,,,,,,,27858290.0,30796018.0,31689324.0,25472224.0,30725062.0,36909216.0,36685880.0,33252250.0,31881284.0,30902466.0,32621814.0,31720244.0,0.0,27647254.0,25478088.0,22813078.0,23430012.0,22740962.0,37392296.0,43872770.0,36769824.0,32819856.0,33596264.0,
154,254.1609192897542,0.61181843,height,,,,,,,,,,,238503870.0,248639660.0,249008100.0,213541400.0,257845680.0,291121020.0,267846800.0,279071200.0,247940880.0,251895950.0,265424720.0,256545780.0,212271780.0,201605340.0,204477550.0,189111730.0,183801100.0,177021040.0,284879740.0,312810500.0,312513100.0,277507620.0,266900900.0,
155,472.2763329144877,0.6122048,height,,,,,,,,,,,9655650.0,8213110.0,9908062.0,0.0,9889942.0,10979787.0,24054288.0,17255184.0,12264287.0,13730902.0,19618684.0,18884828.0,0.0,7714606.0,0.0,0.0,0.0,0.0,29330196.0,28310018.0,32364678.0,23550762.0,18181856.0,
157,294.18101558697515,0.6136774,height,,,,,,,,,,,9439390.0,0.0,0.0,0.0,7988819.0,11597131.0,40202860.0,32527056.0,23811736.0,22247322.0,32523416.0,29797650.0,44038736.0,30225664.0,15017848.0,11017697.0,7575088.5,0.0,408646140.0,462430560.0,474106020.0,358061600.0,293223360.0,
158,286.175789747042,0.6137098,height,,,,,,,,,,,0.0,0.0,0.0,0.0,0.0,0.0,28827842.0,20861834.0,14640410.0,12190773.0,16860244.0,19900598.0,15029476.0,11856012.0,6296778.0,0.0,0.0,0.0,60015940.0,66614508.0,68356550.0,38412190.0,46191724.0,
161,229.1181828917095,0.6211827,height,,,,,,,,,,,7128368.5,6061860.0,6472254.0,0.0,6942347.0,8582175.0,15707257.0,8275776.0,6079300.0,6504428.0,9402360.0,9689764.0,8506607.0,8295026.5,0.0,0.0,0.0,0.0,15462584.0,16077034.0,15415703.0,10794269.0,8818372.0,
160,295.1758464617512,0.622218,height,,,,,,,,,,,26314216.0,26848100.0,24766642.0,18403462.0,25676542.0,33684696.0,31311232.0,26963374.0,21878958.0,21711456.0,25625974.0,25450320.0,0.0,0.0,17926312.0,17838024.0,16937438.0,17774224.0,15860732.0,14587863.0,16909984.0,13523342.0,14184484.0,
170,215.138936435967,0.6280406,height,,,,,,,,,,,11968833.0,12803419.0,12610437.0,9247508.0,11322609.0,13375572.0,9260110.0,9809148.0,0.0,0.0,7072145.5,6443668.5,16274056.0,15913145.0,15561121.0,15870105.0,15879088.0,15436888.0,126206160.0,122644730.0,137827940.0,116740090.0,107101896.0,
162,182.08113737624,0.630497,height,,,,,,,,,,,9411322.0,0.0,7612411.0,0.0,7568186.5,9823701.0,18460884.0,12131255.0,9604982.0,10439158.0,12840344.0,12467988.0,0.0,0.0,5766254.0,0.0,6491063.5,0.0,15947691.0,16947656.0,16955984.0,11564644.0,9097668.0,
164,433.3017460913703,0.6365005,height,,,,,,,,,,,0.0,0.0,0.0,0.0,0.0,0.0,0.0,0.0,0.0,0.0,0.0,0.0,0.0,0.0,0.0,0.0,0.0,0.0,47633656.0,51957064.0,52909336.0,34506204.0,22975900.0,
167,273.1318170606829,0.6371687,height,,,,,,,,,,,21468578.0,20816828.0,21872752.0,19123460.0,19244402.0,21759152.0,27454250.0,23218592.0,19904620.0,22831492.0,25170752.0,24618948.0,30252488.0,18969552.0,19215808.0,17604788.0,18756112.0,15166247.0,29076230.0,29513410.0,32202908.0,23224002.0,22586660.0,
165,251.1500888987404,0.63776106,height,,,,,,,,,,,412013500.0,400955170.0,420408700.0,342193920.0,378319780.0,462627600.0,529143300.0,548185800.0,383366500.0,425572640.0,474861150.0,450460320.0,317887070.0,330863200.0,315456580.0,307445300.0,301766300.0,271315970.0,657868500.0,653666200.0,706670800.0,571293300.0,511507460.0,
168,557.2600585812328,0.64466166,height,,,,,,,,,,,0.0,0.0,0.0,0.0,0.0,0.0,0.0,0.0,0.0,0.0,0.0,0.0,0.0,0.0,0.0,0.0,0.0,0.0,42315236.0,38367308.0,43454180.0,25037474.0,20083018.0,
166,239.13625542772917,0.6465334,height,,,,,,,,,,,0.0,0.0,0.0,0.0,0.0,0.0,0.0,0.0,0.0,0.0,0.0,0.0,21215752.0,17457340.0,14126072.0,15905141.0,12153467.0,12670821.0,49090012.0,49731136.0,45644864.0,37782900.0,33205616.0,
171,217.1545522296895,0.6496198,height,,,,,,,,,,,17350966.0,13645695.0,11016649.0,14141529.0,10846656.0,16912864.0,32106176.0,24095740.0,16523044.0,20072306.0,27925250.0,24660608.0,158547740.0,150989500.0,129129784.0,120523970.0,109425190.0,116995144.0,1504691200.0,1481580700.0,1462965100.0,1196014300.0,877825600.0,
169,301.115722558123,0.6507213,height,,,,,,,,,,,0.0,0.0,0.0,0.0,0.0,0.0,17538224.0,11553677.0,11139740.0,14005779.0,16143035.0,14675496.0,0.0,0.0,0.0,0.0,0.0,0.0,24321172.0,24534418.0,21626422.0,18986576.0,19550834.0,
207,132.10188264261868,0.6524082,height,,,,,,,,,,,0.0,0.0,0.0,0.0,0.0,0.0,38279884.0,31555086.0,23482474.0,31736380.0,39061156.0,29186186.0,0.0,6682088.0,8505452.0,9711858.0,8957861.0,8622278.0,47221020.0,44646116.0,44599640.0,35396556.0,46776596.0,
172,279.13378347740337,0.6545193,height,,,,,,,,,,,8293423.0,6638610.5,8157104.5,0.0,8023349.0,10141723.0,345027600.0,280996220.0,199964780.0,241031740.0,307608420.0,268692480.0,137388350.0,123883660.0,99556760.0,94587736.0,76872936.0,79152300.0,1093510800.0,1035753540.0,1048068030.0,845622800.0,766763500.0,
173,199.1076148078291,0.6594112,height,,,,,,,,,,,37090970.0,30163660.0,30713396.0,28989740.0,32406562.0,39709852.0,42863376.0,31313530.0,27363934.0,34003340.0,39481616.0,40424976.0,40208584.0,32426400.0,27956918.0,26353748.0,25396706.0,25795518.0,43510144.0,43824940.0,41186404.0,45240104.0,30957416.0,
175,256.17654983070213,0.6618272,height,,,,,,,,,,,126495336.0,121805110.0,107065170.0,85738210.0,119130760.0,140833730.0,132788140.0,123037530.0,95394290.0,99968250.0,123878430.0,108375850.0,84960610.0,85002936.0,82987064.0,96093210.0,82651140.0,81441000.0,132253020.0,118966456.0,120279736.0,122138320.0,126128530.0,
174,267.13362744246666,0.6626243,height,,,,,,,,,,,0.0,0.0,0.0,0.0,0.0,0.0,57402324.0,50181380.0,36152260.0,38916820.0,48951344.0,43267284.0,14930047.0,15031253.0,13685956.0,11700971.0,12071491.0,11679380.0,112735944.0,96768500.0,94132280.0,87331416.0,79013304.0,
176,344.18162815551733,0.66391665,height,,,,,,,,,,,19117198.0,16132663.0,15987202.0,14428950.0,18190048.0,20504654.0,24094262.0,19576102.0,14478328.0,14184246.0,19652224.0,17526148.0,16937342.0,15451938.0,15022764.0,15423189.0,14271458.0,14219405.0,24063316.0,23714488.0,25760134.0,23765900.0,17564502.0,
178,276.1551216021758,0.667822,height,,,,,,,,,,,0.0,0.0,0.0,0.0,0.0,0.0,0.0,0.0,0.0,0.0,0.0,0.0,0.0,0.0,0.0,0.0,0.0,0.0,76216824.0,92180264.0,93385130.0,73072070.0,70451340.0,
177,417.2449891325933,0.6821133,height,,,,,,,,,,,0.0,0.0,0.0,0.0,0.0,0.0,0.0,0.0,0.0,0.0,0.0,0.0,14296706.0,15023902.0,13469044.0,11188925.0,12228340.0,11830629.0,147342240.0,143623280.0,165267970.0,144597980.0,124770800.0,
180,195.12891725784183,0.6849703,height,,,,,,,,,,,0.0,0.0,0.0,0.0,0.0,0.0,12543722.0,14996864.0,11505421.0,12587844.0,11889690.0,12317561.0,0.0,0.0,0.0,0.0,0.0,0.0,89479820.0,87485144.0,73438984.0,61209532.0,57968824.0,
179,322.18703728397526,0.6853326,height,,,,,,,,,,,32458312.0,35451436.0,32442074.0,22829980.0,23568710.0,34878260.0,36020210.0,39220456.0,31524650.0,27988156.0,31897372.0,29293182.0,51867580.0,48154230.0,41252064.0,35156280.0,28487116.0,25032578.0,589299100.0,558556800.0,587995400.0,491996960.0,530005600.0,
181,361.2440352893104,0.68736655,height,,,,,,,,,,,0.0,0.0,0.0,0.0,0.0,0.0,64123790.0,62362224.0,42827210.0,50163744.0,59422616.0,57470064.0,21190630.0,18324306.0,17525052.0,11863671.0,11634586.0,9111761.0,143279550.0,146782160.0,153455650.0,135111150.0,131274260.0,
184,362.191842164758,0.6889886,height,,,,,,,,,,,20907960.0,18667918.0,17074324.0,14291561.0,18262708.0,19958798.0,31389602.0,29237436.0,19458778.0,20277032.0,24944150.0,25835242.0,14106966.0,12945629.0,13090629.0,12752669.0,12653811.0,11992709.0,43931490.0,40484680.0,38730308.0,35196060.0,28084408.0,
185,366.2133848466533,0.6904641,height,,,,,,,,,,,17597452.0,14664107.0,13883843.0,13646172.0,14869436.0,19646752.0,19820088.0,21246344.0,16634057.0,16777732.0,19109806.0,17212922.0,10084117.0,10727973.0,10389738.0,9646604.0,10316663.0,9567874.0,20921228.0,21039706.0,22748114.0,18649070.0,18023086.0,
187,348.1762777896019,0.6912597,height,,,,,,,,,,,0.0,0.0,0.0,0.0,0.0,0.0,18767548.0,15023764.0,10945578.0,10403377.0,12201237.0,12168648.0,0.0,0.0,0.0,0.0,0.0,0.0,25078984.0,26670798.0,26411792.0,20575476.0,18851396.0,
183,313.12128075900443,0.69249433,height,,,,,,,,,,,0.0,0.0,0.0,0.0,0.0,0.0,29251056.0,27360910.0,17953252.0,22361246.0,24356392.0,22896110.0,0.0,0.0,0.0,0.0,0.0,0.0,32011662.0,30137162.0,28322320.0,27105760.0,26904930.0,
182,389.2502633375549,0.69257253,height,,,,,,,,,,,0.0,0.0,0.0,0.0,0.0,0.0,102763310.0,100957620.0,75143096.0,86917240.0,91214776.0,88270696.0,34727812.0,35319428.0,29352562.0,26111226.0,18898858.0,18074444.0,252508830.0,266221550.0,288168160.0,243224260.0,222982340.0,
190,291.0430482231281,0.6960738,height,,,,,,,,,,,32071836.0,29685562.0,27273680.0,28018322.0,30508258.0,30528304.0,0.0,0.0,0.0,0.0,0.0,0.0,12690401.0,12097060.0,13504975.0,10946694.0,11977529.0,10718535.0,0.0,0.0,0.0,0.0,0.0,
186,149.05962975386964,0.69612366,height,,,,,,,,,,,0.0,0.0,0.0,0.0,0.0,0.0,14002597.0,12972885.0,12201252.0,11908279.0,12827307.0,11216365.0,0.0,0.0,0.0,0.0,6762890.0,0.0,21989360.0,24213424.0,25093708.0,20314278.0,21383698.0,
188,120.08088416817088,0.69863856,height,,,,,,,,,,,0.0,0.0,0.0,0.0,0.0,0.0,116937870.0,117229000.0,98593970.0,103573420.0,107815700.0,107648500.0,66018056.0,63481530.0,57799296.0,57691730.0,59764950.0,52648656.0,220224460.0,232762320.0,242041260.0,197993900.0,197523600.0,
192,166.08620678728357,0.7005884,height,,,,,,,,,,,116925770.0,106974350.0,96872540.0,90835180.0,91054430.0,132756664.0,2067799800.0,2132559100.0,1821961500.0,1796318300.0,1997924200.0,1857973100.0,989819140.0,1106322300.0,1112330200.0,1082290300.0,1085505400.0,1103464400.0,3681988400.0,3651271400.0,3789546800.0,3361827000.0,3458371800.0,
193,241.1154993380871,0.70277804,height,,,,,,,,,,,0.0,0.0,0.0,0.0,0.0,0.0,47872932.0,41706212.0,37520100.0,40513852.0,48605090.0,44533130.0,13500157.0,13536636.0,20127908.0,19069986.0,21317488.0,17562552.0,112537496.0,120920260.0,104294700.0,98778740.0,101573370.0,
189,320.1814106264264,0.7075404,height,,,,,,,,,,,0.0,0.0,0.0,0.0,0.0,0.0,27873394.0,23133130.0,19962102.0,22704396.0,26416708.0,21582680.0,0.0,10149344.0,8977853.0,0.0,0.0,7349100.0,42823972.0,36896936.0,40518532.0,45680336.0,44559036.0,
194,676.3328783975672,0.7097289,height,,,,,,,,,,,189236380.0,167889150.0,146464800.0,117636664.0,145613540.0,206912770.0,0.0,0.0,0.0,0.0,0.0,0.0,71243990.0,86933160.0,82934670.0,87002616.0,91894590.0,86153830.0,0.0,0.0,0.0,0.0,0.0,
195,451.2243974628496,0.71029633,height,,,,,,,,,,,123603550.0,105455120.0,93249070.0,70007250.0,92819640.0,126155624.0,0.0,0.0,0.0,0.0,0.0,0.0,29040810.0,44335110.0,36565956.0,41991044.0,38797050.0,43793092.0,0.0,0.0,0.0,0.0,0.0,
197,245.09515738328537,0.7145133,height,,,,,,,,,,,19821266.0,21784608.0,22886678.0,20651750.0,17606178.0,21513882.0,58319700.0,55292464.0,48176176.0,46517716.0,53801140.0,52046788.0,36461652.0,32297438.0,31376996.0,27565490.0,26922314.0,27945740.0,62084012.0,63918276.0,50085450.0,64307860.0,56553210.0,
198,267.07699222091867,0.71510965,height,,,,,,,,,,,31246184.0,38267996.0,38717010.0,35924876.0,31525700.0,33735704.0,25695994.0,22955728.0,23842702.0,29218648.0,24673408.0,25674868.0,26572424.0,28503862.0,26145688.0,22904554.0,25020430.0,23889748.0,26164926.0,27091070.0,20260990.0,27656602.0,22611810.0,
199,1333.6133659149662,0.718684,height,,,,,,,,,,,39307252.0,29807122.0,24761718.0,21749318.0,24109742.0,37327710.0,0.0,0.0,0.0,0.0,0.0,0.0,0.0,0.0,0.0,0.0,0.0,0.0,0.0,0.0,0.0,0.0,0.0,
200,272.1601547119689,0.72181046,height,,,,,,,,,,,0.0,0.0,0.0,0.0,0.0,0.0,24707224.0,21512052.0,16691495.0,17081358.0,19844292.0,19277772.0,0.0,0.0,6688936.0,0.0,6252653.5,0.0,30089690.0,29672652.0,27177710.0,28919126.0,26444928.0,
205,667.3095358255222,0.72227985,height,,,,,,,,,,,490206620.0,406876830.0,398829470.0,369495420.0,372958050.0,480549200.0,0.0,0.0,0.0,0.0,0.0,0.0,111073940.0,137251700.0,152425620.0,111837420.0,128808720.0,139334130.0,0.0,0.0,0.0,0.0,0.0,
196,203.13885741762945,0.72284806,height,,,,,,,,,,,0.0,0.0,0.0,0.0,0.0,0.0,19060956.0,16121013.0,0.0,13337358.0,15745002.0,14183740.0,33803680.0,29124396.0,27129456.0,25031004.0,23899274.0,23856672.0,231057950.0,239784540.0,262865260.0,222459950.0,210417700.0,
204,190.1072266548435,0.7228595,height,,,,,,,,,,,34156652.0,32443664.0,30227816.0,28695772.0,27753994.0,31735832.0,16528686.0,11995565.0,10331701.0,9966977.0,11980177.0,0.0,33903320.0,35273284.0,27360496.0,21858704.0,22505384.0,25792312.0,0.0,0.0,0.0,0.0,0.0,
202,659.3121788551292,0.7228603,height,,,,,,,,,,,42815976.0,33886516.0,33976756.0,31173896.0,29983098.0,40738524.0,0.0,0.0,0.0,0.0,0.0,0.0,13321574.0,16255659.0,16108539.0,11566108.0,13980629.0,14571181.0,0.0,0.0,0.0,0.0,0.0,
203,678.2991154263221,0.7228603,height,,,,,,,,,,,42700630.0,44503476.0,40333412.0,43330260.0,36916796.0,40985724.0,0.0,0.0,0.0,0.0,0.0,0.0,16782936.0,20915778.0,20628532.0,17043340.0,19263946.0,21572948.0,0.0,0.0,0.0,0.0,0.0,
208,339.1660515462349,0.7308841,height,,,,,,,,,,,37475520.0,31505294.0,33180592.0,23399478.0,30018594.0,34501496.0,50465340.0,47717436.0,31834852.0,33003920.0,42908910.0,37807844.0,24907280.0,23587886.0,23293156.0,19744630.0,21390264.0,20493046.0,55422120.0,54800920.0,48464256.0,52993176.0,46461964.0,
206,295.1285827589136,0.7314752,height,,,,,,,,,,,13469699.0,10510733.0,10878824.0,7873311.0,9282046.0,13239139.0,92028270.0,73928664.0,51662904.0,56700828.0,72857660.0,64899988.0,23984888.0,21494654.0,20764212.0,16988578.0,17761528.0,17466008.0,83173040.0,93836820.0,88613656.0,77825490.0,68786690.0,
210,479.1868829912203,0.73321724,height,,,,,,,,,,,41287170.0,36936692.0,38305612.0,29906646.0,33452900.0,37675956.0,45780570.0,35231532.0,27449620.0,27600920.0,35603660.0,32709776.0,38551804.0,33584400.0,35865540.0,27130804.0,29237300.0,33377300.0,0.0,0.0,0.0,0.0,0.0,
211,501.1688699918351,0.7332175,height,,,,,,,,,,,24962582.0,21727096.0,27234184.0,17584664.0,20738326.0,21758306.0,24858852.0,18562288.0,17141120.0,17965446.0,19488286.0,19650244.0,24936158.0,21480554.0,22273934.0,17174278.0,18252452.0,16744926.0,0.0,0.0,0.0,0.0,0.0,
209,652.3044074215018,0.73458534,height,,,,,,,,,,,28032978.0,22459764.0,22615462.0,14982134.0,22255202.0,23385032.0,0.0,0.0,0.0,0.0,0.0,0.0,7954789.5,8178019.0,8097656.5,0.0,8274575.5,7942010.0,0.0,0.0,0.0,0.0,0.0,
212,286.1756849014536,0.7365429,height,,,,,,,,,,,0.0,0.0,0.0,0.0,0.0,7541726.5,284001400.0,255138620.0,182371700.0,194940620.0,270957950.0,221104110.0,69171870.0,65244668.0,56043410.0,41069956.0,42754704.0,35782356.0,423584960.0,423299600.0,363288700.0,432698000.0,376046370.0,
213,379.69279738006594,0.73715013,height,,,,,,,,,,,110535500.0,81105016.0,78754330.0,65532100.0,85325870.0,109364560.0,0.0,0.0,0.0,0.0,0.0,0.0,43117092.0,36539424.0,41063140.0,33224196.0,41664924.0,37773804.0,0.0,0.0,0.0,0.0,0.0,
201,219.13375545714572,0.7421952,height,,,,,,,,,,,16943366.0,16535526.0,17621684.0,49973220.0,58947724.0,18217404.0,253964110.0,243346820.0,189380180.0,187320430.0,234174400.0,204925200.0,107119096.0,112610570.0,97298970.0,102336020.0,93002664.0,97207400.0,796074800.0,775181000.0,803262900.0,671732540.0,651378900.0,
217,243.13370919143617,0.74720407,height,,,,,,,,,,,14739375.0,12872605.0,13267561.0,10283598.0,14544169.0,15998265.0,26325750.0,25293900.0,17852858.0,19331148.0,23584974.0,21279376.0,12179644.0,10770874.0,10872573.0,11164717.0,10971898.0,11077684.0,62748692.0,72971300.0,72206370.0,58389270.0,50177676.0,
216,693.7652289716085,0.74744254,height,,,,,,,,,,,37137980.0,40638944.0,52240760.0,41578870.0,41949960.0,40148052.0,0.0,0.0,0.0,0.0,0.0,0.0,35307880.0,28123152.0,23180662.0,21465658.0,21294142.0,24247490.0,0.0,0.0,0.0,0.0,0.0,
250,249.1264145755905,0.7525609,height,,,,,,,,,,,0.0,0.0,0.0,0.0,0.0,0.0,58329076.0,51356212.0,37527016.0,43196356.0,52561416.0,44737344.0,25881006.0,21280542.0,15550596.0,13846391.0,12260732.0,0.0,196555540.0,208978160.0,204234060.0,187986140.0,169209570.0,
219,336.15823744611725,0.75289196,height,,,,,,,,,,,0.0,0.0,0.0,0.0,0.0,0.0,47276704.0,44486590.0,31045506.0,31499956.0,39783220.0,38342990.0,12492660.0,12355308.0,11303315.0,11490387.0,10286676.0,11623344.0,59432132.0,68957910.0,66551230.0,59718010.0,54677004.0,
231,233.149341410022,0.75452006,height,,,,,,,,,,,41634404.0,35892710.0,28318058.0,24526962.0,34040700.0,13919722.0,216297230.0,176523660.0,135890620.0,146337220.0,183515310.0,169490320.0,82842360.0,89090100.0,80911330.0,82019704.0,77958530.0,87353590.0,428504320.0,479769380.0,444846240.0,454645440.0,386720000.0,
223,189.12317721874103,0.7546991,height,,,,,,,,,,,0.0,0.0,0.0,0.0,0.0,0.0,232385550.0,208061460.0,155934620.0,164926350.0,198134430.0,179536140.0,61871444.0,62194740.0,58114624.0,56582680.0,51140804.0,58159620.0,274242800.0,310331420.0,290347200.0,287534340.0,265655800.0,
218,304.18651909591057,0.7548656,height,,,,,,,,,,,0.0,0.0,0.0,0.0,0.0,0.0,24939830.0,23910890.0,16297919.0,17632784.0,20535596.0,19851030.0,14139395.0,12018722.0,0.0,13002344.0,0.0,0.0,108993820.0,108980190.0,123873890.0,111243784.0,102536640.0,
222,358.19675601975365,0.75508523,height,,,,,,,,,,,56287836.0,54593404.0,49762296.0,37558916.0,51345452.0,60101156.0,115789576.0,103658560.0,76053384.0,77541190.0,97497330.0,91148890.0,45987170.0,47067028.0,38260388.0,36536148.0,33157834.0,40037296.0,131924856.0,130960984.0,154899730.0,125402560.0,105735050.0,
220,412.1709323661094,0.7552388,height,,,,,,,,,,,0.0,0.0,0.0,0.0,0.0,7324255.5,32333094.0,24824708.0,17744164.0,20737914.0,25881148.0,22800714.0,9763800.0,10157206.0,9139882.0,9243976.0,8229492.0,10978700.0,36320988.0,36004044.0,39819540.0,34107892.0,28448754.0,
225,227.1023941113424,0.7611349,height,,,,,,,,,,,32385876.0,32844340.0,27216410.0,27534280.0,33126884.0,32247848.0,35293756.0,32435380.0,27021774.0,26245340.0,30704942.0,30544888.0,24487704.0,24883216.0,22944952.0,24824398.0,22156468.0,25083030.0,32744510.0,32720558.0,34028180.0,32878196.0,28480934.0,
228,679.785911138352,0.76692766,height,,,,,,,,,,,0.0,17689356.0,21873294.0,15770870.0,17123144.0,22091906.0,0.0,0.0,0.0,0.0,0.0,0.0,0.0,0.0,0.0,0.0,0.0,0.0,0.0,0.0,0.0,0.0,0.0,
226,561.2917026162901,0.76944685,height,,,,,,,,,,,0.0,0.0,0.0,0.0,0.0,0.0,0.0,15376791.0,0.0,0.0,0.0,0.0,0.0,0.0,0.0,0.0,0.0,0.0,58254492.0,56169360.0,48492664.0,59729910.0,56423316.0,
227,409.2053635307919,0.7714252,height,,,,,,,,,,,13659619.0,14026119.0,17577422.0,16112957.0,11738165.0,13119657.0,15283563.0,12961989.0,12562056.0,12920363.0,14430216.0,13825503.0,12595761.0,14605009.0,12995484.0,11755569.0,14318371.0,14182213.0,17975182.0,18872388.0,17228644.0,14644763.0,14067036.0,
191,316.1863576572177,0.77174455,height,,,,,,,,,,,36237936.0,31724178.0,34296908.0,27349758.0,26812818.0,36208490.0,95131980.0,90698720.0,66554596.0,68508940.0,88919944.0,74959360.0,38635476.0,39961892.0,38334136.0,34036660.0,35335908.0,38879950.0,152180940.0,142873310.0,155096350.0,137776620.0,127859410.0,
230,1334.5974483376517,0.7718525,height,,,,,,,,,,,27095934.0,25783728.0,22968554.0,17876288.0,19879714.0,25160416.0,0.0,0.0,0.0,0.0,0.0,0.0,0.0,0.0,0.0,0.0,0.0,0.0,0.0,0.0,0.0,0.0,0.0,
234,281.14926634425854,0.77225584,height,,,,,,,,,,,0.0,0.0,0.0,0.0,0.0,0.0,288472420.0,300287170.0,209354830.0,219528820.0,260589100.0,247039680.0,76382030.0,65140496.0,39729150.0,37723996.0,32651146.0,28799920.0,697151800.0,649597250.0,718970500.0,658284800.0,617133300.0,
233,338.16818562814666,0.77233773,height,,,,,,,,,,,10849875.0,11965193.0,13326241.0,11012774.0,9257333.0,9006211.0,17350114.0,17058486.0,15551076.0,18597562.0,18058978.0,17663014.0,15235582.0,16526858.0,15545395.0,14000743.0,14969672.0,16324050.0,25516638.0,25136882.0,23134620.0,19307976.0,20739832.0,
236,678.792188746894,0.7767134,height,,,,,,,,,,,29944248.0,34339676.0,34471980.0,36751670.0,27722090.0,28230352.0,0.0,0.0,0.0,0.0,0.0,0.0,14092842.0,18411636.0,17170862.0,19221816.0,22609064.0,28677906.0,0.0,0.0,0.0,0.0,0.0,
237,667.8045392951864,0.7772834,height,,,,,,,,,,,684297100.0,631543300.0,564404540.0,440384930.0,486024100.0,628353340.0,0.0,0.0,0.0,0.0,0.0,0.0,133557550.0,186392670.0,173877440.0,183484750.0,220589780.0,250026830.0,0.0,0.0,0.0,0.0,0.0,
229,387.2234037789759,0.77771413,height,,,,,,,,,,,21847478.0,19856324.0,21843826.0,18965616.0,21687938.0,29361762.0,34801950.0,35213930.0,25987658.0,25552508.0,33281660.0,28592524.0,15800653.0,17116546.0,15920190.0,14298030.0,15129501.0,15808551.0,48059760.0,45708750.0,49830130.0,43044470.0,41082376.0,
235,659.8043226496101,0.77844185,height,,,,,,,,,,,45191484.0,40583536.0,41505964.0,30147562.0,30328410.0,40828870.0,0.0,0.0,0.0,0.0,0.0,0.0,11796134.0,16852886.0,15538596.0,14948626.0,19372102.0,22776884.0,0.0,0.0,0.0,0.0,0.0,
238,251.14993073272257,0.78007376,height,,,,,,,,,,,44706576.0,40040420.0,41196724.0,33302886.0,36166492.0,45982660.0,37147176.0,38385616.0,27525268.0,27924646.0,33622544.0,30851420.0,25965126.0,29806464.0,26095622.0,23558612.0,27029766.0,26129946.0,46533050.0,46384892.0,51954036.0,43557012.0,42944892.0,
242,451.2295326088515,0.78387046,height,,,,,,,,,,,0.0,0.0,0.0,0.0,0.0,0.0,0.0,0.0,0.0,0.0,0.0,0.0,0.0,0.0,0.0,0.0,0.0,0.0,31639768.0,40240504.0,40226420.0,29536698.0,29983212.0,
240,220.1177729116309,0.7848273,height,,,,,,,,,,,47047756.0,35990010.0,46803116.0,34642980.0,35758800.0,41216228.0,119994160.0,105074504.0,85624220.0,89107610.0,103380090.0,95147830.0,49329910.0,58615060.0,46882500.0,42036616.0,45812776.0,48468920.0,61067972.0,66728164.0,62436156.0,67332940.0,59733376.0,
241,242.09959596400276,0.78482825,height,,,,,,,,,,,31081562.0,28570034.0,32269542.0,26048104.0,24254850.0,26915368.0,40903104.0,32023788.0,28664320.0,29298636.0,37226750.0,35848960.0,33223606.0,37881172.0,28745174.0,27842458.0,30121214.0,33289934.0,13024156.0,17265890.0,17411836.0,13201898.0,12820147.0,
256,203.138872048265,0.78806776,height,,,,,,,,,,,0.0,0.0,0.0,0.0,0.0,7886633.5,19060956.0,16207681.0,13972488.0,14266432.0,19479988.0,16018584.0,36425708.0,36303480.0,26922410.0,33136696.0,34016628.0,29303986.0,308144400.0,324303550.0,319302850.0,261268200.0,240422880.0,
244,652.7966140091622,0.7910161,height,,,,,,,,,,,40128660.0,27780570.0,24209108.0,20424826.0,25779652.0,32749586.0,0.0,0.0,0.0,0.0,0.0,0.0,8502935.0,11046735.0,9958853.0,12531485.0,11929640.0,12347172.0,0.0,0.0,0.0,0.0,0.0,
243,237.12299332749996,0.7939011,height,,,,,,,,,,,0.0,0.0,0.0,0.0,0.0,0.0,36661610.0,40487380.0,26569118.0,31315302.0,31998078.0,35437236.0,18563594.0,15983651.0,16114952.0,14238080.0,14659707.0,0.0,78875864.0,81357950.0,76931220.0,73387030.0,70036890.0,
245,694.2607385616012,0.7967329,height,,,,,,,,,,,41600176.0,40242250.0,46395244.0,43373268.0,34062124.0,36776490.0,0.0,0.0,0.0,0.0,0.0,0.0,34549510.0,32774770.0,30687792.0,27767886.0,26089514.0,26741360.0,0.0,0.0,0.0,0.0,0.0,
247,401.28668411489525,0.800185,height,,,,,,,,,,,0.0,0.0,0.0,0.0,0.0,0.0,0.0,0.0,0.0,0.0,0.0,0.0,0.0,0.0,0.0,0.0,0.0,0.0,132758650.0,144732850.0,151831580.0,136278320.0,141839360.0,
263,261.14422371785605,0.8006037,height,,,,,,,,,,,27295004.0,26170162.0,23883202.0,20199996.0,25777306.0,29253832.0,159827150.0,125914930.0,103070160.0,97604510.0,113808300.0,125568520.0,39850024.0,39917180.0,36864240.0,36787696.0,36388336.0,39362584.0,206410050.0,222345120.0,238960080.0,189224620.0,153657490.0,
248,242.18596894092107,0.80116063,height,,,,,,,,,,,218348580.0,193786480.0,201416000.0,150113800.0,172151440.0,237599870.0,207763490.0,202374140.0,162802530.0,163493940.0,191317310.0,183899070.0,132269270.0,126047860.0,116710480.0,112444080.0,119894640.0,111201400.0,178921330.0,197737470.0,198312140.0,165779790.0,165877820.0,
249,201.14696524290912,0.804543,height,,,,,,,,,,,0.0,0.0,0.0,0.0,0.0,0.0,0.0,0.0,0.0,0.0,0.0,0.0,12599380.0,0.0,0.0,0.0,0.0,0.0,155737020.0,159126510.0,162083790.0,157910350.0,155346960.0,
254,279.1344448765769,0.805909,height,,,,,,,,,,,81481070.0,72923256.0,74125290.0,56427500.0,63484148.0,93568136.0,132451840.0,123605750.0,98108590.0,102971144.0,119174936.0,111552170.0,51034044.0,51372972.0,49084340.0,49728640.0,52078144.0,45055040.0,118445120.0,125187670.0,134354300.0,106462376.0,104162920.0,
253,382.1943146016948,0.80602354,height,,,,,,,,,,,9330195.0,9238677.0,9762510.0,6979483.0,8145874.5,9959810.0,16270227.0,12555660.0,12633440.0,12368730.0,15935427.0,14412536.0,0.0,0.0,0.0,0.0,0.0,0.0,12889829.0,11541984.0,10370239.0,9891629.0,9689110.0,
252,360.2124495999134,0.80649924,height,,,,,,,,,,,112470984.0,104750880.0,106823950.0,71560780.0,93436190.0,131081630.0,206596940.0,186417470.0,147829810.0,143039740.0,177196830.0,160848750.0,82542040.0,69338320.0,67186740.0,63775490.0,64095636.0,54429788.0,173941680.0,184041970.0,197574670.0,149065260.0,144568510.0,
255,229.1545072338224,0.81154543,height,,,,,,,,,,,50082716.0,46804560.0,45310456.0,36752108.0,41322580.0,57180964.0,1010820200.0,845233300.0,732843460.0,708935550.0,879590600.0,814915600.0,796903400.0,833570900.0,730983740.0,604764700.0,677205000.0,646574660.0,4057391600.0,4476186000.0,4494507500.0,3841496800.0,3730486800.0,
258,357.2129803694223,0.81602865,height,,,,,,,,,,,14796429.0,14180961.0,11795929.0,10327338.0,11272808.0,16359604.0,13678265.0,14219215.0,13033475.0,10480872.0,11769654.0,11527108.0,7333714.0,8941573.0,8753650.0,0.0,8942500.0,7436708.5,12799679.0,10799288.0,11034434.0,11582947.0,11486229.0,
259,276.17039792402704,0.81953245,height,,,,,,,,,,,125483570.0,121047210.0,111711040.0,97229170.0,113068710.0,149269680.0,136767200.0,135539780.0,112217570.0,97808744.0,119639736.0,117210440.0,77614240.0,80951416.0,75476650.0,70426250.0,81193040.0,74154450.0,127478880.0,127785020.0,138228880.0,129099816.0,121362590.0,
262,219.1337523640617,0.8263413,height,,,,,,,,,,,61969964.0,57754170.0,57339890.0,47163890.0,54490748.0,72523190.0,84280616.0,71970830.0,57564348.0,57372580.0,63870252.0,63203456.0,43169410.0,44894580.0,43766100.0,43032868.0,40434950.0,44022550.0,87512264.0,85563190.0,95252540.0,81293540.0,64541280.0,
260,183.6103859829984,0.82742524,height,,,,,,,,,,,0.0,0.0,0.0,0.0,0.0,0.0,11859990.0,12797150.0,0.0,8895742.0,10578692.0,0.0,0.0,0.0,0.0,0.0,0.0,0.0,35982640.0,41343892.0,41643124.0,41675270.0,29519502.0,
264,201.1232329421496,0.82870626,height,,,,,,,,,,,15291644.0,14054440.0,15019039.0,15198480.0,15348988.0,18743918.0,16809354.0,15772728.0,13719990.0,13914402.0,13607138.0,14684059.0,11784301.0,13991770.0,14777397.0,12676826.0,11201658.0,13905081.0,12870136.0,13956240.0,14093339.0,13645415.0,13693045.0,
261,366.213431415012,0.83007866,height,,,,,,,,,,,0.0,0.0,0.0,0.0,0.0,0.0,13411956.0,12187463.0,9780608.0,8857944.0,12266218.0,11331445.0,0.0,0.0,0.0,0.0,0.0,0.0,42046020.0,45544260.0,48759496.0,43684468.0,38686256.0,
265,306.1446076104198,0.8310659,height,,,,,,,,,,,24477130.0,21919370.0,24610434.0,20398138.0,20436314.0,29444788.0,0.0,0.0,0.0,0.0,0.0,0.0,9124728.0,10188160.0,9479471.0,0.0,9725167.0,10495592.0,0.0,0.0,0.0,0.0,0.0,
246,457.3015634588738,0.83263946,height,,,,,,,,,,,0.0,0.0,0.0,0.0,0.0,0.0,34516160.0,30560200.0,31379582.0,30396788.0,30961572.0,28332714.0,39398256.0,37082704.0,30644282.0,28491140.0,33783150.0,29714590.0,149689230.0,153854700.0,175339520.0,152633500.0,162679900.0,
278,247.11074155606315,0.83698195,height,,,,,,,,,,,9685907.0,8851060.0,9096071.0,0.0,0.0,9819386.0,27353952.0,26848568.0,21803242.0,23067530.0,27304812.0,23498738.0,9731746.0,9792268.0,9188000.0,8660449.0,8946129.0,0.0,24940714.0,17088138.0,28569946.0,27506904.0,24166786.0,
270,441.2341158570604,0.8373761,height,,,,,,,,,,,16924018.0,14642022.0,14779962.0,10993054.0,13662715.0,20905720.0,20281564.0,20038568.0,13988107.0,12995693.0,16320622.0,15168927.0,9646812.0,9551364.0,9652726.0,9324271.0,10770917.0,8917751.0,19926422.0,22068826.0,25501838.0,20860230.0,22094942.0,
272,205.1257736976665,0.83827007,height,,,,,,,,,,,0.0,0.0,0.0,0.0,0.0,0.0,0.0,0.0,0.0,0.0,0.0,0.0,0.0,0.0,0.0,0.0,0.0,0.0,21325990.0,23028642.0,27573172.0,24674618.0,22791954.0,
274,443.14750218221,0.844013,height,,,,,,,,,,,103125140.0,100768300.0,112483710.0,94300504.0,113042240.0,119452210.0,119106910.0,92470970.0,92213920.0,100350650.0,101299710.0,103607384.0,66501920.0,65380650.0,62176570.0,79555030.0,67161600.0,60257764.0,0.0,0.0,0.0,0.0,0.0,
273,211.08646728856448,0.8440603,height,,,,,,,,,,,778905100.0,754247940.0,783422900.0,691813000.0,744932740.0,902331140.0,1024826940.0,837647000.0,735693400.0,820950200.0,862906560.0,897392260.0,678117200.0,689847230.0,628564160.0,620176260.0,609380350.0,569195970.0,0.0,0.0,0.0,0.0,0.0,
268,409.2442381164894,0.8462385,height,,,,,,,,,,,0.0,0.0,0.0,0.0,0.0,0.0,15636179.0,16479443.0,10642894.0,0.0,13706371.0,13355511.0,0.0,0.0,0.0,0.0,0.0,0.0,55654284.0,54749510.0,65725908.0,57832300.0,48168812.0,
277,243.1337127934591,0.84661084,height,,,,,,,,,,,15582155.0,12781202.0,14024607.0,10496970.0,12469813.0,17430444.0,50216350.0,36125616.0,30269756.0,29899764.0,34815084.0,39468668.0,9478368.0,13704130.0,12483613.0,13198938.0,12372943.0,13350122.0,64209176.0,70939096.0,77375464.0,60425310.0,43425920.0,
275,359.2648077252401,0.8468284,height,,,,,,,,,,,0.0,0.0,0.0,0.0,0.0,0.0,19441296.0,19706960.0,16837116.0,11865539.0,14427139.0,16221994.0,25024942.0,22304378.0,21760738.0,13844788.0,12065623.0,9199521.0,263065040.0,260399340.0,279843600.0,292240030.0,262915440.0,
269,461.3326949442702,0.8490801,height,,,,,,,,,,,0.0,0.0,0.0,0.0,0.0,0.0,0.0,0.0,0.0,0.0,0.0,0.0,13042470.0,13848473.0,14048861.0,0.0,13015700.0,12175419.0,168243950.0,162955500.0,176528160.0,173476450.0,141264110.0,
276,344.18111518806404,0.849336,height,,,,,,,,,,,0.0,0.0,0.0,0.0,0.0,0.0,53480588.0,49408844.0,35556256.0,37245908.0,45635970.0,44137400.0,17275520.0,16909514.0,13578314.0,13717790.0,12613536.0,12387280.0,70164936.0,73526390.0,89909630.0,70846160.0,58783976.0,
267,253.15181777297636,0.8497852,height,,,,,,,,,,,0.0,0.0,0.0,0.0,0.0,0.0,0.0,0.0,0.0,0.0,0.0,0.0,18056004.0,18796120.0,18082096.0,18715452.0,19474400.0,16466397.0,60767050.0,58085630.0,62832624.0,57764370.0,54439252.0,
286,230.15789618524929,0.8557055,height,,,,,,,,,,,0.0,0.0,0.0,0.0,0.0,8211898.0,126187800.0,107772410.0,94938950.0,90447950.0,103498120.0,99333976.0,103156216.0,92562710.0,93885620.0,89132390.0,88927030.0,74142000.0,503208030.0,499825660.0,561054340.0,500109000.0,476125300.0,
282,345.14419157885027,0.8669616,height,,,,,,,,,,,0.0,0.0,0.0,0.0,0.0,0.0,78668100.0,65911984.0,51412060.0,49839764.0,59980164.0,57919230.0,24289184.0,14327289.0,0.0,0.0,0.0,0.0,163125380.0,169615800.0,178614460.0,172904820.0,157277280.0,
284,479.2837218750354,0.87367,height,,,,,,,,,,,0.0,0.0,0.0,0.0,0.0,0.0,0.0,0.0,0.0,0.0,0.0,0.0,0.0,0.0,0.0,0.0,0.0,0.0,31135856.0,30126280.0,32249430.0,29487618.0,28662692.0,
285,247.12864390901188,0.8781777,height,,,,,,,,,,,27427354.0,26215706.0,25714608.0,19669174.0,23097466.0,28642254.0,31449364.0,30517724.0,24431270.0,21614046.0,28903710.0,26881062.0,18757554.0,20113350.0,18302654.0,21486058.0,17096240.0,16551886.0,19008944.0,20574634.0,22999420.0,22462300.0,17047898.0,
287,270.1921438222464,0.8811969,height,,,,,,,,,,,169230500.0,158450940.0,160948830.0,118099170.0,139786340.0,177688980.0,204612080.0,201528850.0,156871650.0,144094100.0,200082270.0,167875180.0,124516500.0,115127630.0,108110070.0,125302190.0,110880296.0,100270290.0,190263410.0,187287860.0,213172910.0,194773280.0,163883460.0,
288,304.1764715411197,0.884463,height,,,,,,,,,,,188143660.0,164994430.0,175857220.0,128660984.0,154057140.0,193109010.0,196876600.0,219939000.0,162037570.0,158015570.0,204849730.0,182946770.0,128783390.0,133848940.0,120327980.0,145692690.0,116643560.0,111765700.0,186404600.0,189246450.0,206620260.0,193155380.0,171850720.0,
289,459.3170688878733,0.88455313,height,,,,,,,,,,,0.0,0.0,0.0,0.0,0.0,0.0,0.0,0.0,0.0,0.0,0.0,0.0,0.0,0.0,0.0,0.0,0.0,0.0,47069280.0,17980692.0,21577882.0,52153576.0,43129810.0,
290,442.2658283915464,0.8849248,height,,,,,,,,,,,10778662.0,8434389.0,8903201.0,6671461.5,7915296.5,10876770.0,10340681.0,12481462.0,8126292.5,6775265.0,10348090.0,8524812.0,0.0,0.0,0.0,0.0,0.0,0.0,0.0,0.0,0.0,0.0,0.0,
292,312.1914624523882,0.8895001,height,,,,,,,,,,,20213990.0,17439452.0,18303978.0,12997801.0,16608444.0,21509422.0,25638184.0,27473592.0,19902220.0,19995638.0,26151100.0,22163784.0,16119586.0,14945395.0,13640761.0,13826098.0,12522436.0,11848326.0,23742742.0,24428676.0,25420612.0,22488154.0,21003008.0,
294,229.1545250811889,0.8918926,height,,,,,,,,,,,55102630.0,29889514.0,31425642.0,10303049.0,41757670.0,34899256.0,824844900.0,823800400.0,564592450.0,578194600.0,765604160.0,664737100.0,781606460.0,780469000.0,704164800.0,718081100.0,676493800.0,627936000.0,4183256600.0,4189780500.0,4701939700.0,4212072200.0,3958110200.0,
291,251.13633402558156,0.8942903,height,,,,,,,,,,,0.0,0.0,0.0,0.0,0.0,0.0,15925015.0,17328194.0,12508004.0,14850714.0,16415293.0,16321305.0,18390696.0,16677659.0,15993607.0,17014738.0,16563820.0,14421483.0,45489576.0,44123668.0,45513024.0,43436420.0,44030200.0,
295,415.2546849246073,0.8955677,height,,,,,,,,,,,121030456.0,96765620.0,101223496.0,75449090.0,95976640.0,129352570.0,0.0,0.0,0.0,0.0,0.0,0.0,36295852.0,49845844.0,43467236.0,36573020.0,35907616.0,42763184.0,0.0,0.0,0.0,0.0,0.0,
296,195.11270469349324,0.8974893,height,,,,,,,,,,,297012100.0,257980500.0,272983840.0,218767840.0,276442270.0,307291400.0,375070560.0,332894270.0,229416820.0,249095300.0,299741380.0,270176420.0,209748780.0,241850240.0,199067680.0,207017630.0,223891570.0,200577260.0,274001900.0,284662600.0,270154720.0,239844370.0,243413250.0,
297,326.2071651660111,0.8978498,height,,,,,,,,,,,30328656.0,25381756.0,26312356.0,20355044.0,25002300.0,33933100.0,30514994.0,30761996.0,23991040.0,24049722.0,29517760.0,25821134.0,17978490.0,18871606.0,19597516.0,18944378.0,18174962.0,17133252.0,31415826.0,31425246.0,33611510.0,32448454.0,31124238.0,
299,172.09668417400272,0.901088,height,,,,,,,,,,,42149660.0,44256612.0,51900890.0,38662684.0,44698904.0,52521820.0,23091750.0,23061074.0,20474750.0,18226510.0,21444494.0,23515068.0,31881246.0,28174188.0,24137952.0,27118840.0,20820014.0,18859738.0,0.0,0.0,0.0,0.0,0.0,
298,445.30165708037896,0.9022339,height,,,,,,,,,,,0.0,0.0,0.0,0.0,0.0,0.0,0.0,0.0,0.0,0.0,0.0,0.0,0.0,0.0,0.0,0.0,0.0,0.0,39428004.0,35605596.0,42655984.0,44170040.0,35005988.0,
280,231.170160728304,0.90482634,height,,,,,,,,,,,38458490.0,31808820.0,27906602.0,21914878.0,24235770.0,35124500.0,171316660.0,170761740.0,126084450.0,127850980.0,160766100.0,135779710.0,636469950.0,546958660.0,447030340.0,439852700.0,401742720.0,406456260.0,4057588000.0,3685425400.0,4295977000.0,3745722000.0,3659550200.0,
301,215.13890833311712,0.90963876,height,,,,,,,,,,,58316732.0,54592812.0,53418324.0,41448580.0,46262576.0,66941588.0,396018780.0,376974300.0,292434080.0,296496220.0,366449180.0,309929800.0,97578700.0,98867576.0,94582664.0,90001420.0,88554480.0,91773650.0,393612860.0,390172700.0,406972640.0,364420740.0,343491620.0,
309,232.1735235834381,0.91193897,height,,,,,,,,,,,0.0,0.0,0.0,0.0,0.0,0.0,20803950.0,21387870.0,17894706.0,17421790.0,21200978.0,18249098.0,76421896.0,69832540.0,55038276.0,50777908.0,47816812.0,53123296.0,361217820.0,362197300.0,396007740.0,443303300.0,433535230.0,
293,253.1179753682808,0.91234744,height,,,,,,,,,,,11655526.0,10486460.0,10958201.0,0.0,12257337.0,13114648.0,109661950.0,107633340.0,77870430.0,75240936.0,98222060.0,90461180.0,28816304.0,31375708.0,27299314.0,31182536.0,28079418.0,24474484.0,135262620.0,136420620.0,137393140.0,125301544.0,123911384.0,
300,269.1257305506796,0.91312104,height,,,,,,,,,,,0.0,0.0,0.0,0.0,0.0,0.0,0.0,0.0,0.0,0.0,0.0,0.0,0.0,0.0,0.0,0.0,0.0,0.0,12318172.0,12259067.0,15760712.0,11281810.0,11959024.0,
321,166.08621078515503,0.915221,height,,,,,,,,,,,0.0,0.0,0.0,0.0,0.0,0.0,6651842.5,6876249.0,0.0,0.0,7474497.5,0.0,0.0,0.0,0.0,0.0,0.0,0.0,23873816.0,24800454.0,25116310.0,21859934.0,22090848.0,
306,407.26483407338674,0.91584265,height,,,,,,,,,,,0.0,0.0,0.0,0.0,0.0,0.0,0.0,0.0,0.0,0.0,0.0,0.0,0.0,0.0,0.0,0.0,0.0,0.0,34796548.0,33509282.0,41020956.0,30290978.0,33348328.0,
304,358.196753629188,0.91622627,height,,,,,,,,,,,25888906.0,22237000.0,21598858.0,18435730.0,20993350.0,31067040.0,27059732.0,26919432.0,20493126.0,21036122.0,26233458.0,20502324.0,16179814.0,16878400.0,17013334.0,14181624.0,14881624.0,14458692.0,28597608.0,25337760.0,31449092.0,24297172.0,24210708.0,
305,204.13597550183204,0.9172047,height,,,,,,,,,,,0.0,0.0,0.0,0.0,0.0,0.0,0.0,0.0,0.0,0.0,0.0,0.0,0.0,0.0,0.0,0.0,0.0,0.0,22786486.0,23948488.0,26282408.0,24056266.0,22441958.0,
308,227.1751353783729,0.9209246,height,,,,,,,,,,,0.0,0.0,0.0,0.0,0.0,0.0,0.0,0.0,0.0,0.0,0.0,0.0,38541804.0,35332870.0,32668588.0,36887616.0,37428140.0,32197526.0,0.0,0.0,0.0,0.0,0.0,
302,483.3147435742087,0.92118263,height,,,,,,,,,,,0.0,0.0,0.0,0.0,0.0,0.0,0.0,0.0,0.0,0.0,0.0,0.0,14712993.0,14886628.0,0.0,9356508.0,9312495.0,0.0,63691300.0,57015070.0,59811910.0,48415744.0,55138456.0,
307,253.1518215704895,0.9229794,height,,,,,,,,,,,0.0,0.0,0.0,0.0,0.0,0.0,0.0,0.0,0.0,8547677.0,0.0,0.0,32616668.0,34245990.0,25941414.0,24188788.0,22720972.0,25323984.0,85946170.0,77167840.0,85302850.0,74756810.0,78862410.0,
303,461.3327393297,0.923522,height,,,,,,,,,,,0.0,0.0,0.0,0.0,0.0,0.0,0.0,0.0,0.0,0.0,0.0,0.0,35544064.0,32929934.0,23238330.0,21566756.0,21125644.0,17908728.0,290373540.0,260461470.0,306144670.0,237130540.0,276330850.0,
313,187.1229570240123,0.932899,height,,,,,,,,,,,0.0,0.0,0.0,0.0,0.0,0.0,32916804.0,26787030.0,19904948.0,21819356.0,33224478.0,26193480.0,0.0,0.0,0.0,0.0,0.0,0.0,0.0,0.0,0.0,0.0,0.0,
312,382.1969085767989,0.9341667,height,,,,,,,,,,,15967936.0,14499776.0,14313049.0,12044175.0,14813404.0,18701656.0,101251400.0,103707016.0,83573810.0,73944660.0,90641420.0,106025544.0,29449368.0,29215694.0,28625214.0,27609016.0,23593288.0,30532568.0,126671190.0,129297950.0,129028900.0,113685864.0,106332430.0,
314,247.1075995895989,0.93654734,height,,,,,,,,,,,38884876.0,33982716.0,35544876.0,28341790.0,35974576.0,43244684.0,48489104.0,44392628.0,35517920.0,31318582.0,39520830.0,38157604.0,23365368.0,23752892.0,21001624.0,23761972.0,26001752.0,24843996.0,45372650.0,47052560.0,52140956.0,42923560.0,40935144.0,
315,423.2599371519564,0.9418382,height,,,,,,,,,,,0.0,0.0,0.0,0.0,0.0,0.0,9026299.0,0.0,0.0,0.0,8567137.0,0.0,0.0,0.0,0.0,0.0,0.0,0.0,53601704.0,61622890.0,63984028.0,54108708.0,47151210.0,
320,320.1816493424568,0.9430784,height,,,,,,,,,,,25414238.0,24762668.0,23220048.0,16768346.0,26032838.0,25955420.0,33393558.0,27736016.0,20572686.0,21815146.0,24505124.0,23460280.0,15499323.0,15998109.0,14860620.0,15293491.0,15878455.0,13824029.0,25499372.0,30754988.0,31860272.0,24946468.0,22168822.0,
316,372.1559398943768,0.943632,height,,,,,,,,,,,0.0,0.0,0.0,0.0,0.0,0.0,26301846.0,21990372.0,20878736.0,20935312.0,24577008.0,22723076.0,11132548.0,11195438.0,10362345.0,9369738.0,0.0,9480208.0,37918090.0,41234260.0,39449290.0,35832804.0,32823844.0,
318,350.1741319224698,0.9445194,height,,,,,,,,,,,0.0,9020475.0,0.0,0.0,9334295.0,9712803.0,173420110.0,150783790.0,120385280.0,115075630.0,139432670.0,123668456.0,48627428.0,43934500.0,44118850.0,41238710.0,45405484.0,39611350.0,297951040.0,324097000.0,332281920.0,292456030.0,258566380.0,
319,243.1337857977597,0.94485474,height,,,,,,,,,,,21406442.0,19787880.0,18880054.0,14477647.0,19353786.0,24412876.0,25837656.0,24180930.0,19576126.0,17749176.0,21258110.0,21089026.0,13938962.0,13279155.0,13248571.0,12320475.0,12426531.0,12690742.0,28963430.0,31413004.0,33014500.0,27135560.0,25252892.0,
311,295.16503679457185,0.95315444,height,,,,,,,,,,,0.0,0.0,0.0,0.0,0.0,0.0,136525550.0,51042820.0,37867956.0,35184856.0,97810744.0,41961572.0,110661500.0,65098420.0,36783500.0,16432347.0,0.0,0.0,60005550.0,58901230.0,67448280.0,58672900.0,54087584.0,
322,400.1977763328035,0.9544383,height,,,,,,,,,,,13787208.0,13265644.0,12046064.0,9343385.0,12110803.0,15255352.0,9421799.0,9025024.0,7000400.5,7191062.5,7874439.5,7016768.0,6821019.0,6655500.5,6361816.5,6320532.0,6254191.0,5872593.0,0.0,0.0,0.0,0.0,0.0,
350,353.1817933005448,0.9558391,height,,,,,,,,,,,46777684.0,45710144.0,44172076.0,33852620.0,42676976.0,49821936.0,47890696.0,52123600.0,39080948.0,39191068.0,48555050.0,41367756.0,28477466.0,31831822.0,27967938.0,27531678.0,27746082.0,26165040.0,63104760.0,65471376.0,68823920.0,60278060.0,56172840.0,
324,237.12312711268413,0.9597683,height,,,,,,,,,,,0.0,0.0,0.0,0.0,0.0,0.0,33387584.0,36542064.0,28500114.0,26463290.0,34293516.0,32954424.0,33092958.0,35289830.0,28178742.0,27286850.0,27484542.0,27323638.0,254270180.0,276225380.0,281244930.0,238290420.0,225453060.0,
326,267.1336486157102,0.9649932,height,,,,,,,,,,,0.0,0.0,0.0,0.0,0.0,0.0,37387224.0,35818050.0,24216380.0,24994872.0,34376604.0,30938034.0,13906760.0,13310184.0,12530383.0,12020422.0,12954550.0,11255315.0,87270390.0,89532140.0,90921030.0,85133120.0,73460330.0,
327,229.11831753681707,0.9656295,height,,,,,,,,,,,90071780.0,93601380.0,100101790.0,89447120.0,95272890.0,115590744.0,125845160.0,112203820.0,88601016.0,99837820.0,123483620.0,107781320.0,86362400.0,81267190.0,68255690.0,74365750.0,73938620.0,71386900.0,105757030.0,118869440.0,111534730.0,116895096.0,97465470.0,
328,376.1892315943648,0.96772105,height,,,,,,,,,,,17269996.0,16684761.0,17982968.0,15906892.0,17620542.0,21270928.0,20270018.0,22480458.0,15209057.0,16094985.0,22251672.0,19249302.0,13112547.0,12601585.0,10720285.0,11616367.0,11998766.0,10569089.0,27970720.0,27224080.0,29558962.0,26476466.0,23260994.0,
330,281.1494218091751,0.96890813,height,,,,,,,,,,,24443592.0,22946440.0,21847286.0,22178406.0,22886694.0,30333842.0,20949886.0,25942084.0,16876834.0,20431062.0,24114274.0,20368546.0,17774616.0,15481697.0,15088498.0,15316727.0,14682972.0,16218336.0,26574202.0,25237258.0,30819894.0,21419598.0,19182516.0,
331,293.1129745985468,0.96919715,height,,,,,,,,,,,14005604.0,14224456.0,14406934.0,14279670.0,14635756.0,17601916.0,20238354.0,20146730.0,14735607.0,16573660.0,22804340.0,19163302.0,14768482.0,12806037.0,11718040.0,11539506.0,13743316.0,11185948.0,18904624.0,20626856.0,23701888.0,22628298.0,18691550.0,
329,263.1421801328285,0.9736083,height,,,,,,,,,,,0.0,0.0,0.0,0.0,0.0,0.0,30415574.0,35018492.0,24518080.0,25848472.0,28880560.0,29087094.0,12581494.0,11360763.0,10045100.0,0.0,0.0,0.0,99581970.0,106833210.0,111135736.0,119400840.0,86264024.0,
333,362.19182007720656,0.97387064,height,,,,,,,,,,,0.0,0.0,0.0,0.0,0.0,0.0,36189876.0,36585750.0,24302716.0,24976492.0,31482284.0,29272612.0,11354780.0,10122978.0,8767290.0,0.0,7920927.5,8157600.0,46555650.0,50986390.0,53076452.0,54149748.0,39889280.0,
332,320.16366629425687,0.9743071,height,,,,,,,,,,,0.0,0.0,0.0,0.0,0.0,0.0,9587880.0,0.0,0.0,0.0,0.0,0.0,0.0,0.0,0.0,0.0,0.0,0.0,91637230.0,103093730.0,106199880.0,94304440.0,86584950.0,
335,589.3231718184364,0.977208,height,,,,,,,,,,,0.0,0.0,0.0,0.0,0.0,0.0,0.0,0.0,0.0,0.0,0.0,0.0,0.0,0.0,0.0,0.0,0.0,0.0,72810840.0,67288080.0,71734470.0,61369500.0,58429816.0,
341,295.1295720767482,0.9774127,height,,,,,,,,,,,0.0,0.0,0.0,0.0,0.0,8765575.0,24170290.0,24355774.0,15956231.0,15896444.0,19537470.0,19560478.0,0.0,0.0,0.0,0.0,0.0,0.0,44049000.0,39132744.0,48764040.0,34575584.0,31845502.0,
336,286.1759520408337,0.97847944,height,,,,,,,,,,,0.0,0.0,0.0,0.0,0.0,0.0,17700178.0,18722632.0,12630542.0,11491391.0,13679793.0,12695065.0,0.0,0.0,0.0,0.0,0.0,0.0,27356860.0,30922874.0,31398078.0,28343096.0,26933090.0,
334,313.1214179678429,0.98220617,height,,,,,,,,,,,0.0,0.0,0.0,0.0,0.0,0.0,15170724.0,14660392.0,10134443.0,10351538.0,12895190.0,12120626.0,0.0,0.0,0.0,0.0,0.0,0.0,21606938.0,23913736.0,26874784.0,20760026.0,18602758.0,
337,317.1469783952236,0.98291415,height,,,,,,,,,,,0.0,0.0,0.0,0.0,0.0,0.0,0.0,6590187.5,0.0,0.0,0.0,7552885.5,9567882.0,0.0,0.0,0.0,0.0,0.0,26472528.0,29601962.0,26054664.0,26007106.0,23359600.0,
365,295.1650698801484,0.9854497,height,,,,,,,,,,,0.0,0.0,0.0,0.0,0.0,0.0,121978696.0,115423830.0,74477500.0,76092540.0,92443170.0,95068664.0,101786380.0,60846370.0,31504180.0,16432347.0,0.0,0.0,912064960.0,996892100.0,1071535100.0,900992260.0,822083500.0,
338,180.13623553610458,0.98593336,height,,,,,,,,,,,0.0,0.0,0.0,0.0,0.0,0.0,19176666.0,23475056.0,13264062.0,14857392.0,16061604.0,13831505.0,0.0,0.0,0.0,0.0,0.0,0.0,69372440.0,70887800.0,71508664.0,65051150.0,63478050.0,
340,359.2649831900987,0.9880075,height,,,,,,,,,,,0.0,0.0,0.0,0.0,0.0,0.0,45692190.0,42850704.0,25445708.0,29677190.0,41307696.0,34195310.0,16983096.0,8922344.0,0.0,0.0,0.0,0.0,172895940.0,168706700.0,190885680.0,157917230.0,145475620.0,
342,435.2711526699711,0.9894718,height,,,,,,,,,,,0.0,0.0,0.0,0.0,0.0,0.0,0.0,0.0,0.0,0.0,0.0,0.0,0.0,0.0,0.0,0.0,0.0,0.0,50679964.0,50522668.0,55718800.0,49080508.0,45777070.0,
343,218.1392431624926,0.99083346,height,,,,,,,,,,,0.0,0.0,0.0,0.0,0.0,0.0,0.0,0.0,0.0,0.0,0.0,0.0,0.0,0.0,0.0,0.0,0.0,0.0,59757510.0,60496784.0,69605090.0,62210576.0,56196480.0,
344,424.2077046688983,1.0017507,height,,,,,,,,,,,0.0,0.0,8855348.0,0.0,9449797.0,0.0,27130650.0,34848940.0,19867124.0,20792242.0,28978810.0,27550200.0,0.0,0.0,0.0,0.0,0.0,0.0,37755270.0,39317230.0,42931536.0,35435550.0,35051548.0,
345,451.26596058462576,1.0046492,height,,,,,,,,,,,0.0,0.0,0.0,0.0,0.0,0.0,0.0,0.0,0.0,0.0,0.0,0.0,10945022.0,8469728.0,0.0,0.0,0.0,0.0,136867000.0,137153780.0,154562340.0,124378390.0,126170020.0,
349,486.2922077512117,1.0107565,height,,,,,,,,,,,58058456.0,48915990.0,60321384.0,35630810.0,54208780.0,58772972.0,0.0,0.0,0.0,0.0,0.0,0.0,21187144.0,21377798.0,19326834.0,17838040.0,18490304.0,14510769.0,0.0,0.0,0.0,0.0,0.0,
351,508.2746268626032,1.0111517,height,,,,,,,,,,,23448786.0,23134578.0,27919422.0,18163350.0,24866934.0,24003576.0,0.0,0.0,0.0,0.0,0.0,0.0,12781800.0,0.0,10285655.0,9684860.0,0.0,0.0,0.0,0.0,0.0,0.0,0.0,
352,251.6709178598077,1.0113689,height,,,,,,,,,,,0.0,0.0,0.0,0.0,0.0,0.0,57723830.0,62320796.0,44436620.0,41019428.0,53961896.0,45926270.0,18578292.0,0.0,0.0,0.0,0.0,0.0,91279760.0,82487430.0,89012776.0,66212344.0,66597080.0,
346,502.33460188567375,1.0116867,height,,,,,,,,,,,0.0,0.0,0.0,0.0,0.0,0.0,29399194.0,31376156.0,20796386.0,21651740.0,26785968.0,23084400.0,0.0,0.0,0.0,0.0,0.0,0.0,45955452.0,42893964.0,50797356.0,42330156.0,40828184.0,
355,493.30182353557,1.0263389,height,,,,,,,,,,,0.0,0.0,0.0,0.0,0.0,0.0,0.0,0.0,0.0,0.0,0.0,0.0,0.0,0.0,0.0,0.0,0.0,0.0,29101244.0,26314016.0,32109460.0,27423612.0,27910178.0,
353,253.151978036177,1.0271692,height,,,,,,,,,,,0.0,0.0,0.0,0.0,0.0,0.0,13856131.0,13230706.0,13771040.0,13860207.0,13847705.0,13516453.0,28863508.0,28132572.0,33666740.0,24933340.0,27055210.0,23991814.0,77933660.0,74602780.0,78233784.0,79914776.0,70955590.0,
354,261.1443788110773,1.027809,height,,,,,,,,,,,18780888.0,16042663.0,18612160.0,12783511.0,14983337.0,21410594.0,53701780.0,56497412.0,40798120.0,40617904.0,49931876.0,42867704.0,16156879.0,18023420.0,16379994.0,16185474.0,18677298.0,14599771.0,64829348.0,65124500.0,63501480.0,61156340.0,54861880.0,
356,231.1702439758712,1.0289997,height,,,,,,,,,,,26972698.0,22269536.0,19786228.0,17660576.0,19982080.0,27344470.0,169599820.0,186305870.0,141129440.0,136661820.0,162240600.0,139063900.0,364451970.0,370883800.0,381337150.0,314075970.0,328903550.0,315833200.0,2784736800.0,2714983400.0,3153345000.0,2858765300.0,2615438800.0,
358,547.2523298253296,1.0399848,height,,,,,,,,,,,0.0,0.0,0.0,0.0,0.0,0.0,0.0,0.0,0.0,0.0,0.0,0.0,0.0,0.0,0.0,0.0,0.0,0.0,23777432.0,20042166.0,23789460.0,26915458.0,18003412.0,
360,411.2598871166163,1.0400106,height,,,,,,,,,,,20654836.0,16389420.0,18752782.0,13665632.0,16608491.0,22600204.0,15780431.0,16424028.0,12813173.0,11767382.0,14330881.0,14378034.0,10232224.0,10255740.0,9913856.0,9436100.0,9403243.0,10039833.0,12307270.0,11245506.0,10973172.0,11667591.0,10928991.0,
364,433.2422909273442,1.0445076,height,,,,,,,,,,,10882913.0,10623485.0,11589694.0,10501349.0,11122275.0,10929903.0,0.0,0.0,0.0,0.0,0.0,0.0,0.0,0.0,0.0,0.0,0.0,0.0,0.0,0.0,0.0,0.0,0.0,
362,557.2966491513138,1.044811,height,,,,,,,,,,,0.0,0.0,0.0,0.0,0.0,0.0,0.0,0.0,0.0,0.0,8263517.5,0.0,0.0,0.0,0.0,0.0,0.0,0.0,25675574.0,20762262.0,23735136.0,22826428.0,17975960.0,
366,603.3344030361003,1.050206,height,,,,,,,,,,,0.0,0.0,0.0,0.0,0.0,0.0,13512034.0,15662138.0,9574344.0,9983909.0,13127057.0,13241995.0,0.0,0.0,0.0,0.0,0.0,0.0,17355382.0,15483273.0,20731618.0,17723214.0,12711917.0,
368,576.3388814640853,1.055791,height,,,,,,,,,,,0.0,0.0,0.0,0.0,0.0,0.0,22657844.0,24349546.0,18774144.0,20039706.0,20728172.0,22788396.0,0.0,0.0,0.0,0.0,0.0,0.0,32471142.0,33594332.0,37424836.0,33446198.0,29271882.0,
359,264.1421014751778,1.0566723,height,,,,,,,,,,,0.0,0.0,0.0,0.0,0.0,8261675.5,169806750.0,200595820.0,134872770.0,165671410.0,181429620.0,172870220.0,113199200.0,104169270.0,98197416.0,73696610.0,75021384.0,72653100.0,542768900.0,498233340.0,588126140.0,520339600.0,452648000.0,
367,525.2704941239252,1.0566503,height,,,,,,,,,,,0.0,0.0,0.0,0.0,0.0,0.0,45367044.0,47126810.0,31598990.0,45028516.0,42897904.0,43010520.0,29616928.0,26918472.0,25052840.0,18918112.0,22784116.0,18445016.0,155485220.0,134653150.0,160666320.0,144340370.0,127592430.0,
370,314.20705578526264,1.0572921,height,,,,,,,,,,,11018960.0,0.0,11565392.0,0.0,9406849.0,11997132.0,90595940.0,106507390.0,75412550.0,78747460.0,90905920.0,93921060.0,30708100.0,26017722.0,26964080.0,25369434.0,24989048.0,20938336.0,152666100.0,146310700.0,173922820.0,137612750.0,121371660.0,
369,285.1205807963194,1.0574514,height,,,,,,,,,,,0.0,0.0,0.0,0.0,0.0,0.0,20430934.0,18372970.0,20723568.0,20616800.0,18865796.0,20792276.0,19667488.0,16903986.0,17799650.0,13345512.0,13291060.0,13285494.0,37373096.0,32594822.0,37418390.0,38031744.0,28065464.0,
371,263.1389304400071,1.0585862,height,,,,,,,,,,,44831790.0,38357468.0,46180990.0,30926444.0,41845868.0,52016784.0,1140955800.0,1205845600.0,852909600.0,983390300.0,1117420300.0,1065412350.0,693592800.0,622482240.0,541576100.0,477087550.0,481557570.0,449609060.0,3505637400.0,3244509000.0,3815966200.0,3368192500.0,2949413400.0,
374,261.12357131346187,1.072316,height,,,,,,,,,,,43498584.0,43083890.0,42709188.0,39441180.0,44256908.0,51707930.0,56228710.0,41725350.0,38491210.0,40440756.0,44780744.0,52438230.0,35022304.0,41401544.0,34977196.0,29591184.0,42891940.0,26967624.0,42041530.0,54738160.0,41814410.0,41494532.0,35980812.0,
373,378.20213691630806,1.0794996,height,,,,,,,,,,,106951330.0,88099400.0,90753064.0,70248740.0,93075500.0,103868990.0,99419336.0,101357256.0,69964680.0,75095990.0,92646024.0,80316190.0,62325564.0,72260820.0,65047170.0,61535770.0,66984564.0,57240172.0,156504750.0,171811950.0,169923460.0,150706800.0,124651560.0,
375,373.2806466608034,1.0808786,height,,,,,,,,,,,0.0,0.0,0.0,0.0,0.0,0.0,0.0,0.0,0.0,0.0,0.0,0.0,0.0,0.0,0.0,0.0,0.0,0.0,31412582.0,36686920.0,35600252.0,32265544.0,28079532.0,
376,233.1494501509535,1.0822263,height,,,,,,,,,,,44209004.0,36097384.0,37657520.0,30678944.0,38529144.0,43994124.0,52483828.0,55126680.0,38755176.0,40595212.0,49963508.0,40257700.0,28871052.0,34743950.0,28409662.0,25072404.0,26597032.0,27878274.0,63026190.0,66907936.0,66478520.0,57954656.0,48392176.0,
377,120.08022416372027,1.0876882,height,,,,,,,,,,,0.0,0.0,0.0,0.0,0.0,0.0,0.0,0.0,0.0,0.0,0.0,0.0,0.0,0.0,0.0,0.0,0.0,0.0,17248962.0,18361164.0,21302420.0,16710764.0,19735090.0,
380,529.3018096208857,1.0876882,height,,,,,,,,,,,0.0,0.0,0.0,0.0,0.0,0.0,0.0,0.0,0.0,0.0,0.0,0.0,0.0,0.0,0.0,0.0,0.0,0.0,85278690.0,90306840.0,92786216.0,88327610.0,76878680.0,
379,376.1898493395458,1.0888358,height,,,,,,,,,,,0.0,0.0,0.0,0.0,0.0,5622995.5,18705008.0,17797152.0,11411832.0,12727188.0,16718990.0,16664005.0,0.0,0.0,0.0,0.0,0.0,0.0,32984156.0,33918348.0,37666650.0,31435160.0,31687534.0,
378,287.1363488299148,1.0936753,height,,,,,,,,,,,0.0,0.0,0.0,0.0,0.0,0.0,14574698.0,10294722.0,9667021.0,11656865.0,13006937.0,13906700.0,14936761.0,13710978.0,10956452.0,0.0,0.0,0.0,46132044.0,50079012.0,48619640.0,43074710.0,46465960.0,
381,266.1578416517978,1.0938188,height,,,,,,,,,,,0.0,0.0,0.0,0.0,0.0,0.0,30966638.0,25833796.0,19363796.0,22906008.0,27649578.0,26562040.0,23619136.0,20438980.0,18166166.0,15438727.0,14005922.0,0.0,176557650.0,191860080.0,211729310.0,178344740.0,177441600.0,
382,265.15444038709296,1.0948939,height,,,,,,,,,,,0.0,0.0,10157574.0,0.0,0.0,0.0,183584180.0,172069620.0,119774296.0,129675420.0,168229570.0,146777580.0,149000320.0,132656690.0,108128080.0,99872000.0,92823060.0,70783304.0,1178156500.0,1257210500.0,1361709400.0,1138688100.0,1162652400.0,
384,160.07569816729253,1.1083639,height,,,,,,,,,,,84881220.0,81404790.0,84613750.0,69450730.0,83141944.0,97462616.0,68828630.0,69136660.0,59370240.0,54721876.0,63939636.0,66545410.0,74203810.0,73771170.0,68055416.0,66843172.0,66067676.0,68714390.0,0.0,0.0,0.0,0.0,0.0,
383,458.19211148858847,1.1095926,height,,,,,,,,,,,0.0,0.0,0.0,0.0,0.0,0.0,14154271.0,15334657.0,9372629.0,9293764.0,13736473.0,11355872.0,0.0,0.0,0.0,0.0,0.0,0.0,26813824.0,31579580.0,28666460.0,23145268.0,27814230.0,
386,295.1288587493645,1.115795,height,,,,,,,,,,,0.0,0.0,0.0,0.0,0.0,0.0,18533906.0,18906906.0,13545624.0,15101939.0,17964180.0,15973074.0,0.0,0.0,0.0,0.0,0.0,0.0,22038686.0,22771602.0,22339748.0,19659050.0,19607308.0,
385,477.2377270958849,1.1159288,height,,,,,,,,,,,22113420.0,19681056.0,17792020.0,14247293.0,17850802.0,22808588.0,21310470.0,24237938.0,17695552.0,17604292.0,19691558.0,19210314.0,10555797.0,10200492.0,9578917.0,9583418.0,10862087.0,9601563.0,25157886.0,30210944.0,27919594.0,23961434.0,26627160.0,
387,321.19182634496576,1.1208231,height,,,,,,,,,,,0.0,0.0,0.0,0.0,0.0,0.0,0.0,0.0,0.0,0.0,0.0,0.0,0.0,0.0,0.0,0.0,0.0,0.0,23879194.0,25232616.0,26733020.0,23450924.0,16454736.0,
390,603.3132033577119,1.1284343,height,,,,,,,,,,,16019167.0,13583805.0,14091685.0,10711134.0,13713402.0,18667132.0,11615134.0,12467643.0,9543586.0,8359705.0,10814600.0,10372643.0,7749771.0,8235258.0,0.0,8540585.0,7779321.0,8600789.0,0.0,0.0,0.0,0.0,0.0,
391,489.36437274575945,1.1289942,height,,,,,,,,,,,0.0,0.0,0.0,0.0,0.0,0.0,0.0,0.0,0.0,0.0,0.0,0.0,0.0,0.0,0.0,0.0,0.0,0.0,82294776.0,80407620.0,83571160.0,81201390.0,71403790.0,
388,336.1913567167029,1.1297476,height,,,,,,,,,,,0.0,0.0,0.0,0.0,0.0,0.0,44944596.0,48370492.0,30662426.0,38168090.0,44463570.0,37635904.0,15377253.0,10042238.0,0.0,0.0,0.0,0.0,130227280.0,128853060.0,139503460.0,130920700.0,112768600.0,
412,263.1390746558713,1.1346923,height,,,,,,,,,,,0.0,0.0,0.0,0.0,0.0,6165196.5,50673830.0,52549510.0,38653172.0,35883428.0,47777290.0,42052252.0,18391356.0,15494998.0,14364178.0,15839349.0,16218330.0,14558281.0,96310600.0,124694150.0,109802520.0,92352520.0,0.0,
392,197.128383436428,1.1367611,height,,,,,,,,,,,104093290.0,114324240.0,134938600.0,96145500.0,117736200.0,145663860.0,122765640.0,111655490.0,97003140.0,87270664.0,111662136.0,122310830.0,96060296.0,77014450.0,80670776.0,107691900.0,88136420.0,79766280.0,109345600.0,100672090.0,101274360.0,93197470.0,84785980.0,
389,560.4014252154593,1.1371187,height,,,,,,,,,,,0.0,0.0,0.0,0.0,0.0,0.0,18939490.0,23507140.0,13915634.0,0.0,17263084.0,17161454.0,11051281.0,0.0,0.0,9089638.0,8295455.0,0.0,88039140.0,89083660.0,99443310.0,102617650.0,93576070.0,
396,159.0916108212095,1.1373764,height,,,,,,,,,,,13768522.0,15131222.0,17828178.0,13822076.0,15944050.0,15534170.0,12442571.0,12789819.0,10636980.0,10256417.0,11354425.0,12459671.0,11064939.0,10335708.0,10165337.0,10924471.0,9091570.0,10590956.0,10616621.0,10847217.0,13362167.0,10141648.0,8616065.0,
393,245.1857734613933,1.1382656,height,,,,,,,,,,,33877340.0,29898580.0,25031350.0,23046440.0,24488404.0,33176782.0,211165260.0,245889200.0,169814480.0,160090400.0,203484000.0,183058380.0,226366960.0,244167340.0,229721940.0,266643470.0,234143100.0,256899410.0,1967568400.0,2078441300.0,2262484200.0,1934934400.0,1785954000.0,
398,539.3436060457618,1.1385429,height,,,,,,,,,,,0.0,0.0,0.0,0.0,0.0,0.0,0.0,0.0,0.0,0.0,0.0,0.0,0.0,0.0,0.0,0.0,0.0,0.0,54369372.0,51289330.0,66581570.0,37704784.0,41027556.0,
395,231.1126626380712,1.1401874,height,,,,,,,,,,,0.0,0.0,0.0,0.0,0.0,0.0,17531862.0,24289994.0,15452249.0,15516343.0,17888312.0,15074716.0,0.0,0.0,0.0,0.0,0.0,0.0,0.0,0.0,0.0,0.0,0.0,
397,316.2228397220863,1.1412307,height,,,,,,,,,,,37710148.0,36755344.0,45847076.0,20423286.0,42219892.0,45722580.0,335395680.0,406404380.0,280714800.0,248747250.0,311453440.0,315459740.0,97293840.0,87239576.0,77075260.0,79850850.0,62769936.0,59521720.0,501356130.0,522150820.0,570266000.0,466128960.0,456055740.0,
399,338.20443483529345,1.1419758,height,,,,,,,,,,,8776548.0,8213410.0,11824780.0,0.0,10593722.0,0.0,28781684.0,29996054.0,29684542.0,26601188.0,28583198.0,31685440.0,19921524.0,16799320.0,16971492.0,16071925.0,13015971.0,13404518.0,34756224.0,40427948.0,36077330.0,40723540.0,31197826.0,
394,623.3068477038221,1.1426485,height,,,,,,,,,,,0.0,0.0,0.0,0.0,0.0,0.0,0.0,0.0,0.0,0.0,0.0,0.0,0.0,0.0,0.0,0.0,0.0,0.0,52616940.0,53095880.0,51506264.0,45847236.0,44760884.0,
401,329.1491975032626,1.1488297,height,,,,,,,,,,,0.0,0.0,0.0,0.0,0.0,0.0,71956600.0,75025990.0,52692260.0,52759220.0,63899864.0,61227452.0,32406476.0,21194678.0,11226949.0,0.0,0.0,0.0,236699410.0,238512020.0,260223300.0,203812510.0,216965940.0,
402,589.3226719632752,1.1524795,height,,,,,,,,,,,0.0,0.0,0.0,0.0,0.0,0.0,41270184.0,45480564.0,32974704.0,32873532.0,37756270.0,33239686.0,0.0,0.0,0.0,0.0,0.0,0.0,119711390.0,117140240.0,115513784.0,96836710.0,102218900.0,
403,243.1338405134607,1.1536014,height,,,,,,,,,,,29225304.0,26064940.0,27633594.0,21372038.0,25800830.0,34863296.0,26037520.0,24172206.0,19134692.0,18784496.0,24523324.0,21153858.0,17894230.0,17489308.0,16588386.0,18709282.0,17056740.0,17000846.0,28230644.0,23472954.0,26407368.0,21747718.0,21722908.0,
405,589.3664679701511,1.1535854,height,,,,,,,,,,,0.0,0.0,0.0,0.0,0.0,0.0,0.0,0.0,0.0,0.0,0.0,0.0,0.0,0.0,0.0,0.0,0.0,0.0,52585910.0,41026164.0,56202320.0,47761760.0,50894780.0,
407,317.1468814496067,1.1551744,height,,,,,,,,,,,0.0,0.0,0.0,0.0,0.0,0.0,22743420.0,24039952.0,25311956.0,24114508.0,23523524.0,25243014.0,15111401.0,13239422.0,8986218.0,0.0,0.0,0.0,30592616.0,27308268.0,28892272.0,26408442.0,26929466.0,
406,358.1967021955539,1.1567304,height,,,,,,,,,,,0.0,0.0,0.0,0.0,0.0,0.0,35143990.0,37094300.0,29968696.0,28348028.0,32507592.0,29712966.0,9899584.0,10007239.0,0.0,8785318.0,9127723.0,9049562.0,50117150.0,45983500.0,60123530.0,45785324.0,49675930.0,
404,475.2397105954397,1.1575496,height,,,,,,,,,,,13450978.0,11611202.0,11537139.0,9624724.0,11141028.0,14358576.0,10528222.0,11473594.0,7542257.5,8318712.0,9995667.0,10234694.0,6840562.5,6914291.0,0.0,7634224.5,6912909.0,7978870.0,12593778.0,13292015.0,13955394.0,11023726.0,10133463.0,
400,296.1683454399369,1.1583639,height,,,,,,,,,,,10075832.0,0.0,9493785.0,0.0,9122033.0,10741021.0,88466800.0,93174824.0,74918330.0,72772710.0,75216490.0,77256856.0,30733154.0,25665778.0,17034826.0,13230415.0,10383823.0,9329954.0,170480220.0,163269100.0,182260130.0,150792130.0,169959650.0,
409,378.20203607632254,1.1587771,height,,,,,,,,,,,48626450.0,39570444.0,40945380.0,32880144.0,41052256.0,51829612.0,52025800.0,58623108.0,39328708.0,43752850.0,48579856.0,46107344.0,29409972.0,32471982.0,27401376.0,29697798.0,28971794.0,28821404.0,75969464.0,65955570.0,89521496.0,70824010.0,73899760.0,
408,268.12888113023246,1.1590737,height,,,,,,,,,,,21547032.0,19315974.0,20036566.0,18302980.0,18975490.0,23125984.0,23544538.0,25607352.0,17496584.0,19167214.0,20654602.0,22937386.0,13715318.0,15411460.0,12456532.0,13568243.0,14176763.0,13868197.0,26516048.0,24972502.0,31387934.0,24832974.0,27204290.0,
411,295.16506215536845,1.1590782,height,,,,,,,,,,,55466264.0,47132536.0,51049540.0,35313560.0,50997680.0,58234970.0,505350720.0,547367400.0,395628800.0,426690700.0,458362850.0,441645150.0,170442860.0,144833390.0,94882770.0,73979830.0,59748016.0,53578670.0,1032900540.0,994412900.0,1106021000.0,921858300.0,938100540.0,
428,360.2125020585777,1.1624355,height,,,,,,,,,,,0.0,0.0,0.0,0.0,0.0,0.0,24099722.0,27561426.0,20247502.0,22396292.0,22976620.0,27541536.0,15327904.0,15456619.0,14775625.0,15112781.0,14397301.0,14609992.0,93927896.0,90813400.0,114363440.0,93715870.0,98777100.0,
413,281.1494547945129,1.1799798,height,,,,,,,,,,,29737158.0,27438228.0,24089450.0,20430798.0,25578426.0,29060692.0,32538124.0,28252494.0,24871084.0,22986368.0,31952182.0,22018546.0,16686389.0,19419556.0,17463036.0,17999348.0,17398300.0,16655603.0,34209456.0,30744274.0,37167616.0,29612826.0,29483812.0,
414,326.2071826588821,1.1832566,height,,,,,,,,,,,28595210.0,26033484.0,26699426.0,19069804.0,24592540.0,32723492.0,55953484.0,50962676.0,39781536.0,38637156.0,49229824.0,42281976.0,24410274.0,23439974.0,20986540.0,21593694.0,20759680.0,18611200.0,72736320.0,71894310.0,83338000.0,71123224.0,66449412.0,
415,415.25486619959497,1.1860621,height,,,,,,,,,,,0.0,0.0,0.0,0.0,0.0,0.0,20878890.0,21104090.0,13078712.0,13208421.0,17716108.0,15344787.0,0.0,0.0,0.0,0.0,0.0,0.0,33428712.0,32641844.0,40441508.0,31640164.0,28791364.0,
416,166.08616395555123,1.1929576,height,,,,,,,,,,,0.0,0.0,0.0,0.0,0.0,0.0,0.0,0.0,0.0,0.0,0.0,0.0,0.0,0.0,0.0,0.0,0.0,0.0,12419734.0,12045343.0,14666160.0,13207441.0,11441032.0,
418,449.239292745389,1.1970263,height,,,,,,,,,,,22173318.0,17640302.0,16408625.0,13052109.0,17465126.0,26536410.0,23033886.0,24515148.0,18960762.0,18025626.0,25443060.0,24213588.0,14970451.0,14108808.0,12444763.0,11542953.0,13642038.0,12601496.0,34604708.0,36537764.0,53266664.0,37029572.0,28811930.0,
419,493.3018920131975,1.1984755,height,,,,,,,,,,,0.0,0.0,0.0,0.0,0.0,0.0,22377670.0,21667408.0,16254925.0,14140387.0,20569704.0,18395126.0,0.0,0.0,0.0,0.0,0.0,0.0,52178972.0,51483544.0,59946824.0,55774680.0,46985670.0,
417,287.13635631059594,1.2018727,height,,,,,,,,,,,0.0,0.0,0.0,0.0,0.0,0.0,14175202.0,13245140.0,11616656.0,12167371.0,14403425.0,13274386.0,9498291.0,0.0,0.0,0.0,0.0,0.0,33632384.0,35281376.0,41280384.0,39727424.0,27193556.0,
420,265.15445507682733,1.2027242,height,,,,,,,,,,,0.0,0.0,0.0,0.0,0.0,0.0,304205820.0,294008480.0,215639550.0,213002190.0,281631140.0,240889820.0,130026550.0,108708030.0,82751670.0,71519140.0,62313230.0,45424316.0,1038124400.0,1128885400.0,1401020000.0,1073372540.0,895617800.0,
421,217.15458733489967,1.203875,height,,,,,,,,,,,63469150.0,55209860.0,51043268.0,44162544.0,48085990.0,65156140.0,46788260.0,50881040.0,37391540.0,34944572.0,45376944.0,40912244.0,33693028.0,38278276.0,32528916.0,33026046.0,36532340.0,32341846.0,49213664.0,51124920.0,66279560.0,50779076.0,41676548.0,
422,152.07060256017144,1.2059891,height,,,,,,,,,,,36876900.0,35400056.0,32545558.0,31753030.0,31648286.0,35294372.0,0.0,0.0,0.0,0.0,0.0,0.0,20324100.0,19432116.0,16406988.0,15472878.0,19082920.0,15456374.0,0.0,0.0,0.0,0.0,0.0,
423,473.3330899513338,1.2188609,height,,,,,,,,,,,0.0,0.0,0.0,0.0,0.0,0.0,0.0,0.0,0.0,0.0,0.0,0.0,0.0,0.0,0.0,0.0,0.0,0.0,30657980.0,35920188.0,36474800.0,29701262.0,28054530.0,
424,486.7590236977612,1.2217143,height,,,,,,,,,,,161333310.0,140068800.0,153182220.0,111875750.0,136641170.0,169827330.0,8070556.5,0.0,0.0,0.0,0.0,0.0,64049850.0,59161068.0,53812716.0,54399164.0,49312440.0,52303656.0,0.0,0.0,0.0,0.0,0.0,
426,229.15458914291048,1.2299259,height,,,,,,,,,,,155447220.0,132030790.0,141380600.0,109813230.0,138357090.0,175880590.0,383151400.0,392075460.0,308952100.0,296952500.0,383863500.0,341304130.0,143562820.0,138425680.0,137514320.0,137179740.0,130107336.0,131665170.0,507649400.0,509436130.0,577240600.0,488382340.0,443792130.0,
425,230.1580769441248,1.2314233,height,,,,,,,,,,,18545272.0,18237032.0,18323186.0,15913605.0,18711184.0,22203806.0,47625340.0,51271430.0,40786140.0,37939684.0,51530140.0,43730348.0,18397710.0,17914132.0,17470038.0,17127166.0,17200244.0,17241422.0,66909400.0,66544180.0,74889384.0,62574380.0,55359868.0,
427,546.3496195439252,1.2371179,height,,,,,,,,,,,0.0,0.0,0.0,0.0,0.0,0.0,32970240.0,35500330.0,25386124.0,26141506.0,31902472.0,25421180.0,0.0,0.0,0.0,0.0,0.0,0.0,106000210.0,87453180.0,101050120.0,104227704.0,81796980.0,
431,245.1857715571104,1.2415389,height,,,,,,,,,,,0.0,0.0,0.0,0.0,0.0,0.0,27327858.0,27398650.0,53194252.0,57096144.0,23434458.0,55668336.0,90278970.0,85504150.0,79377030.0,80376400.0,83155480.0,78868750.0,866062460.0,908159400.0,973273300.0,832726460.0,770868600.0,
430,657.3788060285724,1.2431278,height,,,,,,,,,,,0.0,0.0,0.0,0.0,0.0,0.0,14984481.0,0.0,14074208.0,0.0,15945346.0,13143332.0,0.0,0.0,0.0,0.0,0.0,0.0,67272130.0,64275430.0,70763700.0,64786820.0,63559540.0,
429,635.3970095283217,1.2434204,height,,,,,,,,,,,0.0,0.0,0.0,0.0,0.0,0.0,19874404.0,22771164.0,15394509.0,0.0,19972408.0,15087413.0,0.0,0.0,0.0,0.0,0.0,0.0,136767660.0,126439240.0,152147420.0,124306890.0,131947340.0,
436,319.20545370951726,1.2453686,height,,,,,,,,,,,0.0,0.0,0.0,0.0,0.0,0.0,42259896.0,44186196.0,33541572.0,34629056.0,40192016.0,36779570.0,17363620.0,17346202.0,14618220.0,13029725.0,13459113.0,11995404.0,131071064.0,111624000.0,138114980.0,114161820.0,124513050.0,
432,340.18387032149025,1.2453686,height,,,,,,,,,,,0.0,0.0,0.0,0.0,0.0,0.0,30335276.0,29629986.0,29236876.0,29847742.0,28562112.0,30097734.0,19726272.0,21753244.0,18297064.0,14870565.0,18289918.0,15036818.0,52161788.0,51844188.0,56664452.0,51025092.0,51110492.0,
433,318.2021747451639,1.2461193,height,,,,,,,,,,,15463746.0,11475968.0,13633468.0,7754933.0,12157647.0,15004965.0,260989420.0,263947300.0,213217920.0,213027400.0,242716940.0,223509700.0,100216230.0,95342050.0,85612130.0,77267270.0,81715950.0,72109990.0,759857900.0,707342000.0,842216200.0,691565200.0,730673900.0,
435,562.3806098883324,1.2461541,height,,,,,,,,,,,0.0,0.0,0.0,0.0,0.0,0.0,0.0,0.0,0.0,0.0,0.0,0.0,0.0,0.0,0.0,0.0,0.0,0.0,49656460.0,47638070.0,56601628.0,43581150.0,42880710.0,
434,297.12659637753603,1.2495736,height,,,,,,,,,,,0.0,0.0,0.0,0.0,0.0,0.0,11631902.0,10646690.0,8064269.0,0.0,9303521.0,10006876.0,0.0,0.0,0.0,0.0,0.0,0.0,27620980.0,29056460.0,34248450.0,28173506.0,25957380.0,
437,231.11266968628092,1.249768,height,,,,,,,,,,,149570130.0,129070290.0,135979020.0,99528630.0,128113144.0,155537470.0,135309650.0,141160720.0,106861920.0,110158170.0,122464344.0,116920890.0,85162584.0,90385380.0,81889960.0,83114420.0,92023320.0,86045290.0,152033000.0,151302560.0,172928450.0,144835400.0,135521360.0,
439,332.21761991370744,1.2559906,height,,,,,,,,,,,0.0,0.0,0.0,0.0,0.0,0.0,62485468.0,67755950.0,48894550.0,49854972.0,54305664.0,53545524.0,17808918.0,16514271.0,13253290.0,11990913.0,13028465.0,10758128.0,87361980.0,85175550.0,103396984.0,86711550.0,75646940.0,
440,191.62590634176732,1.2598374,height,,,,,,,,,,,0.0,0.0,0.0,0.0,0.0,0.0,0.0,0.0,0.0,0.0,0.0,0.0,0.0,0.0,0.0,0.0,0.0,0.0,115053210.0,102571670.0,128974720.0,99774260.0,108874420.0,
438,232.1161774334569,1.2600719,height,,,,,,,,,,,22905396.0,18581876.0,21664694.0,15277931.0,19212332.0,21591946.0,20297114.0,21132632.0,17432760.0,16978808.0,19498682.0,17646434.0,13346647.0,13035284.0,12091555.0,13619709.0,13919508.0,12594661.0,22375106.0,24381306.0,26841200.0,19594720.0,19338376.0,
444,229.0990300279262,1.2681302,height,,,,,,,,,,,37533480.0,31799162.0,35040604.0,26647084.0,38261036.0,43968160.0,37397476.0,30648824.0,26564744.0,0.0,29963628.0,30153918.0,30528730.0,26107502.0,25387074.0,0.0,26592856.0,22964406.0,33286288.0,35760812.0,40688180.0,31003630.0,31500504.0,
441,392.2177066020433,1.2689755,height,,,,,,,,,,,31599008.0,31137434.0,28448840.0,24391746.0,30901804.0,38173620.0,17513616.0,20800488.0,17442976.0,15151830.0,18139588.0,15732605.0,17011896.0,18857494.0,16383830.0,16090371.0,18213566.0,17430422.0,17761616.0,17248826.0,19801922.0,16051689.0,13878820.0,
443,382.2446952150509,1.2690972,height,,,,,,,,,,,0.0,0.0,0.0,0.0,0.0,0.0,37125544.0,33639560.0,24637600.0,24108870.0,29757576.0,27927758.0,32504560.0,18370016.0,8917646.0,0.0,0.0,0.0,436838240.0,428039870.0,532416030.0,419836400.0,391049470.0,
445,631.3228676251531,1.2707514,height,,,,,,,,,,,0.0,0.0,0.0,0.0,0.0,0.0,0.0,0.0,0.0,0.0,0.0,0.0,0.0,0.0,0.0,0.0,0.0,0.0,21362888.0,24772220.0,24092024.0,25334624.0,19387526.0,
448,288.19174828993897,1.2827706,height,,,,,,,,,,,21137872.0,17601108.0,17556450.0,11269851.0,16694253.0,23966696.0,0.0,0.0,0.0,0.0,0.0,0.0,0.0,0.0,0.0,0.0,0.0,0.0,0.0,0.0,0.0,0.0,0.0,
452,201.147026720927,1.2898988,height,,,,,,,,,,,0.0,0.0,0.0,0.0,0.0,0.0,0.0,0.0,0.0,0.0,0.0,0.0,0.0,0.0,0.0,0.0,0.0,0.0,63538376.0,64939640.0,66148664.0,52621816.0,52527824.0,
450,350.204803425456,1.2902954,height,,,,,,,,,,,11491617.0,9597627.0,9827358.0,8668463.0,10435328.0,10502308.0,17877524.0,14949211.0,16967696.0,16747690.0,18222530.0,18159256.0,13414403.0,12267220.0,11230170.0,11510152.0,11688719.0,10394912.0,19333414.0,22819704.0,21335960.0,20236422.0,19362848.0,
482,677.4210523243513,1.290358,height,,,,,,,,,,,0.0,0.0,0.0,0.0,0.0,0.0,16000595.0,15006736.0,17684162.0,13747221.0,16483043.0,16352547.0,0.0,0.0,0.0,0.0,0.0,0.0,19431710.0,23262924.0,31773708.0,21370230.0,21184572.0,
455,327.04669228026785,1.2917778,height,,,,,,,,,,,35180890.0,30692864.0,33520874.0,27509930.0,30858472.0,35084900.0,0.0,0.0,0.0,0.0,0.0,0.0,0.0,0.0,8644392.0,9051650.0,9075809.0,8578964.0,0.0,0.0,0.0,0.0,0.0,
454,408.2125672114655,1.2953354,height,,,,,,,,,,,0.0,0.0,0.0,0.0,0.0,0.0,11855342.0,13888058.0,8589741.0,8484037.0,10735963.0,9599809.0,0.0,0.0,0.0,0.0,0.0,0.0,22246868.0,21424644.0,25731220.0,19785900.0,21820034.0,
451,302.2072327835927,1.2956563,height,,,,,,,,,,,0.0,0.0,0.0,0.0,0.0,0.0,7076820.5,0.0,0.0,0.0,0.0,0.0,0.0,0.0,0.0,0.0,0.0,0.0,20948238.0,20720424.0,20408354.0,18474144.0,18651732.0,
453,401.2870034303424,1.2956477,height,,,,,,,,,,,0.0,0.0,0.0,0.0,0.0,0.0,0.0,0.0,0.0,0.0,0.0,0.0,10726264.0,0.0,0.0,0.0,0.0,0.0,151363650.0,147901420.0,169053010.0,134040350.0,151862700.0,
456,173.1073399360546,1.3001988,height,,,,,,,,,,,22160020.0,22977608.0,24019396.0,20327386.0,27800174.0,25521370.0,22602740.0,25182990.0,19189276.0,20519066.0,22375386.0,22956986.0,20128072.0,19943244.0,16727726.0,17550384.0,17293302.0,15858496.0,33970124.0,34637708.0,36190964.0,29697404.0,30300612.0,
458,243.13386263667203,1.3004692,height,,,,,,,,,,,112842184.0,107491160.0,102559290.0,82375064.0,116530936.0,123078340.0,128344220.0,137748560.0,99858936.0,105925730.0,126909240.0,118313590.0,87855976.0,88123464.0,73814830.0,74431550.0,76634240.0,70901990.0,158686670.0,158343890.0,160163300.0,141180140.0,132440740.0,
457,330.1524469888163,1.3059007,height,,,,,,,,,,,0.0,0.0,0.0,0.0,0.0,0.0,18789768.0,20238782.0,12818748.0,13824307.0,15929681.0,14328629.0,0.0,0.0,0.0,0.0,0.0,0.0,83398830.0,86904880.0,102228720.0,81745270.0,68124720.0,
460,329.1493818571404,1.3083256,height,,,,,,,,,,,0.0,0.0,0.0,0.0,0.0,0.0,89342790.0,93387770.0,59962012.0,62857696.0,77200050.0,71366456.0,40377496.0,21282802.0,9665474.0,0.0,0.0,0.0,413863940.0,408494200.0,453409570.0,375099170.0,342180900.0,
461,295.18691093780825,1.3103738,height,,,,,,,,,,,26400350.0,21441156.0,19012776.0,14757672.0,21141242.0,23410888.0,21226236.0,28659010.0,16180978.0,19094456.0,19363330.0,17689306.0,11949542.0,13582497.0,11561364.0,13232680.0,12744108.0,11709974.0,26395224.0,25864794.0,27714116.0,23123610.0,19938920.0,
459,589.3666449975764,1.3104784,height,,,,,,,,,,,18568716.0,12847751.0,13340194.0,8725271.0,13919260.0,19433524.0,15343478.0,22468092.0,11891054.0,12829789.0,15078450.0,12939902.0,7846144.5,7572866.5,0.0,8507473.0,7117898.5,0.0,22346270.0,22826304.0,27457346.0,22080696.0,21573174.0,
462,444.2125749004524,1.3195711,height,,,,,,,,,,,0.0,0.0,0.0,0.0,0.0,0.0,12134512.0,13657884.0,8163505.0,0.0,10661680.0,11877477.0,0.0,0.0,0.0,0.0,0.0,0.0,48376900.0,47826520.0,48322200.0,46676212.0,43222780.0,
464,507.3175909571066,1.3212954,height,,,,,,,,,,,0.0,0.0,0.0,0.0,0.0,0.0,0.0,0.0,0.0,0.0,0.0,0.0,0.0,0.0,0.0,0.0,0.0,0.0,52125660.0,53963816.0,56142496.0,50873132.0,48034180.0,
447,655.4386710086454,1.3226986,height,,,,,,,,,,,0.0,0.0,0.0,0.0,0.0,0.0,39277220.0,39530948.0,28698546.0,26731604.0,36920292.0,30676598.0,0.0,0.0,0.0,0.0,0.0,0.0,61115420.0,57649796.0,70371800.0,54364984.0,53173876.0,
465,263.1388603259732,1.324772,height,,,,,,,,,,,373425800.0,311362370.0,333204160.0,245672880.0,309386020.0,410060580.0,443852160.0,496242980.0,331593730.0,334079300.0,425228300.0,381525570.0,258341330.0,258140100.0,222451570.0,239788530.0,236610770.0,232115500.0,646515400.0,606264450.0,644024300.0,533487520.0,494673180.0,
466,176.07058182611274,1.3253416,height,,,,,,,,,,,151049180.0,140108600.0,156315420.0,141515950.0,141880510.0,155658080.0,183991140.0,174098190.0,147053500.0,146566370.0,170600910.0,178979740.0,103687864.0,95859230.0,91615880.0,90189290.0,89878664.0,88375330.0,0.0,0.0,0.0,0.0,0.0,
470,285.1207164971631,1.3253653,height,,,,,,,,,,,13151931.0,10500704.0,11659571.0,11894017.0,11130690.0,12865407.0,13740722.0,14393999.0,11162847.0,12947396.0,13591171.0,13325256.0,11043288.0,11309428.0,10558315.0,10190880.0,11081447.0,10279137.0,12713390.0,12272872.0,11730540.0,9995735.0,9682993.0,
442,245.18582491841977,1.3289839,height,,,,,,,,,,,0.0,0.0,0.0,0.0,6788192.0,0.0,72515780.0,75343470.0,35542468.0,42492932.0,62834830.0,49350108.0,319355300.0,232446420.0,134061920.0,89777304.0,57357590.0,46093824.0,2832700200.0,2756164600.0,2996193800.0,2446068500.0,2478489900.0,
467,511.346700400038,1.3294742,height,,,,,,,,,,,0.0,0.0,0.0,0.0,0.0,0.0,0.0,0.0,0.0,0.0,0.0,0.0,0.0,0.0,0.0,0.0,0.0,0.0,29637622.0,27995060.0,30006994.0,27824490.0,25442436.0,
469,489.3644797324096,1.3320764,height,,,,,,,,,,,0.0,0.0,0.0,0.0,0.0,0.0,0.0,0.0,0.0,0.0,0.0,0.0,13559077.0,0.0,0.0,0.0,0.0,0.0,208452560.0,200686640.0,232591070.0,187667020.0,179232660.0,
468,394.23352780284,1.3322779,height,,,,,,,,,,,0.0,0.0,0.0,0.0,0.0,0.0,20173656.0,18888022.0,13156241.0,13058132.0,19063860.0,15077414.0,14644202.0,9935235.0,0.0,0.0,0.0,0.0,121252960.0,113907490.0,130300376.0,104079970.0,107789850.0,
463,329.22612141094686,1.3323334,height,,,,,,,,,,,22256708.0,16941462.0,16257877.0,13599996.0,15532035.0,20827750.0,74645500.0,86717090.0,62381160.0,61881564.0,78111180.0,66864836.0,20743698.0,20067262.0,19909844.0,20290178.0,19247692.0,20284134.0,145060220.0,127522210.0,162252180.0,105013510.0,95898820.0,
472,231.11268243703253,1.3325038,height,,,,,,,,,,,120032490.0,106983660.0,121835496.0,91321480.0,105198000.0,139020080.0,129402620.0,135803060.0,91885600.0,99017580.0,128009180.0,104377730.0,81547890.0,79735740.0,79047560.0,83064230.0,75168910.0,80059310.0,125992150.0,122713670.0,132613840.0,107973170.0,107149740.0,
473,553.3342638266286,1.3352504,height,,,,,,,,,,,57040704.0,45479336.0,49700664.0,41157090.0,52586636.0,68890590.0,48816180.0,51627970.0,32528600.0,38470420.0,47914910.0,36566828.0,36527030.0,34398060.0,28826608.0,34740588.0,26419404.0,29726476.0,0.0,0.0,0.0,0.0,0.0,
449,328.22289805907195,1.3359601,height,,,,,,,,,,,115438296.0,90378530.0,89011176.0,73817944.0,87810810.0,118733260.0,384283500.0,439342240.0,304879800.0,316424130.0,401381400.0,350375650.0,119338520.0,113079576.0,107105340.0,107218760.0,101632500.0,101826370.0,744065300.0,722640060.0,893783940.0,667942000.0,671758850.0,
471,267.1675877791778,1.3387682,height,,,,,,,,,,,0.0,0.0,0.0,0.0,0.0,0.0,0.0,0.0,0.0,0.0,0.0,0.0,19935978.0,15265254.0,9407791.0,0.0,0.0,0.0,64600890.0,58425252.0,56725452.0,46791996.0,51218956.0,
475,310.1670774025618,1.3438773,height,,,,,,,,,,,13160931.0,10816021.0,11055106.0,8217107.0,10164307.0,14558918.0,6893626.0,8383723.0,0.0,0.0,0.0,0.0,0.0,6222428.5,0.0,0.0,0.0,0.0,0.0,0.0,0.0,0.0,0.0,
476,257.1444962091569,1.3459607,height,,,,,,,,,,,11315056.0,8568195.0,11607428.0,7713308.5,8657154.0,16150440.0,17834706.0,23000734.0,12910824.0,13407526.0,16850224.0,13588852.0,8628053.0,9126318.0,0.0,8103311.5,0.0,0.0,19923616.0,19212952.0,23721710.0,18695200.0,15295543.0,
477,513.281941516707,1.3465483,height,,,,,,,,,,,14752629.0,12866497.0,12925104.0,9033899.0,12535865.0,16830516.0,23616080.0,26956014.0,17673674.0,18520824.0,21454602.0,19499368.0,12608088.0,10276062.0,9730789.0,9822503.0,8373366.0,9213071.0,27353612.0,26578416.0,29656734.0,25452576.0,25179666.0,
478,218.1392435571956,1.348856,height,,,,,,,,,,,0.0,0.0,0.0,0.0,0.0,0.0,0.0,0.0,0.0,0.0,0.0,0.0,0.0,0.0,0.0,0.0,0.0,0.0,40040640.0,43076950.0,53902732.0,41112268.0,33651224.0,
479,435.27117697328,1.348856,height,,,,,,,,,,,0.0,0.0,0.0,0.0,0.0,0.0,0.0,0.0,0.0,0.0,0.0,0.0,0.0,0.0,0.0,0.0,0.0,0.0,100350940.0,96167410.0,118529190.0,96574360.0,89509340.0,
485,350.204747762113,1.3521553,height,,,,,,,,,,,12527461.0,10028121.0,10738939.0,8668463.0,10549511.0,10961387.0,21599070.0,21352196.0,17272254.0,19594572.0,21884914.0,22108544.0,15062370.0,13871365.0,12723976.0,12468363.0,12398632.0,11479888.0,29273054.0,29242248.0,34289040.0,26281928.0,24593750.0,
480,227.0813847739104,1.3544061,height,,,,,,,,,,,35557240.0,26980598.0,31315106.0,25822564.0,28337018.0,32433388.0,33375964.0,31543082.0,24312418.0,25132210.0,31301764.0,28183118.0,22794728.0,22443766.0,22207416.0,20822166.0,20026358.0,19368786.0,28500972.0,27399902.0,31521412.0,26565236.0,22650730.0,
483,277.15454536437306,1.3669367,height,,,,,,,,,,,43834364.0,34747532.0,47646444.0,35712868.0,40575120.0,48431924.0,46614240.0,51037420.0,33870390.0,38001376.0,42095428.0,44728124.0,27500230.0,28810092.0,30216478.0,27846982.0,25950788.0,25846482.0,45665870.0,56023036.0,64233560.0,44839680.0,43192416.0,
486,297.1264534668697,1.3761508,height,,,,,,,,,,,0.0,0.0,0.0,0.0,0.0,0.0,0.0,0.0,0.0,0.0,0.0,0.0,0.0,0.0,0.0,0.0,0.0,0.0,45860124.0,42412450.0,49607668.0,40013908.0,38775484.0,
487,295.16509851770803,1.3789467,height,,,,,,,,,,,73155544.0,63004028.0,66641972.0,48595996.0,61530092.0,75390690.0,68928590.0,76693816.0,51217744.0,50806652.0,67923144.0,58137856.0,43849544.0,45871290.0,41759960.0,40027640.0,51794372.0,37748964.0,91028136.0,83771850.0,98074380.0,78874344.0,77281690.0,
488,289.1544403372442,1.3801385,height,,,,,,,,,,,32535890.0,26276926.0,27933784.0,20580000.0,25993448.0,31216674.0,26131912.0,28321742.0,20274838.0,19290434.0,26283644.0,22542328.0,19256554.0,17946680.0,18471210.0,18096918.0,20013844.0,16062290.0,37395504.0,35095436.0,40662668.0,33563384.0,31621824.0,
490,287.1712176456196,1.3831297,height,,,,,,,,,,,29794064.0,26197922.0,27728400.0,19543508.0,25191166.0,33516596.0,28556168.0,28546376.0,21102514.0,19871054.0,26721244.0,24018478.0,18610636.0,18101060.0,16651782.0,16210086.0,18501790.0,15519541.0,36645460.0,34294744.0,41247470.0,30696320.0,32396356.0,
491,426.2018970358425,1.3870914,height,,,,,,,,,,,0.0,0.0,0.0,0.0,0.0,0.0,7250923.0,6222984.0,0.0,0.0,0.0,5742777.5,0.0,0.0,0.0,0.0,0.0,0.0,19404230.0,18445168.0,19179150.0,15072124.0,13974319.0,
493,485.2609645500412,1.3878449,height,,,,,,,,,,,0.0,0.0,0.0,0.0,0.0,0.0,20956202.0,20383012.0,15291024.0,0.0,0.0,0.0,0.0,0.0,0.0,0.0,0.0,0.0,67648080.0,67909480.0,89492730.0,56741736.0,58001196.0,
492,243.13383492139783,1.3885217,height,,,,,,,,,,,81581660.0,70258200.0,74997130.0,55927190.0,71805080.0,82271320.0,125533700.0,117547960.0,96381750.0,98152820.0,124103240.0,108184120.0,67727680.0,65285330.0,66058970.0,60994948.0,66744756.0,57867110.0,250596110.0,252212450.0,254691860.0,219291260.0,195562060.0,
494,360.1924795385344,1.3919251,height,,,,,,,,,,,70286070.0,62184396.0,61748510.0,44787976.0,57311692.0,81030856.0,135377540.0,137795760.0,99467730.0,101431150.0,130673000.0,115044264.0,56416750.0,56019390.0,52862908.0,51106892.0,56748200.0,48647830.0,202312750.0,209811460.0,221678260.0,187717840.0,171001010.0,
495,479.2976316641987,1.4086535,height,,,,,,,,,,,9815886.0,9740184.0,10644746.0,0.0,9825527.0,12465079.0,29399056.0,29528080.0,20471260.0,18150032.0,24587822.0,23630058.0,9473327.0,8634511.0,7670483.5,7677492.5,0.0,0.0,45017790.0,47800612.0,50021468.0,42908308.0,39339440.0,
496,330.2387364460633,1.4109712,height,,,,,,,,,,,29481384.0,20276606.0,22853138.0,18374788.0,21822408.0,25769368.0,9894328.0,13071429.0,8053331.0,0.0,9595248.0,8291654.0,0.0,0.0,0.0,0.0,0.0,0.0,19006308.0,18988056.0,23900328.0,17355994.0,17104992.0,
499,337.2231903994824,1.4131708,height,,,,,,,,,,,15832867.0,11894062.0,12622659.0,10961823.0,12601581.0,14525458.0,15813379.0,17392018.0,11313584.0,11055076.0,13938333.0,12765518.0,9230547.0,9679553.0,0.0,8355464.5,9993748.0,0.0,20625404.0,20888720.0,22963166.0,18042488.0,20292710.0,
489,279.1701764626929,1.41503,height,,,,,,,,,,,0.0,0.0,0.0,0.0,0.0,0.0,12164504.0,11381207.0,7352641.0,0.0,9974094.0,0.0,0.0,0.0,0.0,0.0,0.0,0.0,42287050.0,41756396.0,43643690.0,37584690.0,34256210.0,
497,229.15450397680047,1.4160255,height,,,,,,,,,,,0.0,0.0,0.0,0.0,0.0,0.0,0.0,6866258.0,0.0,0.0,0.0,0.0,0.0,0.0,0.0,0.0,0.0,0.0,17072474.0,15725170.0,15910117.0,13584017.0,12989788.0,
498,424.2076028483178,1.4186262,height,,,,,,,,,,,20815814.0,17539516.0,18246674.0,12462835.0,18657954.0,21887330.0,32227226.0,37579348.0,25209002.0,28206876.0,28840988.0,30145376.0,11823806.0,12253540.0,11341246.0,11558969.0,12130767.0,11929049.0,46690188.0,50524108.0,54558496.0,42943536.0,37839530.0,
500,399.2600843509136,1.4217343,height,,,,,,,,,,,54414930.0,39450290.0,42102140.0,29626660.0,42367804.0,46953980.0,55308530.0,68664310.0,45561908.0,40494120.0,53282292.0,45238068.0,27276456.0,29772128.0,25695826.0,27186992.0,30879124.0,30434022.0,93109830.0,101559470.0,104451350.0,87441176.0,77179630.0,
502,642.3454386611751,1.4247108,height,,,,,,,,,,,0.0,0.0,0.0,0.0,0.0,0.0,9029024.0,12576583.0,0.0,6762995.5,9871774.0,7609516.5,0.0,0.0,0.0,0.0,0.0,0.0,13552195.0,17269314.0,14825737.0,13147728.0,12969203.0,
501,316.2229801602224,1.425677,height,,,,,,,,,,,0.0,0.0,0.0,0.0,0.0,0.0,18850890.0,21866356.0,15879442.0,14361793.0,17836980.0,15829151.0,0.0,0.0,0.0,0.0,0.0,0.0,29315864.0,30241924.0,31701846.0,26442546.0,25147734.0,
503,354.1994977622637,1.4419559,height,,,,,,,,,,,0.0,0.0,0.0,0.0,0.0,0.0,16513206.0,19768968.0,13821991.0,12087889.0,15602740.0,13996382.0,0.0,0.0,0.0,0.0,0.0,0.0,37770720.0,43914616.0,42569350.0,38398828.0,35356572.0,
504,332.2177919764732,1.4431123,height,,,,,,,,,,,0.0,0.0,0.0,0.0,0.0,0.0,103636430.0,122728690.0,80841590.0,75919600.0,97697520.0,85907496.0,43913500.0,47183904.0,37888136.0,40800996.0,36341110.0,36301776.0,353274900.0,384068350.0,436487360.0,349280220.0,349079300.0,
505,380.9870588671613,1.4448662,height,,,,,,,,,,,22456526.0,19343682.0,21295234.0,18620444.0,18485702.0,22894782.0,16228547.0,17426030.0,12737691.0,11289945.0,13238001.0,13798987.0,12571106.0,13002449.0,11089630.0,11934500.0,12622923.0,13078832.0,0.0,0.0,0.0,0.0,0.0,
506,183.0916967814863,1.448948,height,,,,,,,,,,,32571052.0,32349472.0,34712320.0,29796458.0,45754892.0,39572308.0,36367356.0,34007856.0,28581846.0,27924980.0,45016772.0,47322050.0,31530442.0,30352364.0,25763596.0,28677192.0,27947606.0,26422568.0,59053280.0,60495190.0,54268940.0,56119784.0,53665372.0,
508,329.1495143812135,1.4540688,height,,,,,,,,,,,27951286.0,29623050.0,24942022.0,22662306.0,25095804.0,31792308.0,30642532.0,29631814.0,23254490.0,23991924.0,25128402.0,29733062.0,17783270.0,18137538.0,18103896.0,18085636.0,17743418.0,17864986.0,35954344.0,35692730.0,43043900.0,32979460.0,32540560.0,
509,491.2863585884443,1.463871,height,,,,,,,,,,,30424158.0,22294094.0,25359518.0,15625012.0,21995582.0,26311354.0,39400004.0,42784690.0,28539352.0,31813172.0,39289960.0,34724440.0,16620350.0,16153042.0,14792885.0,15510505.0,13164688.0,14055456.0,67278344.0,61470376.0,71936170.0,57646012.0,58392200.0,
510,211.14401754991104,1.4663187,height,,,,,,,,,,,81323910.0,84108130.0,92595860.0,67514590.0,84510080.0,86465270.0,98589600.0,99322320.0,73872056.0,95237600.0,91859300.0,90658740.0,69365224.0,67059436.0,59625380.0,53750616.0,58660876.0,52949012.0,127599410.0,120171430.0,138429740.0,98547280.0,102736200.0,
511,469.2557364560348,1.4663248,height,,,,,,,,,,,0.0,0.0,0.0,0.0,0.0,0.0,0.0,0.0,0.0,0.0,0.0,0.0,0.0,0.0,0.0,0.0,0.0,0.0,56981664.0,54085556.0,63680444.0,48434756.0,51736812.0,
512,374.2283574203856,1.4690578,height,,,,,,,,,,,0.0,0.0,0.0,0.0,0.0,0.0,0.0,0.0,0.0,0.0,0.0,0.0,0.0,0.0,0.0,0.0,0.0,0.0,26656512.0,24186790.0,27299432.0,23146590.0,25383600.0,
515,279.1314448470108,1.4781758,height,,,,,,,,,,,12280619.0,10219823.0,10653057.0,10451692.0,11049722.0,11549201.0,10706532.0,10429663.0,9725979.0,9073138.0,12673122.0,11659392.0,8634590.0,8702381.0,8954848.0,8446675.0,8975343.0,8027214.0,10054321.0,11423425.0,11073856.0,9237572.0,11203476.0,
516,257.1493730363307,1.4824053,height,,,,,,,,,,,31870974.0,26665340.0,27212500.0,22989978.0,26497430.0,33318798.0,32337514.0,31606934.0,25596850.0,24299056.0,31610908.0,28748964.0,19471244.0,19266030.0,20032186.0,18655092.0,19491932.0,17023388.0,36841264.0,39466976.0,38136492.0,35701880.0,33013414.0,
517,574.4171643907608,1.4927331,height,,,,,,,,,,,0.0,0.0,0.0,0.0,0.0,7599679.5,12077884.0,12883391.0,7883471.5,8503791.0,10049936.0,8921062.0,0.0,0.0,0.0,0.0,0.0,0.0,19978874.0,20204084.0,26453466.0,18038182.0,18433696.0,
518,687.5007345934423,1.493755,height,,,,,,,,,,,0.0,0.0,0.0,0.0,0.0,0.0,26219986.0,28256168.0,16468622.0,17049710.0,19372176.0,18619172.0,0.0,0.0,0.0,0.0,0.0,0.0,50977140.0,47751756.0,58688176.0,44934920.0,48156444.0,
519,709.482696986268,1.493755,height,,,,,,,,,,,0.0,0.0,0.0,0.0,0.0,0.0,23674466.0,25357466.0,17801660.0,18210854.0,19886204.0,20166842.0,0.0,0.0,0.0,0.0,0.0,0.0,42119776.0,37591136.0,53593360.0,35839964.0,39014030.0,
520,366.23596147199146,1.4968287,height,,,,,,,,,,,14395991.0,15652296.0,14233741.0,12665327.0,14109456.0,15245449.0,26629048.0,23433892.0,21438682.0,21869354.0,22425440.0,24673004.0,19501302.0,18771250.0,16832786.0,15251698.0,14910185.0,12254673.0,30147788.0,31604904.0,42760256.0,26059350.0,27580522.0,
521,344.2541877436403,1.4971298,height,,,,,,,,,,,118667690.0,94171480.0,100142050.0,77532360.0,88940910.0,127915950.0,336688830.0,366618430.0,262793440.0,237363900.0,295117660.0,257767580.0,112594310.0,118966970.0,106760870.0,107081170.0,107343016.0,94912930.0,611792000.0,605649400.0,699010300.0,544797950.0,536457500.0,
525,326.7048712963515,1.5138557,height,,,,,,,,,,,0.0,0.0,0.0,0.0,0.0,0.0,0.0,0.0,0.0,0.0,0.0,0.0,0.0,0.0,0.0,0.0,0.0,0.0,26264740.0,26999880.0,27311904.0,27414958.0,29218776.0,
524,652.4022731838111,1.5138557,height,,,,,,,,,,,0.0,0.0,0.0,0.0,0.0,0.0,0.0,0.0,0.0,0.0,0.0,0.0,0.0,0.0,0.0,0.0,0.0,0.0,49390828.0,54223864.0,50152332.0,42488052.0,52803184.0,
527,509.3330885876642,1.5206829,height,,,,,,,,,,,0.0,0.0,0.0,0.0,0.0,0.0,0.0,0.0,0.0,0.0,0.0,0.0,0.0,0.0,0.0,0.0,0.0,0.0,54385930.0,55890876.0,55068956.0,42678076.0,39202240.0,
526,253.15215057879345,1.5216621,height,,,,,,,,,,,12638451.0,11081131.0,10550279.0,10925441.0,11264014.0,12498004.0,13354018.0,13482408.0,11009088.0,11336297.0,12837943.0,12272896.0,9674267.0,9642094.0,9166687.0,9276232.0,9743993.0,0.0,11526328.0,12163113.0,13582745.0,10296400.0,11972599.0,
529,231.17024742719795,1.5219791,height,,,,,,,,,,,166069680.0,138899180.0,133441064.0,114709380.0,135991230.0,193162320.0,201028160.0,214569420.0,151790430.0,152462030.0,202441950.0,168551740.0,101206400.0,104192080.0,101574664.0,102371520.0,102387480.0,96047816.0,286683170.0,290955420.0,311553950.0,255116740.0,233610030.0,
528,120.08015073151353,1.5220467,height,,,,,,,,,,,0.0,0.0,0.0,0.0,0.0,0.0,0.0,0.0,0.0,0.0,0.0,0.0,0.0,0.0,0.0,0.0,0.0,0.0,19389730.0,20977164.0,23324156.0,18403142.0,17258616.0,
530,726.3668393401404,1.5245253,height,,,,,,,,,,,26404334.0,21993588.0,20942190.0,16356467.0,23226436.0,31506256.0,0.0,0.0,0.0,0.0,0.0,0.0,0.0,0.0,0.0,0.0,0.0,0.0,0.0,0.0,0.0,0.0,0.0,
531,277.1183002453296,1.5264733,height,,,,,,,,,,,26674402.0,20551534.0,20212132.0,19782496.0,23849418.0,24061424.0,33317196.0,30736594.0,24983558.0,26079894.0,32445694.0,27188414.0,18839904.0,16771616.0,17787632.0,16432469.0,17276766.0,15304305.0,33763090.0,35700470.0,35537612.0,30744142.0,28431272.0,
532,579.3143165259946,1.5315899,height,,,,,,,,,,,0.0,0.0,0.0,0.0,0.0,0.0,0.0,0.0,0.0,0.0,0.0,0.0,0.0,0.0,0.0,0.0,0.0,0.0,21987510.0,22929068.0,24742148.0,17606598.0,18209382.0,
533,301.15197682210703,1.533449,height,,,,,,,,,,,0.0,0.0,0.0,0.0,0.0,0.0,0.0,0.0,0.0,0.0,0.0,0.0,11722065.0,9914677.0,0.0,0.0,0.0,0.0,51656136.0,56783812.0,60712956.0,46336230.0,45204544.0,
534,557.3330015347799,1.5356829,height,,,,,,,,,,,0.0,0.0,0.0,0.0,0.0,0.0,0.0,0.0,0.0,0.0,0.0,0.0,0.0,0.0,0.0,0.0,0.0,0.0,155411170.0,158532130.0,166179410.0,131934460.0,138932460.0,
535,279.1701649096268,1.5391002,height,,,,,,,,,,,0.0,0.0,7057401.5,0.0,7948592.0,6572352.0,49215708.0,46357696.0,35335996.0,35036652.0,39482788.0,39551916.0,151204110.0,108062600.0,79739240.0,60886056.0,50911876.0,37206116.0,1845575200.0,1779789700.0,1934771700.0,1609844200.0,1567291300.0,
536,461.242479907067,1.5443918,height,,,,,,,,,,,12605500.0,11376879.0,11917150.0,0.0,13854983.0,14364163.0,41262690.0,42833104.0,30273704.0,28087946.0,34399580.0,34552188.0,13213292.0,13682554.0,11846942.0,0.0,10472578.0,0.0,50101430.0,49414030.0,51691428.0,41686572.0,39295868.0,
539,364.2203245450706,1.546396,height,,,,,,,,,,,11562248.0,9745628.0,10109579.0,10048326.0,10463693.0,11066483.0,28220124.0,24250556.0,22937734.0,22393292.0,26112958.0,25905388.0,18028188.0,16014384.0,13383144.0,12885787.0,11432443.0,12193554.0,28014148.0,29984324.0,34218336.0,27960516.0,25495990.0,
543,342.2385889051628,1.5475867,height,,,,,,,,,,,137093310.0,118283230.0,119081656.0,95371170.0,112695970.0,158977280.0,672553540.0,682287100.0,497090270.0,483287870.0,605586600.0,551749900.0,179619860.0,188888580.0,151103970.0,151793140.0,138109820.0,140991140.0,998028540.0,1046583800.0,1135088300.0,956437200.0,907766900.0,
537,408.2488091495667,1.5493085,height,,,,,,,,,,,0.0,0.0,0.0,0.0,0.0,0.0,0.0,0.0,0.0,0.0,0.0,0.0,0.0,0.0,0.0,0.0,0.0,0.0,58872564.0,56562316.0,64467520.0,57936680.0,52668276.0,
538,211.14400234225263,1.5537528,height,,,,,,,,,,,101030740.0,82130560.0,103307570.0,85111170.0,95273370.0,116495784.0,112505580.0,108466820.0,83463040.0,79183250.0,104600240.0,97634264.0,67429160.0,81227060.0,65202468.0,70459440.0,64466400.0,62245360.0,92960210.0,100789810.0,125783144.0,85751730.0,89506470.0,
553,343.2418456014117,1.5601337,height,,,,,,,,,,,26982996.0,10511261.0,24321928.0,20275470.0,9552957.0,30125414.0,28791842.0,130283840.0,105466780.0,19617608.0,117359430.0,117011096.0,35920532.0,9838142.0,9086748.0,9961621.0,9782980.0,9952127.0,32554886.0,201829940.0,212150180.0,183529580.0,172211100.0,
544,257.1494182136269,1.5619936,height,,,,,,,,,,,18376044.0,17587108.0,17711750.0,13835712.0,16343056.0,21337820.0,18344118.0,17089352.0,14205542.0,13286845.0,16181360.0,15159261.0,10767252.0,11662013.0,20289356.0,10888106.0,10264691.0,17665752.0,20039232.0,20307412.0,23361482.0,19611130.0,18298924.0,
540,683.4697712823214,1.5629147,height,,,,,,,,,,,0.0,0.0,0.0,0.0,0.0,0.0,63850068.0,64182800.0,40278670.0,39532508.0,64080696.0,52380484.0,0.0,10574123.0,0.0,0.0,0.0,0.0,95571144.0,94370680.0,97419310.0,85506190.0,80714700.0,
541,705.4520355003478,1.5638539,height,,,,,,,,,,,0.0,0.0,0.0,0.0,0.0,0.0,24525518.0,23814346.0,21077668.0,18928942.0,25974308.0,22093868.0,0.0,0.0,0.0,0.0,0.0,0.0,34754316.0,35011800.0,37091676.0,30511070.0,28784838.0,
542,394.2334923251975,1.564275,height,,,,,,,,,,,0.0,0.0,0.0,0.0,0.0,0.0,40897996.0,40341852.0,28468568.0,27522576.0,43017404.0,33553310.0,11959604.0,9535214.0,0.0,0.0,0.0,0.0,92700700.0,97720850.0,104726160.0,86430840.0,77888760.0,
545,427.2913998511512,1.5710906,height,,,,,,,,,,,18748786.0,18610296.0,18703576.0,11745106.0,16649987.0,20996746.0,52336476.0,52793960.0,36323092.0,33955188.0,42888600.0,38572572.0,18035088.0,18030528.0,14434885.0,15308088.0,12561881.0,13359630.0,80931100.0,82749176.0,87260424.0,74384780.0,69360824.0,
546,190.086231265742,1.5839769,height,,,,,,,,,,,27183310.0,29935858.0,30829348.0,28560242.0,29394816.0,31704354.0,26016200.0,20582770.0,20999114.0,21603302.0,23188078.0,22943450.0,17479812.0,15838257.0,16186312.0,15382631.0,14137371.0,14611926.0,0.0,0.0,0.0,0.0,0.0,
547,374.2284213558884,1.5858587,height,,,,,,,,,,,0.0,0.0,0.0,0.0,0.0,0.0,71847380.0,75508030.0,52446936.0,50910320.0,60773804.0,55383330.0,17763988.0,19848322.0,15764574.0,16727337.0,17748656.0,16352997.0,133708210.0,122796510.0,143323070.0,126911060.0,122293330.0,
548,263.1415560943844,1.5961477,height,,,,,,,,,,,0.0,0.0,0.0,0.0,0.0,7248086.0,0.0,7673733.5,0.0,0.0,0.0,0.0,0.0,0.0,0.0,0.0,0.0,0.0,10003320.0,10232858.0,10203307.0,8797761.0,9707177.0,
549,318.2022194253721,1.5971248,height,,,,,,,,,,,0.0,0.0,0.0,0.0,0.0,0.0,9775050.0,11884522.0,0.0,0.0,0.0,8582767.0,0.0,0.0,0.0,0.0,0.0,0.0,12946907.0,13987056.0,13404731.0,11357833.0,10913503.0,
551,329.1496566442712,1.5974562,height,,,,,,,,,,,31683636.0,29138174.0,27724544.0,19631746.0,24503462.0,34904510.0,37313936.0,31858804.0,28876360.0,27727762.0,31105580.0,26828840.0,20929526.0,23123802.0,16711251.0,17114036.0,17285748.0,18558466.0,41131440.0,39014710.0,43984050.0,34602670.0,37978816.0,
550,393.2228642569236,1.5976728,height,,,,,,,,,,,0.0,0.0,0.0,0.0,0.0,0.0,0.0,0.0,0.0,0.0,0.0,0.0,0.0,0.0,0.0,0.0,0.0,0.0,39268210.0,30673702.0,30395538.0,30180162.0,32565408.0,
554,162.05496671327808,1.6156771,height,,,,,,,,,,,53535470.0,53208424.0,54877212.0,51234332.0,52174870.0,58613080.0,84928300.0,76864184.0,68101370.0,69759860.0,84315304.0,85911690.0,27567030.0,30417118.0,30446892.0,32060424.0,33600692.0,32460276.0,0.0,0.0,0.0,0.0,0.0,
555,245.12842868875143,1.6195375,height,,,,,,,,,,,162973970.0,118084424.0,125722830.0,111549060.0,113271600.0,143256350.0,169084210.0,147219310.0,119149864.0,118780020.0,183029580.0,133502936.0,105573570.0,114773040.0,101832690.0,103011530.0,110588936.0,100406660.0,179697970.0,191298910.0,205454500.0,167444020.0,174756460.0,
557,265.15454914814427,1.6228307,height,,,,,,,,,,,70799720.0,57152390.0,55364610.0,42841184.0,51400130.0,68393450.0,69266030.0,70369064.0,52441840.0,49834530.0,66247188.0,52772324.0,38357856.0,39472044.0,35540908.0,36615040.0,40192340.0,41770764.0,78666616.0,81771750.0,95600600.0,73390780.0,77509270.0,
556,229.1541537011221,1.6249974,height,,,,,,,,,,,0.0,0.0,0.0,0.0,0.0,0.0,0.0,0.0,0.0,0.0,0.0,0.0,0.0,0.0,0.0,0.0,0.0,0.0,8829622.0,8990701.0,10052188.0,8504743.0,8538295.0,
558,513.268303002979,1.6265603,height,,,,,,,,,,,0.0,0.0,0.0,0.0,0.0,0.0,18968394.0,18132668.0,14925382.0,14328632.0,18623292.0,20296958.0,7528092.5,0.0,0.0,0.0,0.0,0.0,23655264.0,23256902.0,25328548.0,23176316.0,22090420.0,
559,491.2862678498103,1.6281066,height,,,,,,,,,,,0.0,7059716.0,10776052.0,0.0,11840214.0,8488230.0,97986280.0,110180160.0,70427416.0,66691224.0,90741384.0,82018730.0,27870530.0,20688714.0,16272129.0,12016833.0,9006954.0,7205909.5,183343090.0,194584700.0,214461300.0,191813100.0,186428590.0,
569,343.2418792088174,1.628208,height,,,,,,,,,,,13954685.0,10119343.0,9493604.0,8161788.0,9980122.0,12903415.0,18569620.0,21092476.0,14350458.0,14033824.0,19864642.0,17188882.0,9122306.0,10368930.0,10151135.0,10222228.0,10042293.0,10481811.0,44935132.0,45814710.0,56704436.0,47214430.0,37688564.0,
575,342.2037264073657,1.6288841,height,,,,,,,,,,,16480875.0,12285431.0,13620701.0,0.0,13822322.0,17810560.0,27321290.0,27655448.0,19491796.0,18889758.0,24889042.0,26172048.0,14770760.0,13705495.0,13595222.0,12773484.0,12665097.0,12355494.0,67607160.0,65112470.0,76193870.0,64800160.0,61949212.0,
562,328.2229519585182,1.631276,height,,,,,,,,,,,24645086.0,19151754.0,18531194.0,14401211.0,18206038.0,24732926.0,23729916.0,27556090.0,17754672.0,17688632.0,22444210.0,19335154.0,11782148.0,11814764.0,10086185.0,11071735.0,11685905.0,12185619.0,30441474.0,29619192.0,32938144.0,28702086.0,27495732.0,
561,426.2019674458039,1.6328543,height,,,,,,,,,,,17388340.0,14485585.0,14271603.0,11020707.0,13096872.0,18933938.0,10306831.0,11662618.0,8324833.0,7603200.0,9791802.0,8299827.5,7531884.5,7023024.5,6487314.5,7728772.5,7574846.5,7521465.0,8067126.5,7311224.5,8675341.0,7679410.0,7630936.5,
570,342.2385615054451,1.6333091,height,,,,,,,,,,,69844630.0,51563896.0,49723932.0,44920084.0,51655624.0,67174230.0,98284940.0,113225510.0,64244430.0,71438720.0,101429330.0,89392240.0,24299874.0,50769410.0,53544296.0,51741370.0,56311620.0,53921440.0,250126640.0,247186260.0,289319650.0,222200600.0,194522370.0,
564,345.2575487053784,1.6458664,height,,,,,,,,,,,0.0,0.0,0.0,0.0,0.0,0.0,28165004.0,30632162.0,23789140.0,22228810.0,27578484.0,23718868.0,0.0,8021253.0,0.0,0.0,0.0,0.0,14848104.0,55793780.0,61436716.0,51185860.0,50654620.0,
563,313.1545321664203,1.6487567,height,,,,,,,,,,,0.0,0.0,0.0,0.0,0.0,0.0,0.0,0.0,0.0,0.0,0.0,0.0,22313426.0,12766037.0,0.0,0.0,0.0,0.0,306040900.0,336970720.0,338031520.0,307244100.0,284364030.0,
565,366.2360867341018,1.6506258,height,,,,,,,,,,,0.0,0.0,0.0,0.0,0.0,0.0,21461606.0,19177298.0,18033254.0,16260344.0,19554280.0,19607392.0,10145686.0,10411041.0,9329435.0,8311120.0,9138519.0,6935436.0,22661112.0,24715540.0,30887970.0,22302666.0,21363200.0,
578,344.25442123215373,1.6514325,height,,,,,,,,,,,19188036.0,17857222.0,18319688.0,14200722.0,18260478.0,21339010.0,148627780.0,149903740.0,110925860.0,104882296.0,141978990.0,118667930.0,35879676.0,39742484.0,39122576.0,34280868.0,36721524.0,31755420.0,267138990.0,290734900.0,317154980.0,267859550.0,263702980.0,
567,459.2600291252916,1.6624043,height,,,,,,,,,,,24706246.0,18679016.0,19343996.0,16051402.0,18233872.0,26396358.0,16611404.0,18244886.0,12381356.0,11297256.0,16325318.0,13483758.0,11200124.0,11726795.0,10631945.0,11523376.0,12062239.0,10889290.0,17338864.0,20044864.0,22031386.0,17747996.0,16596972.0,
568,394.1788958717762,1.6773707,height,,,,,,,,,,,0.0,0.0,0.0,0.0,0.0,0.0,0.0,0.0,0.0,0.0,0.0,0.0,0.0,0.0,0.0,0.0,0.0,0.0,12463050.0,11632780.0,13439808.0,10457150.0,9151831.0,
572,439.29156745007054,1.6940672,height,,,,,,,,,,,173254770.0,133035144.0,145513230.0,113739350.0,141969540.0,187270110.0,167054200.0,169684770.0,130825330.0,116223896.0,152107470.0,132089850.0,88066500.0,91106390.0,83975360.0,89078660.0,84867120.0,81833580.0,218191070.0,210049010.0,235026560.0,200521280.0,195139500.0,
573,265.15457602695665,1.6992358,height,,,,,,,,,,,54039584.0,44299344.0,48195132.0,36234896.0,46448150.0,60981652.0,55240676.0,55220980.0,41907028.0,41432550.0,48400710.0,41938040.0,39712376.0,31183792.0,28745450.0,27904656.0,28143598.0,29006906.0,67887170.0,69931700.0,76633496.0,63801316.0,60379910.0,
574,461.2731731076157,1.7061119,height,,,,,,,,,,,25350068.0,23961896.0,25895312.0,21744002.0,25632064.0,28509942.0,27131996.0,24005322.0,21740026.0,20647336.0,23166498.0,22495786.0,17740992.0,18249006.0,16510598.0,16981020.0,15549277.0,15224658.0,31313658.0,32065952.0,35483630.0,28357096.0,27106374.0,
576,360.2126906775019,1.7123566,height,,,,,,,,,,,15103055.0,12536678.0,13031581.0,9745342.0,12438882.0,16035328.0,14211667.0,15014652.0,12123136.0,11518714.0,13563284.0,12191251.0,0.0,0.0,0.0,7463925.0,0.0,0.0,20715952.0,17074846.0,19858764.0,17568424.0,16005633.0,
577,245.12841248463704,1.7172924,height,,,,,,,,,,,139100660.0,127827560.0,121140820.0,99294670.0,137306300.0,144746820.0,130640770.0,132559960.0,108325910.0,117195450.0,128917660.0,121505260.0,101812140.0,88573016.0,88721100.0,78866216.0,78345480.0,76442000.0,177279970.0,163815000.0,190529020.0,179009920.0,141984740.0,
571,167.01284580306853,1.7254599,height,,,,,,,,,,,6194727.0,6989600.0,6309232.0,7076690.0,6781363.5,6007386.0,6185816.5,5799916.0,7166161.0,6305809.5,6777537.5,5726854.5,7422552.0,7286446.0,7101195.5,8174250.0,7229030.0,7114105.0,0.0,0.0,0.0,0.0,0.0,
580,350.2072543176181,1.7335248,height,,,,,,,,,,,0.0,0.0,0.0,0.0,0.0,0.0,18000630.0,17909086.0,13851401.0,13822420.0,16753551.0,15429178.0,0.0,0.0,0.0,0.0,0.0,0.0,102361830.0,100781180.0,113809784.0,99819550.0,93574810.0,
579,372.1891089303853,1.7337596,height,,,,,,,,,,,0.0,0.0,0.0,0.0,0.0,0.0,0.0,0.0,0.0,0.0,0.0,0.0,0.0,0.0,0.0,0.0,0.0,0.0,16410150.0,18066568.0,20817536.0,16275716.0,16149537.0,
581,311.1388196386878,1.7354668,height,,,,,,,,,,,32664920.0,27854438.0,34632156.0,22424248.0,29040362.0,42891140.0,31867146.0,29900014.0,24654550.0,23405770.0,31582592.0,31065248.0,18289754.0,20648958.0,19758080.0,17400154.0,21969942.0,22129792.0,36230890.0,43311196.0,46487664.0,38928136.0,35267330.0,
582,275.03061652780013,1.7410148,height,,,,,,,,,,,71117310.0,77203480.0,85512600.0,69625380.0,81677340.0,88322140.0,0.0,0.0,0.0,0.0,0.0,0.0,15448893.0,14416709.0,14195804.0,13912232.0,14053257.0,14789778.0,0.0,0.0,0.0,0.0,0.0,
583,259.1652219596589,1.7524362,height,,,,,,,,,,,9525919.0,8698741.0,8616316.0,7146517.0,8851018.0,10806117.0,11083487.0,12061764.0,8516976.0,8830442.0,10648157.0,8829714.0,0.0,0.0,0.0,0.0,0.0,0.0,14120592.0,14603868.0,16587294.0,14045049.0,12500955.0,
584,568.8372827284385,1.7543344,height,,,,,,,,,,,0.0,0.0,0.0,0.0,0.0,0.0,0.0,0.0,0.0,0.0,0.0,0.0,0.0,0.0,0.0,0.0,0.0,0.0,29107748.0,29336830.0,31572276.0,28990192.0,26821326.0,
585,285.2172626873292,1.7643685,height,,,,,,,,,,,12055812.0,10307297.0,10904924.0,8533678.0,10235163.0,12328129.0,13757158.0,13113541.0,10761829.0,9902715.0,11128728.0,10988713.0,8564442.0,0.0,0.0,6672882.0,0.0,0.0,14487893.0,15413145.0,16293378.0,13533293.0,13424758.0,
586,291.1338433549974,1.7765406,height,,,,,,,,,,,48996836.0,41267056.0,44797612.0,34868796.0,41062236.0,50847560.0,51456140.0,54417812.0,37220716.0,37241260.0,47014884.0,42757756.0,28531394.0,28013684.0,26637896.0,26645144.0,27097118.0,27126188.0,65739572.0,65378540.0,75886770.0,58196736.0,53743704.0,
587,313.115713648685,1.7771782,height,,,,,,,,,,,11965075.0,11356408.0,11648060.0,8682435.0,10527043.0,11758582.0,12244383.0,11407959.0,9393587.0,9056928.0,11369284.0,10874693.0,7819555.0,7375435.0,6860112.0,0.0,6705896.0,6828678.5,14211533.0,14658308.0,17335338.0,12311753.0,9976676.0,
590,461.2734318637688,1.7831442,height,,,,,,,,,,,11877976.0,10244348.0,23334516.0,15352406.0,10530966.0,10729058.0,10508234.0,12210768.0,9256079.0,8348054.5,11664111.0,22622670.0,16132474.0,0.0,0.0,14175605.0,12945316.0,0.0,11912968.0,11808996.0,18742530.0,10576155.0,9604421.0,
588,376.2230680565178,1.7945555,height,,,,,,,,,,,21750560.0,17975600.0,19048524.0,14643645.0,18418866.0,23348714.0,25867308.0,27015928.0,19407116.0,18410342.0,24540964.0,21124454.0,13273215.0,12519688.0,10991396.0,10560752.0,10744106.0,10461401.0,96905700.0,105504190.0,115180520.0,87073320.0,82997510.0,
591,439.2917507912474,1.7964528,height,,,,,,,,,,,75707370.0,59546090.0,53763076.0,68765020.0,61096820.0,72026720.0,73771450.0,87975210.0,55847856.0,50929930.0,72842260.0,65422470.0,40165236.0,34228372.0,30717816.0,30615210.0,29401926.0,33900876.0,160733010.0,166942430.0,105752820.0,84232600.0,67158840.0,
589,505.302310262644,1.8077437,height,,,,,,,,,,,0.0,0.0,0.0,0.0,0.0,0.0,38178830.0,40151570.0,28375610.0,30350222.0,37269740.0,32911154.0,10692817.0,9062333.0,0.0,0.0,0.0,0.0,87886960.0,91835464.0,94194280.0,77997690.0,71056180.0,
592,271.20161011040125,1.8172126,height,,,,,,,,,,,9888986.0,8202011.5,0.0,0.0,8607290.0,10044323.0,0.0,10048191.0,0.0,0.0,8807768.0,0.0,0.0,0.0,0.0,0.0,0.0,0.0,14809426.0,13898300.0,14879466.0,13089814.0,10984701.0,
593,200.1071755561353,1.8201169,height,,,,,,,,,,,16748150.0,17679590.0,15933999.0,15048552.0,17800834.0,18039426.0,16550762.0,16672347.0,13560764.0,14334869.0,15283270.0,16364252.0,14156224.0,15753894.0,13954490.0,13747896.0,12906001.0,14407660.0,0.0,0.0,0.0,0.0,0.0,
594,245.18602634702293,1.8249545,height,,,,,,,,,,,87896060.0,73940620.0,77772750.0,63145264.0,72160840.0,95922860.0,128093290.0,140202340.0,100543120.0,95654300.0,121265770.0,101135830.0,52268700.0,51371010.0,50614212.0,50234390.0,49000156.0,50608164.0,188945170.0,177974820.0,203983040.0,160302400.0,156068320.0,
595,525.2712173454229,1.8348985,height,,,,,,,,,,,0.0,0.0,0.0,0.0,0.0,0.0,7821436.5,8829534.0,0.0,0.0,6745932.5,6217470.0,0.0,0.0,0.0,0.0,0.0,0.0,21816870.0,21331062.0,22898710.0,18871546.0,16766071.0,
596,659.3404680419295,1.8365616,height,,,,,,,,,,,24622330.0,21247198.0,19261852.0,15329609.0,19205478.0,25905374.0,12178939.0,13957434.0,9133590.0,0.0,10566293.0,9341110.0,9073489.0,10727620.0,12056786.0,12117719.0,10523170.0,10611168.0,0.0,0.0,0.0,0.0,0.0,
597,213.159831019632,1.8444299,height,,,,,,,,,,,23543638.0,17697304.0,16907626.0,15088660.0,17742936.0,23473462.0,23883098.0,20175374.0,15994460.0,14889331.0,18261768.0,21085928.0,15428139.0,12382702.0,14449963.0,14476231.0,12117598.0,13075099.0,27092300.0,25081644.0,30531728.0,25358808.0,22487992.0,
598,358.2698620476966,1.8474563,height,,,,,,,,,,,0.0,0.0,0.0,0.0,0.0,0.0,0.0,0.0,0.0,0.0,0.0,0.0,0.0,0.0,0.0,0.0,0.0,0.0,17011868.0,16563699.0,19981874.0,15092109.0,15059537.0,
599,344.2544818011819,1.874337,height,,,,,,,,,,,0.0,0.0,0.0,0.0,0.0,0.0,0.0,0.0,0.0,0.0,0.0,0.0,0.0,0.0,0.0,0.0,0.0,0.0,10668613.0,10726566.0,11246443.0,10096987.0,9097069.0,
601,558.3288772407926,1.8756118,height,,,,,,,,,,,0.0,0.0,0.0,0.0,0.0,0.0,14181291.0,15100631.0,9404034.0,9577100.0,12090128.0,9902335.0,0.0,0.0,0.0,0.0,0.0,0.0,14281837.0,12976405.0,15144878.0,13353601.0,12242197.0,
603,407.23914013402526,1.8844837,height,,,,,,,,,,,0.0,0.0,0.0,0.0,0.0,0.0,0.0,0.0,0.0,0.0,0.0,0.0,0.0,0.0,0.0,0.0,0.0,0.0,30873838.0,22954034.0,24005010.0,23137868.0,27414308.0,
604,202.12296785443712,1.905742,height,,,,,,,,,,,21044828.0,20387934.0,22255526.0,18770802.0,21308424.0,25313570.0,39595916.0,40188476.0,35253704.0,33823692.0,38778680.0,39222308.0,18548282.0,18203818.0,18057522.0,18320368.0,18177842.0,16591672.0,0.0,0.0,0.0,0.0,0.0,
607,279.17063153851547,1.9193237,height,,,,,,,,,,,66607910.0,59688332.0,62166890.0,48292652.0,61692610.0,76520530.0,71327800.0,77298260.0,54056900.0,49598508.0,69400760.0,55443772.0,38886270.0,48289530.0,36181332.0,39668468.0,43371064.0,34972144.0,100280824.0,88909030.0,113691864.0,88449490.0,84830800.0,
600,167.01277581368976,1.9208031,height,,,,,,,,,,,7455860.0,7195806.0,7150367.0,7527504.5,7696310.5,7851899.0,6363352.5,7081132.0,7632496.5,6987783.0,6564143.0,6697358.5,7619425.5,7749657.5,8411112.0,8141199.0,8420024.0,8445845.0,6294102.0,0.0,5367927.0,6513930.0,6654217.5,
610,473.27570009185,1.9413434,height,,,,,,,,,,,21589666.0,0.0,18386728.0,11681067.0,18796306.0,23880818.0,31953630.0,30251690.0,21193404.0,19666000.0,25045020.0,22809924.0,12427192.0,11317588.0,9619204.0,9150881.0,8853939.0,9606376.0,50403256.0,47521316.0,54618356.0,45263840.0,41384730.0,
608,412.2230545741795,1.9419487,height,,,,,,,,,,,0.0,0.0,0.0,0.0,0.0,0.0,0.0,0.0,0.0,0.0,0.0,0.0,0.0,0.0,0.0,0.0,0.0,0.0,85564720.0,82166080.0,88951304.0,75740650.0,72488810.0,
611,227.13895120872635,1.9426994,height,,,,,,,,,,,0.0,0.0,0.0,0.0,0.0,0.0,0.0,6620573.5,0.0,0.0,0.0,0.0,0.0,0.0,0.0,0.0,0.0,0.0,12438584.0,12750194.0,13772247.0,11579115.0,10055968.0,
613,342.23853661516887,1.947326,height,,,,,,,,,,,25035918.0,0.0,21320194.0,10758353.0,21922664.0,26165542.0,47894824.0,50075870.0,36082468.0,35624404.0,44488056.0,38284570.0,15086487.0,15737936.0,11908825.0,11690281.0,9938852.0,0.0,73125120.0,73694830.0,84610030.0,65696060.0,66407360.0,
614,356.2177084808603,1.9630115,height,,,,,,,,,,,0.0,0.0,0.0,0.0,0.0,0.0,0.0,0.0,0.0,0.0,0.0,0.0,0.0,0.0,0.0,0.0,0.0,0.0,17014898.0,18193298.0,16757489.0,14379093.0,14723120.0,
616,203.08146999932143,1.9750911,height,,,,,,,,,,,27134398.0,25720724.0,24487652.0,20580000.0,22369202.0,29828928.0,0.0,0.0,0.0,0.0,0.0,0.0,8384688.0,0.0,10672125.0,11612961.0,11434918.0,12646256.0,0.0,0.0,0.0,0.0,0.0,
615,758.4071365877764,1.9758617,height,,,,,,,,,,,0.0,0.0,0.0,0.0,0.0,0.0,9749872.0,11195632.0,6874349.0,6742587.5,8384585.0,8824143.0,0.0,0.0,0.0,0.0,0.0,0.0,24465046.0,23976748.0,28933100.0,21050960.0,24101522.0,
617,780.3894083696031,1.9761906,height,,,,,,,,,,,0.0,0.0,0.0,0.0,0.0,0.0,0.0,0.0,0.0,0.0,0.0,0.0,0.0,0.0,0.0,0.0,0.0,0.0,9312152.0,9293352.0,11833726.0,8130842.5,9900284.0,
618,192.0654130977545,1.987082,height,,,,,,,,,,,65104656.0,62742576.0,73234856.0,59251108.0,66112936.0,72264510.0,0.0,0.0,0.0,0.0,0.0,0.0,23424450.0,25255322.0,22913888.0,25544550.0,24765862.0,23364884.0,0.0,0.0,0.0,0.0,0.0,
619,279.1699868885278,1.9985274,height,,,,,,,,,,,81441400.0,65006220.0,75587380.0,55990776.0,66543692.0,87017570.0,83957430.0,84463260.0,59938390.0,59427892.0,70783790.0,64174196.0,42685796.0,44014564.0,45154570.0,44753760.0,39751280.0,41762656.0,110533510.0,109598424.0,122806520.0,97772320.0,97587900.0,
622,216.1016947250099,2.0095334,height,,,,,,,,,,,62617532.0,67827280.0,79421976.0,70033270.0,74003290.0,75491430.0,78996010.0,75769410.0,66099270.0,69496710.0,64923260.0,83279350.0,38570636.0,41388788.0,33974612.0,37003930.0,34021300.0,36934600.0,0.0,0.0,0.0,0.0,0.0,
625,136.0756383500406,2.0566607,height,,,,,,,,,,,9940617.0,10327243.0,13085295.0,10399409.0,10876343.0,11514716.0,0.0,0.0,0.0,0.0,0.0,0.0,0.0,0.0,0.0,0.0,0.0,0.0,0.0,0.0,0.0,0.0,0.0,
624,269.0555316159273,2.0568438,height,,,,,,,,,,,21914264.0,24445036.0,18409456.0,20257156.0,23209458.0,22640492.0,52718090.0,29802258.0,20649866.0,18105926.0,30169276.0,32092542.0,30692386.0,24817918.0,17799990.0,15328993.0,14479871.0,16945046.0,0.0,0.0,0.0,0.0,0.0,
623,299.2324416382865,2.058826,height,,,,,,,,,,,14303795.0,11986196.0,13235710.0,10809592.0,12483365.0,15547900.0,16364599.0,17582964.0,15314807.0,11219215.0,14539314.0,12782508.0,8595739.0,0.0,0.0,0.0,0.0,0.0,19093180.0,19724604.0,23388354.0,18540660.0,17239774.0,
626,313.1541968711701,2.060146,height,,,,,,,,,,,21358110.0,20299304.0,22736374.0,18582178.0,20176858.0,23216762.0,25065852.0,25919308.0,18656668.0,19044542.0,22464654.0,21136320.0,13158379.0,12975128.0,12677221.0,14384733.0,12019479.0,13030474.0,30501614.0,29681466.0,35134120.0,26614404.0,26546202.0,
627,657.3971773108108,2.0885491,height,,,,,,,,,,,0.0,0.0,0.0,0.0,0.0,0.0,0.0,0.0,0.0,0.0,0.0,0.0,0.0,0.0,0.0,0.0,0.0,0.0,14308890.0,13894465.0,16166837.0,13260952.0,12189248.0,
629,414.2360773609995,2.1138606,height,,,,,,,,,,,0.0,0.0,0.0,0.0,0.0,0.0,0.0,0.0,0.0,0.0,0.0,0.0,0.0,0.0,0.0,0.0,0.0,0.0,20840028.0,21941626.0,22553242.0,17797684.0,19478114.0,
630,392.2543205452542,2.1138685,height,,,,,,,,,,,0.0,0.0,0.0,0.0,0.0,0.0,12098917.0,10678823.0,0.0,0.0,0.0,0.0,0.0,0.0,0.0,0.0,0.0,0.0,139999000.0,135187500.0,159201580.0,119181816.0,127270744.0,
631,218.1176725787188,2.1592987,height,,,,,,,,,,,42681400.0,48312576.0,50569810.0,48018012.0,51114600.0,51903260.0,52891350.0,48665452.0,43305620.0,47080764.0,45381028.0,55899890.0,24592322.0,27470664.0,22761604.0,22341168.0,25271260.0,22870516.0,0.0,0.0,0.0,0.0,0.0,
632,211.0866427200472,2.2227807,height,,,,,,,,,,,135160930.0,129137340.0,139219550.0,107336540.0,130943070.0,154100800.0,9484000.0,9025603.0,8401181.0,7090593.5,9088388.0,8925288.0,53032268.0,62634780.0,55233610.0,54976710.0,48030320.0,49602070.0,0.0,0.0,0.0,0.0,0.0,
633,261.1596682955871,2.256934,height,,,,,,,,,,,16426029.0,16798136.0,18117502.0,14050636.0,17606584.0,18993346.0,21668928.0,20580520.0,14198120.0,11633318.0,16456750.0,15932135.0,9727623.0,11164583.0,12173196.0,11736610.0,9941870.0,13701468.0,21833732.0,22842054.0,28947896.0,21285922.0,19684818.0,
635,207.0551283857567,2.2866447,height,,,,,,,,,,,9516034.0,10036001.0,10406490.0,8137248.0,10249662.0,10568796.0,0.0,0.0,0.0,0.0,0.0,0.0,0.0,0.0,0.0,0.0,0.0,0.0,0.0,0.0,0.0,0.0,0.0,
634,224.08185966585816,2.2867596,height,,,,,,,,,,,262928960.0,259603490.0,258444060.0,224850860.0,261192900.0,277249900.0,85676380.0,80978880.0,65714824.0,67501570.0,94056140.0,81492580.0,116085144.0,122411310.0,112450150.0,118772104.0,112557940.0,117287290.0,0.0,0.0,0.0,0.0,0.0,
636,225.06711406137848,2.2879083,height,,,,,,,,,,,9735916.0,11594234.0,8134391.5,7390713.0,9678294.0,10256145.0,0.0,0.0,0.0,0.0,0.0,0.0,0.0,0.0,0.0,0.0,0.0,0.0,0.0,0.0,0.0,0.0,0.0,
637,167.01285261734023,2.3262558,height,,,,,,,,,,,9374674.0,9682586.0,8760440.0,8962278.0,9580478.0,8358349.5,8119241.5,8178029.0,8983239.0,9134647.0,8535234.0,8164910.5,8172302.5,8934010.0,9613418.0,9317451.0,9424111.0,9397745.0,8463546.0,7511565.0,7123653.5,7519733.5,7755003.5,
638,210.05837762137165,2.3379862,height,,,,,,,,,,,11797359.0,13241143.0,13869637.0,13396697.0,16240991.0,15185330.0,0.0,0.0,0.0,0.0,0.0,0.0,0.0,6622512.0,0.0,6084604.5,0.0,6337806.0,0.0,0.0,0.0,0.0,0.0,
639,216.13823167764755,2.3761275,height,,,,,,,,,,,18367244.0,18862892.0,23574620.0,22079180.0,22048732.0,22560718.0,43057550.0,37974860.0,39636740.0,38217060.0,41898908.0,50049910.0,16102867.0,15744625.0,15891056.0,15090129.0,14491632.0,15496049.0,0.0,0.0,0.0,0.0,0.0,
640,309.07261160676234,2.4826035,height,,,,,,,,,,,46340424.0,43725056.0,51621916.0,38887890.0,45685064.0,56899860.0,0.0,7613830.0,0.0,0.0,0.0,0.0,9012899.0,12277325.0,9814613.0,11544336.0,11550602.0,9895783.0,0.0,0.0,0.0,0.0,0.0,
641,224.037634996662,2.5303552,height,,,,,,,,,,,28749720.0,23742204.0,22905848.0,18549332.0,23867058.0,35212430.0,0.0,0.0,0.0,0.0,0.0,0.0,0.0,6802355.5,0.0,7860589.5,7519700.0,7403594.0,0.0,0.0,0.0,0.0,0.0,
642,222.02214816784632,2.5865564,height,,,,,,,,,,,55400284.0,55960570.0,50871244.0,39089310.0,54288776.0,82382136.0,8536095.0,11853326.0,6699916.0,0.0,7586935.0,0.0,0.0,10584643.0,10034423.0,13756301.0,12062914.0,11414670.0,0.0,0.0,0.0,0.0,0.0,
643,232.1333539909188,2.5903885,height,,,,,,,,,,,105823530.0,123215220.0,137366660.0,126758776.0,117362590.0,144031020.0,147264420.0,118425190.0,113082220.0,132524950.0,117307630.0,161271840.0,62234668.0,63232200.0,59457720.0,63198130.0,60463900.0,59072050.0,0.0,0.0,0.0,0.0,0.0,
645,276.1592003610324,2.6287506,height,,,,,,,,,,,11076167.0,10868754.0,13925105.0,12742634.0,12268379.0,14241419.0,13383320.0,12067539.0,10422543.0,10907524.0,12017635.0,14226575.0,0.0,0.0,0.0,0.0,0.0,0.0,0.0,0.0,0.0,0.0,0.0,
646,227.07186068915303,2.644532,height,,,,,,,,,,,24801048.0,24831514.0,25171490.0,22773900.0,23619030.0,24533084.0,19954972.0,19948250.0,16059505.0,18279488.0,19525436.0,19036182.0,16993740.0,16354613.0,15344316.0,15881574.0,15690524.0,15893693.0,0.0,0.0,0.0,0.0,0.0,
647,226.0691516467155,2.6449287,height,,,,,,,,,,,306210240.0,289499400.0,326001800.0,262024430.0,298292770.0,302208960.0,239141100.0,246721620.0,194653000.0,211134420.0,234855490.0,227687070.0,204805810.0,196337970.0,194367820.0,187441540.0,195511950.0,191853170.0,0.0,0.0,0.0,0.0,0.0,
648,247.04765122158983,2.645726,height,,,,,,,,,,,47954428.0,44819650.0,48150720.0,40646390.0,46669276.0,49772320.0,31510826.0,31488256.0,26404602.0,21714260.0,28111084.0,26797164.0,21118334.0,22592302.0,20807136.0,21738978.0,19767238.0,18201102.0,0.0,0.0,0.0,0.0,0.0,
651,244.13313172620363,2.64654,height,,,,,,,,,,,28971600.0,34176024.0,46858910.0,34856216.0,37581990.0,39478350.0,25127256.0,21819434.0,20805388.0,24099764.0,22869830.0,26717418.0,14578731.0,14216328.0,15713175.0,15609475.0,15366424.0,14556410.0,0.0,0.0,0.0,0.0,0.0,
649,225.0658954865537,2.6465425,height,,,,,,,,,,,2160222700.0,2001137800.0,2286319900.0,1876115800.0,2028817900.0,2175817500.0,1717419600.0,1718366000.0,1387335700.0,1503831400.0,1695023000.0,1624580100.0,1490785900.0,1424671400.0,1371975000.0,1355462100.0,1376437500.0,1350127700.0,0.0,0.0,0.0,0.0,0.0,
650,207.05519439476976,2.6465495,height,,,,,,,,,,,67706664.0,64645556.0,75898980.0,59957316.0,61480720.0,69370310.0,57905624.0,57245948.0,40746530.0,48690950.0,54710296.0,54668180.0,49609148.0,46127544.0,44328016.0,38443812.0,38511964.0,39823256.0,0.0,0.0,0.0,0.0,0.0,
644,167.01290796970866,2.700454,height,,,,,,,,,,,10071649.0,10557700.0,9190652.0,10138014.0,9756700.0,9744345.0,9843497.0,10267277.0,9980100.0,9823006.0,9659746.0,9552784.0,9394686.0,10923810.0,11276683.0,10083633.0,10312556.0,10995383.0,8526321.0,8205787.0,8007464.5,9287980.0,8990132.0,
653,299.2331107892448,2.7244563,height,,,,,,,,,,,12424032.0,12090374.0,10890597.0,8379573.0,11020641.0,13430604.0,12126291.0,13959426.0,9183197.0,8845970.0,11235323.0,10663780.0,0.0,6880666.0,0.0,6712865.0,0.0,0.0,17638352.0,16916032.0,20781426.0,15654806.0,15036998.0,
654,322.1187506541815,2.7954304,height,,,,,,,,,,,0.0,0.0,0.0,0.0,0.0,0.0,13670347.0,13995050.0,13373310.0,11291222.0,13353680.0,14593597.0,0.0,0.0,0.0,0.0,0.0,0.0,0.0,0.0,0.0,0.0,0.0,
655,206.02715115552311,2.8628197,height,,,,,,,,,,,26583538.0,31143378.0,37934000.0,32685952.0,34682956.0,44265600.0,0.0,0.0,0.0,0.0,0.0,0.0,9693275.0,11971613.0,12516497.0,13796206.0,15244551.0,14529685.0,0.0,0.0,0.0,0.0,0.0,
662,326.0703937473679,2.9382894,height,,,,,,,,,,,488564260.0,481691800.0,573229100.0,528786140.0,494652540.0,580811000.0,48403724.0,43154890.0,34094176.0,37671360.0,39715172.0,41942524.0,159950880.0,201066130.0,190950020.0,199644380.0,185036820.0,209320880.0,0.0,0.0,0.0,0.0,0.0,
658,327.06213815026246,2.9383001,height,,,,,,,,,,,236096340.0,244299800.0,286678800.0,252926670.0,241213500.0,286023300.0,23123042.0,22167306.0,16867782.0,17267252.0,20708468.0,21116728.0,78373176.0,96867290.0,94566120.0,99991500.0,92737704.0,94175260.0,0.0,0.0,0.0,0.0,0.0,
661,328.06592287103007,2.9387224,height,,,,,,,,,,,40420850.0,40389860.0,47711044.0,41609116.0,40952770.0,50308996.0,0.0,0.0,0.0,0.0,0.0,0.0,13256575.0,15698836.0,16279676.0,16474929.0,15685078.0,15499272.0,0.0,0.0,0.0,0.0,0.0,
657,347.0493278922925,2.938771,height,,,,,,,,,,,32350950.0,32974646.0,32161228.0,33768590.0,32399776.0,34366412.0,0.0,0.0,0.0,0.0,0.0,0.0,15560544.0,18965258.0,18541436.0,15817421.0,17326104.0,16121320.0,0.0,0.0,0.0,0.0,0.0,
659,325.0676568005233,2.9391103,height,,,,,,,,,,,2839597600.0,2883605800.0,3393451500.0,2992219000.0,2921253600.0,3430727000.0,273459970.0,244259410.0,192752940.0,206407550.0,242133760.0,248266430.0,938086200.0,1152754300.0,1120475400.0,1184658000.0,1106918700.0,1146787300.0,0.0,0.0,0.0,0.0,0.0,
660,147.85979821223137,2.9393384,height,,,,,,,,,,,20883630.0,20586018.0,24669692.0,21594520.0,21338596.0,25063660.0,0.0,0.0,0.0,0.0,0.0,0.0,6866383.0,8188769.5,8490293.0,8610717.0,8019353.0,8895473.0,0.0,0.0,0.0,0.0,0.0,
664,702.0394596385249,2.9393432,height,,,,,,,,,,,14272652.0,13967327.0,19900428.0,17425222.0,17722092.0,18254130.0,0.0,0.0,0.0,0.0,0.0,0.0,0.0,5668718.5,0.0,0.0,0.0,0.0,0.0,0.0,0.0,0.0,0.0,
663,146.02626844046452,2.9404027,height,,,,,,,,,,,9289423.0,8757552.0,10791404.0,10973172.0,9422937.0,10578958.0,0.0,0.0,0.0,0.0,0.0,0.0,0.0,0.0,0.0,0.0,0.0,0.0,0.0,0.0,0.0,0.0,0.0,
666,419.0051541084331,2.9433508,height,,,,,,,,,,,9827591.0,10557858.0,11604934.0,11645707.0,10928708.0,11016554.0,0.0,0.0,0.0,0.0,0.0,0.0,10108716.0,8838925.0,7660855.5,7593303.0,7123554.5,0.0,0.0,0.0,0.0,0.0,0.0,
656,246.14894818600428,2.9447887,height,,,,,,,,,,,30060894.0,34039020.0,39769640.0,37151176.0,33907604.0,36637730.0,44054880.0,35496430.0,40734000.0,44490692.0,39061476.0,53753628.0,19945500.0,19828566.0,18272504.0,18641138.0,18450102.0,18289696.0,0.0,0.0,0.0,0.0,0.0,
667,225.06589258940332,2.949151,height,,,,,,,,,,,18143904.0,16393613.0,17480156.0,13593288.0,16144810.0,21003464.0,16033905.0,14948439.0,13270502.0,11536790.0,15405863.0,13502063.0,7864391.5,9343779.0,10579560.0,10204493.0,11158912.0,8935857.0,0.0,0.0,0.0,0.0,0.0,
668,307.02094856118686,3.021529,height,,,,,,,,,,,19776692.0,19239962.0,22783320.0,19055228.0,19294302.0,26291220.0,0.0,0.0,0.0,0.0,0.0,0.0,0.0,0.0,0.0,0.0,0.0,0.0,0.0,0.0,0.0,0.0,0.0,
670,242.15361455579983,3.0755026,height,,,,,,,,,,,8719850.0,10076769.0,12164850.0,11553161.0,16808162.0,11564908.0,43297292.0,39677010.0,38487656.0,36215596.0,68859180.0,81776710.0,10564695.0,9646101.0,9438727.0,8373569.0,9143950.0,9256076.0,0.0,0.0,0.0,0.0,0.0,
669,259.1518889996605,3.0767307,height,,,,,,,,,,,45045780.0,52742510.0,60884856.0,54415400.0,52158740.0,57632960.0,36903908.0,33654200.0,33008702.0,35563460.0,32493602.0,41193096.0,21805682.0,21001964.0,21106988.0,20900022.0,21000914.0,20136326.0,0.0,0.0,0.0,0.0,0.0,
672,515.2901605818088,3.0771756,height,,,,,,,,,,,43023456.0,48910364.0,67667130.0,55949772.0,52544744.0,62773092.0,33732980.0,28734550.0,26381978.0,28773308.0,24667332.0,28396236.0,11143057.0,13132597.0,12949133.0,13784272.0,13811971.0,11554133.0,0.0,0.0,0.0,0.0,0.0,
671,258.1487102040786,3.077578,height,,,,,,,,,,,247195980.0,278042430.0,326197760.0,301373440.0,273819800.0,311007170.0,209179920.0,173055260.0,186141740.0,186461090.0,186121520.0,225797420.0,117229500.0,117185400.0,113642430.0,112487704.0,117637290.0,113202830.0,0.0,0.0,0.0,0.0,0.0,
673,288.19565153973133,3.1032476,height,,,,,,,,,,,21765752.0,25715708.0,33940052.0,28980610.0,34654284.0,31431074.0,30926680.0,27980540.0,26314128.0,28575280.0,38354904.0,45989296.0,19785312.0,21419246.0,19332772.0,19458774.0,18505918.0,20705076.0,0.0,0.0,0.0,0.0,0.0,
674,167.01289416270592,3.1090615,height,,,,,,,,,,,10530964.0,10489498.0,10462064.0,10399931.0,10421310.0,10077060.0,10742197.0,11243728.0,10322280.0,10826035.0,10483165.0,10926296.0,9551597.0,10337657.0,10862245.0,10546314.0,10626015.0,10267455.0,8682847.0,9639346.0,8611482.0,9349884.0,9156322.0,
675,487.33200270693214,3.132565,height,,,,,,,,,,,0.0,0.0,11357732.0,7050300.0,19443074.0,10010930.0,52518724.0,49826130.0,57203370.0,48189400.0,110212370.0,140929360.0,0.0,0.0,0.0,0.0,0.0,0.0,0.0,0.0,0.0,0.0,0.0,
677,245.1729201342524,3.132893,height,,,,,,,,,,,23228306.0,30814154.0,33188228.0,28316806.0,48298732.0,33567644.0,91718160.0,88155784.0,83582060.0,85233064.0,132882056.0,168629710.0,26803436.0,27703486.0,25491272.0,24751816.0,24141548.0,24277238.0,0.0,0.0,0.0,0.0,0.0,
676,244.16967983217512,3.133296,height,,,,,,,,,,,125719890.0,168735860.0,187567280.0,162164740.0,269967360.0,183361520.0,518251800.0,481478660.0,478768900.0,483068930.0,760654600.0,955035800.0,150757310.0,157930820.0,145343920.0,136097280.0,135319740.0,136002270.0,0.0,0.0,0.0,0.0,0.0,
680,146.02592057714455,3.182172,height,,,,,,,,,,,8923285.0,9485399.0,10960854.0,8952912.0,8843596.0,11118371.0,0.0,0.0,0.0,0.0,0.0,0.0,0.0,0.0,0.0,0.0,0.0,0.0,0.0,0.0,0.0,0.0,0.0,
679,328.0658241848729,3.1821997,height,,,,,,,,,,,28841742.0,33547778.0,37537940.0,31691694.0,31083602.0,41207796.0,0.0,0.0,0.0,0.0,0.0,0.0,11307261.0,11504491.0,11163955.0,11871404.0,11020180.0,10872881.0,0.0,0.0,0.0,0.0,0.0,
682,325.06771529173835,3.1827993,height,,,,,,,,,,,2124438800.0,2275250700.0,2583173000.0,2280553500.0,2247656200.0,2907609600.0,118400370.0,122159690.0,98545544.0,93243070.0,124180330.0,105412150.0,821330500.0,819722400.0,800114050.0,844633660.0,756461500.0,789728060.0,0.0,0.0,0.0,0.0,0.0,
681,279.0622028936553,3.183256,height,,,,,,,,,,,9262787.0,10088813.0,11656030.0,8953285.0,9122357.0,10566738.0,0.0,0.0,0.0,0.0,0.0,0.0,9481885.0,7651890.5,6336124.0,5934155.5,0.0,6464610.0,0.0,0.0,0.0,0.0,0.0,
683,147.85949096636327,3.1833942,height,,,,,,,,,,,15533079.0,16648080.0,18848650.0,16937860.0,16483910.0,21180242.0,0.0,0.0,0.0,0.0,0.0,0.0,0.0,0.0,0.0,0.0,0.0,0.0,0.0,0.0,0.0,0.0,0.0,
685,272.1643812064868,3.2298644,height,,,,,,,,,,,10673600.0,12493114.0,17631516.0,13575857.0,13533809.0,16620007.0,0.0,0.0,0.0,0.0,0.0,0.0,0.0,0.0,0.0,0.0,0.0,0.0,0.0,0.0,0.0,0.0,0.0,
686,225.0659808513361,3.2339077,height,,,,,,,,,,,12384278.0,10195203.0,12792596.0,9056097.0,11363339.0,13616943.0,7878904.0,8141746.0,7088097.5,6472395.5,8905859.0,7162590.5,0.0,5498424.5,5798854.5,6832326.5,6222316.5,5680039.5,0.0,0.0,0.0,0.0,0.0,
690,778.4791451770483,3.2843077,height,,,,,,,,,,,9831727.0,14458320.0,15032142.0,17297772.0,10738555.0,17289066.0,10046734.0,11142740.0,11056928.0,9996876.0,16136658.0,9276971.0,0.0,0.0,0.0,0.0,0.0,5964276.0,0.0,0.0,0.0,0.0,0.0,
687,262.1708808188317,3.2882457,height,,,,,,,,,,,27763250.0,28301608.0,34256796.0,29192076.0,28560232.0,31836060.0,27978868.0,25544672.0,25987754.0,29387326.0,28249950.0,31372620.0,15419532.0,17112616.0,16292821.0,15122750.0,14821069.0,16830006.0,0.0,0.0,0.0,0.0,0.0,
688,519.3223709141944,3.288224,height,,,,,,,,,,,499031600.0,602654400.0,637863740.0,588429900.0,580828900.0,636773000.0,560585660.0,527299800.0,491653000.0,516251000.0,560134900.0,656956350.0,271913570.0,323261250.0,260293870.0,293828100.0,259902510.0,291301020.0,0.0,0.0,0.0,0.0,0.0,
684,260.16473800900906,3.2886188,height,,,,,,,,,,,1525542400.0,1670025900.0,1893437300.0,1720870700.0,1680532400.0,1832431900.0,1656073000.0,1530310400.0,1422278400.0,1553656600.0,1573624600.0,1828234000.0,926477300.0,965297300.0,871472700.0,891901900.0,884304500.0,890445100.0,0.0,0.0,0.0,0.0,0.0,
691,261.16793104100816,3.2886393,height,,,,,,,,,,,261644930.0,298990500.0,337296260.0,305426780.0,296104640.0,330837340.0,291686530.0,261298080.0,245821780.0,275454340.0,278217020.0,326080400.0,165653260.0,171597860.0,154701100.0,157371470.0,159048780.0,168599860.0,0.0,0.0,0.0,0.0,0.0,
693,563.3486715571022,3.3089004,height,,,,,,,,,,,16647767.0,19726810.0,22999418.0,23517686.0,18354010.0,24101920.0,16499380.0,15014510.0,14958682.0,15495140.0,15590509.0,18612726.0,8373645.0,8007673.0,8262119.0,0.0,0.0,8898441.0,0.0,0.0,0.0,0.0,0.0,
692,304.1908876226,3.3101006,height,,,,,,,,,,,47886640.0,63042412.0,69259940.0,67822984.0,60005600.0,71233816.0,53782770.0,46925804.0,48879244.0,53191556.0,50308804.0,61112860.0,31311996.0,31432728.0,28693376.0,30839508.0,29527200.0,29973980.0,0.0,0.0,0.0,0.0,0.0,
697,225.0659864454533,3.3629518,height,,,,,,,,,,,11429196.0,10381514.0,10527396.0,8118274.0,10182369.0,12418555.0,6379035.0,7252768.5,6138950.0,5513279.5,6804349.0,5640055.0,0.0,0.0,0.0,6433907.0,6249265.0,0.0,0.0,0.0,0.0,0.0,0.0,
694,306.1911659613521,3.3679824,height,,,,,,,,,,,21251774.0,19453116.0,23293062.0,17922824.0,0.0,26026626.0,28073388.0,27489702.0,20390784.0,20491924.0,0.0,0.0,9558232.0,8197247.5,7670189.0,7909664.0,7952675.5,7928529.5,0.0,0.0,27418186.0,0.0,0.0,
695,257.13844503531,3.368353,height,,,,,,,,,,,9794835.0,9120698.0,11627332.0,8638775.0,0.0,11776599.0,13902118.0,12627461.0,9247124.0,10119351.0,0.0,0.0,0.0,0.0,0.0,0.0,0.0,0.0,0.0,0.0,14443060.0,0.0,0.0,
696,334.2224131766461,3.369306,height,,,,,,,,,,,19937908.0,18608692.0,22775536.0,15971149.0,0.0,24061748.0,23951406.0,26887024.0,19388622.0,20115648.0,0.0,0.0,6518388.5,8258665.5,8424093.0,8632448.0,8624848.0,9455128.0,0.0,0.0,19985174.0,0.0,0.0,
698,274.27397851627245,3.4014683,height,,,,,,,,,,,11729314.0,10922672.0,10778757.0,12416584.0,11702300.0,11769154.0,12146880.0,12208319.0,11888456.0,12186420.0,11743444.0,11924292.0,11229580.0,11583466.0,11792238.0,11899064.0,11087558.0,11048312.0,11822631.0,11509709.0,11446662.0,11240797.0,11470875.0,
699,272.1645867712494,3.4141037,height,,,,,,,,,,,59523020.0,71340610.0,83279520.0,73009490.0,68755310.0,85532640.0,15614437.0,16780446.0,15737088.0,15415170.0,17973142.0,19716744.0,21705412.0,23536992.0,21898542.0,21428346.0,21146432.0,21208360.0,0.0,0.0,0.0,0.0,0.0,
700,302.17518458714414,3.417436,height,,,,,,,,,,,25267970.0,28474106.0,36386584.0,31673334.0,27829184.0,33905184.0,16318829.0,16807810.0,14837672.0,15229978.0,15553302.0,19297522.0,10806807.0,12001676.0,12168513.0,12019379.0,11999996.0,11580226.0,0.0,0.0,0.0,0.0,0.0,
701,290.17516407619866,3.4240894,height,,,,,,,,,,,17098012.0,21205972.0,26111706.0,21822310.0,20894804.0,23420302.0,0.0,0.0,0.0,0.0,0.0,0.0,8983643.0,9287746.0,8995028.0,8910214.0,8396150.0,8899510.0,0.0,0.0,0.0,0.0,0.0,
703,258.18576824241217,3.4854465,height,,,,,,,,,,,0.0,0.0,0.0,0.0,11868820.0,0.0,21568952.0,20910246.0,20426328.0,21657548.0,33382388.0,42355548.0,0.0,6346907.0,0.0,0.0,0.0,0.0,0.0,0.0,0.0,0.0,0.0,
704,519.3227719525111,3.5021966,height,,,,,,,,,,,0.0,0.0,0.0,0.0,0.0,0.0,0.0,12562338.0,10226091.0,8161148.0,6575299.0,6820465.5,0.0,0.0,0.0,0.0,0.0,0.0,0.0,0.0,0.0,0.0,0.0,
705,261.1682206269666,3.5061355,height,,,,,,,,,,,0.0,0.0,5212276.0,0.0,11781607.0,6766901.0,34954470.0,70810090.0,61273504.0,55761932.0,52951276.0,51457970.0,0.0,0.0,0.0,0.0,5577309.5,5424755.5,0.0,0.0,0.0,0.0,0.0,
706,260.1648561267541,3.5154333,height,,,,,,,,,,,25121606.0,28747864.0,29626666.0,17899018.0,66313960.0,36839436.0,197892050.0,401978300.0,345138400.0,320516380.0,274869340.0,285057120.0,5955918.5,23627228.0,27003580.0,29728288.0,31807504.0,29850986.0,0.0,0.0,0.0,0.0,0.0,
708,286.18041252061033,3.605951,height,,,,,,,,,,,15132191.0,16078647.0,22890740.0,17252804.0,16738063.0,22077172.0,14096382.0,13403836.0,13243471.0,13987820.0,13789361.0,18424654.0,0.0,0.0,0.0,0.0,5610914.0,0.0,0.0,0.0,0.0,0.0,0.0,
709,275.1834834998432,3.6227837,height,,,,,,,,,,,41001850.0,44257148.0,52457644.0,47998188.0,38544240.0,15724539.0,15373509.0,16327395.0,15689233.0,16706623.0,16825514.0,21308836.0,13850490.0,16114526.0,14785667.0,13816548.0,14234711.0,15356885.0,0.0,0.0,0.0,0.0,0.0,
710,274.1802671136834,3.6257946,height,,,,,,,,,,,204649820.0,231539520.0,277818620.0,234252420.0,209469840.0,256499970.0,79650930.0,85319120.0,79599860.0,84568270.0,86518220.0,105424690.0,73948424.0,82643580.0,72655016.0,74055896.0,71577840.0,75031630.0,0.0,0.0,0.0,0.0,0.0,
711,547.3532994538547,3.627805,height,,,,,,,,,,,27988984.0,38760504.0,52743970.0,38659500.0,32383094.0,47519708.0,0.0,0.0,0.0,0.0,0.0,9120791.0,0.0,0.0,0.0,0.0,0.0,0.0,0.0,0.0,0.0,0.0,0.0,
713,272.2586168569988,3.6376028,height,,,,,,,,,,,11936584.0,11526692.0,10329884.0,10920791.0,10668925.0,10586394.0,11938246.0,10838074.0,10777822.0,11655161.0,11543896.0,12272805.0,10082979.0,12266216.0,11524303.0,11370209.0,11552920.0,12197369.0,12885558.0,10923071.0,11731877.0,12622556.0,13032558.0,
712,258.1493108762367,3.6431293,height,,,,,,,,,,,0.0,0.0,0.0,0.0,0.0,0.0,5545019.0,12899837.0,10064505.0,8494732.0,7715435.5,7704857.5,0.0,0.0,0.0,0.0,0.0,0.0,0.0,0.0,0.0,0.0,0.0,
714,276.15973983911914,3.6522372,height,,,,,,,,,,,17688962.0,16000868.0,16960390.0,12140055.0,19575700.0,31970272.0,7372815.5,17047478.0,12502348.0,10572448.0,10220761.0,10250113.0,0.0,0.0,0.0,6111726.5,5524382.5,0.0,0.0,0.0,0.0,0.0,0.0,
718,241.14371896598607,3.6803868,height,,,,,,,,,,,9330810.0,10910204.0,12299297.0,10581539.0,0.0,12802351.0,14285174.0,12158094.0,9936599.0,10461519.0,0.0,0.0,0.0,0.0,0.0,0.0,0.0,0.0,0.0,0.0,15837435.0,0.0,0.0,
725,301.1650089086359,3.6810253,height,,,,,,,,,,,23428686.0,25764382.0,29469680.0,25218254.0,7869614.5,28442232.0,32869180.0,29782588.0,25750520.0,24904390.0,0.0,0.0,11424513.0,10930155.0,9740501.0,10233430.0,9509994.0,8883111.0,0.0,0.0,37215704.0,0.0,0.0,
716,269.1386263995575,3.6814542,height,,,,,,,,,,,22526260.0,23861648.0,29123738.0,23459552.0,7476555.0,26631766.0,32486536.0,29333360.0,24712492.0,23826230.0,0.0,0.0,11182974.0,10105804.0,9212792.0,9952467.0,9009014.0,8048977.5,0.0,0.0,36443700.0,0.0,0.0,
720,318.1915620206449,3.6815498,height,,,,,,,,,,,60951268.0,69518936.0,75333460.0,65398388.0,19901200.0,74294536.0,82931790.0,77084920.0,68005710.0,63851384.0,11562542.0,11785213.0,27839464.0,25064720.0,23707916.0,24896056.0,24437516.0,23331284.0,8648636.0,11119314.0,90016500.0,8643394.0,7983364.5,
726,346.2228550260628,3.6824806,height,,,,,,,,,,,50351296.0,62754676.0,64561764.0,61042390.0,18551994.0,62732610.0,65486556.0,64883772.0,62005148.0,59500620.0,12298353.0,11924435.0,20812638.0,23075664.0,24454898.0,24814968.0,23268568.0,21274596.0,8758487.0,10069693.0,55190556.0,8211017.0,8563268.0,
717,323.1467973822116,3.6876204,height,,,,,,,,,,,10652736.0,13333941.0,15469439.0,14060642.0,0.0,13944190.0,18574046.0,14917037.0,13319774.0,13928155.0,0.0,0.0,7373231.5,0.0,0.0,0.0,0.0,0.0,0.0,0.0,21914464.0,0.0,0.0,
715,270.18542579907904,3.6877196,height,,,,,,,,,,,0.0,0.0,0.0,0.0,0.0,0.0,24232318.0,22955570.0,22494000.0,23229750.0,25779018.0,32525024.0,11353634.0,11018195.0,11071912.0,9286285.0,9134076.0,9070345.0,0.0,0.0,0.0,0.0,0.0,
727,313.35796608074435,3.7199037,height,,,,,,,,,,,27044132.0,33533486.0,37644204.0,33119402.0,30600076.0,37076104.0,23714634.0,37243696.0,28818980.0,27230818.0,28015414.0,23248952.0,14379558.0,15175023.0,17041060.0,15742023.0,16705584.0,16744533.0,0.0,0.0,0.0,0.0,0.0,
729,287.1836686779862,3.7407973,height,,,,,,,,,,,114835610.0,151293420.0,158629180.0,144533040.0,146073180.0,168789650.0,64924920.0,71962190.0,59801744.0,61680508.0,77238200.0,83773600.0,65992224.0,69406720.0,61044050.0,60132188.0,23323044.0,58301576.0,0.0,0.0,0.0,0.0,0.0,
731,288.1865741473562,3.7420144,height,,,,,,,,,,,14255447.0,17109352.0,18442424.0,14869492.0,15699065.0,18589484.0,7156720.0,7918751.5,6602997.0,6542744.5,7820818.5,0.0,7604788.5,7543642.5,6589479.0,6469289.5,0.0,6680383.0,0.0,0.0,0.0,0.0,0.0,
733,286.1804558004889,3.7428436,height,,,,,,,,,,,582609000.0,760445500.0,824739500.0,709198600.0,728941100.0,864120300.0,321778400.0,334099040.0,294190140.0,308362660.0,356138780.0,438361400.0,319609440.0,339450100.0,302143140.0,305694000.0,266024210.0,289682460.0,0.0,0.0,0.0,0.0,0.0,
732,571.3537657218026,3.7436528,height,,,,,,,,,,,147961220.0,197331100.0,223398580.0,193648110.0,193541870.0,236660350.0,49021320.0,58216330.0,49631064.0,51804212.0,69428310.0,89617040.0,51244676.0,62701110.0,53477370.0,57517476.0,47453550.0,50027956.0,0.0,0.0,0.0,0.0,0.0,
735,539.3640834866343,3.7834902,height,,,,,,,,,,,0.0,0.0,0.0,0.0,0.0,0.0,63687360.0,71713500.0,67401340.0,80432390.0,67924664.0,70489830.0,0.0,0.0,0.0,0.0,0.0,0.0,0.0,0.0,0.0,0.0,0.0,
736,270.1856165825056,3.785693,height,,,,,,,,,,,37353700.0,42918100.0,54092988.0,39957770.0,44420576.0,46681452.0,690837250.0,722610200.0,632686340.0,735945700.0,638550300.0,754767700.0,100395160.0,95741600.0,93530370.0,92456910.0,83234660.0,84155290.0,0.0,0.0,0.0,0.0,0.0,
734,271.18892500206715,3.7861023,height,,,,,,,,,,,7626760.0,9234845.0,10940145.0,8059370.0,8774125.0,9546046.0,135281060.0,143331620.0,123290050.0,148345680.0,127731190.0,151777440.0,22188308.0,19049420.0,18985498.0,18687034.0,16714248.0,17301856.0,0.0,0.0,0.0,0.0,0.0,
738,555.3590861276688,3.7881553,height,,,,,,,,,,,0.0,0.0,10135034.0,0.0,6297953.0,7920842.0,23103184.0,19775046.0,19912556.0,23853952.0,25157712.0,30490728.0,0.0,0.0,6947956.5,0.0,0.0,0.0,0.0,0.0,0.0,0.0,0.0,
740,543.3952537752724,3.8278227,height,,,,,,,,,,,0.0,0.0,0.0,0.0,0.0,0.0,72116984.0,93860430.0,72464400.0,75897350.0,69838460.0,83991860.0,0.0,0.0,0.0,0.0,0.0,0.0,0.0,0.0,0.0,0.0,0.0,
739,272.20116862251024,3.828458,height,,,,,,,,,,,38360268.0,47737544.0,52553124.0,51545668.0,78576870.0,50746920.0,661457150.0,715389440.0,594806460.0,661170050.0,618126800.0,724071900.0,149688340.0,158193340.0,136093970.0,121456210.0,129324984.0,119049816.0,0.0,0.0,0.0,0.0,0.0,
741,273.20440798794164,3.828887,height,,,,,,,,,,,7667785.5,9510957.0,11598956.0,10861424.0,15644499.0,9994226.0,132870440.0,141449220.0,118273770.0,132009780.0,124989256.0,145795280.0,29471708.0,31693364.0,27180232.0,24462044.0,25616208.0,23589524.0,0.0,0.0,0.0,0.0,0.0,
743,406.2440541629523,3.845676,height,,,,,,,,,,,10068588.0,12873210.0,12851056.0,11885533.0,0.0,13496906.0,14445342.0,12726503.0,10931491.0,11476358.0,0.0,0.0,0.0,0.0,0.0,0.0,0.0,0.0,0.0,0.0,15710355.0,0.0,0.0,
744,434.27527840695655,3.8600082,height,,,,,,,,,,,9225240.0,10634404.0,13158427.0,11791305.0,0.0,13367584.0,9912310.0,10848946.0,9997318.0,10095944.0,0.0,0.0,0.0,0.0,0.0,0.0,0.0,0.0,0.0,0.0,10947785.0,0.0,0.0,
745,274.1800157409928,3.8796365,height,,,,,,,,,,,0.0,0.0,0.0,0.0,0.0,0.0,6189006.0,10952711.0,9085182.0,8273746.0,7245547.5,7785375.0,0.0,0.0,0.0,0.0,0.0,0.0,0.0,0.0,0.0,0.0,0.0,
746,300.1960559906891,3.9123058,height,,,,,,,,,,,7295625.0,9336216.0,11645473.0,9243010.0,8985935.0,11379911.0,0.0,0.0,0.0,0.0,7370877.5,8182920.0,0.0,0.0,0.0,0.0,0.0,0.0,0.0,0.0,0.0,0.0,0.0,
748,460.2696905871665,3.9288645,height,,,,,,,,,,,16651011.0,18947634.0,26242514.0,19855772.0,18911138.0,23579196.0,9462179.0,9669917.0,10293436.0,10954968.0,8424137.0,10099144.0,14798850.0,17805122.0,18851360.0,17378262.0,16045957.0,16092760.0,0.0,0.0,0.0,0.0,0.0,
747,432.2381974654671,3.930755,height,,,,,,,,,,,9307939.0,10541308.0,15005006.0,10628287.0,10279551.0,14359968.0,0.0,0.0,0.0,0.0,0.0,0.0,10316291.0,9248697.0,9321464.0,8838908.0,8390233.0,7814917.5,0.0,0.0,0.0,0.0,0.0,
749,290.20205523275354,3.9542592,height,,,,,,,,,,,19026134.0,22004562.0,26708498.0,22171974.0,21263994.0,23731524.0,11133216.0,10505120.0,8812987.0,9769651.0,11396364.0,15182414.0,0.0,10149299.0,9076398.0,8995641.0,8304241.5,8332054.0,0.0,0.0,0.0,0.0,0.0,
750,289.19917895536366,3.9561577,height,,,,,,,,,,,176790600.0,187716910.0,232553700.0,208991790.0,183027820.0,215685740.0,101153500.0,94387816.0,84124760.0,88797570.0,102834424.0,135758750.0,90327250.0,95650776.0,80658590.0,85580960.0,79375710.0,77341860.0,0.0,0.0,0.0,0.0,0.0,
751,288.1959973984178,3.9569812,height,,,,,,,,,,,836507600.0,948664260.0,1148449700.0,1032168700.0,907927800.0,1064577100.0,483211330.0,473303700.0,417347230.0,435441300.0,518214620.0,671151500.0,437022140.0,446086000.0,389283460.0,428024800.0,404548860.0,386320030.0,0.0,0.0,0.0,0.0,0.0,
752,575.3848321919627,3.9569697,height,,,,,,,,,,,249072930.0,300560100.0,367508640.0,332281660.0,284259170.0,324671230.0,109605660.0,109442400.0,89353430.0,103323770.0,128383970.0,172126370.0,94634800.0,97755170.0,83222830.0,97317430.0,85842360.0,79752010.0,0.0,0.0,0.0,0.0,0.0,
756,284.20110887308266,4.061598,height,,,,,,,,,,,0.0,0.0,0.0,0.0,0.0,0.0,12562335.0,13791338.0,13034394.0,13425328.0,10622268.0,13826990.0,0.0,0.0,0.0,0.0,0.0,0.0,0.0,0.0,0.0,0.0,0.0,
754,300.1957439504866,4.0721126,height,,,,,,,,,,,7306711.5,9882874.0,10202535.0,8592002.0,9863795.0,10025480.0,0.0,0.0,0.0,0.0,0.0,0.0,0.0,0.0,0.0,0.0,0.0,0.0,0.0,0.0,0.0,0.0,0.0,
755,298.2165004001905,4.1200047,height,,,,,,,,,,,6615606.5,7878796.5,9065538.0,7557088.5,9038615.0,8976220.0,193383120.0,204439980.0,193502500.0,196715040.0,165331260.0,204078900.0,22605354.0,24323528.0,23344770.0,21421640.0,20501176.0,20345780.0,0.0,0.0,0.0,0.0,0.0,
757,418.2434569219989,4.1364555,height,,,,,,,,,,,6871913.0,8391055.0,8464642.0,7010939.5,0.0,9394655.0,8428486.0,7652057.5,7479310.0,7645736.5,0.0,0.0,0.0,0.0,0.0,0.0,0.0,0.0,0.0,0.0,9859093.0,0.0,0.0,
758,446.27478030259135,4.138713,height,,,,,,,,,,,7432160.5,8716521.0,9373196.0,8269963.5,0.0,9889696.0,7258963.5,7782478.0,7405395.5,7151492.0,0.0,0.0,0.0,0.0,0.0,0.0,0.0,0.0,0.0,0.0,7844181.5,0.0,0.0,
759,296.2009865357304,4.139685,height,,,,,,,,,,,0.0,0.0,0.0,0.0,0.0,0.0,31808256.0,35488856.0,34535444.0,31850896.0,27699844.0,34753724.0,0.0,0.0,0.0,0.0,0.0,0.0,0.0,0.0,0.0,0.0,0.0,
760,286.2167037248848,4.1643076,height,,,,,,,,,,,0.0,0.0,0.0,0.0,0.0,0.0,13657048.0,14487461.0,13693403.0,13537695.0,12362104.0,14037642.0,0.0,0.0,0.0,0.0,0.0,0.0,0.0,0.0,0.0,0.0,0.0,
761,312.1959302472093,4.1745853,height,,,,,,,,,,,13828835.0,17974032.0,22335886.0,15756925.0,26037878.0,21009294.0,7020461.0,8267596.0,7357935.5,7821133.0,10304593.0,13293476.0,7090674.0,7779196.0,7518561.5,6915035.0,6541161.0,7171979.5,0.0,0.0,0.0,0.0,0.0,
762,304.2997190718796,4.2053103,height,,,,,,,,,,,0.0,0.0,20552972.0,0.0,0.0,0.0,0.0,0.0,0.0,0.0,0.0,0.0,0.0,0.0,0.0,0.0,0.0,0.0,0.0,0.0,0.0,0.0,0.0,
763,298.21660358246766,4.219329,height,,,,,,,,,,,0.0,0.0,0.0,0.0,0.0,0.0,65170300.0,65787092.0,63226380.0,68530510.0,57867140.0,69944200.0,0.0,0.0,0.0,0.0,0.0,0.0,0.0,0.0,0.0,0.0,0.0,
765,288.1959623864663,4.226148,height,,,,,,,,,,,0.0,0.0,5814731.0,0.0,0.0,0.0,43091784.0,98429110.0,80060930.0,71502504.0,59259216.0,54299920.0,0.0,0.0,0.0,0.0,0.0,0.0,0.0,0.0,0.0,0.0,0.0,
766,314.2112308839516,4.2390585,height,,,,,,,,,,,116902210.0,145942030.0,170090140.0,141288350.0,166386930.0,164482700.0,79056264.0,87533360.0,84871336.0,86251144.0,105055500.0,115348740.0,62917240.0,68457790.0,60897092.0,62217136.0,60047616.0,55672470.0,0.0,0.0,0.0,0.0,0.0,
767,627.4147307911104,4.240154,height,,,,,,,,,,,14042401.0,15978941.0,22128610.0,18123232.0,25233516.0,21048810.0,0.0,0.0,0.0,0.0,7805803.5,0.0,0.0,0.0,0.0,0.0,0.0,0.0,0.0,0.0,0.0,0.0,0.0,
769,640.391047066854,4.3266463,height,,,,,,,,,,,16467701.0,19063222.0,24610424.0,16840862.0,19512630.0,23097996.0,0.0,0.0,0.0,0.0,0.0,0.0,15552086.0,16301393.0,14941978.0,15663823.0,15842269.0,16328778.0,0.0,0.0,0.0,0.0,0.0,
773,286.1802402085317,4.37457,height,,,,,,,,,,,0.0,0.0,0.0,0.0,0.0,0.0,16641133.0,46607784.0,34205500.0,27123010.0,23685666.0,22341966.0,0.0,0.0,0.0,0.0,0.0,0.0,0.0,0.0,0.0,0.0,0.0,
771,314.21151128048785,4.377787,height,,,,,,,,,,,8370688.5,9033350.0,11095597.0,9645429.0,13541219.0,11747356.0,12551843.0,11218608.0,10254131.0,12485750.0,11866055.0,14035750.0,6459344.5,7039003.0,6714337.5,6035970.0,0.0,5979208.0,0.0,0.0,0.0,0.0,0.0,
778,322.20119304999787,4.4511504,height,,,,,,,,,,,9416019.0,10565247.0,12528148.0,10511271.0,0.0,12681697.0,10256387.0,10833797.0,10811752.0,11065827.0,0.0,0.0,0.0,0.0,0.0,0.0,0.0,0.0,0.0,0.0,16755866.0,0.0,0.0,
775,298.21655199850545,4.4555593,height,,,,,,,,,,,0.0,0.0,0.0,0.0,0.0,0.0,75499660.0,89605336.0,79969170.0,74399870.0,67968600.0,83528700.0,9796473.0,10354411.0,9937220.0,10191994.0,6759168.5,9250374.0,0.0,0.0,0.0,0.0,0.0,
776,305.1746144546232,4.456329,height,,,,,,,,,,,13130643.0,14802306.0,16364561.0,13965089.0,8114967.5,14977699.0,15984463.0,13121631.0,12444630.0,13650988.0,0.0,6559406.5,6756350.5,6057312.0,0.0,0.0,0.0,0.0,0.0,7637458.0,22752584.0,0.0,0.0,
774,327.1564597718236,4.456485,height,,,,,,,,,,,7596062.0,8424001.0,8898653.0,7275910.5,0.0,8162619.0,9119847.0,7305479.0,6942554.5,7200338.5,0.0,0.0,0.0,0.0,0.0,0.0,0.0,0.0,0.0,0.0,12451226.0,0.0,0.0,
777,350.2324857676246,4.4571495,height,,,,,,,,,,,11202931.0,12448405.0,15162292.0,13204660.0,9037943.0,14554226.0,12335233.0,11807383.0,11917316.0,12193719.0,0.0,6186838.5,0.0,0.0,6455126.0,6502561.0,0.0,6453763.0,7418989.5,7565532.5,14818082.0,7265130.5,6550721.0,
779,301.23566057048714,4.4961033,height,,,,,,,,,,,0.0,0.0,0.0,0.0,0.0,0.0,34681828.0,37510090.0,33973956.0,33982936.0,30602516.0,38114696.0,0.0,0.0,0.0,0.0,0.0,0.0,0.0,0.0,0.0,0.0,0.0,
780,300.23238436712865,4.49933,height,,,,,,,,,,,0.0,0.0,5809598.5,0.0,0.0,5603986.0,154747230.0,168672290.0,154636930.0,153345060.0,135506100.0,169511550.0,22890236.0,24046712.0,22874552.0,23297070.0,17031862.0,19440648.0,0.0,0.0,0.0,0.0,0.0,
781,314.21152287249447,4.5392466,height,,,,,,,,,,,0.0,0.0,0.0,0.0,0.0,0.0,5900198.5,13858572.0,10349710.0,9320155.0,8240262.5,7545558.5,0.0,0.0,0.0,0.0,0.0,0.0,0.0,0.0,0.0,0.0,0.0,
782,320.0856095215573,4.576973,height,,,,,,,,,,,11064758.0,10058171.0,9153589.0,6578543.5,9471805.0,13844679.0,0.0,0.0,0.0,0.0,0.0,0.0,0.0,0.0,0.0,0.0,0.0,0.0,0.0,0.0,0.0,0.0,0.0,
783,499.2883989041275,4.584557,height,,,,,,,,,,,19073398.0,23721032.0,27596646.0,23694550.0,26188346.0,28351336.0,0.0,0.0,0.0,0.0,0.0,0.0,21154316.0,21288480.0,21183780.0,21166778.0,19571030.0,21435642.0,0.0,0.0,0.0,0.0,0.0,
784,494.3332896431978,4.585227,height,,,,,,,,,,,75513860.0,96355110.0,114189040.0,97812400.0,94339890.0,116703430.0,0.0,0.0,0.0,0.0,0.0,0.0,84919464.0,84260180.0,86155300.0,88718850.0,80953016.0,86531450.0,0.0,0.0,0.0,0.0,0.0,
785,654.4067384754145,4.5955806,height,,,,,,,,,,,9607914.0,12462246.0,14355790.0,11822458.0,10426576.0,15595576.0,0.0,0.0,0.0,0.0,0.0,0.0,8289105.5,8915703.0,8500347.0,8272168.0,8649325.0,9129621.0,0.0,0.0,0.0,0.0,0.0,
786,316.22717988386944,4.6108575,height,,,,,,,,,,,22996444.0,25691168.0,29495426.0,25875024.0,27515156.0,31374042.0,32394978.0,38790544.0,36928900.0,32664974.0,31225046.0,36479810.0,15181754.0,17204216.0,15190742.0,16404271.0,16508020.0,15067813.0,0.0,0.0,0.0,0.0,0.0,
787,324.2324797831142,4.6657805,height,,,,,,,,,,,0.0,0.0,0.0,0.0,0.0,0.0,19209820.0,20732660.0,19589886.0,20082534.0,16542771.0,19509286.0,0.0,0.0,0.0,0.0,0.0,0.0,0.0,0.0,0.0,0.0,0.0,
790,326.2480853322559,4.7054453,height,,,,,,,,,,,0.0,0.0,0.0,0.0,0.0,0.0,73971620.0,83986150.0,78233260.0,75331230.0,65183116.0,83707450.0,8593853.0,9115365.0,8507540.0,8617662.0,7938346.5,7914453.5,0.0,0.0,0.0,0.0,0.0,
789,327.2514326432169,4.7066703,height,,,,,,,,,,,0.0,0.0,0.0,0.0,0.0,0.0,18609222.0,20785516.0,19780186.0,18501494.0,15692481.0,20648652.0,0.0,0.0,0.0,0.0,0.0,0.0,0.0,0.0,0.0,0.0,0.0,
792,359.27919613118564,4.883379,height,,,,,,,,,,,51068244.0,59062532.0,69223650.0,51836576.0,57412070.0,72509624.0,0.0,0.0,0.0,0.0,0.0,0.0,38367780.0,44288812.0,38301624.0,43512604.0,33584060.0,36664612.0,0.0,0.0,0.0,0.0,0.0,
791,671.4301529557978,4.8833976,height,,,,,,,,,,,10381639.0,11446892.0,12382547.0,10577598.0,10493429.0,12476605.0,0.0,0.0,0.0,0.0,0.0,0.0,7258241.5,8765691.0,7683406.5,8272928.5,7527215.5,8310231.5,0.0,0.0,0.0,0.0,0.0,
793,668.422059076594,4.8835654,height,,,,,,,,,,,575419200.0,638893100.0,659749570.0,584218400.0,571742140.0,693956600.0,15348799.0,10039859.0,13760120.0,13656162.0,15851146.0,17878752.0,444204860.0,485511680.0,442896160.0,471200030.0,371662750.0,465121800.0,0.0,0.0,0.0,0.0,0.0,
796,293.12296883907874,4.8839984,height,,,,,,,,,,,10793273.0,12802604.0,14164019.0,11637985.0,12018521.0,14921143.0,0.0,0.0,0.0,0.0,0.0,0.0,7576267.5,8551699.0,8966536.0,9537201.0,6379619.0,7796082.0,0.0,0.0,0.0,0.0,0.0,
794,651.3956184168306,4.8845778,height,,,,,,,,,,,21092882.0,24406298.0,26829558.0,23098686.0,22646698.0,27545694.0,0.0,0.0,0.0,0.0,0.0,0.0,16882894.0,18314810.0,17093922.0,17851112.0,14471246.0,16403618.0,0.0,0.0,0.0,0.0,0.0,
795,1318.8109620311757,4.8845387,height,,,,,,,,,,,53494776.0,57437996.0,61809292.0,61765940.0,55714628.0,69252010.0,0.0,0.0,0.0,0.0,0.0,0.0,27340654.0,29017610.0,29952886.0,29077868.0,27392214.0,37954460.0,0.0,0.0,0.0,0.0,0.0,
798,376.3058926404215,4.8852344,height,,,,,,,,,,,12910871.0,16615784.0,17648530.0,12075396.0,14694639.0,18073270.0,0.0,0.0,0.0,0.0,0.0,0.0,9051047.0,11884929.0,8881596.0,12431193.0,7485139.5,7972040.0,0.0,0.0,0.0,0.0,0.0,
797,1323.7660681464663,4.885795,height,,,,,,,,,,,14908939.0,13218678.0,14106614.0,12448782.0,12290774.0,13922292.0,0.0,0.0,0.0,0.0,0.0,0.0,11521588.0,14404124.0,11134395.0,13110662.0,8893063.0,12754760.0,0.0,0.0,0.0,0.0,0.0,
801,341.2688189457845,4.8871193,height,,,,,,,,,,,0.0,6879869.0,7650566.0,6299044.5,7125363.5,7745572.0,0.0,0.0,0.0,0.0,0.0,0.0,0.0,0.0,0.0,0.0,0.0,0.0,0.0,0.0,0.0,0.0,0.0,
799,508.3484834048711,4.889286,height,,,,,,,,,,,19292438.0,19671980.0,23395266.0,18784692.0,19409404.0,21582040.0,0.0,0.0,0.0,0.0,0.0,0.0,20226082.0,20280784.0,19617986.0,21703078.0,17298022.0,19080852.0,0.0,0.0,0.0,0.0,0.0,
800,673.3769500588058,4.89189,height,,,,,,,,,,,37929750.0,35542936.0,31659130.0,32868866.0,34088060.0,37273084.0,0.0,0.0,0.0,0.0,0.0,0.0,40260796.0,40572972.0,37335788.0,38490972.0,32545934.0,36054556.0,0.0,0.0,0.0,0.0,0.0,
803,328.2636993911783,5.143072,height,,,,,,,,,,,0.0,0.0,0.0,0.0,0.0,0.0,49945150.0,54036932.0,51530424.0,52867590.0,42455300.0,52248490.0,0.0,0.0,0.0,0.0,0.0,0.0,0.0,0.0,0.0,0.0,0.0,
802,682.4355922405542,5.1792912,height,,,,,,,,,,,51968710.0,55762010.0,38315160.0,58159444.0,53635620.0,58587924.0,0.0,0.0,0.0,0.0,0.0,0.0,32337798.0,35369412.0,30033116.0,29717106.0,31934706.0,35724110.0,0.0,0.0,0.0,0.0,0.0,
807,341.2676083038773,5.18735,height,,,,,,,,,,,10604527.0,11326164.0,8848310.0,11755697.0,10839996.0,11006946.0,0.0,0.0,0.0,0.0,0.0,0.0,8178888.0,8361552.0,9531041.0,8656756.0,8308753.0,8322152.0,0.0,0.0,0.0,0.0,0.0,
813,153.12701118067395,5.1884856,height,,,,,,,,,,,12326843.0,16077768.0,11157369.0,14301507.0,13678667.0,15619731.0,0.0,0.0,0.0,0.0,0.0,0.0,10286410.0,10841021.0,11181773.0,10394608.0,9787346.0,12072696.0,0.0,0.0,0.0,0.0,0.0,
817,525.3707169555923,5.1885056,height,,,,,,,,,,,12244236.0,13938246.0,9965815.0,14383311.0,12573310.0,13757897.0,0.0,0.0,0.0,0.0,0.0,0.0,9882828.0,11867784.0,10725296.0,10096877.0,10795517.0,10903323.0,0.0,0.0,0.0,0.0,0.0,
808,1026.690817207534,5.18848,height,,,,,,,,,,,62094108.0,47102324.0,37756350.0,45807616.0,62940820.0,73969320.0,0.0,0.0,0.0,0.0,0.0,0.0,27389400.0,32375674.0,26417884.0,33367502.0,38213600.0,43364196.0,0.0,0.0,0.0,0.0,0.0,
809,1031.646286421041,5.1890535,height,,,,,,,,,,,76556660.0,81487260.0,59707496.0,84892640.0,82049480.0,82513590.0,0.0,0.0,0.0,0.0,0.0,0.0,63326476.0,75493180.0,63297504.0,62608650.0,74206940.0,79157850.0,0.0,0.0,0.0,0.0,0.0,
810,505.33590959525947,5.1896224,height,,,,,,,,,,,24994466.0,27763746.0,22068890.0,29564222.0,27753696.0,31727816.0,0.0,0.0,0.0,0.0,0.0,0.0,22680606.0,24874996.0,22398666.0,22664842.0,22181684.0,24038588.0,0.0,0.0,0.0,0.0,0.0,
811,359.2781148117186,5.189664,height,,,,,,,,,,,97330040.0,107498080.0,82273620.0,105350744.0,106409360.0,113250390.0,0.0,0.0,0.0,0.0,0.0,0.0,75859890.0,87446570.0,85242376.0,79112800.0,79545120.0,80527510.0,0.0,0.0,0.0,0.0,0.0,
805,523.3659334848434,5.189797,height,,,,,,,,,,,391338000.0,423098800.0,323654400.0,441380000.0,403127420.0,428813860.0,13088908.0,11680234.0,13126797.0,12444478.0,15491876.0,16971260.0,308415600.0,348786180.0,325045570.0,325152930.0,332639800.0,380722000.0,0.0,0.0,0.0,0.0,0.0,
812,522.3628208921525,5.1901827,height,,,,,,,,,,,1282465900.0,1355903100.0,1007090800.0,1408374000.0,1388192300.0,1488390300.0,42323744.0,38044680.0,41743236.0,41518880.0,46470204.0,58380270.0,1039450240.0,1180206500.0,1106144000.0,1068716800.0,1117687800.0,1122762500.0,0.0,0.0,0.0,0.0,0.0,
806,171.13732788405517,5.190762,height,,,,,,,,,,,8967974.0,11693993.0,7937554.0,10402263.0,10263730.0,11520241.0,0.0,0.0,0.0,0.0,0.0,0.0,7299200.5,8040515.0,7980390.5,7005795.5,8234107.5,8338551.5,0.0,0.0,0.0,0.0,0.0,
815,527.3177313042302,5.1909695,height,,,,,,,,,,,163120850.0,176639200.0,124288536.0,185017460.0,155068980.0,153888600.0,8806085.0,8383011.5,9774074.0,8637170.0,10457940.0,11846296.0,162034430.0,178140510.0,171205140.0,142836180.0,156287840.0,161500420.0,0.0,0.0,0.0,0.0,0.0,
814,376.3046457642524,5.1914144,height,,,,,,,,,,,13629737.0,16556193.0,13711535.0,15075416.0,16427640.0,15434865.0,0.0,0.0,0.0,0.0,0.0,0.0,11885531.0,11821938.0,11800472.0,10939344.0,11191145.0,9120385.0,0.0,0.0,0.0,0.0,0.0,
816,543.2911207267456,5.191913,height,,,,,,,,,,,13760115.0,15577688.0,10841316.0,14616551.0,13905039.0,14743255.0,0.0,0.0,0.0,0.0,0.0,0.0,14211362.0,14598063.0,14602834.0,12386663.0,13936229.0,14713763.0,0.0,0.0,0.0,0.0,0.0,
818,550.3938513078107,5.1970854,height,,,,,,,,,,,0.0,15250967.0,9316634.0,15544934.0,16460834.0,14766717.0,0.0,0.0,0.0,0.0,0.0,0.0,16488579.0,18802418.0,18198494.0,0.0,16788108.0,16711259.0,0.0,0.0,0.0,0.0,0.0,
819,694.4356084687225,5.218143,height,,,,,,,,,,,134781650.0,154726900.0,104925460.0,156100510.0,155942450.0,180874620.0,0.0,0.0,0.0,0.0,0.0,0.0,87708776.0,78354536.0,71286344.0,71788740.0,71663470.0,78767864.0,0.0,0.0,0.0,0.0,0.0,
820,699.390465484371,5.2188134,height,,,,,,,,,,,14629914.0,15688126.0,9936127.0,14689180.0,15845337.0,19171264.0,0.0,0.0,0.0,0.0,0.0,0.0,11175388.0,9472437.0,9177345.0,8171973.0,8724083.0,9986956.0,0.0,0.0,0.0,0.0,0.0,
822,354.27995715193384,5.290145,height,,,,,,,,,,,0.0,0.0,0.0,0.0,0.0,0.0,160409220.0,163481520.0,162816670.0,150133600.0,132507900.0,159960200.0,13890471.0,15969446.0,15842288.0,15116811.0,15235848.0,15364304.0,0.0,0.0,0.0,0.0,0.0,
827,701.4078240226078,5.478445,height,,,,,,,,,,,32428002.0,32300390.0,21142044.0,18361412.0,28780704.0,20659012.0,0.0,0.0,0.0,0.0,0.0,0.0,23618288.0,25229830.0,23900104.0,25038994.0,27069770.0,23857150.0,0.0,0.0,0.0,0.0,0.0,
825,679.426668069295,5.4788523,height,,,,,,,,,,,9721423.0,12151118.0,8137374.0,6408757.0,11123681.0,8248486.0,0.0,0.0,0.0,0.0,0.0,0.0,0.0,6351892.5,5727312.0,7079641.0,0.0,0.0,0.0,0.0,0.0,0.0,0.0,
826,1379.8275309264386,5.479105,height,,,,,,,,,,,7123650.0,8439010.0,0.0,0.0,6404172.5,5549962.5,0.0,0.0,0.0,0.0,0.0,0.0,0.0,0.0,0.0,0.0,0.0,0.0,0.0,0.0,0.0,0.0,0.0,
828,1374.8732584614877,5.4793434,height,,,,,,,,,,,17635726.0,21340266.0,15741991.0,11307917.0,22117094.0,16097747.0,0.0,0.0,0.0,0.0,0.0,0.0,0.0,6259846.5,6400936.5,6969968.5,8291173.5,0.0,0.0,0.0,0.0,0.0,0.0,
829,696.4530125279866,5.4802876,height,,,,,,,,,,,293708860.0,349069250.0,237668380.0,190992640.0,318792930.0,245104500.0,0.0,0.0,0.0,0.0,0.0,0.0,172244380.0,178254060.0,170999420.0,183246000.0,188400640.0,171509900.0,0.0,0.0,0.0,0.0,0.0,
830,387.3103711198656,5.4809117,height,,,,,,,,,,,28770606.0,32819536.0,24208140.0,18128366.0,28123842.0,24385044.0,0.0,0.0,0.0,0.0,0.0,0.0,14450053.0,16357403.0,16516886.0,16770382.0,16821456.0,14383149.0,0.0,0.0,0.0,0.0,0.0,
831,536.3796335211565,5.4955273,height,,,,,,,,,,,78987816.0,78819760.0,60603876.0,46901276.0,83290720.0,62028376.0,0.0,0.0,0.0,0.0,0.0,0.0,54517484.0,64376324.0,55626200.0,55751930.0,59981732.0,57912270.0,0.0,0.0,0.0,0.0,0.0,
824,541.3348104468276,5.496708,height,,,,,,,,,,,20927742.0,16625129.0,12122682.0,11477504.0,17240754.0,14802713.0,0.0,0.0,0.0,0.0,0.0,0.0,17156000.0,21266046.0,16558535.0,16631357.0,18445892.0,18238966.0,0.0,0.0,0.0,0.0,0.0,
836,385.29488026824873,5.5279546,height,,,,,,,,,,,10230625.0,12942182.0,9707290.0,8307241.5,13314119.0,9507732.0,0.0,0.0,0.0,0.0,0.0,0.0,7373376.0,7712178.5,7937094.0,7666317.0,0.0,0.0,0.0,0.0,0.0,0.0,0.0,
833,548.3798527006537,5.528031,height,,,,,,,,,,,233342940.0,299504100.0,213765340.0,170949360.0,314059520.0,224212830.0,0.0,0.0,0.0,0.0,0.0,0.0,173760910.0,173997580.0,163749100.0,169075680.0,175984300.0,156299250.0,0.0,0.0,0.0,0.0,0.0,
834,553.334710872054,5.528031,height,,,,,,,,,,,48978024.0,55389416.0,36440780.0,31739088.0,57982904.0,41637270.0,0.0,0.0,0.0,0.0,0.0,0.0,35425684.0,40109160.0,36047540.0,34249440.0,40175588.0,31118812.0,0.0,0.0,0.0,0.0,0.0,
835,576.4108558549235,5.52865,height,,,,,,,,,,,17854696.0,17978942.0,10798433.0,10107609.0,17896916.0,11444330.0,0.0,0.0,0.0,0.0,0.0,0.0,13002338.0,17232864.0,16002466.0,14651858.0,16558057.0,12813200.0,0.0,0.0,0.0,0.0,0.0,
837,722.4690594767362,5.668303,height,,,,,,,,,,,9774229.0,11055228.0,10401398.0,8386318.5,11507926.0,11423780.0,0.0,0.0,0.0,0.0,0.0,0.0,0.0,0.0,0.0,0.0,0.0,0.0,0.0,0.0,0.0,0.0,0.0,
838,356.2946656750292,5.7545,height,,,,,,,,,,,0.0,0.0,0.0,0.0,0.0,0.0,80728950.0,90424230.0,69585410.0,55732984.0,55793520.0,87583170.0,8402477.0,10046402.0,8576891.0,7565132.5,8939952.0,9072189.0,0.0,0.0,0.0,0.0,0.0,
839,710.4680775875917,5.7628145,height,,,,,,,,,,,10806162.0,13310752.0,10717615.0,11524170.0,10450667.0,12100558.0,0.0,0.0,0.0,0.0,0.0,0.0,0.0,6210942.5,5691660.5,0.0,6208670.0,6627976.5,0.0,0.0,0.0,0.0,0.0,
840,722.4675393416469,5.784741,height,,,,,,,,,,,15060296.0,20046404.0,17863802.0,14510732.0,13339994.0,18625688.0,0.0,0.0,0.0,0.0,0.0,0.0,7719064.5,8747259.0,8130122.5,0.0,8661292.0,8193556.5,0.0,0.0,0.0,0.0,0.0,
844,387.3099349117765,5.7913413,height,,,,,,,,,,,24412534.0,31390030.0,26972912.0,22522322.0,19947102.0,28958008.0,0.0,0.0,0.0,0.0,0.0,0.0,17009492.0,20147284.0,17684544.0,11870568.0,16840450.0,17055822.0,0.0,0.0,0.0,0.0,0.0,
842,550.3946634161013,5.7913413,height,,,,,,,,,,,364184540.0,458777280.0,389553500.0,319384160.0,286752640.0,434516130.0,0.0,0.0,0.0,0.0,0.0,0.0,252518750.0,287981020.0,259688320.0,178388420.0,260860480.0,262436830.0,0.0,0.0,0.0,0.0,0.0,
843,555.3495206657673,5.791342,height,,,,,,,,,,,65805416.0,83286696.0,67277200.0,60310840.0,48431930.0,73801990.0,0.0,0.0,0.0,0.0,0.0,0.0,50581300.0,58532720.0,51251824.0,35907660.0,49625470.0,47206304.0,0.0,0.0,0.0,0.0,0.0,
841,1087.7101385204148,5.7913413,height,,,,,,,,,,,22307992.0,28396464.0,25232754.0,19570750.0,15945924.0,29303436.0,0.0,0.0,0.0,0.0,0.0,0.0,13692404.0,15222991.0,13767862.0,10633960.0,13941093.0,14150134.0,0.0,0.0,0.0,0.0,0.0,
845,578.4255107703034,5.793247,height,,,,,,,,,,,19956052.0,22047010.0,15828927.0,16844752.0,14682106.0,16478411.0,0.0,0.0,0.0,0.0,0.0,0.0,20228518.0,21875040.0,20393320.0,12956580.0,19135426.0,19016246.0,0.0,0.0,0.0,0.0,0.0,
846,382.3105509998874,5.8449135,height,,,,,,,,,,,0.0,7038111.0,7071036.0,0.0,0.0,7087796.5,63997384.0,71626260.0,56999452.0,42933148.0,49298740.0,70068744.0,8038623.5,8059396.5,8906052.0,0.0,8304980.0,8527026.0,0.0,0.0,0.0,0.0,0.0,
847,724.4838423496526,6.0471673,height,,,,,,,,,,,30717214.0,37188424.0,46306124.0,42439690.0,37639310.0,43843468.0,0.0,0.0,0.0,0.0,0.0,0.0,18267762.0,15743023.0,15548602.0,18504460.0,17897724.0,18427904.0,0.0,0.0,0.0,0.0,0.0,
848,576.4107214737285,6.0891705,height,,,,,,,,,,,7505859.5,12010375.0,15400241.0,12905825.0,12693209.0,17141916.0,0.0,0.0,0.0,0.0,0.0,0.0,8390899.0,0.0,0.0,7348189.0,8434126.0,0.0,0.0,0.0,0.0,0.0,0.0,
849,578.4269650615754,6.3356404,height,,,,,,,,,,,9255333.0,18549346.0,21119946.0,18805056.0,18436872.0,22062642.0,0.0,0.0,0.0,0.0,0.0,0.0,0.0,0.0,0.0,10327900.0,6360016.0,0.0,0.0,0.0,0.0,0.0,0.0,
850,124.08712997389596,7.442573,height,,,,,,,,,,,8186613.5,0.0,0.0,0.0,0.0,0.0,0.0,0.0,8348252.0,8534475.0,0.0,0.0,0.0,0.0,9394716.0,0.0,9437843.0,8161522.0,0.0,0.0,0.0,0.0,0.0,
851,124.08713395110556,7.7908554,height,,,,,,,,,,,9153421.0,7365657.5,0.0,0.0,0.0,7143365.5,0.0,7436342.5,0.0,0.0,0.0,0.0,0.0,0.0,0.0,0.0,10632663.0,0.0,0.0,0.0,0.0,0.0,7417525.0,
852,124.08701266219,8.184035,height,,,,,,,,,,,7626352.0,7314258.0,0.0,6635288.0,5813238.0,6048588.0,0.0,0.0,5990918.0,0.0,0.0,0.0,0.0,0.0,0.0,6940069.5,11296872.0,5624070.0,0.0,0.0,0.0,0.0,0.0,
853,144.9821904194371,8.357131,height,,,,,,,,,,,15484317.0,13711972.0,14375278.0,12745136.0,13095249.0,13745244.0,14053212.0,16267514.0,13048725.0,13064287.0,13745680.0,16123502.0,15064403.0,15070338.0,12779893.0,12916028.0,14453779.0,14880381.0,13217484.0,14148206.0,13940004.0,11978556.0,12385597.0,
854,171.18557871990666,8.357286,height,,,,,,,,,,,44340864.0,37424204.0,36798044.0,35041820.0,35154504.0,39976468.0,22718148.0,43717820.0,38847324.0,31920052.0,31912078.0,26648244.0,0.0,25414050.0,30141418.0,38411120.0,43078544.0,44375172.0,29867634.0,16897360.0,13802782.0,28641034.0,36689890.0,
855,226.0120610142246,8.4015255,height,,,,,,,,,,,21812978.0,0.0,55536920.0,57145244.0,54920812.0,62816050.0,0.0,0.0,0.0,19526200.0,0.0,0.0,53799370.0,52601496.0,0.0,54773510.0,70343480.0,0.0,53509404.0,0.0,0.0,44353340.0,58105036.0,
857,184.98558795605496,8.402333,height,,,,,,,,,,,32757296.0,0.0,78998056.0,83758000.0,91427280.0,78007450.0,0.0,0.0,0.0,32324210.0,0.0,0.0,88426984.0,80838170.0,0.0,76257336.0,94393040.0,89297110.0,82339880.0,0.0,26434222.0,63270908.0,78826056.0,
856,181.01444590964016,8.405931,height,,,,,,,,,,,20356110.0,24637378.0,0.0,0.0,0.0,0.0,0.0,0.0,0.0,19385984.0,16918810.0,25076472.0,37918730.0,29696428.0,22106250.0,32418790.0,0.0,30592388.0,31505300.0,20260538.0,17030470.0,27003386.0,33894292.0,
858,139.98791760010454,8.407101,height,,,,,,,,,,,26974104.0,28424490.0,0.0,0.0,0.0,43866664.0,32167304.0,25746818.0,0.0,25044080.0,25195448.0,33075632.0,51484416.0,42948150.0,25584924.0,36539604.0,0.0,44207876.0,0.0,24787500.0,26414128.0,37358620.0,0.0,
859,223.9883599065161,8.410289,height,,,,,,,,,,,12900050.0,12764634.0,10935789.0,11256947.0,11055870.0,12203791.0,11542292.0,10891956.0,11263617.0,11997296.0,11051827.0,11944564.0,11372655.0,11035191.0,12087465.0,10297526.0,10211124.0,11211791.0,10559278.0,10251828.0,11453393.0,11406009.0,12031727.0,
862,208.03934234680287,8.411771,height,,,,,,,,,,,24009144.0,24183960.0,17335294.0,22625244.0,19909446.0,19371686.0,19079674.0,20753718.0,23586968.0,19611768.0,17108478.0,23921334.0,19747316.0,16959036.0,20451074.0,19130952.0,18393496.0,24373226.0,17287764.0,19860312.0,15274848.0,17973786.0,18670070.0,
861,122.5473397928042,8.412068,height,,,,,,,,,,,41777532.0,48462580.0,31827540.0,38274172.0,33685200.0,35407250.0,34906332.0,41049964.0,40659050.0,32781122.0,32121990.0,38431972.0,29641922.0,30281654.0,35965492.0,32397816.0,32369054.0,36789456.0,30276408.0,36616348.0,31263042.0,30315722.0,33032714.0,
860,131.53362246755697,8.412364,height,,,,,,,,,,,34875736.0,37883364.0,34083804.0,42173060.0,38080444.0,36862124.0,32810454.0,34884812.0,32875738.0,37844476.0,33778504.0,36122550.0,27293110.0,33104346.0,35779476.0,36251680.0,33642256.0,38468390.0,31567452.0,36053660.0,31615992.0,34465190.0,33704376.0,
863,167.0128698664502,8.412661,height,,,,,,,,,,,53915092.0,57447956.0,46913556.0,51919244.0,50605892.0,52662850.0,52138770.0,54182456.0,55389416.0,54726956.0,50961460.0,58937780.0,51022280.0,44573324.0,54410360.0,46281984.0,49535750.0,56383004.0,46680080.0,47825136.0,40331084.0,45106584.0,50158444.0,
864,199.98794234740905,8.52728,height,,,,,,,,,,,9310779.0,9098551.0,9070150.0,9066152.0,8613017.0,9427846.0,8950239.0,8389041.0,8860388.0,9366789.0,9152667.0,8506508.0,10093409.0,8600640.0,9363042.0,8846865.0,9344121.0,8706414.0,8953904.0,9181327.0,9184258.0,8376206.5,8185046.5,
865,182.9852727479359,8.538214,height,,,,,,,,,,,27340172.0,27698612.0,25738468.0,26224488.0,26407522.0,26450524.0,25945754.0,25417118.0,26700596.0,25973382.0,25775356.0,24940562.0,32547136.0,25180552.0,26000340.0,25913208.0,26280322.0,25440872.0,25443190.0,25939464.0,26443590.0,24143126.0,24647866.0,
866,154.99029340477182,8.549639,height,,,,,,,,,,,9247570.0,8748402.0,8663211.0,8871222.0,8757107.0,8875421.0,8809585.0,8504745.0,8910950.0,8855322.0,8331163.0,8312582.0,10319473.0,8586827.0,8424756.0,8262712.0,8900150.0,9521120.0,8679526.0,8669288.0,8964750.0,7968505.5,7939598.5,
867,158.96144861364067,8.706698,height,,,,,,,,,,,7188224.5,7445675.5,7025992.5,7706845.5,7155296.0,7113120.5,7753545.5,7611769.0,7244065.5,7525292.5,7399734.5,7660896.0,7851542.0,7230968.0,7870209.5,7288778.5,7261118.0,7403187.5,7369387.5,7721911.5,7523099.5,7594199.0,7634763.0,
868,141.95869535171013,8.797717,height,,,,,,,,,,,10145696.0,8921661.0,9367118.0,8970149.0,8761951.0,9037070.0,10427248.0,8857605.0,8789330.0,8873714.0,9398764.0,9394339.0,8668465.0,9684084.0,9871103.0,9844504.0,8462968.0,10350267.0,10254750.0,9543346.0,9271817.0,9446733.0,9359061.0,
